{
"type": "FeatureCollection",
"name": "shorelines",
"crs": { "type": "name", "properties": { "name": "urn:ogc:def:crs:EPSG::32644" } },
"features": [
{ "type": "Feature", "properties": { "year": 2016, "month": null }, "geometry": { "type": "LineString", "coordinates": [ [ 643588.344389574369416, 1889963.503742306958884 ], [ 643597.904001745162532, 1889963.569924145471305 ], [ 643607.463614208390936, 1889963.636110393563285 ], [ 643607.463614208390936, 1889963.636110393563285 ], [ 643616.954400068963878, 1889973.642297665588558 ], [ 643626.51400853600353, 1889973.708493036916479 ], [ 643636.073617298621684, 1889973.7746928173583 ], [ 643645.633226352743804, 1889973.840897006448358 ], [ 643645.633226352743804, 1889973.840897006448358 ], [ 643655.123990115709603, 1889983.847103527514264 ], [ 643664.683595174923539, 1889983.913316840538755 ], [ 643664.683595174923539, 1889983.913316840538755 ], [ 643674.174345422536135, 1889993.919533181004226 ], [ 643674.174345422536135, 1889993.919533181004226 ], [ 643683.665086442139, 1890003.925754624418914 ], [ 643683.665086442139, 1890003.925754624418914 ], [ 643693.155818235129118, 1890013.931981171946973 ], [ 643702.715410717763007, 1890013.998213039478287 ], [ 643702.715410717763007, 1890013.998213039478287 ], [ 643712.206128995167091, 1890024.004449407104403 ], [ 643712.206128995167091, 1890024.004449407104403 ], [ 643721.69683804444503, 1890034.010690878378227 ], [ 643721.69683804444503, 1890034.010690878378227 ], [ 643731.187537866877392, 1890044.016937454231083 ], [ 643731.187537866877392, 1890044.016937454231083 ], [ 643740.678228462697007, 1890054.023189134895802 ], [ 643740.678228462697007, 1890054.023189134895802 ], [ 643750.168909830157645, 1890064.029445919906721 ], [ 643759.728481156867929, 1890064.09570577275008 ], [ 643759.728481156867929, 1890064.09570577275008 ], [ 643769.219149008393288, 1890074.101972377160564 ], [ 643769.219149008393288, 1890074.101972377160564 ], [ 643778.709807632956654, 1890084.108244085684419 ], [ 643788.269370673457161, 1890084.17451777914539 ], [ 643797.828934007091448, 1890084.240795881487429 ], [ 643807.388497635256499, 1890084.307078393409029 ], [ 643816.948061557719484, 1890084.373365314444527 ], [ 643826.507625776110217, 1890084.439656644593924 ], [ 643826.507625776110217, 1890084.439656644593924 ], [ 643835.998253722325899, 1890094.445957035990432 ], [ 643835.998253722325899, 1890094.445957035990432 ], [ 643835.929316804860719, 1890104.385961771477014 ], [ 643835.860379535122775, 1890114.325966588687152 ], [ 643835.791441913344897, 1890124.265971489949152 ], [ 643845.282045821542852, 1890134.272278154268861 ], [ 643845.282045821542852, 1890134.272278154268861 ], [ 643854.772640501032583, 1890144.278589923167601 ], [ 643854.772640501032583, 1890144.278589923167601 ], [ 643864.26322595460806, 1890154.284906798042357 ], [ 643864.26322595460806, 1890154.284906798042357 ], [ 643873.753802181920037, 1890164.291228777728975 ], [ 643873.753802181920037, 1890164.291228777728975 ], [ 643873.684844459872693, 1890174.23123531951569 ], [ 643883.175406521302648, 1890184.237562793307006 ], [ 643883.175406521302648, 1890184.237562793307006 ], [ 643892.665959355072118, 1890194.243895372841507 ], [ 643902.225475496612489, 1890194.310225348221138 ], [ 643902.225475496612489, 1890194.310225348221138 ], [ 643911.71601481246762, 1890204.31656774901785 ], [ 643911.71601481246762, 1890204.31656774901785 ], [ 643921.20654490054585, 1890214.322915255324915 ], [ 643921.20654490054585, 1890214.322915255324915 ], [ 643921.137562491931021, 1890224.262923744274303 ], [ 643930.628078415058553, 1890234.26927674585022 ], [ 643930.628078415058553, 1890234.26927674585022 ], [ 643940.118585111456923, 1890244.275634853169322 ], [ 643949.678079799748957, 1890244.341988408472389 ], [ 643959.237574781407602, 1890244.408346373355016 ], [ 643959.237574781407602, 1890244.408346373355016 ], [ 643968.728063668007962, 1890254.414719017921016 ], [ 643968.728063668007962, 1890254.414719017921016 ], [ 643978.218543326598592, 1890264.421096768928692 ], [ 643978.218543326598592, 1890264.421096768928692 ], [ 643987.70901375846006, 1890274.427479625679553 ], [ 643987.70901375846006, 1890274.427479625679553 ], [ 643997.199474961031228, 1890284.43386758887209 ], [ 643997.199474961031228, 1890284.43386758887209 ], [ 644006.689926935359836, 1890294.44026065710932 ], [ 644006.689926935359836, 1890294.44026065710932 ], [ 644016.180369683075696, 1890304.446658831555396 ], [ 644016.180369683075696, 1890304.446658831555396 ], [ 644025.670803200919181, 1890314.45306211267598 ], [ 644025.670803200919181, 1890314.45306211267598 ], [ 644035.161227490752935, 1890324.45947050047107 ], [ 644035.161227490752935, 1890324.45947050047107 ], [ 644044.651642552111298, 1890334.465883992845193 ], [ 644044.651642552111298, 1890334.465883992845193 ], [ 644054.142048386391252, 1890344.472302592592314 ], [ 644054.142048386391252, 1890344.472302592592314 ], [ 644063.632444989634678, 1890354.478726298548281 ], [ 644063.632444989634678, 1890354.478726298548281 ], [ 644073.122832365799695, 1890364.485155110945925 ], [ 644073.122832365799695, 1890364.485155110945925 ], [ 644082.613210513372906, 1890374.491589029785246 ], [ 644092.172650016378611, 1890374.558012717636302 ], [ 644101.732089815661311, 1890374.624440815998241 ], [ 644101.732089815661311, 1890374.624440815998241 ], [ 644111.222450153902173, 1890384.630889274878427 ], [ 644111.222450153902173, 1890384.630889274878427 ], [ 644111.153370046173222, 1890394.570905308471993 ], [ 644111.084289585589431, 1890404.51092142588459 ], [ 644120.574630818562582, 1890414.517375770956278 ], [ 644120.574630818562582, 1890414.517375770956278 ], [ 644130.064962823991664, 1890424.523835222702473 ], [ 644130.064962823991664, 1890424.523835222702473 ], [ 644139.555285599199124, 1890434.530299782054499 ], [ 644149.114699359517545, 1890434.596751770935953 ], [ 644149.114699359517545, 1890434.596751770935953 ], [ 644158.605008615413681, 1890444.603226153878495 ], [ 644158.605008615413681, 1890444.603226153878495 ], [ 644168.09530864097178, 1890454.609705643728375 ], [ 644168.09530864097178, 1890454.609705643728375 ], [ 644177.585599440266378, 1890464.616190240951255 ], [ 644177.585599440266378, 1890464.616190240951255 ], [ 644187.075881009106524, 1890474.622679944615811 ], [ 644187.075881009106524, 1890474.622679944615811 ], [ 644196.566153348772787, 1890484.629174755653366 ], [ 644196.566153348772787, 1890484.629174755653366 ], [ 644206.05641645938158, 1890494.63567467383109 ], [ 644206.05641645938158, 1890494.63567467383109 ], [ 644205.987286613322794, 1890504.575694691156968 ], [ 644215.47753555723466, 1890514.582200107397512 ], [ 644215.47753555723466, 1890514.582200107397512 ], [ 644224.967775270459242, 1890524.588710630079731 ], [ 644224.967775270459242, 1890524.588710630079731 ], [ 644234.458005754160695, 1890534.595226260367781 ], [ 644234.458005754160695, 1890534.595226260367781 ], [ 644243.948227009852417, 1890544.601746998960152 ], [ 644243.948227009852417, 1890544.601746998960152 ], [ 644253.438439034740441, 1890554.608272844459862 ], [ 644253.438439034740441, 1890554.608272844459862 ], [ 644262.928641830105335, 1890564.614803797798231 ], [ 644262.928641830105335, 1890564.614803797798231 ], [ 644272.4188353944337, 1890574.621339858975261 ], [ 644272.4188353944337, 1890574.621339858975261 ], [ 644281.909019730519503, 1890584.627881027525291 ], [ 644281.909019730519503, 1890584.627881027525291 ], [ 644291.399194838246331, 1890594.634427304379642 ], [ 644300.958539950894192, 1890594.700954769272357 ], [ 644310.51788535900414, 1890594.767486645374447 ], [ 644310.51788535900414, 1890594.767486645374447 ], [ 644320.008042654604651, 1890604.77404746459797 ], [ 644320.008042654604651, 1890604.77404746459797 ], [ 644329.49819072172977, 1890614.780613392125815 ], [ 644339.057527844444849, 1890614.847159114200622 ], [ 644339.057527844444849, 1890614.847159114200622 ], [ 644348.547662389930338, 1890624.85373486764729 ], [ 644348.547662389930338, 1890624.85373486764729 ], [ 644358.037787706591189, 1890634.86031572916545 ], [ 644358.037787706591189, 1890634.86031572916545 ], [ 644367.527903792099096, 1890644.8669016987551 ], [ 644367.527903792099096, 1890644.8669016987551 ], [ 644377.018010646221228, 1890654.873492777114734 ], [ 644377.018010646221228, 1890654.873492777114734 ], [ 644386.508108271635137, 1890664.880088963545859 ], [ 644386.508108271635137, 1890664.880088963545859 ], [ 644395.998196666827425, 1890674.886690258514136 ], [ 644395.998196666827425, 1890674.886690258514136 ], [ 644405.488275833195075, 1890684.893296662252396 ], [ 644405.488275833195075, 1890684.893296662252396 ], [ 644405.41904296958819, 1890694.833324709674343 ], [ 644414.909107964485884, 1890704.839936611708254 ], [ 644414.909107964485884, 1890704.839936611708254 ], [ 644424.399163729278371, 1890714.846553622512147 ], [ 644424.399163729278371, 1890714.846553622512147 ], [ 644433.88921026349999, 1890724.853175742086023 ], [ 644433.88921026349999, 1890724.853175742086023 ], [ 644443.379247568780556, 1890734.859802971128374 ], [ 644452.938533205073327, 1890734.926405308069661 ], [ 644452.938533205073327, 1890734.926405308069661 ], [ 644462.42855698778294, 1890744.933042363030836 ], [ 644462.42855698778294, 1890744.933042363030836 ], [ 644462.359294484951533, 1890754.873072753893211 ], [ 644471.849304098403081, 1890764.879715309012681 ], [ 644471.849304098403081, 1890764.879715309012681 ], [ 644481.339304478606209, 1890774.886362973134965 ], [ 644481.339304478606209, 1890774.886362973134965 ], [ 644490.829295629402623, 1890784.893015746260062 ], [ 644490.829295629402623, 1890784.893015746260062 ], [ 644490.760017952648923, 1890794.833047391148284 ], [ 644500.249994932441041, 1890804.839705664431676 ], [ 644500.249994932441041, 1890804.839705664431676 ], [ 644509.739962681429461, 1890814.84636904601939 ], [ 644509.739962681429461, 1890814.84636904601939 ], [ 644519.229921200778335, 1890824.85303753730841 ], [ 644519.229921200778335, 1890824.85303753730841 ], [ 644528.719870487926528, 1890834.859711137600243 ], [ 644528.719870487926528, 1890834.859711137600243 ], [ 644538.209810543921776, 1890844.866389847593382 ], [ 644538.209810543921776, 1890844.866389847593382 ], [ 644547.699741368880495, 1890854.873073666589335 ], [ 644557.258975223405287, 1890854.939728214638308 ], [ 644557.258975223405287, 1890854.939728214638308 ], [ 644566.74889252660796, 1890864.946421862114221 ], [ 644566.74889252660796, 1890864.946421862114221 ], [ 644566.6795753268525, 1890874.886456633685157 ], [ 644576.169478458235972, 1890884.893155781319365 ], [ 644576.169478458235972, 1890884.893155781319365 ], [ 644585.659372357069515, 1890894.89986003912054 ], [ 644585.659372357069515, 1890894.89986003912054 ], [ 644595.149257027194835, 1890904.906569406157359 ], [ 644595.149257027194835, 1890904.906569406157359 ], [ 644604.639132464537397, 1890914.913283883128315 ], [ 644614.198340573813766, 1890914.979966743150726 ], [ 644614.198340573813766, 1890914.979966743150726 ], [ 644623.688202489051037, 1890924.986691049067304 ], [ 644623.688202489051037, 1890924.986691049067304 ], [ 644623.618855645065196, 1890934.926728166406974 ], [ 644633.108703389298171, 1890944.933457972947508 ], [ 644633.108703389298171, 1890944.933457972947508 ], [ 644642.598541900631972, 1890954.940192889422178 ], [ 644642.598541900631972, 1890954.940192889422178 ], [ 644652.088371180230752, 1890964.946932916296646 ], [ 644652.088371180230752, 1890964.946932916296646 ], [ 644661.578191228210926, 1890974.953678052872419 ], [ 644671.13737359456718, 1890975.020389227429405 ], [ 644671.13737359456718, 1890975.020389227429405 ], [ 644680.627180119976401, 1890985.027144194114953 ], [ 644680.627180119976401, 1890985.027144194114953 ], [ 644680.55780363001395, 1890994.96718365768902 ], [ 644690.047595981159247, 1891004.973944125231355 ], [ 644690.047595981159247, 1891004.973944125231355 ], [ 644699.537379101733677, 1891014.980709702940658 ], [ 644709.096544305095449, 1891015.047439754940569 ], [ 644709.096544305095449, 1891015.047439754940569 ], [ 644718.586313902982511, 1891025.054215162061155 ], [ 644718.586313902982511, 1891025.054215162061155 ], [ 644728.076074268901721, 1891035.060995680745691 ], [ 644728.076074268901721, 1891035.060995680745691 ], [ 644737.565825402503833, 1891045.067781309364364 ], [ 644747.124978030100465, 1891045.134529930539429 ], [ 644747.124978030100465, 1891045.134529930539429 ], [ 644756.614715640898794, 1891055.141325389733538 ], [ 644756.614715640898794, 1891055.141325389733538 ], [ 644766.104444019612856, 1891065.148125959560275 ], [ 644766.104444019612856, 1891065.148125959560275 ], [ 644775.594163166009821, 1891075.15493163978681 ], [ 644775.594163166009821, 1891075.15493163978681 ], [ 644785.083873081486672, 1891085.161742431577295 ], [ 644785.083873081486672, 1891085.161742431577295 ], [ 644785.014442590763792, 1891095.101786114973947 ], [ 644794.504138329531997, 1891105.108602408319712 ], [ 644794.504138329531997, 1891105.108602408319712 ], [ 644803.993824837147258, 1891115.115423812996596 ], [ 644803.993824837147258, 1891115.115423812996596 ], [ 644813.483502112212591, 1891125.122250329004601 ], [ 644813.483502112212591, 1891125.122250329004601 ], [ 644813.414056441979483, 1891135.062295268988237 ], [ 644813.344610417028889, 1891145.002340292558074 ], [ 644822.83426857739687, 1891155.009172702208161 ], [ 644822.83426857739687, 1891155.009172702208161 ], [ 644822.764817256131209, 1891164.94921820005402 ], [ 644822.69536558049731, 1891174.889263781020418 ], [ 644822.625913550145924, 1891184.829309445340186 ], [ 644822.556461165426299, 1891194.769355191616341 ], [ 644822.487008426105604, 1891204.709401021478698 ], [ 644812.927926823496819, 1891204.642612177412957 ], [ 644812.85847831715364, 1891214.582657780963928 ], [ 644803.299401600030251, 1891214.515873040305451 ], [ 644803.229957326664589, 1891224.455918419407681 ], [ 644793.670885493280366, 1891224.389137781225145 ], [ 644784.111813957802951, 1891224.322361555183306 ], [ 644784.042378505109809, 1891234.262406401103362 ], [ 644774.483311850810423, 1891234.195634277770296 ], [ 644764.924245494417846, 1891234.128866567276418 ], [ 644764.854818862164393, 1891244.068910879315808 ], [ 644755.295757389743812, 1891244.002147271530703 ], [ 644755.226334990700707, 1891253.942191359121352 ], [ 644755.156912237522192, 1891263.882235528901219 ], [ 644745.597860236419365, 1891263.815475716954097 ], [ 644745.528441716451198, 1891273.755519661819562 ], [ 644735.969394597923383, 1891273.688763953279704 ], [ 644735.899980311281979, 1891283.628807673929259 ], [ 644726.340938078123145, 1891283.562056068796664 ], [ 644726.271528024692088, 1891293.502099564066157 ], [ 644726.202117617125623, 1891303.442143142456189 ], [ 644726.132706855074503, 1891313.38218680373393 ], [ 644726.063295738887973, 1891323.32223054789938 ], [ 644725.993884268333204, 1891333.262274375418201 ], [ 644725.924472443526611, 1891343.202318285824731 ], [ 644735.414070383412763, 1891353.209116040728986 ], [ 644735.414070383412763, 1891353.209116040728986 ], [ 644744.903659091098234, 1891363.215918907430023 ], [ 644754.46266521490179, 1891363.282681801356375 ], [ 644754.46266521490179, 1891363.282681801356375 ], [ 644763.952240396058187, 1891373.28949449933134 ], [ 644763.952240396058187, 1891373.28949449933134 ], [ 644763.882808802649379, 1891383.229539974825457 ], [ 644763.813376854872331, 1891393.169585533207282 ], [ 644763.743944552610628, 1891403.109631174243987 ], [ 644773.233495673164725, 1891413.116450157482177 ], [ 644773.233495673164725, 1891413.116450157482177 ], [ 644773.16405807423871, 1891423.056496273493394 ], [ 644773.094620120944455, 1891432.996542471926659 ], [ 644782.584152124123648, 1891443.003367349738255 ], [ 644782.584152124123648, 1891443.003367349738255 ], [ 644782.51470887393225, 1891452.943414022680372 ], [ 644792.004226697841659, 1891462.950244402512908 ], [ 644792.004226697841659, 1891462.950244402512908 ], [ 644791.934778150753118, 1891472.890291550196707 ], [ 644801.42428179923445, 1891482.897127432748675 ], [ 644801.42428179923445, 1891482.897127432748675 ], [ 644801.35482795513235, 1891492.837175054941326 ], [ 644810.844317426788621, 1891502.844016441842541 ], [ 644810.844317426788621, 1891502.844016441842541 ], [ 644820.333797665545717, 1891512.850862939609215 ], [ 644820.333797665545717, 1891512.850862939609215 ], [ 644829.823268668376841, 1891522.857714549638331 ], [ 644839.382204051711597, 1891522.924522084882483 ], [ 644839.382204051711597, 1891522.924522084882483 ], [ 644848.871661528479308, 1891532.931383527582511 ], [ 644858.430592917837203, 1891532.998200195841491 ], [ 644867.989524602657184, 1891533.065021275775507 ], [ 644867.989524602657184, 1891533.065021275775507 ], [ 644877.478964261477813, 1891543.07189727248624 ], [ 644877.478964261477813, 1891543.07189727248624 ], [ 644886.968394685653038, 1891553.078778381226584 ], [ 644886.968394685653038, 1891553.078778381226584 ], [ 644896.457815875299275, 1891563.085664602695033 ], [ 644906.016734981560148, 1891563.152504257624969 ], [ 644915.575654384563677, 1891563.219348324928433 ], [ 644915.575654384563677, 1891563.219348324928433 ], [ 644925.065057756030001, 1891573.226249099476263 ], [ 644925.065057756030001, 1891573.226249099476263 ], [ 644934.554451894247904, 1891583.233154987217858 ], [ 644944.113363010575995, 1891583.300012909574434 ], [ 644944.113363010575995, 1891583.300012909574434 ], [ 644953.602743620984256, 1891593.306928630685434 ], [ 644953.602743620984256, 1891593.306928630685434 ], [ 644963.092114996397868, 1891603.313849464990199 ], [ 644963.092114996397868, 1891603.313849464990199 ], [ 644972.581477138213813, 1891613.320775410858914 ], [ 644972.581477138213813, 1891613.320775410858914 ], [ 644982.07083004375454, 1891623.327706469921395 ], [ 644982.07083004375454, 1891623.327706469921395 ], [ 644991.560173714300618, 1891633.334642642643303 ], [ 645001.119063667953014, 1891633.401528582209721 ], [ 645010.677953921025619, 1891633.468418934615329 ], [ 645010.677953921025619, 1891633.468418934615329 ], [ 645020.167279773158953, 1891643.475369662046432 ], [ 645029.72616603015922, 1891643.542269148398191 ], [ 645039.285052584134974, 1891643.609173046890646 ], [ 645039.285052584134974, 1891643.609173046890646 ], [ 645048.774360619252548, 1891653.616138329962268 ], [ 645048.774360619252548, 1891653.616138329962268 ], [ 645058.263659417862073, 1891663.623108726693317 ], [ 645058.263659417862073, 1891663.623108726693317 ], [ 645058.19407530198805, 1891673.5631661741063 ], [ 645058.124490831047297, 1891683.503223703010008 ], [ 645058.054906005156226, 1891693.443281316431239 ], [ 645057.985320823965594, 1891703.383339012507349 ], [ 645057.915735287824646, 1891713.32339679193683 ], [ 645057.84614939650055, 1891723.263454653788358 ], [ 645057.776563150109723, 1891733.203512598760426 ], [ 645057.706976548535749, 1891743.143570627551526 ], [ 645057.637389592011459, 1891753.083628738997504 ], [ 645057.567802280304022, 1891763.0236869326327 ], [ 645057.498214613413438, 1891772.963745210319757 ], [ 645057.428626591572538, 1891782.903803570428863 ], [ 645057.359038214548491, 1891792.843862013658509 ], [ 645066.848263507941738, 1891802.850842618150637 ], [ 645066.848263507941738, 1891802.850842618150637 ], [ 645066.778669831808656, 1891812.790901536121964 ], [ 645076.267880945350043, 1891822.797887644963339 ], [ 645076.267880945350043, 1891822.797887644963339 ], [ 645076.198281970107928, 1891832.737947038840503 ], [ 645085.687478904612362, 1891842.744938653195277 ], [ 645085.687478904612362, 1891842.744938653195277 ], [ 645095.176666601793841, 1891852.751935381675139 ], [ 645095.176666601793841, 1891852.751935381675139 ], [ 645095.107057383051142, 1891862.691995642147958 ], [ 645095.037447809008881, 1891872.632055984577164 ], [ 645094.967837879899889, 1891882.572116410825402 ], [ 645094.89822759560775, 1891892.512176920892671 ], [ 645094.828616956016049, 1891902.452237513149157 ], [ 645094.759005961357616, 1891912.392298188060522 ], [ 645094.689394611399621, 1891922.332358947023749 ], [ 645085.130634763278067, 1891922.265419924631715 ], [ 645085.061027647461742, 1891932.205480457050726 ], [ 645075.502272684127092, 1891932.138545539230108 ], [ 645075.432669802336022, 1891942.078605846269056 ], [ 645065.873919726582244, 1891942.011675032554194 ], [ 645065.804321078816429, 1891951.951735113048926 ], [ 645065.734722075867467, 1891961.89179527759552 ], [ 645056.175981475622393, 1891961.82486825902015 ], [ 645056.106386706815101, 1891971.76492819795385 ], [ 645046.547650992870331, 1891971.698005284415558 ], [ 645046.478060458321124, 1891981.638064997270703 ], [ 645036.919329629046842, 1891981.571146187605336 ], [ 645036.849743328755721, 1891991.511205674614757 ], [ 645027.291017387062311, 1891991.444290970219299 ], [ 645027.221435321029276, 1892001.384350231615826 ], [ 645017.662714265752584, 1892001.317439631326124 ], [ 645017.593136433977634, 1892011.257498666876927 ], [ 645008.03442026488483, 1892011.190592171158642 ], [ 645007.96484666748438, 1892021.130650981096551 ], [ 645007.89527271525003, 1892031.070709874620661 ], [ 645007.825698408065364, 1892041.010768850333989 ], [ 645007.756123745813966, 1892050.950827909633517 ], [ 644998.197426229831763, 1892050.88392459298484 ], [ 644998.127855802187696, 1892060.823983426205814 ], [ 644998.058285019476898, 1892070.76404234347865 ], [ 644997.988713881815784, 1892080.704101342940703 ], [ 644997.919142389204353, 1892090.644160425290465 ], [ 644997.849570541759022, 1892100.584219591924921 ], [ 644997.779998339363374, 1892110.524278840282932 ], [ 644997.710425781900994, 1892120.464338172227144 ], [ 644997.640852869488299, 1892130.404397586826235 ], [ 644997.571279602125287, 1892140.344457085477188 ], [ 644997.501705979811959, 1892150.284516666084528 ], [ 644997.43213200266473, 1892160.22457633074373 ], [ 644997.362557670450769, 1892170.164636077592149 ], [ 644997.292982983286493, 1892180.104695908492431 ], [ 645006.782041202299297, 1892190.111663459800184 ], [ 645006.782041202299297, 1892190.111663459800184 ], [ 645006.712461215443909, 1892200.051723764976487 ], [ 645016.201505250530317, 1892210.0586968222633 ], [ 645016.201505250530317, 1892210.0586968222633 ], [ 645025.690540047828108, 1892220.065674993908033 ], [ 645035.249160428531468, 1892220.13259679893963 ], [ 645044.807781107607298, 1892220.19952301797457 ], [ 645054.366402082145214, 1892220.266453651012853 ], [ 645054.366402082145214, 1892220.266453651012853 ], [ 645063.855414762627333, 1892230.273451103363186 ], [ 645063.855414762627333, 1892230.273451103363186 ], [ 645073.344418205088004, 1892240.280453671002761 ], [ 645073.344418205088004, 1892240.280453671002761 ], [ 645082.833412410691381, 1892250.287461353465915 ], [ 645082.833412410691381, 1892250.287461353465915 ], [ 645082.763793574413285, 1892260.227524627000093 ], [ 645092.252773595624603, 1892270.234537814976647 ], [ 645092.252773595624603, 1892270.234537814976647 ], [ 645101.741744377301075, 1892280.241556117776781 ], [ 645101.741744377301075, 1892280.241556117776781 ], [ 645111.230705922003835, 1892290.248579535400495 ], [ 645111.230705922003835, 1892290.248579535400495 ], [ 645120.719658229849301, 1892300.25560806831345 ], [ 645120.719658229849301, 1892300.25560806831345 ], [ 645130.208601298043504, 1892310.262641714885831 ], [ 645130.208601298043504, 1892310.262641714885831 ], [ 645139.697535127867013, 1892320.269680477445945 ], [ 645149.256113172508776, 1892320.336658336920664 ], [ 645149.256113172508776, 1892320.336658336920664 ], [ 645158.745033472077921, 1892330.343706937041134 ], [ 645158.745033472077921, 1892330.343706937041134 ], [ 645158.675375073333271, 1892340.283773345174268 ], [ 645168.164281187579036, 1892350.290827452670783 ], [ 645168.164281187579036, 1892350.290827452670783 ], [ 645177.653178063221276, 1892360.297886674525216 ], [ 645177.653178063221276, 1892360.297886674525216 ], [ 645177.583509417949244, 1892370.237953950418159 ], [ 645187.072392109315842, 1892380.245018680114299 ], [ 645187.072392109315842, 1892380.245018680114299 ], [ 645187.002718162955716, 1892390.185086431447417 ], [ 645186.933043861179613, 1892400.125154266133904 ], [ 645186.863369203987531, 1892410.065222183475271 ], [ 645196.352227820781991, 1892420.072293204022571 ], [ 645196.352227820781991, 1892420.072293204022571 ], [ 645205.841077195946127, 1892430.079369340324774 ], [ 645215.39960682799574, 1892430.146381497848779 ], [ 645224.958136757253669, 1892430.213398069376126 ], [ 645224.958136757253669, 1892430.213398069376126 ], [ 645234.44696830981411, 1892440.220488768070936 ], [ 645234.44696830981411, 1892440.220488768070936 ], [ 645243.935790621908382, 1892450.227584581123665 ], [ 645243.935790621908382, 1892450.227584581123665 ], [ 645253.424603694933467, 1892460.234685509931296 ], [ 645253.424603694933467, 1892460.234685509931296 ], [ 645253.354894772055559, 1892470.174756090622395 ], [ 645262.843693659757264, 1892480.181862527504563 ], [ 645262.843693659757264, 1892480.181862527504563 ] ] } },
{ "type": "Feature", "properties": { "year": 2016, "month": null }, "geometry": { "type": "LineString", "coordinates": [ [ 645482.689463590853848, 1892481.724903679918498 ], [ 645482.759283041232266, 1892471.784825591137633 ], [ 645482.829102135379799, 1892461.844747584778816 ], [ 645482.898920873529278, 1892451.904669662006199 ], [ 645482.898920873529278, 1892451.904669662006199 ], [ 645473.410205883905292, 1892441.897455757716671 ], [ 645473.410205883905292, 1892441.897455757716671 ], [ 645463.921481654979289, 1892431.890246969880536 ], [ 645463.921481654979289, 1892431.890246969880536 ], [ 645454.432748185587116, 1892421.883043298497796 ], [ 645454.432748185587116, 1892421.883043298497796 ], [ 645444.944005478639156, 1892411.875844744266942 ], [ 645444.944005478639156, 1892411.875844744266942 ], [ 645435.455253532389179, 1892401.868651305790991 ], [ 645435.455253532389179, 1892401.868651305790991 ], [ 645425.966492347186431, 1892391.861462983768433 ], [ 645425.966492347186431, 1892391.861462983768433 ], [ 645416.477721921750344, 1892381.854279778432101 ], [ 645416.477721921750344, 1892381.854279778432101 ], [ 645406.988942260155454, 1892371.84710168861784 ], [ 645406.988942260155454, 1892371.84710168861784 ], [ 645397.500153358327225, 1892361.839928715256974 ], [ 645397.500153358327225, 1892361.839928715256974 ], [ 645388.011355217779055, 1892351.832760857883841 ], [ 645388.011355217779055, 1892351.832760857883841 ], [ 645378.522547837113962, 1892341.82559811626561 ], [ 645378.522547837113962, 1892341.82559811626561 ], [ 645369.033731219242327, 1892331.818440491333604 ], [ 645369.033731219242327, 1892331.818440491333604 ], [ 645359.544905362650752, 1892321.8112879821565 ], [ 645359.544905362650752, 1892321.8112879821565 ], [ 645349.986320777097717, 1892321.744213015306741 ], [ 645340.427736487705261, 1892321.677142461994663 ], [ 645330.938892807345837, 1892311.670004514744505 ], [ 645330.938892807345837, 1892311.670004514744505 ], [ 645321.450039888499305, 1892301.662871683947742 ], [ 645321.450039888499305, 1892301.662871683947742 ], [ 645311.961177731165662, 1892291.655743968207389 ], [ 645311.961177731165662, 1892291.655743968207389 ], [ 645302.472306335461326, 1892281.648621367523447 ], [ 645302.472306335461326, 1892281.648621367523447 ], [ 645292.983425701386295, 1892271.641503883292899 ], [ 645292.983425701386295, 1892271.641503883292899 ], [ 645283.494535829056986, 1892261.634391514584422 ], [ 645283.494535829056986, 1892261.634391514584422 ], [ 645273.935926082776859, 1892261.567353714490309 ], [ 645264.447022678214125, 1892251.560251184040681 ], [ 645264.447022678214125, 1892251.560251184040681 ], [ 645254.958110036794096, 1892241.553153768414631 ], [ 645254.958110036794096, 1892241.553153768414631 ], [ 645245.469188157236204, 1892231.546061468077824 ], [ 645245.538883956382051, 1892221.605993191711605 ], [ 645245.538883956382051, 1892221.605993191711605 ], [ 645236.049947893247008, 1892211.59890639828518 ], [ 645236.119638391304761, 1892201.658838596893474 ], [ 645236.119638391304761, 1892201.658838596893474 ], [ 645226.630688143661246, 1892191.651757311308756 ], [ 645226.700373340863734, 1892181.711689984425902 ], [ 645226.77005818253383, 1892171.771622740663588 ], [ 645226.839742668671533, 1892161.831555579788983 ], [ 645226.909426799393259, 1892151.891488502267748 ], [ 645236.468085548607633, 1892151.958500831853598 ], [ 645236.537773913471028, 1892142.018433528486639 ], [ 645246.096437548520043, 1892142.085449962411076 ], [ 645255.655101480893791, 1892142.152470810571685 ], [ 645265.213765710475855, 1892142.219496072269976 ], [ 645265.213765710475855, 1892142.219496072269976 ], [ 645274.702723515103571, 1892152.226594287902117 ], [ 645274.702723515103571, 1892152.226594287902117 ], [ 645284.191672080778517, 1892162.233697618590668 ], [ 645284.191672080778517, 1892162.233697618590668 ], [ 645293.68061140854843, 1892172.240806064335629 ], [ 645303.239263058523647, 1892172.30784990824759 ], [ 645312.797915005823597, 1892172.374898165697232 ], [ 645322.35656725068111, 1892172.441950836684555 ], [ 645331.915219793096185, 1892172.509007921442389 ], [ 645331.984954766579904, 1892162.568937359377742 ], [ 645341.543612196110189, 1892162.635998548241332 ], [ 645341.613351403735578, 1892152.695927759865299 ], [ 645341.683090255362913, 1892142.755857053445652 ], [ 645341.75282875134144, 1892132.815786431077868 ], [ 645341.822566891554743, 1892122.875715891132131 ], [ 645341.822566891554743, 1892122.875715891132131 ], [ 645332.333624297752976, 1892112.868585792835802 ], [ 645332.333624297752976, 1892112.868585792835802 ], [ 645322.774944217177108, 1892112.801530563971028 ], [ 645313.216264434158802, 1892112.734479748876765 ], [ 645303.657584948465228, 1892112.667433347320184 ], [ 645294.098905760329217, 1892112.600391359301284 ], [ 645284.540226869517937, 1892112.533353784820065 ], [ 645274.981548276147805, 1892112.466320624109358 ], [ 645265.422869978705421, 1892112.399291876703501 ], [ 645255.933888102066703, 1892102.392199953319505 ], [ 645255.933888102066703, 1892102.392199953319505 ], [ 645246.444896987872198, 1892092.385113143827766 ], [ 645246.514587809098884, 1892082.44504602951929 ], [ 645246.584278274676763, 1892072.504978997865692 ], [ 645246.653968384722248, 1892062.564912048866972 ], [ 645256.212669034022838, 1892062.631930423434824 ], [ 645256.282363377977163, 1892052.691863248823211 ], [ 645265.841068913927302, 1892052.758885727496818 ], [ 645265.910767491906881, 1892042.818818326573819 ], [ 645275.469477916019969, 1892042.885844909353182 ], [ 645285.028188636293635, 1892042.952875905437395 ], [ 645285.097896037506871, 1892033.012807969702408 ], [ 645294.656611644546501, 1892033.079843069892377 ], [ 645294.726323279552162, 1892023.139774907147512 ], [ 645294.796034558909014, 1892013.199706827057526 ], [ 645294.865745482500643, 1892003.259638831019402 ], [ 645294.935456050443463, 1891993.319570917403325 ], [ 645295.00516626262106, 1891983.37950308714062 ], [ 645295.074876119266264, 1891973.439435339998454 ], [ 645304.633619560161605, 1891973.506472998065874 ], [ 645304.703333650249988, 1891963.566405024146661 ], [ 645314.262081977794878, 1891963.633446786552668 ], [ 645323.820830602780916, 1891963.700492961332202 ], [ 645333.379579525324516, 1891963.767543549649417 ], [ 645342.938328745309263, 1891963.834598550805822 ], [ 645352.497078264132142, 1891963.901657965499908 ], [ 645352.566814945079386, 1891953.961588527774438 ], [ 645362.125569349387661, 1891954.02865204657428 ], [ 645362.195310263661668, 1891944.088582382770255 ], [ 645362.265050822170451, 1891934.148512802086771 ], [ 645362.334791024681181, 1891924.208443304523826 ], [ 645362.404530871426687, 1891914.268373889615759 ], [ 645362.474270362406969, 1891904.328304558061063 ], [ 645362.544009497389197, 1891894.388235309394076 ], [ 645372.102791734505445, 1891894.455301384907216 ], [ 645372.172535102814436, 1891884.515231909230351 ], [ 645381.731322226580232, 1891884.582302087685093 ], [ 645381.801069828215986, 1891874.642232385696843 ], [ 645391.3598618399119, 1891874.709306668257341 ], [ 645391.429613674758002, 1891864.769236741121858 ], [ 645400.988410571822897, 1891864.83631512708962 ], [ 645401.058166639646515, 1891854.896244972012937 ], [ 645410.616968423593789, 1891854.963327461620793 ], [ 645410.68672872451134, 1891845.023257080232725 ], [ 645420.245535393827595, 1891845.090343673247844 ], [ 645420.315299927722663, 1891835.150273066712543 ], [ 645420.385064105736092, 1891825.210202540969476 ], [ 645420.454827927751467, 1891815.270132100908086 ], [ 645420.524591393768787, 1891805.330061741871759 ], [ 645420.594354503788054, 1891795.389991465955973 ], [ 645420.594354503788054, 1891795.389991465955973 ], [ 645411.105283054872416, 1891785.382836538832635 ], [ 645411.175040864036418, 1891775.442766738822684 ], [ 645411.175040864036418, 1891775.442766738822684 ], [ 645401.68595523305703, 1891765.435617318144068 ], [ 645401.68595523305703, 1891765.435617318144068 ], [ 645392.196860366151668, 1891755.428473013686016 ], [ 645392.196860366151668, 1891755.428473013686016 ], [ 645382.638013286981732, 1891755.361402444774285 ], [ 645373.14890489296522, 1891745.354267976712435 ], [ 645373.14890489296522, 1891745.354267976712435 ], [ 645363.659787263139151, 1891735.347138623474166 ], [ 645363.659787263139151, 1891735.347138623474166 ], [ 645354.170660397503525, 1891725.340014384128153 ], [ 645354.170660397503525, 1891725.340014384128153 ], [ 645344.681524294894189, 1891715.332895260769874 ], [ 645344.681524294894189, 1891715.332895260769874 ], [ 645335.192378957872279, 1891705.32578125083819 ], [ 645335.192378957872279, 1891705.32578125083819 ], [ 645325.703224385273643, 1891695.318672355730087 ], [ 645325.703224385273643, 1891695.318672355730087 ], [ 645316.214060577214696, 1891685.311568574747071 ], [ 645316.214060577214696, 1891685.311568574747071 ], [ 645306.724887533579022, 1891675.304469909053296 ], [ 645306.724887533579022, 1891675.304469909053296 ], [ 645297.235705254483037, 1891665.297376357251778 ], [ 645297.235705254483037, 1891665.297376357251778 ], [ 645287.746513739926741, 1891655.290287919342518 ], [ 645287.746513739926741, 1891655.290287919342518 ], [ 645278.257312990142964, 1891645.283204596489668 ], [ 645278.257312990142964, 1891645.283204596489668 ], [ 645268.698419005842879, 1891645.21619038307108 ], [ 645259.209204729646444, 1891635.209116895450279 ], [ 645259.209204729646444, 1891635.209116895450279 ], [ 645249.719981218106113, 1891625.202048522187397 ], [ 645249.719981218106113, 1891625.202048522187397 ], [ 645240.161078950273804, 1891625.135048164986074 ], [ 645230.671841911156662, 1891615.127989627886564 ], [ 645230.671841911156662, 1891615.127989627886564 ], [ 645221.112935649580322, 1891615.060998406028375 ], [ 645211.554029685212299, 1891614.994011595612392 ], [ 645201.995124019565992, 1891614.927029198268428 ], [ 645192.505864871898666, 1891604.919989939080551 ], [ 645192.505864871898666, 1891604.919989939080551 ], [ 645183.016596490284428, 1891594.912955793784931 ], [ 645183.016596490284428, 1891594.912955793784931 ], [ 645173.527318873791955, 1891584.905926762381569 ], [ 645173.527318873791955, 1891584.905926762381569 ], [ 645164.038032022421248, 1891574.898902844404802 ], [ 645164.038032022421248, 1891574.898902844404802 ], [ 645154.479109486564994, 1891574.831943745724857 ], [ 645144.989809109014459, 1891564.824929662980139 ], [ 645144.989809109014459, 1891564.824929662980139 ], [ 645135.500499496702105, 1891554.817920692497864 ], [ 645135.500499496702105, 1891554.817920692497864 ], [ 645125.941568676847965, 1891554.750975448871031 ], [ 645116.452245537191629, 1891544.743976314552128 ], [ 645116.452245537191629, 1891544.743976314552128 ], [ 645106.893310723244213, 1891544.677040204172954 ], [ 645097.334376207785681, 1891544.610108506400138 ], [ 645087.845035252277739, 1891534.603123927488923 ], [ 645087.845035252277739, 1891534.603123927488923 ], [ 645078.355685060843825, 1891524.596144461305812 ], [ 645078.355685060843825, 1891524.596144461305812 ], [ 645068.866325636045076, 1891514.589170108782127 ], [ 645068.866325636045076, 1891514.589170108782127 ], [ 645059.376956976717338, 1891504.582200868986547 ], [ 645059.376956976717338, 1891504.582200868986547 ], [ 645049.818005592096597, 1891504.515292468713596 ], [ 645040.259054502937943, 1891504.448388480115682 ], [ 645030.76966802671086, 1891494.441433794796467 ], [ 645030.76966802671086, 1891494.441433794796467 ], [ 645021.210712944623083, 1891494.374538940144703 ], [ 645011.721312942565419, 1891484.367594088427722 ], [ 645011.721312942565419, 1891484.367594088427722 ], [ 645002.231903704931028, 1891474.360654350370169 ], [ 645002.301453190040775, 1891464.42060041683726 ], [ 645002.301453190040775, 1891464.42060041683726 ], [ 644992.812029777676798, 1891454.413666182663292 ], [ 644992.881573964841664, 1891444.473612723406404 ], [ 644992.951117797056213, 1891434.533559347037226 ], [ 644993.020661274204031, 1891424.59350605471991 ], [ 644993.090204396634363, 1891414.653452844591811 ], [ 644993.159747163997963, 1891404.713399718515575 ], [ 644993.229289576411247, 1891394.773346674395725 ], [ 644993.229289576411247, 1891394.773346674395725 ], [ 644983.739827271085232, 1891384.766419902676716 ], [ 644983.739827271085232, 1891384.766419902676716 ], [ 644974.25035573169589, 1891374.759498243918642 ], [ 644974.25035573169589, 1891374.759498243918642 ], [ 644964.760874957195483, 1891364.752581697655842 ], [ 644964.760874957195483, 1891364.752581697655842 ], [ 644955.271384950261563, 1891354.745670263189822 ], [ 644955.271384950261563, 1891354.745670263189822 ], [ 644945.712368010892533, 1891354.678815026301891 ], [ 644936.222864479175769, 1891344.671913424506783 ], [ 644936.222864479175769, 1891344.671913424506783 ], [ 644926.663843544200063, 1891344.605067319935188 ], [ 644917.104822907131165, 1891344.53822562773712 ], [ 644907.545802566921338, 1891344.471388347446918 ], [ 644897.986782523337752, 1891344.404555478831753 ], [ 644888.42776277649682, 1891344.337727022590116 ], [ 644888.358272604644299, 1891354.277776256436482 ], [ 644878.799257742241025, 1891354.210951903369278 ], [ 644878.729771803598851, 1891364.151000912766904 ], [ 644869.17076182551682, 1891364.084180662408471 ], [ 644859.611752144061029, 1891364.017364825122058 ], [ 644850.052742757834494, 1891363.95055339904502 ], [ 644840.493733669514768, 1891363.883746385807171 ], [ 644830.934724877704866, 1891363.816943784011528 ], [ 644821.445174794178456, 1891353.810098435962573 ], [ 644821.445174794178456, 1891353.810098435962573 ], [ 644811.955615475424565, 1891343.803258198779076 ], [ 644812.025068590301089, 1891333.863211514893919 ], [ 644812.094521350576542, 1891323.92316491343081 ], [ 644812.163973756367341, 1891313.983118395553902 ], [ 644821.723004895495251, 1891314.049910632194951 ], [ 644821.792461534496397, 1891304.109863888472319 ], [ 644831.351497556315735, 1891304.176660228054971 ], [ 644840.910533874761313, 1891304.24346097977832 ], [ 644850.469570489716716, 1891304.310266142943874 ], [ 644860.028607402695343, 1891304.377075718250126 ], [ 644869.587644610786811, 1891304.443889705697075 ], [ 644869.657123833661899, 1891294.50384150352329 ], [ 644879.216165926074609, 1891294.570659594377503 ], [ 644879.28564938204363, 1891284.630611166590825 ], [ 644879.35513248341158, 1891274.690562821691856 ], [ 644888.91418404772412, 1891274.757384706987068 ], [ 644888.983671382069588, 1891264.817336137406528 ], [ 644898.542727830586955, 1891264.884162126341835 ], [ 644908.101784575730562, 1891264.950992526719347 ], [ 644908.171280730515718, 1891255.01094342302531 ], [ 644917.730342360096984, 1891255.077777926577255 ], [ 644927.289404286304489, 1891255.144616842968389 ], [ 644936.848466510651633, 1891255.211460170336068 ], [ 644946.407529030228034, 1891255.278307909145951 ], [ 644955.966591846663505, 1891255.345160060096532 ], [ 644955.966591846663505, 1891255.345160060096532 ], [ 644965.456131279468536, 1891265.352067577885464 ], [ 644975.01519010332413, 1891265.418928860453889 ], [ 644975.01519010332413, 1891265.418928860453889 ], [ 644984.504716011928394, 1891275.425846211146563 ], [ 644984.504716011928394, 1891275.425846211146563 ], [ 644993.994232687167823, 1891285.432768674334511 ], [ 644993.994232687167823, 1891285.432768674334511 ], [ 645003.483740127645433, 1891295.439696248620749 ], [ 645003.483740127645433, 1891295.439696248620749 ], [ 645012.97323833743576, 1891305.446628935867921 ], [ 645012.97323833743576, 1891305.446628935867921 ], [ 645022.462727312231436, 1891315.453566735610366 ], [ 645032.021764977485873, 1891315.520456033060327 ], [ 645032.021764977485873, 1891315.520456033060327 ], [ 645041.511240427847952, 1891325.527403665473685 ], [ 645041.511240427847952, 1891325.527403665473685 ], [ 645051.000706646125764, 1891335.534356410615146 ], [ 645060.559736026567407, 1891335.601259561721236 ], [ 645060.559736026567407, 1891335.601259561721236 ], [ 645070.049188718898222, 1891345.608222139533609 ], [ 645070.049188718898222, 1891345.608222139533609 ], [ 645079.538632177514955, 1891355.615189830306917 ], [ 645079.538632177514955, 1891355.615189830306917 ], [ 645089.028066403465346, 1891365.622162634273991 ], [ 645089.028066403465346, 1891365.622162634273991 ], [ 645098.517491394421086, 1891375.629140550969169 ], [ 645098.517491394421086, 1891375.629140550969169 ], [ 645108.00690715003293, 1891385.636123579926789 ], [ 645117.565915373503231, 1891385.703054747078568 ], [ 645117.565915373503231, 1891385.703054747078568 ], [ 645127.055317607009783, 1891395.710047610569745 ], [ 645127.055317607009783, 1891395.710047610569745 ], [ 645136.54471060517244, 1891405.717045586556196 ], [ 645136.54471060517244, 1891405.717045586556196 ], [ 645146.034094369388185, 1891415.724048676202074 ], [ 645146.034094369388185, 1891415.724048676202074 ], [ 645155.523468899307773, 1891425.731056879041716 ], [ 645155.523468899307773, 1891425.731056879041716 ], [ 645165.012834196444601, 1891435.738070194376633 ], [ 645165.012834196444601, 1891435.738070194376633 ], [ 645174.502190258004703, 1891445.745088623603806 ], [ 645174.502190258004703, 1891445.745088623603806 ], [ 645183.991537085268646, 1891455.752112165559083 ], [ 645183.991537085268646, 1891455.752112165559083 ], [ 645193.480874678236432, 1891465.759140820940956 ], [ 645193.480874678236432, 1891465.759140820940956 ], [ 645202.970203038188629, 1891475.766174590680748 ], [ 645202.970203038188629, 1891475.766174590680748 ], [ 645212.459522160934284, 1891485.773213472682983 ], [ 645212.459522160934284, 1891485.773213472682983 ], [ 645221.948832050547935, 1891495.780257468810305 ], [ 645221.948832050547935, 1891495.780257468810305 ], [ 645231.438132705632597, 1891505.787306578597054 ], [ 645231.438132705632597, 1891505.787306578597054 ], [ 645240.927424127468839, 1891515.79436080227606 ], [ 645250.486376867163926, 1891515.861357757588848 ], [ 645250.486376867163926, 1891515.861357757588848 ], [ 645259.975654762005433, 1891525.868421815568581 ], [ 645269.534603508189321, 1891525.93542790482752 ], [ 645269.534603508189321, 1891525.93542790482752 ], [ 645279.023867878946476, 1891535.942501799203455 ], [ 645279.023867878946476, 1891535.942501799203455 ], [ 645288.513123013544828, 1891545.949580807238817 ], [ 645288.513123013544828, 1891545.949580807238817 ], [ 645298.002368913264945, 1891555.956664928933606 ], [ 645298.002368913264945, 1891555.956664928933606 ], [ 645307.491605578223243, 1891565.963754165219143 ], [ 645307.491605578223243, 1891565.963754165219143 ], [ 645316.980833008186892, 1891575.970848515629768 ], [ 645316.980833008186892, 1891575.970848515629768 ], [ 645326.47005120315589, 1891585.977947980165482 ], [ 645326.47005120315589, 1891585.977947980165482 ], [ 645335.959260163013823, 1891595.985052558826283 ], [ 645335.959260163013823, 1891595.985052558826283 ], [ 645345.448459887993522, 1891605.992162251612172 ], [ 645345.448459887993522, 1891605.992162251612172 ], [ 645354.937650379026309, 1891615.999277058755979 ], [ 645364.49656080477871, 1891616.066330056171864 ], [ 645364.49656080477871, 1891616.066330056171864 ], [ 645373.985737768467516, 1891626.073454699711874 ], [ 645383.544644200941548, 1891626.140516832238063 ], [ 645383.544644200941548, 1891626.140516832238063 ], [ 645393.033807639963925, 1891636.147651312639937 ], [ 645393.033807639963925, 1891636.147651312639937 ], [ 645392.964063991326839, 1891646.087719331029803 ], [ 645402.453213248983957, 1891656.094859317643568 ], [ 645402.453213248983957, 1891656.094859317643568 ], [ 645411.942353271297179, 1891666.102004420477897 ], [ 645411.942353271297179, 1891666.102004420477897 ], [ 645421.431484056869522, 1891676.109154637437314 ], [ 645421.431484056869522, 1891676.109154637437314 ], [ 645430.92060560954269, 1891686.11630996898748 ], [ 645430.92060560954269, 1891686.11630996898748 ], [ 645430.850841826759279, 1891696.056379640707746 ], [ 645440.339949197717942, 1891706.063540479633957 ], [ 645440.339949197717942, 1891706.063540479633957 ], [ 645449.829047333216295, 1891716.070706433849409 ], [ 645459.387914849910885, 1891716.13780665397644 ], [ 645459.387914849910885, 1891716.13780665397644 ], [ 645468.876999459927902, 1891726.144982445053756 ], [ 645478.435862983576953, 1891726.212091799126938 ], [ 645487.994726804899983, 1891726.279205566737801 ], [ 645497.553590924013406, 1891726.346323746722192 ] ] } },
{ "type": "Feature", "properties": { "year": 2016, "month": null }, "geometry": { "type": "LineString", "coordinates": [ [ 645249.092898231232539, 1891714.662621166091412 ], [ 645258.582077245111577, 1891724.669693069299683 ], [ 645258.582077245111577, 1891724.669693069299683 ], [ 645258.512394635588862, 1891734.609757503960282 ], [ 645258.442711670417339, 1891744.549822021275759 ], [ 645258.373028349597007, 1891754.489886621944606 ], [ 645258.303344673244283, 1891764.429951304802671 ], [ 645248.744506349321455, 1891764.362942206906155 ], [ 645248.674826906062663, 1891774.303006664384156 ], [ 645248.605147107504308, 1891784.243071205215529 ], [ 645239.046318258391693, 1891784.17606590106152 ], [ 645238.976642693043686, 1891794.116130214883015 ], [ 645229.417818728834391, 1891794.049129015300423 ], [ 645219.858995063346811, 1891793.982132227858528 ], [ 645210.300171694951132, 1891793.915139853255823 ], [ 645200.741348625393584, 1891793.848151891725138 ], [ 645191.252178471302614, 1891783.84110557497479 ], [ 645191.252178471302614, 1891783.84110557497479 ], [ 645181.762999082566239, 1891773.834064371883869 ], [ 645181.832646403927356, 1891763.894002077868208 ], [ 645181.902293369988911, 1891753.95393986813724 ], [ 645181.971939980518073, 1891744.01387774059549 ], [ 645191.530785401118919, 1891744.080855330917984 ], [ 645191.600436245091259, 1891734.14079297776334 ], [ 645201.159286553040147, 1891734.20777467219159 ], [ 645201.228941630222835, 1891724.267712092027068 ], [ 645210.787796821445227, 1891724.334697889862582 ], [ 645210.857456131838262, 1891714.394635084550828 ], [ 645220.41631621052511, 1891714.461624985793605 ], [ 645229.97517658630386, 1891714.528619299875572 ], [ 645239.534037260804325, 1891714.595618026796728 ], [ 645249.092898231232539, 1891714.662621166091412 ], [ 645249.092898231232539, 1891714.662621166091412 ] ] } },
{ "type": "Feature", "properties": { "year": 2017, "month": null }, "geometry": { "type": "LineString", "coordinates": [ [ 643588.826071737566963, 1889893.92377474415116 ], [ 643598.385715998942032, 1889893.989954442484304 ], [ 643607.945360552985221, 1889894.056138549465686 ], [ 643617.505005401093513, 1889894.122327065793797 ], [ 643627.064650543499738, 1889894.188519990537316 ], [ 643636.624295981135219, 1889894.254717323929071 ], [ 643646.183941710391082, 1889894.320919066667557 ], [ 643655.743587735225447, 1889894.387125217588618 ], [ 643665.303234054124914, 1889894.45333577785641 ], [ 643665.303234054124914, 1889894.45333577785641 ], [ 643674.794028726755641, 1889904.459548617014661 ], [ 643674.794028726755641, 1889904.459548617014661 ], [ 643674.725176433101296, 1889914.399546569911763 ], [ 643674.656323787756264, 1889924.339544605230913 ], [ 643684.147099360707216, 1889934.345763326156884 ], [ 643684.147099360707216, 1889934.345763326156884 ], [ 643693.637865707394667, 1889944.351987150963396 ], [ 643693.637865707394667, 1889944.351987150963396 ], [ 643703.128622827818617, 1889954.358216078719124 ], [ 643712.688243113108911, 1889954.424450519727543 ], [ 643722.247863691416569, 1889954.49068936961703 ], [ 643722.247863691416569, 1889954.49068936961703 ], [ 643731.738603005069308, 1889964.49693283252418 ], [ 643731.738603005069308, 1889964.49693283252418 ], [ 643731.669721094192937, 1889974.436933120014146 ], [ 643741.160446245106868, 1889984.443182075861841 ], [ 643741.160446245106868, 1889984.443182075861841 ], [ 643741.091559046064503, 1889994.383182835299522 ], [ 643750.582270032726228, 1890004.389437284553424 ], [ 643750.582270032726228, 1890004.389437284553424 ], [ 643760.072971795219928, 1890014.395696838386357 ], [ 643769.632566338288598, 1890014.461959570413455 ], [ 643769.632566338288598, 1890014.461959570413455 ], [ 643779.123254582635127, 1890024.468228944344446 ], [ 643779.123254582635127, 1890024.468228944344446 ], [ 643788.613933601649478, 1890034.474503422621638 ], [ 643788.613933601649478, 1890034.474503422621638 ], [ 643798.104603392421268, 1890044.480783005477861 ], [ 643798.104603392421268, 1890044.480783005477861 ], [ 643807.59526395634748, 1890054.487067693611607 ], [ 643807.59526395634748, 1890054.487067693611607 ], [ 643817.085915293428116, 1890064.493357485625893 ], [ 643817.085915293428116, 1890064.493357485625893 ], [ 643826.576557404827327, 1890074.49965238221921 ], [ 643826.576557404827327, 1890074.49965238221921 ], [ 643836.067190287867561, 1890084.505952385021374 ], [ 643836.067190287867561, 1890084.505952385021374 ], [ 643835.998253722325899, 1890094.445957035990432 ], [ 643845.488872441463172, 1890104.452262532897294 ], [ 643845.488872441463172, 1890104.452262532897294 ], [ 643854.979481931892224, 1890114.458573133684695 ], [ 643854.979481931892224, 1890114.458573133684695 ], [ 643864.470082196639851, 1890124.464888840448111 ], [ 643864.470082196639851, 1890124.464888840448111 ], [ 643873.960673235240392, 1890134.471209651790559 ], [ 643873.960673235240392, 1890134.471209651790559 ], [ 643883.451255045365542, 1890144.4775355681777 ], [ 643883.451255045365542, 1890144.4775355681777 ], [ 643892.941827627946623, 1890154.483866590308025 ], [ 643902.501362109323964, 1890154.550195339601487 ], [ 643902.501362109323964, 1890154.550195339601487 ], [ 643911.99192117433995, 1890164.556536182994023 ], [ 643921.551451658713631, 1890164.62287405738607 ], [ 643921.551451658713631, 1890164.62287405738607 ], [ 643931.041997205931693, 1890174.629224722273648 ], [ 643931.041997205931693, 1890174.629224722273648 ], [ 643930.9730116216233, 1890184.569233184447512 ], [ 643940.463543005287647, 1890194.57558934413828 ], [ 643940.463543005287647, 1890194.57558934413828 ], [ 643949.954065159894526, 1890204.58195060910657 ], [ 643959.513578481972218, 1890204.648307347437367 ], [ 643959.513578481972218, 1890204.648307347437367 ], [ 643969.004087118664756, 1890214.65467843436636 ], [ 643969.004087118664756, 1890214.65467843436636 ], [ 643978.49458652746398, 1890224.661054626805708 ], [ 643978.49458652746398, 1890224.661054626805708 ], [ 643987.985076709999703, 1890234.667435925221071 ], [ 643987.985076709999703, 1890234.667435925221071 ], [ 643997.475557663245127, 1890244.673822329379618 ], [ 643997.475557663245127, 1890244.673822329379618 ], [ 644006.96602938848082, 1890254.680213838815689 ], [ 644006.96602938848082, 1890254.680213838815689 ], [ 644016.456491887103766, 1890264.686610455159098 ], [ 644016.456491887103766, 1890264.686610455159098 ], [ 644025.946945156436414, 1890274.693012177478522 ], [ 644025.946945156436414, 1890274.693012177478522 ], [ 644035.4373891975265, 1890284.699419004842639 ], [ 644035.4373891975265, 1890284.699419004842639 ], [ 644044.927824010606855, 1890294.705830939114094 ], [ 644044.927824010606855, 1890294.705830939114094 ], [ 644054.418249596841633, 1890304.712247979594395 ], [ 644054.418249596841633, 1890304.712247979594395 ], [ 644063.908665952039883, 1890314.71867012581788 ], [ 644063.908665952039883, 1890314.71867012581788 ], [ 644073.399073080392554, 1890324.725097379414365 ], [ 644073.399073080392554, 1890324.725097379414365 ], [ 644082.88947098038625, 1890334.731529738288373 ], [ 644082.88947098038625, 1890334.731529738288373 ], [ 644092.379859651904553, 1890344.737967204768211 ], [ 644092.379859651904553, 1890344.737967204768211 ], [ 644101.870239096460864, 1890354.744409777224064 ], [ 644101.870239096460864, 1890354.744409777224064 ], [ 644111.360609311028384, 1890364.750857456121594 ], [ 644111.360609311028384, 1890364.750857456121594 ], [ 644120.850970297120512, 1890374.757310241693631 ], [ 644120.850970297120512, 1890374.757310241693631 ], [ 644130.341322055784985, 1890384.763768134173006 ], [ 644130.341322055784985, 1890384.763768134173006 ], [ 644139.831664584693499, 1890394.770231133094057 ], [ 644149.391096687293611, 1890394.836681894492358 ], [ 644158.950529085239395, 1890394.90313706593588 ], [ 644158.950529085239395, 1890394.90313706593588 ], [ 644168.440853803185746, 1890404.90961460606195 ], [ 644168.440853803185746, 1890404.90961460606195 ], [ 644168.371745476615615, 1890414.849632647354156 ], [ 644177.862056030076928, 1890424.856115684146062 ], [ 644177.862056030076928, 1890424.856115684146062 ], [ 644187.35235735331662, 1890434.862603827146813 ], [ 644187.35235735331662, 1890434.862603827146813 ], [ 644196.842649447498843, 1890444.869097078684717 ], [ 644196.842649447498843, 1890444.869097078684717 ], [ 644206.332932312856428, 1890454.875595436664298 ], [ 644206.332932312856428, 1890454.875595436664298 ], [ 644215.823205950437114, 1890464.882098902249709 ], [ 644215.823205950437114, 1890464.882098902249709 ], [ 644225.313470357679762, 1890474.888607474276796 ], [ 644225.313470357679762, 1890474.888607474276796 ], [ 644234.803725535748526, 1890484.895121154142544 ], [ 644234.803725535748526, 1890484.895121154142544 ], [ 644244.293971485923976, 1890494.901639941846952 ], [ 644244.293971485923976, 1890494.901639941846952 ], [ 644253.784208205528557, 1890504.908163836225867 ], [ 644253.784208205528557, 1890504.908163836225867 ], [ 644263.274435695726424, 1890514.914692838676274 ], [ 644272.833816607948393, 1890514.98120461567305 ], [ 644272.833816607948393, 1890514.98120461567305 ], [ 644282.32403057848569, 1890524.987743443343788 ], [ 644282.32403057848569, 1890524.987743443343788 ], [ 644282.254862986737862, 1890534.927766165696084 ], [ 644291.745062790228985, 1890544.934310491662472 ], [ 644291.745062790228985, 1890544.934310491662472 ], [ 644301.235253362683579, 1890554.940859923837706 ], [ 644301.235253362683579, 1890554.940859923837706 ], [ 644310.725434705731459, 1890564.947414465015754 ], [ 644310.725434705731459, 1890564.947414465015754 ], [ 644310.656251943437383, 1890574.88743844255805 ], [ 644320.146419117576443, 1890584.893998480867594 ], [ 644320.146419117576443, 1890584.893998480867594 ], [ 644329.636577063240111, 1890594.900563627947122 ], [ 644329.636577063240111, 1890594.900563627947122 ], [ 644339.12672577786725, 1890604.90713388286531 ], [ 644339.12672577786725, 1890604.90713388286531 ], [ 644348.616865262622014, 1890614.913709245622158 ], [ 644348.616865262622014, 1890614.913709245622158 ], [ 644358.106995518901385, 1890624.920289717614651 ], [ 644358.106995518901385, 1890624.920289717614651 ], [ 644367.597116543911397, 1890634.926875297212973 ], [ 644367.597116543911397, 1890634.926875297212973 ], [ 644367.527903792099096, 1890644.8669016987551 ], [ 644377.018010646221228, 1890654.873492777114734 ], [ 644377.018010646221228, 1890654.873492777114734 ], [ 644386.508108271635137, 1890664.880088963545859 ], [ 644396.067424237262458, 1890664.946662684669718 ], [ 644405.62674050021451, 1890665.01324081607163 ], [ 644405.62674050021451, 1890665.01324081607163 ], [ 644415.11682031431701, 1890675.019851547665894 ], [ 644415.11682031431701, 1890675.019851547665894 ], [ 644424.60689089843072, 1890685.026467386633158 ], [ 644424.60689089843072, 1890685.026467386633158 ], [ 644434.096952252089977, 1890695.033088334603235 ], [ 644434.096952252089977, 1890695.033088334603235 ], [ 644443.587004377041012, 1890705.039714391110465 ], [ 644453.146303772111423, 1890705.106315805576742 ], [ 644462.705603463109583, 1890705.172921630553901 ], [ 644462.705603463109583, 1890705.172921630553901 ], [ 644472.195637776632793, 1890715.179562232689932 ], [ 644472.195637776632793, 1890715.179562232689932 ], [ 644481.685662857023999, 1890725.186207943130285 ], [ 644481.685662857023999, 1890725.186207943130285 ], [ 644491.175678708241321, 1890735.192858762806281 ], [ 644491.175678708241321, 1890735.192858762806281 ], [ 644500.665685328887776, 1890745.199514691485092 ], [ 644500.665685328887776, 1890745.199514691485092 ], [ 644510.155682719079778, 1890755.206175728701055 ], [ 644510.155682719079778, 1890755.206175728701055 ], [ 644519.645670879865065, 1890765.212841875618324 ], [ 644529.204945123870857, 1890765.279480421449989 ], [ 644529.204945123870857, 1890765.279480421449989 ], [ 644538.694919762085192, 1890775.286156395915896 ], [ 644538.694919762085192, 1890775.286156395915896 ], [ 644548.184885169728659, 1890785.292837478918955 ], [ 644548.184885169728659, 1890785.292837478918955 ], [ 644557.674841347848997, 1890795.29952367185615 ], [ 644567.234103016322479, 1890795.366180784069002 ], [ 644567.234103016322479, 1890795.366180784069002 ], [ 644576.724045671755448, 1890805.372876804322004 ], [ 644576.724045671755448, 1890805.372876804322004 ], [ 644586.21397909487132, 1890815.379577935207635 ], [ 644586.21397909487132, 1890815.379577935207635 ], [ 644595.70390328974463, 1890825.38628417532891 ], [ 644595.70390328974463, 1890825.38628417532891 ], [ 644605.193818252300844, 1890835.392995524918661 ], [ 644605.193818252300844, 1890835.392995524918661 ], [ 644614.683723983820528, 1890845.399711984209716 ], [ 644614.683723983820528, 1890845.399711984209716 ], [ 644614.614384558750317, 1890855.339748129947111 ], [ 644624.104276118334383, 1890865.346470089163631 ], [ 644624.104276118334383, 1890865.346470089163631 ], [ 644633.594158448278904, 1890875.35319715924561 ], [ 644633.594158448278904, 1890875.35319715924561 ], [ 644643.084031545440666, 1890885.359929338796064 ], [ 644643.084031545440666, 1890885.359929338796064 ], [ 644652.573895411333069, 1890895.366666628979146 ], [ 644652.573895411333069, 1890895.366666628979146 ], [ 644662.063750045839697, 1890905.373409028397873 ], [ 644662.063750045839697, 1890905.373409028397873 ], [ 644671.553595450241119, 1890915.380156537285075 ], [ 644681.112805632525124, 1890915.446870275773108 ], [ 644681.112805632525124, 1890915.446870275773108 ], [ 644690.602637512143701, 1890925.453627614304423 ], [ 644690.602637512143701, 1890925.453627614304423 ], [ 644700.092460161540657, 1890935.460390063701198 ], [ 644700.092460161540657, 1890935.460390063701198 ], [ 644709.582273580832407, 1890945.467157622566447 ], [ 644709.582273580832407, 1890945.467157622566447 ], [ 644719.072077767108567, 1890955.473930292762816 ], [ 644719.072077767108567, 1890955.473930292762816 ], [ 644728.561872721649706, 1890965.480708073358983 ], [ 644728.561872721649706, 1890965.480708073358983 ], [ 644738.051658444455825, 1890975.487490963190794 ], [ 644738.051658444455825, 1890975.487490963190794 ], [ 644747.541434936691076, 1890985.494278963888064 ], [ 644747.541434936691076, 1890985.494278963888064 ], [ 644757.031202195794322, 1890995.501072076382115 ], [ 644757.031202195794322, 1890995.501072076382115 ], [ 644766.520960223046131, 1891005.507870298577473 ], [ 644766.520960223046131, 1891005.507870298577473 ], [ 644776.01070901833009, 1891015.514673631172627 ], [ 644776.01070901833009, 1891015.514673631172627 ], [ 644785.500448582926765, 1891025.521482075098902 ], [ 644785.500448582926765, 1891025.521482075098902 ], [ 644785.431020218646154, 1891035.461525260936469 ], [ 644785.361591500113718, 1891045.401568528497592 ], [ 644785.292162427096628, 1891055.341611879412085 ], [ 644794.781877932371572, 1891065.348426608368754 ], [ 644794.781877932371572, 1891065.348426608368754 ], [ 644804.271584206609987, 1891075.355246447492391 ], [ 644804.271584206609987, 1891075.355246447492391 ], [ 644813.761281248531304, 1891085.362071397714317 ], [ 644813.761281248531304, 1891085.362071397714317 ], [ 644823.250969059532508, 1891095.368901459500194 ], [ 644823.250969059532508, 1891095.368901459500194 ], [ 644832.740647636703216, 1891105.375736632151529 ], [ 644832.740647636703216, 1891105.375736632151529 ], [ 644842.230316981323995, 1891115.382576915668324 ], [ 644842.230316981323995, 1891115.382576915668324 ], [ 644851.719977093511261, 1891125.38942231121473 ], [ 644851.719977093511261, 1891125.38942231121473 ], [ 644861.209627974429168, 1891135.396272817160934 ], [ 644861.209627974429168, 1891135.396272817160934 ], [ 644870.699269621400163, 1891145.40312843513675 ], [ 644870.699269621400163, 1891145.40312843513675 ], [ 644870.62979571800679, 1891155.343175391666591 ], [ 644880.119423190248199, 1891165.350036511896178 ], [ 644880.119423190248199, 1891165.350036511896178 ], [ 644889.609041429706849, 1891175.356902744853869 ], [ 644899.168139165849425, 1891175.42372595705092 ], [ 644899.168139165849425, 1891175.42372595705092 ], [ 644908.657743881689385, 1891185.430602021049708 ], [ 644918.216837623738684, 1891185.497434365097433 ], [ 644927.775931662647054, 1891185.564271121285856 ], [ 644937.335025999462232, 1891185.631112288450822 ], [ 644946.894120631623082, 1891185.697957868222147 ], [ 644946.894120631623082, 1891185.697957868222147 ], [ 644956.383698951802216, 1891195.70485792378895 ], [ 644956.383698951802216, 1891195.70485792378895 ], [ 644965.873268038965762, 1891205.711763091851026 ], [ 644965.873268038965762, 1891205.711763091851026 ], [ 644975.362827894510701, 1891215.718673371477053 ], [ 644975.362827894510701, 1891215.718673371477053 ], [ 644984.852378515526652, 1891225.725588763831183 ], [ 644984.852378515526652, 1891225.725588763831183 ], [ 644994.341919903410599, 1891235.732509267982095 ], [ 644994.341919903410599, 1891235.732509267982095 ], [ 645003.831452056765556, 1891245.73943488416262 ], [ 645003.831452056765556, 1891245.73943488416262 ], [ 645013.320974979666062, 1891255.746365612372756 ], [ 645013.320974979666062, 1891255.746365612372756 ], [ 645022.810488667804748, 1891265.753301452845335 ], [ 645022.810488667804748, 1891265.753301452845335 ], [ 645032.299993122695014, 1891275.760242405580357 ], [ 645041.859049435588531, 1891275.827134879538789 ], [ 645041.859049435588531, 1891275.827134879538789 ], [ 645051.348540367791429, 1891285.834085666108876 ], [ 645060.907592686824501, 1891285.900987272849306 ], [ 645060.907592686824501, 1891285.900987272849306 ], [ 645070.397070093546063, 1891295.907947891857475 ], [ 645070.397070093546063, 1891295.907947891857475 ], [ 645079.886538266553544, 1891305.914913623826578 ], [ 645089.445582302752882, 1891305.981829083291814 ], [ 645089.445582302752882, 1891305.981829083291814 ], [ 645098.935036951559596, 1891315.988804648863152 ], [ 645098.935036951559596, 1891315.988804648863152 ], [ 645108.424482365371659, 1891325.99578532576561 ], [ 645108.424482365371659, 1891325.99578532576561 ], [ 645117.913918546866626, 1891336.002771116793156 ], [ 645117.913918546866626, 1891336.002771116793156 ], [ 645127.40334549616091, 1891346.009762020083144 ], [ 645127.40334549616091, 1891346.009762020083144 ], [ 645136.892763210111298, 1891356.016758036101237 ], [ 645136.892763210111298, 1891356.016758036101237 ], [ 645146.382171690347604, 1891366.023759165778756 ], [ 645146.382171690347604, 1891366.023759165778756 ], [ 645155.871570936636999, 1891376.030765407718718 ], [ 645155.871570936636999, 1891376.030765407718718 ], [ 645165.360960950376466, 1891386.037776763085276 ], [ 645165.360960950376466, 1891386.037776763085276 ], [ 645174.850341728655621, 1891396.04479323187843 ], [ 645174.850341728655621, 1891396.04479323187843 ], [ 645174.780712145380676, 1891405.984852144261822 ], [ 645184.270078746369109, 1891415.991874117869884 ], [ 645184.270078746369109, 1891415.991874117869884 ], [ 645193.759436113061383, 1891425.998901204904541 ], [ 645203.318428660626523, 1891426.065873316954821 ], [ 645203.318428660626523, 1891426.065873316954821 ], [ 645212.807772501255386, 1891436.072910238988698 ], [ 645212.807772501255386, 1891436.072910238988698 ], [ 645222.297107108868659, 1891446.079952274216339 ], [ 645222.297107108868659, 1891446.079952274216339 ], [ 645231.786432482069358, 1891456.086999422870576 ], [ 645231.786432482069358, 1891456.086999422870576 ], [ 645241.275748622370884, 1891466.09405168518424 ], [ 645241.275748622370884, 1891466.09405168518424 ], [ 645241.206084434408695, 1891476.03411334217526 ], [ 645250.695386395324022, 1891486.041171111399308 ], [ 645250.695386395324022, 1891486.041171111399308 ], [ 645260.184679121593945, 1891496.048233992420137 ], [ 645260.184679121593945, 1891496.048233992420137 ], [ 645269.673962613334879, 1891506.055301988497376 ], [ 645279.232920834678225, 1891506.122311871033162 ], [ 645288.79187935218215, 1891506.189326166873798 ], [ 645288.79187935218215, 1891506.189326166873798 ], [ 645298.281145027605817, 1891516.196408719057217 ], [ 645298.281145027605817, 1891516.196408719057217 ], [ 645307.770401468500495, 1891526.203496385598555 ], [ 645307.770401468500495, 1891526.203496385598555 ], [ 645317.259648674633354, 1891536.21058916603215 ], [ 645317.259648674633354, 1891536.21058916603215 ], [ 645326.748886646004394, 1891546.217687061289325 ], [ 645326.748886646004394, 1891546.217687061289325 ], [ 645336.238115382497199, 1891556.224790070205927 ], [ 645336.238115382497199, 1891556.224790070205927 ], [ 645345.727334883995354, 1891566.231898193713278 ], [ 645345.727334883995354, 1891566.231898193713278 ], [ 645355.216545152012259, 1891576.239011430414394 ], [ 645355.216545152012259, 1891576.239011430414394 ], [ 645364.70574618363753, 1891586.246129782637581 ], [ 645364.70574618363753, 1891586.246129782637581 ], [ 645374.194937980151735, 1891596.253253248985857 ], [ 645374.194937980151735, 1891596.253253248985857 ], [ 645383.684120541671291, 1891606.26038182945922 ], [ 645383.684120541671291, 1891606.26038182945922 ], [ 645393.173293869243935, 1891616.267515524756163 ], [ 645393.173293869243935, 1891616.267515524756163 ], [ 645402.662457960308529, 1891626.274654334178194 ], [ 645402.662457960308529, 1891626.274654334178194 ], [ 645412.151612816145644, 1891636.281798258423805 ], [ 645421.710515849525109, 1891636.348878350574523 ], [ 645421.710515849525109, 1891636.348878350574523 ], [ 645431.199657180579379, 1891646.356032112147659 ], [ 645431.199657180579379, 1891646.356032112147659 ], [ 645440.688789274776354, 1891656.363190988311544 ], [ 645440.688789274776354, 1891656.363190988311544 ], [ 645450.177912133745849, 1891666.370354978600517 ], [ 645450.177912133745849, 1891666.370354978600517 ] ] } },
{ "type": "Feature", "properties": { "year": 2018, "month": null }, "geometry": { "type": "LineString", "coordinates": [ [ 643588.826071737566963, 1889893.92377474415116 ], [ 643588.826071737566963, 1889893.92377474415116 ], [ 643598.316900731530041, 1889903.929949865210801 ], [ 643598.316900731530041, 1889903.929949865210801 ], [ 643607.807720497949049, 1889913.936130089918151 ], [ 643607.807720497949049, 1889913.936130089918151 ], [ 643617.298531038337387, 1889923.942315417574719 ], [ 643617.298531038337387, 1889923.942315417574719 ], [ 643626.789332352462225, 1889933.948505849111825 ], [ 643626.789332352462225, 1889933.948505849111825 ], [ 643636.280124441720545, 1889943.954701384296641 ], [ 643636.280124441720545, 1889943.954701384296641 ], [ 643645.770907301921397, 1889953.960902023129165 ], [ 643645.770907301921397, 1889953.960902023129165 ], [ 643655.261680937255733, 1889963.96710776630789 ], [ 643655.261680937255733, 1889963.96710776630789 ], [ 643664.752445346093737, 1889973.973318613134325 ], [ 643664.752445346093737, 1889973.973318613134325 ], [ 643664.683595174923539, 1889983.913316840538755 ], [ 643674.174345422536135, 1889993.919533181004226 ], [ 643674.174345422536135, 1889993.919533181004226 ], [ 643683.665086442139, 1890003.925754624418914 ], [ 643683.665086442139, 1890003.925754624418914 ], [ 643693.155818235129118, 1890013.931981171946973 ], [ 643693.155818235129118, 1890013.931981171946973 ], [ 643702.64654080150649, 1890023.938212824519724 ], [ 643702.64654080150649, 1890023.938212824519724 ], [ 643702.57767053344287, 1890033.878212691750377 ], [ 643712.068378938012756, 1890043.884449837263674 ], [ 643712.068378938012756, 1890043.884449837263674 ], [ 643721.559078114340082, 1890053.890692086424679 ], [ 643721.559078114340082, 1890053.890692086424679 ], [ 643721.490197621635161, 1890063.830692815361544 ], [ 643730.980882634641603, 1890073.836940558161587 ], [ 643730.980882634641603, 1890073.836940558161587 ], [ 643740.471558420686051, 1890083.843193405773491 ], [ 643740.471558420686051, 1890083.843193405773491 ], [ 643749.962224978255108, 1890093.849451358197257 ], [ 643759.521782550727949, 1890093.915712129557505 ], [ 643759.521782550727949, 1890093.915712129557505 ], [ 643769.012435592245311, 1890103.921979901613668 ], [ 643769.012435592245311, 1890103.921979901613668 ], [ 643778.503079406567849, 1890113.928252778248861 ], [ 643778.503079406567849, 1890113.928252778248861 ], [ 643778.434169293846935, 1890123.868255842244253 ], [ 643787.924798945663497, 1890133.874534212984145 ], [ 643787.924798945663497, 1890133.874534212984145 ], [ 643797.415419368655421, 1890143.880817688070238 ], [ 643797.415419368655421, 1890143.880817688070238 ], [ 643806.906030564452522, 1890153.887106268666685 ], [ 643806.906030564452522, 1890153.887106268666685 ], [ 643816.396632532821968, 1890163.893399953842163 ], [ 643825.956160072353669, 1890163.959693733835593 ], [ 643825.956160072353669, 1890163.959693733835593 ], [ 643835.446748522808775, 1890173.965997240738943 ], [ 643845.006272065220401, 1890174.032300146529451 ], [ 643845.006272065220401, 1890174.032300146529451 ], [ 643854.496846996480599, 1890184.038613472366706 ], [ 643864.056366542936303, 1890184.104925503255799 ], [ 643873.61588638543617, 1890184.171241943491623 ], [ 643883.175406521302648, 1890184.237562793307006 ], [ 643892.73492695169989, 1890184.30388805270195 ], [ 643902.294447678141296, 1890184.370217721676454 ], [ 643911.853968697832897, 1890184.436551799532026 ], [ 643921.413490012404509, 1890184.50289028766565 ], [ 643930.9730116216233, 1890184.569233184447512 ], [ 643930.9730116216233, 1890184.569233184447512 ], [ 643940.463543005287647, 1890194.575589343672618 ], [ 643950.023060618899763, 1890194.641941366484389 ], [ 643959.58257852611132, 1890194.708297798875719 ], [ 643959.58257852611132, 1890194.708297798875719 ], [ 643969.073092100210488, 1890204.714668496511877 ], [ 643969.073092100210488, 1890204.714668496511877 ], [ 643969.004087118664756, 1890214.65467843436636 ], [ 643968.935081784613431, 1890224.594688456039876 ], [ 643968.866076098172925, 1890234.53469856036827 ], [ 643959.306576235219836, 1890234.468336492311209 ], [ 643959.237574781407602, 1890244.408346373355016 ], [ 643959.168572975322604, 1890254.34835633658804 ], [ 643949.609082578797825, 1890254.281998065533116 ], [ 643949.540085005341098, 1890264.222007805947214 ], [ 643949.471087079611607, 1890274.162017629947513 ], [ 643949.402088801492937, 1890284.102027536835521 ], [ 643949.333090170985088, 1890294.042037526145577 ], [ 643958.82355865847785, 1890304.048407402820885 ], [ 643958.82355865847785, 1890304.048407402820885 ], [ 643968.314017919125035, 1890314.054782385472208 ], [ 643968.314017919125035, 1890314.054782385472208 ], [ 643968.245009060716256, 1890323.994793238118291 ], [ 643977.735454155365005, 1890334.001173715805635 ], [ 643977.735454155365005, 1890334.001173715805635 ], [ 643977.666440006811172, 1890343.941185040865093 ], [ 643977.597425505751744, 1890353.881196448579431 ], [ 643977.528410652303137, 1890363.821207938948646 ], [ 643977.459395446465351, 1890373.761219513369724 ], [ 643977.390379888005555, 1890383.701231169980019 ], [ 643977.321363977156579, 1890393.641242909710854 ], [ 643986.811770217493176, 1890403.64763083262369 ], [ 643986.811770217493176, 1890403.64763083262369 ], [ 643986.742749016149901, 1890413.587643044767901 ], [ 643986.673727462417446, 1890423.527655340731144 ], [ 643986.604705556179397, 1890433.467667719349265 ], [ 643986.535683297552168, 1890443.407680181320757 ], [ 643986.46666068630293, 1890453.347692726645619 ], [ 643986.397637722664513, 1890463.287705354392529 ], [ 643976.838242732803337, 1890463.221327416133136 ], [ 643976.769224002375267, 1890473.161339820828289 ], [ 643976.700204919441603, 1890483.101352308178321 ], [ 643976.63118548411876, 1890493.041364878648892 ], [ 643967.071804547449574, 1890492.974990430753678 ], [ 643967.002789345453493, 1890502.915002777939662 ], [ 643957.44341328938026, 1890502.848632433451712 ], [ 643957.374402320710942, 1890512.788644557353109 ], [ 643947.815031146397814, 1890512.722278316272423 ], [ 643947.746024411171675, 1890522.662290216656402 ], [ 643938.18665811617393, 1890522.59592807944864 ], [ 643938.117655614274554, 1890532.535939756315202 ], [ 643938.048652759985998, 1890542.475951517000794 ], [ 643937.979649553424679, 1890552.415963359409943 ], [ 643947.469993946142495, 1890562.422338648699224 ], [ 643947.469993946142495, 1890562.422338648699224 ], [ 643956.960329107940197, 1890572.428719044197351 ], [ 643956.960329107940197, 1890572.428719044197351 ], [ 643956.89131567243021, 1890582.368731749244034 ], [ 643956.822301884414628, 1890592.308744537644088 ], [ 643956.753287744242698, 1890602.248757409164682 ], [ 643956.684273251448758, 1890612.188770363805816 ], [ 643956.615258406265639, 1890622.12878340180032 ], [ 643956.54624320869334, 1890632.06879652175121 ], [ 643956.477227658848278, 1890642.008809725753963 ], [ 643956.408211756497622, 1890651.948823012644425 ], [ 643956.339195501757786, 1890661.888836382189766 ], [ 643956.270178894628771, 1890671.828849835786968 ], [ 643956.201161934994161, 1890681.768863370874897 ], [ 643956.132144623086788, 1890691.70887699094601 ], [ 643956.06312695867382, 1890701.648890692740679 ], [ 643955.994108941988088, 1890711.588904478121549 ], [ 643946.434829488163814, 1890711.522532107308507 ], [ 643946.365815705154091, 1890721.462545669171959 ], [ 643936.806541130878031, 1890721.396177402231842 ], [ 643936.737531581893563, 1890731.336190741276368 ], [ 643927.178261887282133, 1890731.269826578907669 ], [ 643917.618992488831282, 1890731.203466826817021 ], [ 643908.128719175118022, 1890721.197099065873772 ], [ 643908.128719175118022, 1890721.197099065873772 ], [ 643898.63843663118314, 1890711.190736411837861 ], [ 643898.707427130546421, 1890701.250724465353414 ], [ 643898.776417277520522, 1890691.310712601756677 ], [ 643898.776417277520522, 1890691.310712601756677 ], [ 643889.286115625407547, 1890681.304355832980946 ], [ 643889.286115625407547, 1890681.304355832980946 ], [ 643879.726824474288151, 1890681.238015255425125 ], [ 643870.167533617815934, 1890681.171679087914526 ], [ 643860.608243054593913, 1890681.105347331380472 ], [ 643851.04895278729964, 1890681.039019985124469 ], [ 643841.4896628158167, 1890680.972697049612179 ], [ 643841.420700538088568, 1890690.912706992123276 ], [ 643831.861415446037427, 1890690.846388160483912 ], [ 643831.792457402450964, 1890700.786397880176082 ], [ 643831.723499006708153, 1890710.726407682523131 ], [ 643822.164223381550983, 1890710.660092649050057 ], [ 643822.095269219949841, 1890720.60010222857818 ], [ 643812.535998474224471, 1890720.533791299676523 ], [ 643812.467048546765, 1890730.473800655920058 ], [ 643802.90778268314898, 1890730.407493831589818 ], [ 643802.83883699006401, 1890740.347502964315936 ], [ 643793.279576007160358, 1890740.281200243858621 ], [ 643793.210634548333474, 1890750.221209153998643 ], [ 643783.651378446258605, 1890750.154910538811237 ], [ 643783.582441221689805, 1890760.094919225899503 ], [ 643774.02318999893032, 1890760.028624714817852 ], [ 643773.954257008736022, 1890769.968633178621531 ], [ 643773.885323666734621, 1890779.908641725545749 ], [ 643773.816389972693287, 1890789.848650355590507 ], [ 643773.74745592661202, 1890799.788659068755805 ], [ 643783.237749819410965, 1890809.794963907217607 ], [ 643783.237749819410965, 1890809.794963907217607 ], [ 643792.728034480242059, 1890819.801273850956932 ], [ 643792.728034480242059, 1890819.801273850956932 ], [ 643792.659090205444954, 1890829.741283426294103 ], [ 643792.590145578607917, 1890839.681293084286153 ], [ 643792.521200599730946, 1890849.621302824700251 ], [ 643802.01146121439524, 1890859.627619043458253 ], [ 643802.01146121439524, 1890859.627619043458253 ], [ 643801.942510944907553, 1890869.567629256518558 ], [ 643801.873560323379934, 1890879.507639552699402 ], [ 643801.804609349928796, 1890889.447649932699278 ], [ 643811.294845917844214, 1890899.453972424846143 ], [ 643811.294845917844214, 1890899.453972424846143 ], [ 643820.785073256120086, 1890909.460300023201853 ], [ 643830.344257151824422, 1890909.526621181285009 ], [ 643839.903441342059523, 1890909.592946749879047 ], [ 643839.972411366296001, 1890899.652934979647398 ], [ 643849.531600436428562, 1890899.719264652812853 ], [ 643859.09078980225604, 1890899.785598738119006 ], [ 643859.15976864786353, 1890889.845586437731981 ], [ 643868.718962896382436, 1890889.911924626678228 ], [ 643868.787945976364426, 1890879.971912102773786 ], [ 643878.347145104780793, 1890880.038254396989942 ], [ 643887.906344527611509, 1890880.104601101018488 ], [ 643897.465544246719219, 1890880.170952216954902 ], [ 643907.024744258844294, 1890880.237307743635029 ], [ 643916.583944565616548, 1890880.303667680593207 ], [ 643916.652950226794928, 1890870.363653708714992 ], [ 643926.212155414861627, 1890870.43001775094308 ], [ 643935.771360899088904, 1890870.496386203914881 ], [ 643945.330566676682793, 1890870.562759067863226 ], [ 643954.889772747643292, 1890870.629136341856793 ], [ 643964.448979114647955, 1890870.695518027525395 ], [ 643964.448979114647955, 1890870.695518027525395 ], [ 643973.93915259570349, 1890880.70191993447952 ], [ 643983.498354966985062, 1890880.768310748273507 ], [ 643983.498354966985062, 1890880.768310748273507 ], [ 643992.988514925236814, 1890890.774722480913624 ], [ 644002.547713298117742, 1890890.841122423065826 ], [ 644012.106911967275664, 1890890.907526776427403 ], [ 644012.175963847199455, 1890880.967509655049071 ], [ 644021.735167396487668, 1890881.033918112749234 ], [ 644021.804223510553129, 1890871.093900769716129 ], [ 644021.873279271880165, 1890861.153883509105071 ], [ 644021.942334680818021, 1890851.213866331148893 ], [ 644031.501552284928039, 1890851.280278279911727 ], [ 644031.570611927774735, 1890841.340260879136622 ], [ 644031.639671217999421, 1890831.400243561249226 ], [ 644041.198898290167563, 1890831.466659307479858 ], [ 644041.267961814417504, 1890821.526641765376553 ], [ 644041.337024986045435, 1890811.58662430732511 ], [ 644041.406087805051357, 1890801.646606931462884 ], [ 644050.965328932972625, 1890801.713026168290526 ], [ 644051.034395985770971, 1890791.773008569842204 ], [ 644051.103462686063722, 1890781.832991053815931 ], [ 644060.662713279016316, 1890781.89941408787854 ], [ 644060.731784212985076, 1890771.95939634856768 ], [ 644060.800854794331826, 1890762.019378692144528 ], [ 644070.360114856506698, 1890762.085805523209274 ], [ 644070.429189671529457, 1890752.145787643501535 ], [ 644079.988454614998773, 1890752.212218578206375 ], [ 644089.547719853580929, 1890752.278653924586251 ], [ 644099.10698538844008, 1890752.345093681709841 ], [ 644099.176073609851301, 1890742.405074963811785 ], [ 644108.735344024724327, 1890742.4715188248083 ], [ 644108.804436479695141, 1890732.531499883392826 ], [ 644118.363711775979027, 1890732.597947848029435 ], [ 644118.432808464509435, 1890722.657928682630882 ], [ 644127.992088643601164, 1890722.724380751140416 ], [ 644128.06118956557475, 1890712.784361362457275 ], [ 644137.620474624680355, 1890712.850817534141243 ], [ 644137.689579779980704, 1890702.910797921940684 ], [ 644137.758684582542628, 1890692.970778392860666 ], [ 644147.317979109240696, 1890693.037238361081108 ], [ 644147.387088145129383, 1890683.09721860778518 ], [ 644156.946387553354725, 1890683.163682680111378 ], [ 644157.01550082245376, 1890673.223662703298032 ], [ 644157.084613738814369, 1890663.283642809139565 ], [ 644166.64392261300236, 1890663.350110677769408 ], [ 644166.713039762573317, 1890653.410090560326353 ], [ 644176.27235352084972, 1890653.476562532363459 ], [ 644176.341474903631024, 1890643.536542190704495 ], [ 644185.900793541921303, 1890643.603018266847357 ], [ 644185.969919157796539, 1890633.662997700972483 ], [ 644186.03904442070052, 1890623.722977218450978 ], [ 644186.108169330749661, 1890613.782956818351522 ], [ 644186.177293887827545, 1890603.842936501838267 ], [ 644186.246418091701344, 1890593.902916268212721 ], [ 644186.315541942836717, 1890583.962896117707714 ], [ 644186.384665441000834, 1890574.022876050788909 ], [ 644195.944016476627439, 1890574.089354388415813 ], [ 644196.013144207652658, 1890564.149334096582606 ], [ 644205.572500124573708, 1890564.215816537616774 ], [ 644215.131856338120997, 1890564.282303388230503 ], [ 644224.691212845500559, 1890564.348794649820775 ], [ 644234.250569648225792, 1890564.415290320990607 ], [ 644234.250569648225792, 1890564.415290320990607 ], [ 644243.740776087041013, 1890574.421812230022624 ], [ 644253.300128894508816, 1890574.488317029783502 ], [ 644253.300128894508816, 1890574.488317029783502 ], [ 644262.790321811684407, 1890584.494848763104528 ], [ 644272.349670622730628, 1890584.561362690059468 ], [ 644272.349670622730628, 1890584.561362690059468 ], [ 644281.839850019663572, 1890594.567904249299318 ], [ 644281.839850019663572, 1890594.567904249299318 ], [ 644291.330020188121125, 1890604.574450915679336 ], [ 644291.330020188121125, 1890604.574450915679336 ], [ 644291.260845184791833, 1890614.51447461056523 ], [ 644300.751001182943583, 1890624.521026775706559 ], [ 644300.751001182943583, 1890624.521026775706559 ], [ 644310.241147951106541, 1890634.527584048686549 ], [ 644319.800475310650654, 1890634.594121563946828 ], [ 644329.359802966937423, 1890634.66066348948516 ], [ 644329.359802966937423, 1890634.66066348948516 ], [ 644338.849931924021803, 1890644.667235305998474 ], [ 644338.849931924021803, 1890644.667235305998474 ], [ 644348.340051651117392, 1890654.67381223058328 ], [ 644348.340051651117392, 1890654.67381223058328 ], [ 644357.830162149388343, 1890664.680394263006747 ], [ 644357.830162149388343, 1890664.680394263006747 ], [ 644357.760952923679724, 1890674.620420607738197 ], [ 644367.25104925094638, 1890684.627008139155805 ], [ 644367.25104925094638, 1890684.627008139155805 ], [ 644376.741136346710846, 1890694.633600778644904 ], [ 644376.741136346710846, 1890694.633600778644904 ], [ 644386.231214213417843, 1890704.640198527369648 ], [ 644386.231214213417843, 1890704.640198527369648 ], [ 644395.721282849903218, 1890714.646801384165883 ], [ 644395.721282849903218, 1890714.646801384165883 ], [ 644405.211342257447541, 1890724.65340934949927 ], [ 644405.211342257447541, 1890724.65340934949927 ], [ 644414.701392433024012, 1890734.660022423835471 ], [ 644414.701392433024012, 1890734.660022423835471 ], [ 644424.19143337814603, 1890744.666640606243163 ], [ 644424.19143337814603, 1890744.666640606243163 ], [ 644433.681465092813596, 1890754.673263897420838 ], [ 644433.681465092813596, 1890754.673263897420838 ], [ 644443.171487578190863, 1890764.679892298066989 ], [ 644443.171487578190863, 1890764.679892298066989 ], [ 644452.661500831600279, 1890774.686525807250291 ], [ 644452.661500831600279, 1890774.686525807250291 ], [ 644452.592241854174063, 1890784.626556139206514 ], [ 644462.082240936812013, 1890794.633195147383958 ], [ 644462.082240936812013, 1890794.633195147383958 ], [ 644471.57223079004325, 1890804.639839264564216 ], [ 644481.131485207471997, 1890804.706456987187266 ], [ 644481.131485207471997, 1890804.706456987187266 ], [ 644490.621461537666619, 1890814.713110932614654 ], [ 644490.621461537666619, 1890814.713110932614654 ], [ 644490.552182799670845, 1890824.653142827097327 ], [ 644500.042144958744757, 1890834.659802272217348 ], [ 644500.042144958744757, 1890834.659802272217348 ], [ 644509.53209788678214, 1890844.666466826573014 ], [ 644519.091335144126788, 1890844.733103422448039 ], [ 644519.091335144126788, 1890844.733103422448039 ], [ 644528.58127455052454, 1890854.739777804585174 ], [ 644528.58127455052454, 1890854.739777804585174 ], [ 644538.071204725652933, 1890864.746457295957953 ], [ 644538.071204725652933, 1890864.746457295957953 ], [ 644547.561125669861212, 1890874.753141896333545 ], [ 644547.561125669861212, 1890874.753141896333545 ], [ 644557.051037383964285, 1890884.759831606643274 ], [ 644566.610257773078047, 1890884.826491488143802 ], [ 644566.610257773078047, 1890884.826491488143802 ], [ 644576.10015596402809, 1890894.833191027864814 ], [ 644576.10015596402809, 1890894.833191027864814 ], [ 644585.59004492207896, 1890904.839895675657317 ], [ 644585.59004492207896, 1890904.839895675657317 ], [ 644595.079924651538022, 1890914.846605433616787 ], [ 644595.079924651538022, 1890914.846605433616787 ], [ 644604.569795148214325, 1890924.853320301976055 ], [ 644604.569795148214325, 1890924.853320301976055 ], [ 644604.500457477755845, 1890934.793356803013012 ], [ 644613.990313802147284, 1890944.800077171064913 ], [ 644613.990313802147284, 1890944.800077171064913 ], [ 644613.920970836887136, 1890954.740114147076383 ], [ 644613.85162751772441, 1890964.680151205742732 ], [ 644613.782283844426274, 1890974.620188346598297 ], [ 644613.712939817109145, 1890984.560225571971387 ], [ 644604.153763815993443, 1890984.493540556170046 ], [ 644604.084424021653831, 1890994.433577556163073 ], [ 644594.525252903345972, 1890994.366896644234657 ], [ 644584.966082079801708, 1890994.300220142817125 ], [ 644575.406911555211991, 1890994.233548053307459 ], [ 644565.847741325036623, 1890994.166880374541506 ], [ 644556.288571391021833, 1890994.100217107217759 ], [ 644546.729401751537807, 1890994.033558250637725 ], [ 644537.170232409378514, 1890993.966903805499896 ], [ 644527.611063363146968, 1890993.900253771338612 ], [ 644518.051894612843171, 1890993.833608149085194 ], [ 644517.98259574722033, 1891003.773642462212592 ], [ 644508.423431878327392, 1891003.707000942667946 ], [ 644508.354137245914899, 1891013.647035030648112 ], [ 644508.284842259716243, 1891023.587069201748818 ], [ 644498.725687862141058, 1891023.520431478507817 ], [ 644498.656397109269165, 1891033.460465425625443 ], [ 644489.097247594501823, 1891033.393831806024536 ], [ 644489.027961074956693, 1891043.333865527063608 ], [ 644479.46881644311361, 1891043.267236011335626 ], [ 644479.399534157011658, 1891053.207269509322941 ], [ 644479.330251517007127, 1891063.147303089965135 ], [ 644469.771116356598213, 1891063.080677370307967 ], [ 644469.701837950036861, 1891073.020710725570098 ], [ 644469.632559189922176, 1891082.960744165349752 ], [ 644469.563280076137744, 1891092.900777687085792 ], [ 644469.494000608683564, 1891102.840811292408034 ], [ 644469.424720787676051, 1891112.780844981083646 ], [ 644469.355440612882376, 1891122.720878752414137 ], [ 644478.845263134571724, 1891132.727540479507297 ], [ 644478.845263134571724, 1891132.727540479507297 ], [ 644478.775977665209211, 1891142.667574724880978 ], [ 644488.265786014846526, 1891152.674241952132434 ], [ 644488.265786014846526, 1891152.674241952132434 ], [ 644497.755585131933913, 1891162.680914290249348 ], [ 644497.755585131933913, 1891162.680914290249348 ], [ 644507.245375016471371, 1891172.687591737601906 ], [ 644507.245375016471371, 1891172.687591737601906 ], [ 644516.73515566973947, 1891182.694274295121431 ], [ 644526.294237263733521, 1891182.760925763519481 ], [ 644526.294237263733521, 1891182.760925763519481 ], [ 644535.784004391520284, 1891192.767618150217459 ], [ 644535.784004391520284, 1891192.767618150217459 ], [ 644545.273762286524288, 1891202.774315647082403 ], [ 644545.273762286524288, 1891202.774315647082403 ], [ 644554.763510950142518, 1891212.781018254347146 ], [ 644564.322579965577461, 1891212.847688292851672 ], [ 644564.322579965577461, 1891212.847688292851672 ], [ 644573.812315103365108, 1891222.854400729294866 ], [ 644583.371380122029223, 1891222.921079898485914 ], [ 644592.930445439415053, 1891222.987763480050489 ], [ 644602.489511051448062, 1891223.054451472824439 ], [ 644602.489511051448062, 1891223.054451472824439 ], [ 644611.979224081849679, 1891233.061183178098872 ], [ 644611.979224081849679, 1891233.061183178098872 ], [ 644621.468927879584953, 1891243.067919993540272 ], [ 644621.468927879584953, 1891243.067919993540272 ], [ 644630.958622445352376, 1891253.074661920545623 ], [ 644630.958622445352376, 1891253.074661920545623 ], [ 644630.889259330695495, 1891263.014702086336911 ], [ 644630.819895861903206, 1891272.954742335248739 ], [ 644630.750532039091922, 1891282.894782667048275 ], [ 644630.681167862378061, 1891292.834823082666844 ], [ 644630.611803331412375, 1891302.77486358047463 ], [ 644640.101463954430073, 1891312.781612572725862 ], [ 644640.101463954430073, 1891312.781612572725862 ], [ 644649.591115343966521, 1891322.788366674911231 ], [ 644659.150136856478639, 1891322.855084217851982 ], [ 644668.709158666431904, 1891322.921806171769276 ], [ 644678.268180771265179, 1891322.98853253829293 ], [ 644678.33756894886028, 1891313.048490334302187 ], [ 644687.896595936268568, 1891313.115220804698765 ], [ 644697.455623221234418, 1891313.181955686071888 ], [ 644707.014650803874247, 1891313.248694980284199 ], [ 644716.573678681394085, 1891313.315438686171547 ], [ 644726.132706855074503, 1891313.38218680373393 ], [ 644735.691735325148329, 1891313.44893933320418 ], [ 644735.691735325148329, 1891313.44893933320418 ], [ 644745.181343801319599, 1891323.455740634584799 ], [ 644745.181343801319599, 1891323.455740634584799 ], [ 644754.670943042496219, 1891333.46254704752937 ], [ 644754.670943042496219, 1891333.46254704752937 ], [ 644764.160533050191589, 1891343.469358572270721 ], [ 644764.160533050191589, 1891343.469358572270721 ], [ 644773.650113824289292, 1891353.476175208110362 ], [ 644773.650113824289292, 1891353.476175208110362 ], [ 644783.139685366186313, 1891363.482996955281124 ], [ 644783.139685366186313, 1891363.482996955281124 ], [ 644783.070244951406494, 1891373.423042963491753 ], [ 644783.000804182142019, 1891383.363089055055752 ], [ 644782.931363058509305, 1891393.303135230205953 ], [ 644782.861921580508351, 1891403.243181488011032 ], [ 644782.792479748139158, 1891413.18322782847099 ], [ 644782.723037561168894, 1891423.123274252284318 ], [ 644773.16405807423871, 1891423.056496273493394 ], [ 644773.094620120944455, 1891432.996542471926659 ], [ 644773.025181813165545, 1891442.936588753713295 ], [ 644772.955743151018396, 1891452.87663511862047 ], [ 644782.445265269372612, 1891462.883460778510198 ], [ 644782.445265269372612, 1891462.883460778510198 ], [ 644782.37582131032832, 1891472.823507617693394 ], [ 644791.865329249296337, 1891482.830338780069724 ], [ 644791.865329249296337, 1891482.830338780069724 ], [ 644801.35482795513235, 1891492.837175054941326 ], [ 644801.35482795513235, 1891492.837175054941326 ], [ 644810.844317426788621, 1891502.844016441842541 ], [ 644820.403261394938454, 1891502.910814535105601 ], [ 644829.962205658084713, 1891502.977617041673511 ], [ 644839.521150217857212, 1891503.044423959916458 ], [ 644849.08009507402312, 1891503.111235290765762 ], [ 644849.08009507402312, 1891503.111235290765762 ], [ 644858.569558146060444, 1891513.118100671097636 ], [ 644868.128499007201754, 1891513.184921134728938 ], [ 644877.687440164969303, 1891513.251746010966599 ], [ 644887.246381619246677, 1891513.318575298879296 ], [ 644896.805323370266706, 1891513.385408999398351 ], [ 644906.364265417912975, 1891513.452247112290934 ], [ 644915.923207762185484, 1891513.519089637091383 ], [ 644915.923207762185484, 1891513.519089637091383 ], [ 644925.412635848857462, 1891523.525988454464823 ], [ 644925.412635848857462, 1891523.525988454464823 ], [ 644925.34312093979679, 1891533.466040417319164 ], [ 644925.273605676018633, 1891543.406092463061213 ], [ 644925.20409005752299, 1891553.346144592622295 ], [ 644934.693494081846438, 1891563.353049697121605 ], [ 644934.693494081846438, 1891563.353049697121605 ], [ 644934.623973165405914, 1891573.293102300493047 ], [ 644944.113363010575995, 1891583.300012909574434 ], [ 644944.113363010575995, 1891583.300012909574434 ], [ 644953.602743620984256, 1891593.306928630685434 ], [ 644953.602743620984256, 1891593.306928630685434 ], [ 644963.092114996397868, 1891603.313849464990199 ], [ 644963.092114996397868, 1891603.313849464990199 ], [ 644972.581477138213813, 1891613.320775410858914 ], [ 644972.581477138213813, 1891613.320775410858914 ], [ 644982.07083004375454, 1891623.327706469921395 ], [ 644982.07083004375454, 1891623.327706469921395 ], [ 644991.560173714300618, 1891633.334642642643303 ], [ 645001.119063667953014, 1891633.401528582209721 ], [ 645010.677953921025619, 1891633.468418934615329 ], [ 645010.677953921025619, 1891633.468418934615329 ], [ 645020.167279773158953, 1891643.475369662046432 ], [ 645029.72616603015922, 1891643.542269148398191 ], [ 645039.285052584134974, 1891643.609173046890646 ], [ 645039.285052584134974, 1891643.609173046890646 ], [ 645048.774360619252548, 1891653.616138329962268 ], [ 645048.774360619252548, 1891653.616138329962268 ], [ 645058.263659417862073, 1891663.623108726693317 ], [ 645058.263659417862073, 1891663.623108726693317 ], [ 645058.19407530198805, 1891673.5631661741063 ], [ 645058.124490831047297, 1891683.503223703010008 ], [ 645067.613770507043228, 1891693.510199996875599 ], [ 645067.613770507043228, 1891693.510199996875599 ], [ 645077.103040947462432, 1891703.517181403469294 ], [ 645077.103040947462432, 1891703.517181403469294 ], [ 645086.592302153818309, 1891713.524167923955247 ], [ 645086.592302153818309, 1891713.524167923955247 ], [ 645086.522702496498823, 1891723.464226712007076 ], [ 645086.453102483879775, 1891733.404285584343597 ], [ 645086.383502116193995, 1891743.344344538869336 ], [ 645086.313901393208653, 1891753.284403576748446 ], [ 645086.244300315272994, 1891763.224462696583942 ], [ 645086.174698882037774, 1891773.164521901169792 ], [ 645086.105097093619406, 1891783.10458118817769 ], [ 645086.035494950134307, 1891793.044640557840466 ], [ 645085.965892451349646, 1891802.984700010856614 ], [ 645085.896289597381838, 1891812.9247595469933 ], [ 645095.38549212703947, 1891822.931755099445581 ], [ 645095.38549212703947, 1891822.931755099445581 ], [ 645104.874685419141315, 1891832.938755766488612 ], [ 645104.874685419141315, 1891832.938755766488612 ], [ 645104.805072321789339, 1891842.878816168755293 ], [ 645114.294251435087062, 1891852.885822341078892 ], [ 645114.294251435087062, 1891852.885822341078892 ], [ 645114.224633038160391, 1891862.825883219949901 ], [ 645114.155014286166988, 1891872.765944179613143 ], [ 645114.085395178874023, 1891882.706005223793909 ], [ 645114.015775716397911, 1891892.646066351560876 ], [ 645113.946155898622237, 1891902.586127561284229 ], [ 645104.387386278132908, 1891902.519180330680683 ], [ 645104.317770694266073, 1891912.459241315023974 ], [ 645094.759005961357616, 1891912.392298188060522 ], [ 645094.689394611399621, 1891922.332358947023749 ], [ 645094.619782906374894, 1891932.272419787943363 ], [ 645085.061027647461742, 1891932.205480457050726 ], [ 645084.991420176345855, 1891942.145541072590277 ], [ 645075.432669802336022, 1891942.078605846269056 ], [ 645075.36306656524539, 1891952.018666235264391 ], [ 645065.804321078816429, 1891951.951735113048926 ], [ 645065.734722075867467, 1891961.89179527759552 ], [ 645056.175981475622393, 1891961.82486825902015 ], [ 645056.106386706815101, 1891971.76492819795385 ], [ 645046.547650992870331, 1891971.698005284415558 ], [ 645046.478060458321124, 1891981.638064997270703 ], [ 645036.919329629046842, 1891981.571146187605336 ], [ 645036.849743328755721, 1891991.511205674614757 ], [ 645027.291017387062311, 1891991.444290970219299 ], [ 645027.221435321029276, 1892001.384350231615826 ], [ 645017.662714265752584, 1892001.317439631326124 ], [ 645017.593136433977634, 1892011.257498666876927 ], [ 645017.523558247368783, 1892021.1975577857811 ], [ 645007.96484666748438, 1892021.130650981096551 ], [ 645007.89527271525003, 1892031.070709874620661 ], [ 645007.825698408065364, 1892041.010768850333989 ], [ 645007.756123745813966, 1892050.950827909633517 ], [ 645007.686548728612252, 1892060.890887051820755 ], [ 645007.616973356460221, 1892070.830946277594194 ], [ 645007.547397629357874, 1892080.771005586022511 ], [ 645007.477821547188796, 1892090.711064977105707 ], [ 645007.408245110069402, 1892100.651124451775104 ], [ 645007.338668317999691, 1892110.591184008866549 ], [ 645007.269091170979664, 1892120.531243649078533 ], [ 645007.19951366900932, 1892130.471303372876719 ], [ 645007.129935811972246, 1892140.411363180028275 ], [ 645007.060357599984854, 1892150.351423069834709 ], [ 645016.549426358891651, 1892160.358394168782979 ], [ 645016.549426358891651, 1892160.358394168782979 ], [ 645016.479842847329564, 1892170.298454533331096 ], [ 645016.410258980584331, 1892180.238514981232584 ], [ 645016.340674758888781, 1892190.178575511788949 ], [ 645016.271090182242915, 1892200.118636125465855 ], [ 645025.760129924397916, 1892210.125613904558122 ], [ 645025.760129924397916, 1892210.125613904558122 ], [ 645035.249160428531468, 1892220.13259679893963 ], [ 645044.807781107607298, 1892220.19952301797457 ], [ 645054.366402082145214, 1892220.266453651012853 ], [ 645054.366402082145214, 1892220.266453651012853 ], [ 645063.855414762627333, 1892230.273451103363186 ], [ 645073.414031741209328, 1892230.340390872443095 ], [ 645073.414031741209328, 1892230.340390872443095 ], [ 645082.903030891902745, 1892240.347398162586614 ], [ 645082.903030891902745, 1892240.347398162586614 ], [ 645082.833412410691381, 1892250.287461353465915 ], [ 645092.322397377109155, 1892260.294474149821326 ], [ 645092.322397377109155, 1892260.294474149821326 ], [ 645101.811373103992082, 1892270.301492060534656 ], [ 645101.811373103992082, 1892270.301492060534656 ], [ 645111.300339594017714, 1892280.308515086304396 ], [ 645111.300339594017714, 1892280.308515086304396 ], [ 645111.230705922003835, 1892290.248579535400495 ], [ 645120.719658229849301, 1892300.25560806831345 ], [ 645120.719658229849301, 1892300.25560806831345 ], [ 645130.208601298043504, 1892310.262641714885831 ], [ 645130.208601298043504, 1892310.262641714885831 ], [ 645139.697535127867013, 1892320.269680477445945 ], [ 645149.256113172508776, 1892320.336658336920664 ], [ 645149.256113172508776, 1892320.336658336920664 ], [ 645158.745033472077921, 1892330.343706937041134 ], [ 645158.745033472077921, 1892330.343706937041134 ], [ 645158.675375073333271, 1892340.283773345174268 ], [ 645168.164281187579036, 1892350.290827452670783 ], [ 645168.164281187579036, 1892350.290827452670783 ], [ 645177.653178063221276, 1892360.297886674525216 ], [ 645177.653178063221276, 1892360.297886674525216 ], [ 645187.142065700259991, 1892370.30495101143606 ], [ 645187.142065700259991, 1892370.30495101143606 ], [ 645187.072392109315842, 1892380.245018680114299 ], [ 645196.561265563359484, 1892390.252088524401188 ], [ 645196.561265563359484, 1892390.252088524401188 ], [ 645196.491586671210825, 1892400.19215666805394 ], [ 645196.421907423762605, 1892410.132224894594401 ], [ 645205.910761744715273, 1892420.139300638111308 ], [ 645205.910761744715273, 1892420.139300638111308 ], [ 645215.39960682799574, 1892430.146381497848779 ], [ 645224.958136757253669, 1892430.213398069376126 ], [ 645224.958136757253669, 1892430.213398069376126 ], [ 645234.44696830981411, 1892440.220488768070936 ], [ 645234.44696830981411, 1892440.220488768070936 ], [ 645243.935790621908382, 1892450.227584581123665 ], [ 645243.935790621908382, 1892450.227584581123665 ], [ 645253.424603694933467, 1892460.234685509931296 ], [ 645253.424603694933467, 1892460.234685509931296 ], [ 645262.91340752877295, 1892470.241791555425152 ], [ 645262.91340752877295, 1892470.241791555425152 ], [ 645262.843693659757264, 1892480.181862527504563 ] ] } },
{ "type": "Feature", "properties": { "year": 2018, "month": null }, "geometry": { "type": "LineString", "coordinates": [ [ 645482.689463590853848, 1892481.724903679918498 ], [ 645482.759283041232266, 1892471.784825591137633 ], [ 645482.829102135379799, 1892461.844747584778816 ], [ 645482.898920873529278, 1892451.904669662006199 ], [ 645482.898920873529278, 1892451.904669662006199 ], [ 645473.410205883905292, 1892441.897455757716671 ], [ 645473.410205883905292, 1892441.897455757716671 ], [ 645463.921481654979289, 1892431.890246969880536 ], [ 645463.921481654979289, 1892431.890246969880536 ], [ 645454.432748185587116, 1892421.883043298497796 ], [ 645454.432748185587116, 1892421.883043298497796 ], [ 645444.944005478639156, 1892411.875844744266942 ], [ 645444.944005478639156, 1892411.875844744266942 ], [ 645435.455253532389179, 1892401.868651305790991 ], [ 645435.455253532389179, 1892401.868651305790991 ], [ 645425.966492347186431, 1892391.861462983768433 ], [ 645425.966492347186431, 1892391.861462983768433 ], [ 645416.477721921750344, 1892381.854279778432101 ], [ 645416.477721921750344, 1892381.854279778432101 ], [ 645406.988942260155454, 1892371.84710168861784 ], [ 645406.988942260155454, 1892371.84710168861784 ], [ 645397.500153358327225, 1892361.839928715256974 ], [ 645397.500153358327225, 1892361.839928715256974 ], [ 645387.941585943335667, 1892361.772834854666144 ], [ 645378.452783508808352, 1892351.765671720495448 ], [ 645378.452783508808352, 1892351.765671720495448 ], [ 645368.963971836841665, 1892341.758513702312484 ], [ 645369.033731219242327, 1892331.818440491333604 ], [ 645369.033731219242327, 1892331.818440491333604 ], [ 645359.544905362650752, 1892321.8112879821565 ], [ 645359.544905362650752, 1892321.8112879821565 ], [ 645349.986320777097717, 1892321.744213015306741 ], [ 645340.427736487705261, 1892321.677142461994663 ], [ 645330.938892807345837, 1892311.670004514744505 ], [ 645330.938892807345837, 1892311.670004514744505 ], [ 645321.450039888499305, 1892301.662871683947742 ], [ 645321.450039888499305, 1892301.662871683947742 ], [ 645311.961177731165662, 1892291.655743968207389 ], [ 645311.961177731165662, 1892291.655743968207389 ], [ 645302.472306335461326, 1892281.648621367523447 ], [ 645302.472306335461326, 1892281.648621367523447 ], [ 645292.983425701386295, 1892271.641503883292899 ], [ 645292.983425701386295, 1892271.641503883292899 ], [ 645283.424820247804746, 1892271.57446136046201 ], [ 645273.935926082776859, 1892261.567353714490309 ], [ 645273.935926082776859, 1892261.567353714490309 ], [ 645264.447022678214125, 1892251.560251184040681 ], [ 645264.447022678214125, 1892251.560251184040681 ], [ 645254.958110036794096, 1892241.553153768414631 ], [ 645254.958110036794096, 1892241.553153768414631 ], [ 645245.469188157236204, 1892231.546061468077824 ], [ 645245.469188157236204, 1892231.546061468077824 ], [ 645235.980257039656863, 1892221.538974283728749 ], [ 645236.049947893247008, 1892211.59890639828518 ], [ 645236.049947893247008, 1892211.59890639828518 ], [ 645226.561002590926364, 1892201.59182472131215 ], [ 645226.630688143661246, 1892191.651757311308756 ], [ 645226.700373340863734, 1892181.711689984425902 ], [ 645226.77005818253383, 1892171.771622740663588 ], [ 645226.839742668671533, 1892161.831555579788983 ], [ 645226.909426799393259, 1892151.891488502267748 ], [ 645226.979110574466176, 1892141.951421507401392 ], [ 645227.048793994123116, 1892132.011354595888406 ], [ 645227.118477058247663, 1892122.07128776749596 ], [ 645227.188159766839817, 1892112.131221021991223 ], [ 645236.746836874866858, 1892112.198232115246356 ], [ 645236.816523817600682, 1892102.258165143895894 ], [ 645236.886210404685698, 1892092.318098254967481 ], [ 645236.955896636238322, 1892082.378031450323761 ], [ 645237.025582512374967, 1892072.437964727403596 ], [ 645246.584278274676763, 1892072.504978997865692 ], [ 645246.653968384722248, 1892062.564912048866972 ], [ 645246.72365813923534, 1892052.624845183454454 ], [ 645256.282363377977163, 1892052.691863248823211 ], [ 645256.352057366399094, 1892042.751796156866476 ], [ 645256.421750999172218, 1892032.811729148728773 ], [ 645256.491444276412949, 1892022.871662223245949 ], [ 645256.561137198004872, 1892012.931595380418003 ], [ 645256.630829764064401, 1892002.991528621409088 ], [ 645256.700521974591538, 1891993.051461945055053 ], [ 645256.770213829586282, 1891983.111395350890234 ], [ 645266.328951491392218, 1891983.178415665403008 ], [ 645266.398647580062971, 1891973.238348845858127 ], [ 645275.957390130031854, 1891973.305373264243826 ], [ 645285.516132975928485, 1891973.372402095701545 ], [ 645295.074876119266264, 1891973.439435339998454 ], [ 645295.144585620146245, 1891963.499367675743997 ], [ 645304.703333650249988, 1891963.566405024146661 ], [ 645304.773047384805977, 1891953.626337133347988 ], [ 645304.842760763480328, 1891943.686269325902686 ], [ 645304.912473786622286, 1891933.746201601577923 ], [ 645304.98218645399902, 1891923.806133960140869 ], [ 645314.540953138493933, 1891923.873174485052004 ], [ 645314.610670039313845, 1891913.933106616837904 ], [ 645324.169441610458307, 1891914.000151245389134 ], [ 645333.728213479043916, 1891914.067200286779553 ], [ 645343.286985645187087, 1891914.134253741009161 ], [ 645343.356715957866982, 1891904.194185028551146 ], [ 645352.915493011940271, 1891904.26124258665368 ], [ 645352.985227557946928, 1891894.321173647651449 ], [ 645362.544009497389197, 1891894.388235309394076 ], [ 645362.613748276606202, 1891884.448166143847629 ], [ 645362.683486699941568, 1891874.508097060956061 ], [ 645362.753224767511711, 1891864.568028062116355 ], [ 645362.822962479200214, 1891854.627959145233035 ], [ 645362.892699835007079, 1891844.687890311470255 ], [ 645362.962436834932305, 1891834.747821561526507 ], [ 645363.032173479092307, 1891824.807752893539146 ], [ 645363.101909767370671, 1891814.867684310069308 ], [ 645372.660728716757149, 1891814.934747909195721 ], [ 645372.730469238013029, 1891804.994679097784683 ], [ 645372.800209403503686, 1891795.054610369959846 ], [ 645372.86994921322912, 1891785.11454172548838 ], [ 645372.939688666956499, 1891775.174473163671792 ], [ 645373.00942776480224, 1891765.234404684277251 ], [ 645373.079166506766342, 1891755.294336289167404 ], [ 645373.079166506766342, 1891755.294336289167404 ], [ 645363.590053821681067, 1891745.287206543376669 ], [ 645363.590053821681067, 1891745.287206543376669 ], [ 645354.100931900669821, 1891735.280081912176684 ], [ 645354.100931900669821, 1891735.280081912176684 ], [ 645344.611800742452033, 1891725.272962395567447 ], [ 645344.611800742452033, 1891725.272962395567447 ], [ 645335.122660350054502, 1891715.265847994247451 ], [ 645335.122660350054502, 1891715.265847994247451 ], [ 645325.633510721847415, 1891705.258738706121221 ], [ 645325.633510721847415, 1891705.258738706121221 ], [ 645316.144351858180016, 1891695.251634533051401 ], [ 645316.144351858180016, 1891695.251634533051401 ], [ 645306.655183758819476, 1891685.2445354743395 ], [ 645306.655183758819476, 1891685.2445354743395 ], [ 645297.166006423998624, 1891675.237441530218348 ], [ 645297.166006423998624, 1891675.237441530218348 ], [ 645287.607125611975789, 1891675.170417564921081 ], [ 645278.117934750625864, 1891665.163333456264809 ], [ 645278.117934750625864, 1891665.163333456264809 ], [ 645268.628734652535059, 1891655.156254462432116 ], [ 645268.628734652535059, 1891655.156254462432116 ], [ 645259.139525320380926, 1891645.149180582724512 ], [ 645259.209204729646444, 1891635.209116895450279 ], [ 645259.209204729646444, 1891635.209116895450279 ], [ 645249.719981218106113, 1891625.202048522187397 ], [ 645249.719981218106113, 1891625.202048522187397 ], [ 645240.161078950273804, 1891625.135048164986074 ], [ 645230.671841911156662, 1891615.127989627886564 ], [ 645230.671841911156662, 1891615.127989627886564 ], [ 645221.182595638209023, 1891605.120936203980818 ], [ 645221.252255271421745, 1891595.180874086450785 ], [ 645221.252255271421745, 1891595.180874086450785 ], [ 645211.762994819437154, 1891585.173826167825609 ], [ 645211.762994819437154, 1891585.173826167825609 ], [ 645202.273725133971311, 1891575.166783364024013 ], [ 645202.273725133971311, 1891575.166783364024013 ], [ 645192.784446210833266, 1891565.159745673881844 ], [ 645192.784446210833266, 1891565.159745673881844 ], [ 645183.295158054213971, 1891555.152713096467778 ], [ 645183.295158054213971, 1891555.152713096467778 ], [ 645173.805860662716441, 1891545.145685633644462 ], [ 645173.805860662716441, 1891545.145685633644462 ], [ 645164.316554036457092, 1891535.13866328378208 ], [ 645164.316554036457092, 1891535.13866328378208 ], [ 645154.827238174155354, 1891525.131646047811955 ], [ 645154.827238174155354, 1891525.131646047811955 ], [ 645145.268292995402589, 1891525.064692906104028 ], [ 645135.778963608667254, 1891515.057685504900292 ], [ 645135.778963608667254, 1891515.057685504900292 ], [ 645126.220014435821213, 1891514.990741497371346 ], [ 645116.730671522091143, 1891504.983743930235505 ], [ 645116.730671522091143, 1891504.983743930235505 ], [ 645107.17171835526824, 1891504.916809055954218 ], [ 645097.612765486817807, 1891504.849878593813628 ], [ 645088.053812914062291, 1891504.782952544512227 ], [ 645078.494860637118109, 1891504.716030906653032 ], [ 645068.93590865842998, 1891504.649113682098687 ], [ 645059.446535055758432, 1891494.642144833458588 ], [ 645059.446535055758432, 1891494.642144833458588 ], [ 645049.887579082977027, 1891494.57523674168624 ], [ 645040.328623405657709, 1891494.508333062054589 ], [ 645030.76966802671086, 1891494.441433794796467 ], [ 645021.28027231595479, 1891484.434484222671017 ], [ 645021.28027231595479, 1891484.434484222671017 ], [ 645011.790867370902561, 1891474.427539763506502 ], [ 645011.790867370902561, 1891474.427539763506502 ], [ 645002.301453190040775, 1891464.42060041683726 ], [ 645002.371002320200205, 1891454.48054656595923 ], [ 645002.371002320200205, 1891454.48054656595923 ], [ 644992.881573964841664, 1891444.473612723406404 ], [ 644992.881573964841664, 1891444.473612723406404 ], [ 644983.322597129736096, 1891444.406737060984597 ], [ 644973.763620591489598, 1891444.339865810470656 ], [ 644964.204644348588772, 1891444.272998972330242 ], [ 644954.715193883981556, 1891434.26608440419659 ], [ 644954.715193883981556, 1891434.26608440419659 ], [ 644945.225734185194597, 1891424.259174949023873 ], [ 644945.295254367752932, 1891414.31912328209728 ], [ 644945.295254367752932, 1891414.31912328209728 ], [ 644935.805780492140912, 1891404.312219330575317 ], [ 644935.875295376987197, 1891394.372168138856068 ], [ 644935.944809907115996, 1891384.432117029791698 ], [ 644936.014324082294479, 1891374.492066003847867 ], [ 644936.014324082294479, 1891374.492066003847867 ], [ 644926.524826143402606, 1891364.485168339917436 ], [ 644926.524826143402606, 1891364.485168339917436 ], [ 644916.96581468207296, 1891364.418326030485332 ], [ 644907.406803517369553, 1891364.351488133193925 ], [ 644897.847792649525218, 1891364.284654647577554 ], [ 644888.288782078190707, 1891364.21782557410188 ], [ 644878.799257742241025, 1891354.210951903369278 ], [ 644878.799257742241025, 1891354.210951903369278 ], [ 644869.309724172460847, 1891344.204083345131949 ], [ 644869.309724172460847, 1891344.204083345131949 ], [ 644859.820181369083002, 1891334.197219897992909 ], [ 644859.820181369083002, 1891334.197219897992909 ], [ 644850.261158219422214, 1891334.130409397417679 ], [ 644840.771601891377941, 1891324.123555782949552 ], [ 644840.771601891377941, 1891324.123555782949552 ], [ 644831.282036329619586, 1891314.116707279812545 ], [ 644831.351497556315735, 1891304.176660228054971 ], [ 644831.351497556315735, 1891304.176660228054971 ], [ 644821.861917819012888, 1891294.169817228335887 ], [ 644821.861917819012888, 1891294.169817228335887 ], [ 644812.372328846948221, 1891284.162979339482263 ], [ 644812.372328846948221, 1891284.162979339482263 ], [ 644802.882730642799288, 1891274.156146561959758 ], [ 644802.882730642799288, 1891274.156146561959758 ], [ 644793.39312320551835, 1891264.149318896001205 ], [ 644793.39312320551835, 1891264.149318896001205 ], [ 644783.90350653626956, 1891254.142496342305094 ], [ 644783.90350653626956, 1891254.142496342305094 ], [ 644774.413880631211214, 1891244.13567889877595 ], [ 644774.413880631211214, 1891244.13567889877595 ], [ 644764.924245494417846, 1891234.128866567276418 ], [ 644764.924245494417846, 1891234.128866567276418 ], [ 644755.365179434185848, 1891234.062103267526254 ], [ 644745.875530773191713, 1891224.055300766136497 ], [ 644745.875530773191713, 1891224.055300766136497 ], [ 644736.385872877785005, 1891214.048503376310691 ], [ 644736.385872877785005, 1891214.048503376310691 ], [ 644726.82679853180889, 1891213.981753928121179 ], [ 644717.337127113598399, 1891203.97496636910364 ], [ 644717.337127113598399, 1891203.97496636910364 ], [ 644707.778048772714101, 1891203.908226052531973 ], [ 644698.288363829138689, 1891193.901448323391378 ], [ 644698.288363829138689, 1891193.901448323391378 ], [ 644688.729281493346207, 1891193.834717138437554 ], [ 644679.239583028480411, 1891183.827949240105227 ], [ 644679.239583028480411, 1891183.827949240105227 ], [ 644669.680496697546914, 1891183.761227186070755 ], [ 644660.121410661609843, 1891183.694509543478489 ], [ 644650.631694380193949, 1891173.687756195198745 ], [ 644650.631694380193949, 1891173.687756195198745 ], [ 644641.072604350512847, 1891173.621047683758661 ], [ 644631.582874545245431, 1891163.614304165355861 ], [ 644631.582874545245431, 1891163.614304165355861 ], [ 644622.023780519026332, 1891163.547604784602299 ], [ 644612.534037189790979, 1891153.540871096542105 ], [ 644612.534037189790979, 1891153.540871096542105 ], [ 644602.974939169827849, 1891153.474180847173557 ], [ 644593.48518231685739, 1891143.467456988291815 ], [ 644593.48518231685739, 1891143.467456988291815 ], [ 644583.995416229823604, 1891133.460738239809871 ], [ 644583.995416229823604, 1891133.460738239809871 ], [ 644574.505640913033858, 1891123.454024601960555 ], [ 644574.505640913033858, 1891123.454024601960555 ], [ 644565.01585636253003, 1891113.447316073812544 ], [ 644565.01585636253003, 1891113.447316073812544 ], [ 644555.456741473637521, 1891113.380649112863466 ], [ 644545.966943398118019, 1891103.373950413893908 ], [ 644545.966943398118019, 1891103.373950413893908 ], [ 644536.477136091561988, 1891093.367256825324148 ], [ 644536.546447315602563, 1891083.427221149438992 ], [ 644536.61575818574056, 1891073.487185556674376 ], [ 644546.174890831578523, 1891073.5538424635306 ], [ 644546.244205935043283, 1891063.613806646782905 ], [ 644555.803343465202488, 1891063.680467657279223 ], [ 644565.362481290008873, 1891063.747133079217747 ], [ 644574.921619410859421, 1891063.813802912365645 ], [ 644584.480757826357149, 1891063.880477156955749 ], [ 644594.039896540576592, 1891063.947155812988058 ], [ 644603.59903554955963, 1891064.013838879996911 ], [ 644613.158174854470417, 1891064.0805263586808 ], [ 644622.717314455658197, 1891064.147218248341233 ], [ 644632.27645435417071, 1891064.213914550142363 ], [ 644641.835594547446817, 1891064.280615262454376 ], [ 644641.904955168138258, 1891054.340576449641958 ], [ 644651.46410024468787, 1891054.407281265594065 ], [ 644661.023245617398061, 1891054.473990492988378 ], [ 644670.582391287665814, 1891054.540704131126404 ], [ 644680.141537252813578, 1891054.607422181637958 ], [ 644689.700683512841351, 1891054.674144642660394 ], [ 644689.770066714845598, 1891044.734104372793809 ], [ 644699.32921785954386, 1891044.80083093768917 ], [ 644708.8883693019161, 1891044.867561913328245 ], [ 644718.44752103916835, 1891044.934297300642356 ], [ 644728.006673072697595, 1891045.001037099398673 ], [ 644737.565825402503833, 1891045.067781309364364 ], [ 644737.565825402503833, 1891045.067781309364364 ], [ 644747.055567305535078, 1891055.074572048848495 ], [ 644756.614715640898794, 1891055.141325389733538 ], [ 644766.17386427288875, 1891055.208083141595125 ], [ 644775.733013201039284, 1891055.274845304898918 ], [ 644785.292162427096628, 1891055.341611879412085 ], [ 644785.292162427096628, 1891055.341611879412085 ], [ 644794.781877932371572, 1891065.348426608368754 ], [ 644794.781877932371572, 1891065.348426608368754 ], [ 644804.271584206609987, 1891075.35524644725956 ], [ 644813.830725146457553, 1891075.422026872867718 ], [ 644813.830725146457553, 1891075.422026872867718 ], [ 644823.320417899056338, 1891085.428856542799622 ], [ 644823.320417899056338, 1891085.428856542799622 ], [ 644832.810101417941041, 1891095.435691324528307 ], [ 644832.810101417941041, 1891095.435691324528307 ], [ 644842.299775704392232, 1891105.442531216191128 ], [ 644851.858904068707488, 1891105.509330212371424 ], [ 644851.858904068707488, 1891105.509330212371424 ], [ 644861.348564833402634, 1891115.516179936239496 ], [ 644861.348564833402634, 1891115.516179936239496 ], [ 644870.838216364150867, 1891125.523034771205857 ], [ 644870.838216364150867, 1891125.523034771205857 ], [ 644880.327858662349172, 1891135.529894716804847 ], [ 644880.327858662349172, 1891135.529894716804847 ], [ 644889.817491727881134, 1891145.53675977489911 ], [ 644899.376603226177394, 1891145.603582062060013 ], [ 644899.376603226177394, 1891145.603582062060013 ], [ 644908.866222768323496, 1891155.610456950962543 ], [ 644908.866222768323496, 1891155.610456950962543 ], [ 644918.355833077686839, 1891165.617336951429024 ], [ 644918.355833077686839, 1891165.617336951429024 ], [ 644927.845434154383838, 1891175.624222064390779 ], [ 644927.845434154383838, 1891175.624222064390779 ], [ 644937.335025999462232, 1891185.631112288217992 ], [ 644937.335025999462232, 1891185.631112288217992 ], [ 644946.824608610244468, 1891195.638007624074817 ], [ 644946.824608610244468, 1891195.638007624074817 ], [ 644956.314181988011114, 1891205.644908072426915 ], [ 644965.873268038965762, 1891205.711763091851026 ], [ 644965.873268038965762, 1891205.711763091851026 ], [ 644975.362827894510701, 1891215.718673371244222 ], [ 644975.362827894510701, 1891215.718673371244222 ], [ 644975.293301046011038, 1891225.658724303357303 ], [ 644984.782846724614501, 1891235.665640087332577 ], [ 644984.782846724614501, 1891235.665640087332577 ], [ 644994.272383170085959, 1891245.672560983104631 ], [ 644994.272383170085959, 1891245.672560983104631 ], [ 645003.761910380912013, 1891255.679486991139129 ], [ 645003.761910380912013, 1891255.679486991139129 ], [ 645013.2514283611672, 1891265.686418110504746 ], [ 645013.2514283611672, 1891265.686418110504746 ], [ 645022.740937106776983, 1891275.693354343064129 ], [ 645022.740937106776983, 1891275.693354343064129 ], [ 645032.230436618905514, 1891285.700295688118786 ], [ 645032.230436618905514, 1891285.700295688118786 ], [ 645041.719926897669211, 1891295.707242145435885 ], [ 645051.278974333545193, 1891295.774139648769051 ], [ 645051.278974333545193, 1891295.774139648769051 ], [ 645060.768451088108122, 1891305.781095938989893 ], [ 645070.32749452884309, 1891305.848002575337887 ], [ 645070.32749452884309, 1891305.848002575337887 ], [ 645079.816957758972421, 1891315.854968698695302 ], [ 645089.375997207476757, 1891315.921884467825294 ], [ 645089.375997207476757, 1891315.921884467825294 ], [ 645098.865446913288906, 1891325.928860424086452 ], [ 645098.865446913288906, 1891325.928860424086452 ], [ 645108.35488738422282, 1891335.935841494472697 ], [ 645108.35488738422282, 1891335.935841494472697 ], [ 645108.285292047890835, 1891345.875897745369002 ], [ 645108.215696356259286, 1891355.815954079618677 ], [ 645117.705117708654143, 1891365.822941046440974 ], [ 645117.705117708654143, 1891365.822941046440974 ], [ 645127.194529828499071, 1891375.829933125060052 ], [ 645127.194529828499071, 1891375.829933125060052 ], [ 645136.683932713116519, 1891385.836930317338556 ], [ 645136.683932713116519, 1891385.836930317338556 ], [ 645146.17332636367064, 1891395.843932622810826 ], [ 645146.17332636367064, 1891395.843932622810826 ], [ 645155.662710780277848, 1891405.85094004124403 ], [ 645155.662710780277848, 1891405.85094004124403 ], [ 645165.152085964102298, 1891415.857952572871 ], [ 645165.152085964102298, 1891415.857952572871 ], [ 645174.641451912466437, 1891425.864970217691734 ], [ 645174.641451912466437, 1891425.864970217691734 ], [ 645184.130808626534417, 1891435.871992975240573 ], [ 645184.130808626534417, 1891435.871992975240573 ], [ 645193.620156106539071, 1891445.879020847380161 ], [ 645193.620156106539071, 1891445.879020847380161 ], [ 645203.109494353528135, 1891455.886053831782192 ], [ 645212.668473431491293, 1891455.953031283104792 ], [ 645212.668473431491293, 1891455.953031283104792 ], [ 645222.157798151951283, 1891465.960074102738872 ], [ 645222.157798151951283, 1891465.960074102738872 ], [ 645231.6471136379987, 1891475.967122036265209 ], [ 645231.6471136379987, 1891475.967122036265209 ], [ 645241.136419891030528, 1891485.97417508228682 ], [ 645241.136419891030528, 1891485.97417508228682 ], [ 645250.625716908136383, 1891495.98123324313201 ], [ 645250.625716908136383, 1891495.98123324313201 ], [ 645250.556047065416351, 1891505.921295459149405 ], [ 645260.045329904183745, 1891515.928359124809504 ], [ 645260.045329904183745, 1891515.928359124809504 ], [ 645269.534603508189321, 1891525.93542790482752 ], [ 645279.093552553094923, 1891526.002438406925648 ], [ 645279.093552553094923, 1891526.002438406925648 ], [ 645288.582812631735578, 1891536.009517022641376 ], [ 645288.582812631735578, 1891536.009517022641376 ], [ 645298.072063475381583, 1891546.016600752016529 ], [ 645298.072063475381583, 1891546.016600752016529 ], [ 645307.561305084382184, 1891556.023689595749602 ], [ 645307.561305084382184, 1891556.023689595749602 ], [ 645317.050537458388135, 1891566.030783554306254 ], [ 645326.609469636110589, 1891566.097817355068401 ], [ 645336.16840211127419, 1891566.164855567971244 ], [ 645336.16840211127419, 1891566.164855567971244 ], [ 645345.657616668730043, 1891576.171964083099738 ], [ 645345.657616668730043, 1891576.171964083099738 ], [ 645345.587898097583093, 1891586.112030056072399 ], [ 645355.077098477166146, 1891596.119144078809768 ], [ 645355.077098477166146, 1891596.119144078809768 ], [ 645364.56628962024115, 1891606.126263215206563 ], [ 645364.56628962024115, 1891606.126263215206563 ], [ 645364.49656080477871, 1891616.066330056171864 ], [ 645373.985737768467516, 1891626.073454699711874 ], [ 645373.985737768467516, 1891626.073454699711874 ], [ 645383.474905496928841, 1891636.080584458308294 ], [ 645383.474905496928841, 1891636.080584458308294 ], [ 645392.964063991326839, 1891646.087719331029803 ], [ 645392.964063991326839, 1891646.087719331029803 ], [ 645402.453213248983957, 1891656.094859317643568 ], [ 645402.453213248983957, 1891656.094859317643568 ], [ 645411.942353271297179, 1891666.102004420477897 ], [ 645411.942353271297179, 1891666.102004420477897 ], [ 645421.431484056869522, 1891676.109154637437314 ], [ 645421.431484056869522, 1891676.109154637437314 ], [ 645430.92060560954269, 1891686.11630996898748 ], [ 645430.92060560954269, 1891686.11630996898748 ], [ 645440.409717925242148, 1891696.123470415594056 ], [ 645440.409717925242148, 1891696.123470415594056 ], [ 645449.89882100536488, 1891706.130635976791382 ], [ 645459.457693110685796, 1891706.197735886787996 ], [ 645459.457693110685796, 1891706.197735886787996 ], [ 645468.946782665676437, 1891716.204911285778508 ], [ 645478.505650777951814, 1891716.272020330652595 ], [ 645488.064519188017584, 1891716.339133788365871 ], [ 645497.623387895990163, 1891716.406251658685505 ] ] } },
{ "type": "Feature", "properties": { "year": 2018, "month": null }, "geometry": { "type": "LineString", "coordinates": [ [ 645248.953542545204982, 1891734.54274933366105 ], [ 645258.442711670417339, 1891744.549822021275759 ], [ 645258.442711670417339, 1891744.549822021275759 ], [ 645258.373028349597007, 1891754.489886621944606 ], [ 645258.303344673244283, 1891764.429951304802671 ], [ 645258.233660641359165, 1891774.370016071945429 ], [ 645258.16397625382524, 1891784.310080921277404 ], [ 645258.094291510758922, 1891794.250145854428411 ], [ 645248.53546695318073, 1891794.183135828468949 ], [ 645248.465786443441175, 1891804.123200535075739 ], [ 645238.906966772163287, 1891804.056194612756371 ], [ 645229.348147396813147, 1891803.989193103509024 ], [ 645219.789328320184723, 1891803.922196006868035 ], [ 645210.230509540764615, 1891803.855203323997557 ], [ 645200.671691059949808, 1891803.788215053267777 ], [ 645191.182525850250386, 1891793.781168343266472 ], [ 645191.182525850250386, 1891793.781168343266472 ], [ 645181.69335140590556, 1891783.774126747855917 ], [ 645181.762999082566239, 1891773.834064371883869 ], [ 645181.832646403927356, 1891763.894002077868208 ], [ 645191.391482647042722, 1891763.960980286356062 ], [ 645191.461134201847017, 1891754.020917767193168 ], [ 645201.019975332310423, 1891754.087900080019608 ], [ 645201.089631120325066, 1891744.147837333846837 ], [ 645210.648477134061977, 1891744.214823750313371 ], [ 645210.718137155519798, 1891734.274760778527707 ], [ 645220.276988056721166, 1891734.341751298401505 ], [ 645229.835839255014434, 1891734.408746230416 ], [ 645239.394690752145834, 1891734.475745575502515 ], [ 645248.953542545204982, 1891734.54274933366105 ], [ 645248.953542545204982, 1891734.54274933366105 ] ] } },
{ "type": "Feature", "properties": { "year": 2019, "month": null }, "geometry": { "type": "LineString", "coordinates": [ [ 643589.101310954894871, 1889854.163795107975602 ], [ 643598.660973553312942, 1889854.229973583249375 ], [ 643598.660973553312942, 1889854.229973583249375 ], [ 643608.151817998848855, 1889864.236151862656698 ], [ 643608.151817998848855, 1889864.236151862656698 ], [ 643617.642653218470514, 1889874.242335246643052 ], [ 643617.642653218470514, 1889874.242335246643052 ], [ 643627.133479212177917, 1889884.248523733578622 ], [ 643627.133479212177917, 1889884.248523733578622 ], [ 643636.624295981135219, 1889894.254717323929071 ], [ 643636.624295981135219, 1889894.254717323929071 ], [ 643646.115103521384299, 1889904.260916018625721 ], [ 643646.115103521384299, 1889904.260916018625721 ], [ 643655.605901836883277, 1889914.267119816271588 ], [ 643655.605901836883277, 1889914.267119816271588 ], [ 643665.096690926235169, 1889924.273328718263656 ], [ 643665.096690926235169, 1889924.273328718263656 ], [ 643674.587470790720545, 1889934.279542724136263 ], [ 643674.587470790720545, 1889934.279542724136263 ], [ 643684.078241427545436, 1889944.285761833423749 ], [ 643684.078241427545436, 1889944.285761833423749 ], [ 643693.569002838106826, 1889954.291986047290266 ], [ 643693.569002838106826, 1889954.291986047290266 ], [ 643703.059755022171885, 1889964.298215365037322 ], [ 643703.059755022171885, 1889964.298215365037322 ], [ 643712.550497981254011, 1889974.304449786664918 ], [ 643712.550497981254011, 1889974.304449786664918 ], [ 643722.041231712559238, 1889984.310689312638715 ], [ 643722.041231712559238, 1889984.310689312638715 ], [ 643721.972353682504036, 1889994.250689460197464 ], [ 643731.463073250837624, 1890004.256934479111806 ], [ 643731.463073250837624, 1890004.256934479111806 ], [ 643740.953783592442051, 1890014.263184601906687 ], [ 643750.513377545285039, 1890014.329438515938818 ], [ 643750.513377545285039, 1890014.329438515938818 ], [ 643760.004074371419847, 1890024.335698459064588 ], [ 643760.004074371419847, 1890024.335698459064588 ], [ 643769.494761969428509, 1890034.341963506769389 ], [ 643779.054347637691535, 1890034.408231260254979 ], [ 643779.054347637691535, 1890034.408231260254979 ], [ 643788.545021719997749, 1890044.414506128057837 ], [ 643788.545021719997749, 1890044.414506128057837 ], [ 643798.035686574061401, 1890054.420786099741235 ], [ 643798.035686574061401, 1890054.420786099741235 ], [ 643807.526342201395892, 1890064.427071177167818 ], [ 643807.526342201395892, 1890064.427071177167818 ], [ 643817.016988601535559, 1890074.433361358242109 ], [ 643817.016988601535559, 1890074.433361358242109 ], [ 643826.507625776110217, 1890084.439656644593924 ], [ 643826.507625776110217, 1890084.439656644593924 ], [ 643835.998253722325899, 1890094.445957035990432 ], [ 643835.998253722325899, 1890094.445957035990432 ], [ 643845.488872441463172, 1890104.452262532897294 ], [ 643855.048428371315822, 1890104.518567703664303 ], [ 643855.048428371315822, 1890104.518567703664303 ], [ 643864.539033572888002, 1890114.524883020436391 ], [ 643864.539033572888002, 1890114.524883020436391 ], [ 643874.029629548662342, 1890124.531203442718834 ], [ 643874.029629548662342, 1890124.531203442718834 ], [ 643883.52021629572846, 1890134.537528969114646 ], [ 643883.52021629572846, 1890134.537528969114646 ], [ 643893.010793815599754, 1890144.543859601952136 ], [ 643893.010793815599754, 1890144.543859601952136 ], [ 643892.941827627946623, 1890154.483866590308025 ], [ 643892.872861088137142, 1890164.423873661551625 ], [ 643892.803894195938483, 1890174.363880815450102 ], [ 643892.73492695169989, 1890184.30388805270195 ], [ 643892.665959355072118, 1890194.243895372841507 ], [ 643892.596991406287998, 1890204.183902776334435 ], [ 643892.528023105114698, 1890214.123910263180733 ], [ 643892.459054451901466, 1890224.063917832449079 ], [ 643901.949583247420378, 1890234.070256686070934 ], [ 643901.949583247420378, 1890234.070256686070934 ], [ 643911.440102813881822, 1890244.076600645203143 ], [ 643911.440102813881822, 1890244.076600645203143 ], [ 643920.930613152449951, 1890254.082949708914384 ], [ 643920.930613152449951, 1890254.082949708914384 ], [ 643930.421114262891933, 1890264.089303879300132 ], [ 643930.421114262891933, 1890264.089303879300132 ], [ 643939.911606146954, 1890274.095663154963404 ], [ 643949.471087079611607, 1890274.162017629947513 ], [ 643949.471087079611607, 1890274.162017629947513 ], [ 643958.961565442383289, 1890284.168386727338657 ], [ 643958.961565442383289, 1890284.168386727338657 ], [ 643958.892562226625159, 1890294.108397023752332 ], [ 643968.38302642502822, 1890304.114771616877988 ], [ 643968.38302642502822, 1890304.114771616877988 ], [ 643977.873481395188719, 1890314.12115131597966 ], [ 643977.873481395188719, 1890314.12115131597966 ], [ 643987.363927138387226, 1890324.127536121290177 ], [ 643987.363927138387226, 1890324.127536121290177 ], [ 643996.854363651946187, 1890334.133926031645387 ], [ 643996.854363651946187, 1890334.133926031645387 ], [ 644006.344790937146172, 1890344.140321049140766 ], [ 644006.344790937146172, 1890344.140321049140766 ], [ 644015.835208995500579, 1890354.146721171448007 ], [ 644015.835208995500579, 1890354.146721171448007 ], [ 644025.325617823749781, 1890364.153126401593909 ], [ 644025.325617823749781, 1890364.153126401593909 ], [ 644034.816017423640005, 1890374.159536737482995 ], [ 644034.816017423640005, 1890374.159536737482995 ], [ 644034.746974352514371, 1890384.099550233921036 ], [ 644044.237359785707667, 1890394.105966066010296 ], [ 644044.237359785707667, 1890394.105966066010296 ], [ 644053.727735991589725, 1890404.112387004308403 ], [ 644053.727735991589725, 1890404.112387004308403 ], [ 644063.218102966202423, 1890414.118813048582524 ], [ 644063.218102966202423, 1890414.118813048582524 ], [ 644072.708460713271052, 1890424.125244199996814 ], [ 644072.708460713271052, 1890424.125244199996814 ], [ 644082.198809231398627, 1890434.131680457852781 ], [ 644082.198809231398627, 1890434.131680457852781 ], [ 644091.68914852081798, 1890444.138121822150424 ], [ 644091.68914852081798, 1890444.138121822150424 ], [ 644091.620075467741117, 1890454.078137741191313 ], [ 644091.551002061809413, 1890464.01815374288708 ], [ 644091.4819283032557, 1890473.958169827470556 ], [ 644091.412854191847146, 1890483.898185994941741 ], [ 644091.343779727816582, 1890493.838202245999128 ], [ 644091.274704911047593, 1890503.778218580409884 ], [ 644091.205629741423763, 1890513.718234997009858 ], [ 644091.136554219177924, 1890523.658251496963203 ], [ 644091.06747834419366, 1890533.598268080037087 ], [ 644090.99840211647097, 1890543.538284746464342 ], [ 644090.929325536009856, 1890553.478301495546475 ], [ 644090.860248602810316, 1890563.418318327749148 ], [ 644100.350519402418286, 1890573.424769477918744 ], [ 644100.350519402418286, 1890573.424769477918744 ], [ 644109.840780970989726, 1890583.431225734064355 ], [ 644109.840780970989726, 1890583.431225734064355 ], [ 644119.331033310038038, 1890593.437687098281458 ], [ 644119.331033310038038, 1890593.437687098281458 ], [ 644119.261941207922064, 1890603.377705183112994 ], [ 644128.752179379807785, 1890613.384172043763101 ], [ 644128.752179379807785, 1890613.384172043763101 ], [ 644138.242408320540562, 1890623.390644012484699 ], [ 644138.242408320540562, 1890623.390644012484699 ], [ 644138.173305988078937, 1890633.330662960652262 ], [ 644147.663520760135725, 1890643.337140425108373 ], [ 644147.663520760135725, 1890643.337140425108373 ], [ 644157.153726302203722, 1890653.343622998101637 ], [ 644166.713039762573317, 1890653.410090560326353 ], [ 644176.27235352084972, 1890653.476562532363459 ], [ 644176.341474903631024, 1890643.536542190704495 ], [ 644185.900793541921303, 1890643.603018266847357 ], [ 644185.969919157796539, 1890633.662997700972483 ], [ 644186.03904442070052, 1890623.722977218450978 ], [ 644186.108169330749661, 1890613.782956818351522 ], [ 644186.177293887827545, 1890603.842936501838267 ], [ 644186.246418091701344, 1890593.902916268212721 ], [ 644186.315541942836717, 1890583.962896117707714 ], [ 644186.384665441000834, 1890574.022876050556079 ], [ 644195.944016476627439, 1890574.089354387950152 ], [ 644196.013144207652658, 1890564.149334096582606 ], [ 644205.572500124573708, 1890564.215816537616774 ], [ 644215.131856338120997, 1890564.282303388230503 ], [ 644224.691212845500559, 1890564.348794649820775 ], [ 644234.250569648225792, 1890564.415290320990607 ], [ 644243.80992674769368, 1890564.481790403602645 ], [ 644253.369284141226672, 1890564.548294895561412 ], [ 644262.928641830105335, 1890564.614803797798231 ], [ 644272.487999812932685, 1890564.681317110778764 ], [ 644282.047358092619106, 1890564.747834834037349 ], [ 644291.606716669048183, 1890564.814356967341155 ], [ 644291.606716669048183, 1890564.814356967341155 ], [ 644301.096897363313474, 1890574.820907180430368 ], [ 644301.096897363313474, 1890574.820907180430368 ], [ 644310.587068827822804, 1890584.827462502056733 ], [ 644310.587068827822804, 1890584.827462502056733 ], [ 644320.07723106269259, 1890594.834022931288928 ], [ 644320.07723106269259, 1890594.834022931288928 ], [ 644329.567384069086984, 1890604.840588468126953 ], [ 644339.12672577786725, 1890604.90713388286531 ], [ 644348.686067782109603, 1890604.973683707416058 ], [ 644348.686067782109603, 1890604.973683707416058 ], [ 644358.176202977774665, 1890614.980263788020238 ], [ 644358.176202977774665, 1890614.980263788020238 ], [ 644367.666328942286782, 1890624.986848977627233 ], [ 644367.666328942286782, 1890624.986848977627233 ], [ 644377.156445675413124, 1890634.993439274374396 ], [ 644377.156445675413124, 1890634.993439274374396 ], [ 644386.646553179947659, 1890645.000034679891542 ], [ 644386.646553179947659, 1890645.000034679891542 ], [ 644396.136651454376988, 1890655.006635194178671 ], [ 644396.136651454376988, 1890655.006635194178671 ], [ 644405.62674050021451, 1890665.01324081607163 ], [ 644405.62674050021451, 1890665.01324081607163 ], [ 644415.11682031431701, 1890675.019851547665894 ], [ 644415.11682031431701, 1890675.019851547665894 ], [ 644424.60689089843072, 1890685.026467386167496 ], [ 644424.60689089843072, 1890685.026467386167496 ], [ 644434.096952252089977, 1890695.033088334603235 ], [ 644434.096952252089977, 1890695.033088334603235 ], [ 644443.587004377041012, 1890705.039714391110465 ], [ 644453.146303772111423, 1890705.106315805576742 ], [ 644453.146303772111423, 1890705.106315805576742 ], [ 644462.636342374724336, 1890715.112951689399779 ], [ 644462.636342374724336, 1890715.112951689399779 ], [ 644472.12637174827978, 1890725.119592681527138 ], [ 644472.12637174827978, 1890725.119592681527138 ], [ 644481.61639188870322, 1890735.126238783355802 ], [ 644481.61639188870322, 1890735.126238783355802 ], [ 644491.106402799952775, 1890745.132889992790297 ], [ 644491.106402799952775, 1890745.132889992790297 ], [ 644500.596404480515048, 1890755.139546311926097 ], [ 644510.155682719079778, 1890755.206175728701055 ], [ 644519.714961254852824, 1890755.272809555521235 ], [ 644519.714961254852824, 1890755.272809555521235 ], [ 644529.204945123870857, 1890765.279480421449989 ], [ 644529.204945123870857, 1890765.279480421449989 ], [ 644538.694919762085192, 1890775.286156395450234 ], [ 644538.694919762085192, 1890775.286156395450234 ], [ 644538.625619506696239, 1890785.226189496694133 ], [ 644538.556318897521123, 1890795.166222680360079 ], [ 644548.04627442441415, 1890805.172904546139762 ], [ 644548.04627442441415, 1890805.172904546139762 ], [ 644557.536220721900463, 1890815.179591520456597 ], [ 644567.095473217312247, 1890815.24624924804084 ], [ 644576.654726008768193, 1890815.312911386368796 ], [ 644576.654726008768193, 1890815.312911386368796 ], [ 644586.144654491450638, 1890825.319612907245755 ], [ 644586.144654491450638, 1890825.319612907245755 ], [ 644595.634573745774105, 1890835.326319538289681 ], [ 644595.634573745774105, 1890835.326319538289681 ], [ 644605.124483767896891, 1890845.333031279500574 ], [ 644605.124483767896891, 1890845.333031279500574 ], [ 644614.614384558750317, 1890855.33974812971428 ], [ 644614.614384558750317, 1890855.33974812971428 ], [ 644624.104276118334383, 1890865.346470089163631 ], [ 644624.104276118334383, 1890865.346470089163631 ], [ 644633.594158448278904, 1890875.35319715924561 ], [ 644633.594158448278904, 1890875.35319715924561 ], [ 644643.084031545440666, 1890885.359929338330403 ], [ 644643.084031545440666, 1890885.359929338330403 ], [ 644643.014676944119856, 1890895.29996673995629 ], [ 644652.504535869229585, 1890905.306704420596361 ], [ 644652.504535869229585, 1890905.306704420596361 ], [ 644661.994385562837124, 1890915.313447210937738 ], [ 644661.994385562837124, 1890915.313447210937738 ], [ 644671.484226026339456, 1890925.320195111911744 ], [ 644671.484226026339456, 1890925.320195111911744 ], [ 644680.974057256942615, 1890935.326948122819886 ], [ 644680.974057256942615, 1890935.326948122819886 ], [ 644690.463879254646599, 1890945.333706243662164 ], [ 644690.463879254646599, 1890945.333706243662164 ], [ 644699.953692022012547, 1890955.340469474904239 ], [ 644709.512884747004136, 1890955.40719767799601 ], [ 644709.512884747004136, 1890955.40719767799601 ], [ 644719.002683992148377, 1890965.413970738882199 ], [ 644719.002683992148377, 1890965.413970738882199 ], [ 644728.492474005557597, 1890975.420748910633847 ], [ 644728.492474005557597, 1890975.420748910633847 ], [ 644737.98225478711538, 1890985.427532192319632 ], [ 644737.98225478711538, 1890985.427532192319632 ], [ 644747.472026338218711, 1890995.434320584870875 ], [ 644747.472026338218711, 1890995.434320584870875 ], [ 644756.961788655957207, 1891005.441114087821916 ], [ 644756.961788655957207, 1891005.441114087821916 ], [ 644766.451541741844267, 1891015.447912701172754 ], [ 644766.451541741844267, 1891015.447912701172754 ], [ 644775.941285595647059, 1891025.45471642469056 ], [ 644775.941285595647059, 1891025.45471642469056 ], [ 644785.431020218646154, 1891035.461525260936469 ], [ 644785.431020218646154, 1891035.461525260936469 ], [ 644785.361591500113718, 1891045.401568528264761 ], [ 644794.851311946869828, 1891055.408382865367457 ], [ 644794.851311946869828, 1891055.408382865367457 ], [ 644804.341023162705824, 1891065.415202314266935 ], [ 644813.900168689666316, 1891065.48198243114166 ], [ 644813.900168689666316, 1891065.48198243114166 ], [ 644823.389866384095512, 1891075.48881170945242 ], [ 644823.389866384095512, 1891075.48881170945242 ], [ 644832.879554844694212, 1891085.495646099094301 ], [ 644832.879554844694212, 1891085.495646099094301 ], [ 644842.369234072859399, 1891095.502485600532964 ], [ 644851.928367024403997, 1891095.569284287514165 ], [ 644851.928367024403997, 1891095.569284287514165 ], [ 644861.418032730929554, 1891105.576133619761094 ], [ 644861.418032730929554, 1891105.576133619761094 ], [ 644861.348564833402634, 1891115.516179936239496 ], [ 644870.838216364150867, 1891125.523034771205857 ], [ 644870.838216364150867, 1891125.523034771205857 ], [ 644880.327858662349172, 1891135.529894716804847 ], [ 644880.327858662349172, 1891135.529894716804847 ], [ 644889.817491727881134, 1891145.53675977489911 ], [ 644899.376603226177394, 1891145.603582062060013 ], [ 644899.376603226177394, 1891145.603582062060013 ], [ 644908.866222768323496, 1891155.610456950962543 ], [ 644908.866222768323496, 1891155.610456950962543 ], [ 644918.355833077686839, 1891165.617336951429024 ], [ 644918.355833077686839, 1891165.617336951429024 ], [ 644927.845434154383838, 1891175.624222064390779 ], [ 644937.404533078544773, 1891175.691062923055142 ], [ 644937.404533078544773, 1891175.691062923055142 ], [ 644946.894120631623082, 1891185.697957867756486 ], [ 644946.894120631623082, 1891185.697957867756486 ], [ 644946.824608610244468, 1891195.638007624074817 ], [ 644946.755096233915538, 1891205.57805746444501 ], [ 644956.244664669502527, 1891215.584958303254098 ], [ 644956.244664669502527, 1891215.584958303254098 ], [ 644965.734223871957511, 1891225.59186425502412 ], [ 644975.293301046011038, 1891225.658724303357303 ], [ 644975.293301046011038, 1891225.658724303357303 ], [ 644984.782846724614501, 1891235.665640087332577 ], [ 644984.782846724614501, 1891235.665640087332577 ], [ 644994.272383170085959, 1891245.672560983104631 ], [ 644994.272383170085959, 1891245.672560983104631 ], [ 645003.761910380912013, 1891255.679486991139129 ], [ 645003.761910380912013, 1891255.679486991139129 ], [ 645013.2514283611672, 1891265.686418110504746 ], [ 645013.2514283611672, 1891265.686418110504746 ], [ 645022.740937106776983, 1891275.693354343064129 ], [ 645022.740937106776983, 1891275.693354343064129 ], [ 645032.230436618905514, 1891285.700295688118786 ], [ 645032.230436618905514, 1891285.700295688118786 ], [ 645041.719926897669211, 1891295.707242145435885 ], [ 645041.719926897669211, 1891295.707242145435885 ], [ 645051.209407944348641, 1891305.714193714782596 ], [ 645060.768451088108122, 1891305.781095938989893 ], [ 645060.768451088108122, 1891305.781095938989893 ], [ 645070.257918609073386, 1891315.788057341938838 ], [ 645070.257918609073386, 1891315.788057341938838 ], [ 645079.747376896440983, 1891325.795023856684566 ], [ 645089.306411757017486, 1891325.861939934780821 ], [ 645089.306411757017486, 1891325.861939934780821 ], [ 645098.795856519951485, 1891335.868916283827275 ], [ 645098.795856519951485, 1891335.868916283827275 ], [ 645098.726265771314502, 1891345.808972225524485 ], [ 645108.215696356259286, 1891355.815954079618677 ], [ 645108.215696356259286, 1891355.815954079618677 ], [ 645117.705117708654143, 1891365.822941046440974 ], [ 645127.26413540635258, 1891365.889876007335261 ], [ 645127.26413540635258, 1891365.889876007335261 ], [ 645136.753543234081008, 1891375.8968728070613 ], [ 645146.312556936754845, 1891375.963816901436076 ], [ 645146.312556936754845, 1891375.963816901436076 ], [ 645155.801951239816844, 1891385.970823535928503 ], [ 645155.801951239816844, 1891385.970823535928503 ], [ 645155.732331187697127, 1891395.910881747258827 ], [ 645165.221711314865388, 1891405.917893886798993 ], [ 645165.221711314865388, 1891405.917893886798993 ], [ 645174.711082206573337, 1891415.924911139300093 ], [ 645174.711082206573337, 1891415.924911139300093 ], [ 645174.641451912466437, 1891425.864970217691734 ], [ 645184.130808626534417, 1891435.871992975240573 ], [ 645184.130808626534417, 1891435.871992975240573 ], [ 645193.620156106539071, 1891445.879020847380161 ], [ 645193.620156106539071, 1891445.879020847380161 ], [ 645203.109494353528135, 1891455.886053831782192 ], [ 645203.109494353528135, 1891455.886053831782192 ], [ 645212.598823363427073, 1891465.893091929843649 ], [ 645222.157798151951283, 1891465.960074102738872 ], [ 645222.157798151951283, 1891465.960074102738872 ], [ 645231.6471136379987, 1891475.967122036265209 ], [ 645231.6471136379987, 1891475.967122036265209 ], [ 645241.136419891030528, 1891485.97417508228682 ], [ 645241.136419891030528, 1891485.97417508228682 ], [ 645250.625716908136383, 1891495.98123324313201 ], [ 645250.625716908136383, 1891495.98123324313201 ], [ 645260.115004690596834, 1891505.988296517403796 ], [ 645260.115004690596834, 1891505.988296517403796 ], [ 645269.604283238528296, 1891515.995364905102178 ], [ 645279.163236871827394, 1891516.062375097535551 ], [ 645279.163236871827394, 1891516.062375097535551 ], [ 645288.652501894161105, 1891526.069453320698813 ], [ 645288.652501894161105, 1891526.069453320698813 ], [ 645298.141757681849413, 1891536.076536657987162 ], [ 645307.70070302952081, 1891536.143560706172138 ], [ 645307.70070302952081, 1891536.143560706172138 ], [ 645317.189945291611366, 1891546.150653879158199 ], [ 645317.189945291611366, 1891546.150653879158199 ], [ 645326.679178318940103, 1891556.157752166502178 ], [ 645326.679178318940103, 1891556.157752166502178 ], [ 645336.16840211127419, 1891566.164855567971244 ], [ 645336.16840211127419, 1891566.164855567971244 ], [ 645345.657616668730043, 1891576.171964083099738 ], [ 645345.657616668730043, 1891576.171964083099738 ], [ 645355.146821992471814, 1891586.179077713517472 ], [ 645364.70574618363753, 1891586.246129782637581 ], [ 645364.70574618363753, 1891586.246129782637581 ], [ 645374.194937980151735, 1891596.253253248753026 ], [ 645374.194937980151735, 1891596.253253248753026 ], [ 645383.684120541671291, 1891606.26038182945922 ], [ 645383.684120541671291, 1891606.26038182945922 ], [ 645393.173293869243935, 1891616.267515524756163 ], [ 645393.173293869243935, 1891616.267515524756163 ], [ 645402.662457960424945, 1891626.274654333945364 ], [ 645402.662457960424945, 1891626.274654333945364 ], [ 645402.592710079159588, 1891636.214722579112276 ], [ 645412.081859990488738, 1891646.221866896376014 ], [ 645412.081859990488738, 1891646.221866896376014 ], [ 645421.571000665193424, 1891656.2290163282305 ], [ 645421.571000665193424, 1891656.2290163282305 ], [ 645431.060132106998935, 1891666.236170874210075 ], [ 645431.060132106998935, 1891666.236170874210075 ], [ 645440.549254312179983, 1891676.243330535944551 ], [ 645440.549254312179983, 1891676.243330535944551 ], [ 645450.038367281667888, 1891686.250495311571285 ], [ 645450.038367281667888, 1891686.250495311571285 ] ] } },
{ "type": "Feature", "properties": { "year": 2020, "month": null }, "geometry": { "type": "LineString", "coordinates": [ [ 643589.376544548314996, 1889814.403816800331697 ], [ 643598.936225483193994, 1889814.469994052546099 ], [ 643608.495906710973941, 1889814.536175712943077 ], [ 643618.055588232818991, 1889814.602361782453954 ], [ 643627.615270048729144, 1889814.668552260380238 ], [ 643627.615270048729144, 1889814.668552260380238 ], [ 643637.106121368473396, 1889824.674743128707632 ], [ 643637.106121368473396, 1889824.674743128707632 ], [ 643646.596963459742256, 1889834.680939100449905 ], [ 643646.596963459742256, 1889834.680939100449905 ], [ 643656.08779632661026, 1889844.687140175141394 ], [ 643656.08779632661026, 1889844.687140175141394 ], [ 643656.018955311621539, 1889854.627137018134817 ], [ 643665.509774016798474, 1889864.633343585766852 ], [ 643665.509774016798474, 1889864.633343585766852 ], [ 643675.000583497341722, 1889874.639555257512257 ], [ 643675.000583497341722, 1889874.639555257512257 ], [ 643684.491383750573732, 1889884.64577203290537 ], [ 643684.491383750573732, 1889884.64577203290537 ], [ 643684.422527576098219, 1889894.585770125733688 ], [ 643684.353671049815603, 1889904.525768301216885 ], [ 643693.844452204881236, 1889914.53199095861055 ], [ 643693.844452204881236, 1889914.53199095861055 ], [ 643703.335224133799784, 1889924.538218719419092 ], [ 643703.335224133799784, 1889924.538218719419092 ], [ 643712.8259868377354, 1889934.544451584806666 ], [ 643712.8259868377354, 1889934.544451584806666 ], [ 643712.757115151267499, 1889944.48445101082325 ], [ 643712.688243113108911, 1889954.424450519261882 ], [ 643712.61937072314322, 1889964.364450111752376 ], [ 643712.550497981254011, 1889974.304449786664918 ], [ 643712.4816248875577, 1889984.244449544465169 ], [ 643712.412751442170702, 1889994.184449385618791 ], [ 643712.343877644976601, 1890004.124449309660122 ], [ 643721.834596567088738, 1890014.130690002813935 ], [ 643721.834596567088738, 1890014.130690002813935 ], [ 643721.765717481728643, 1890024.070690399035811 ], [ 643731.256422240636311, 1890034.076936585828662 ], [ 643731.256422240636311, 1890034.076936585828662 ], [ 643740.747117772931233, 1890044.083187876502052 ], [ 643750.306697971886024, 1890044.149442708818242 ], [ 643750.306697971886024, 1890044.149442708818242 ], [ 643759.797379988362081, 1890054.155703819356859 ], [ 643759.797379988362081, 1890054.155703819356859 ], [ 643769.288052776595578, 1890064.161970034474507 ], [ 643769.288052776595578, 1890064.161970034474507 ], [ 643778.778716337867081, 1890074.168241353938356 ], [ 643778.778716337867081, 1890074.168241353938356 ], [ 643788.269370673457161, 1890084.17451777914539 ], [ 643797.828934007091448, 1890084.240795881487429 ], [ 643797.828934007091448, 1890084.240795881487429 ], [ 643807.319574824068695, 1890094.247082126326859 ], [ 643816.879134161863476, 1890094.313369353301823 ], [ 643826.438693795586005, 1890094.379660990089178 ], [ 643835.998253722325899, 1890094.445957035524771 ], [ 643845.557813943829387, 1890094.512257491238415 ], [ 643855.117374458466657, 1890094.578562355600297 ], [ 643864.676935269031674, 1890094.644871629308909 ], [ 643874.236496375524439, 1890094.711185313062742 ], [ 643874.236496375524439, 1890094.711185313062742 ], [ 643883.727097933879122, 1890104.717509671812877 ], [ 643883.727097933879122, 1890104.717509671812877 ], [ 643893.217690264806151, 1890114.723839135607705 ], [ 643893.217690264806151, 1890114.723839135607705 ], [ 643893.148725134087726, 1890124.663845874834806 ], [ 643893.079759650980122, 1890134.603852696716785 ], [ 643893.010793815599754, 1890144.543859601486474 ], [ 643892.941827627946623, 1890154.483866589842364 ], [ 643892.872861088137142, 1890164.423873661551625 ], [ 643892.803894195938483, 1890174.36388081475161 ], [ 643892.73492695169989, 1890184.303888052469119 ], [ 643902.225475496612489, 1890194.310225348221138 ], [ 643902.225475496612489, 1890194.310225348221138 ], [ 643911.71601481246762, 1890204.31656774901785 ], [ 643911.71601481246762, 1890204.31656774901785 ], [ 643921.20654490054585, 1890214.322915254859254 ], [ 643930.766052754595876, 1890214.389259072486311 ], [ 643930.766052754595876, 1890214.389259072486311 ], [ 643940.256569326040335, 1890224.395616400055587 ], [ 643949.8160731846001, 1890224.46196934231557 ], [ 643959.375577336526476, 1890224.528326694155112 ], [ 643968.935081784613431, 1890224.594688456039876 ], [ 643978.49458652746398, 1890224.661054626805708 ], [ 643978.49458652746398, 1890224.661054626805708 ], [ 643987.985076709999703, 1890234.66743592498824 ], [ 643987.985076709999703, 1890234.66743592498824 ], [ 643987.916061500785872, 1890244.607446725480258 ], [ 643987.847045939182863, 1890254.547457608859986 ], [ 643987.778030025074258, 1890264.487468575360253 ], [ 643987.70901375846006, 1890274.427479625679553 ], [ 643997.199474961031228, 1890284.433867588639259 ], [ 643997.199474961031228, 1890284.433867588639259 ], [ 644006.689926935359836, 1890294.44026065710932 ], [ 644016.249400762841105, 1890294.506646612891927 ], [ 644016.249400762841105, 1890294.506646612891927 ], [ 644025.739839218556881, 1890304.513049503788352 ], [ 644025.739839218556881, 1890304.513049503788352 ], [ 644035.230268446262926, 1890314.519457500893623 ], [ 644035.230268446262926, 1890314.519457500893623 ], [ 644044.720688445609994, 1890324.525870605139062 ], [ 644044.720688445609994, 1890324.525870605139062 ], [ 644054.21109921799507, 1890334.532288814662024 ], [ 644054.21109921799507, 1890334.532288814662024 ], [ 644063.701500759227201, 1890344.538712130859494 ], [ 644073.26095342845656, 1890344.605126078706235 ], [ 644073.26095342845656, 1890344.605126078706235 ], [ 644082.751341452240013, 1890354.61155921779573 ], [ 644082.751341452240013, 1890354.61155921779573 ], [ 644092.241720247548074, 1890364.617997463094071 ], [ 644092.241720247548074, 1890364.617997463094071 ], [ 644101.732089815661311, 1890374.624440815765411 ], [ 644111.291529908776283, 1890374.690873323939741 ], [ 644111.291529908776283, 1890374.690873323939741 ], [ 644120.781885956646875, 1890384.697326499503106 ], [ 644120.781885956646875, 1890384.697326499503106 ], [ 644120.712801263434812, 1890394.637342839734629 ], [ 644120.64371621736791, 1890404.577359264018014 ], [ 644120.574630818562582, 1890414.517375770956278 ], [ 644130.064962823991664, 1890424.523835222469643 ], [ 644130.064962823991664, 1890424.523835222469643 ], [ 644139.555285599199124, 1890434.530299781821668 ], [ 644139.555285599199124, 1890434.530299781821668 ], [ 644149.04559914546553, 1890444.53676944761537 ], [ 644149.04559914546553, 1890444.53676944761537 ], [ 644148.976498578442261, 1890454.476787207415327 ], [ 644148.907397658680566, 1890464.416805050568655 ], [ 644148.838296385947615, 1890474.356822976144031 ], [ 644148.769194760359824, 1890484.296840985072777 ], [ 644148.700092781800777, 1890494.236859077587724 ], [ 644158.190372406272218, 1890504.243335799779743 ], [ 644158.190372406272218, 1890504.243335799779743 ], [ 644158.121265136287548, 1890514.183354364940897 ], [ 644167.611530591384508, 1890524.189836584730074 ], [ 644167.611530591384508, 1890524.189836584730074 ], [ 644167.542418029741384, 1890534.129855623003095 ], [ 644167.47330511524342, 1890544.069874744629487 ], [ 644167.4041918477742, 1890554.009893948677927 ], [ 644167.335078227333724, 1890563.949913235846907 ], [ 644167.265964254038408, 1890573.889932606834918 ], [ 644167.196849927888252, 1890583.829952059779316 ], [ 644167.127735248650424, 1890593.769971596542746 ], [ 644167.058620216674171, 1890603.709991216426715 ], [ 644166.989504831610247, 1890613.650010918267071 ], [ 644166.920389093691483, 1890623.590030704624951 ], [ 644166.851273002917878, 1890633.530050573404878 ], [ 644166.782156559289433, 1890643.470070524606854 ], [ 644176.27235352084972, 1890653.476562532130629 ], [ 644176.27235352084972, 1890653.476562532130629 ], [ 644185.762541251257062, 1890663.483059647725895 ], [ 644195.321851012529805, 1890663.549540748121217 ], [ 644204.881161069031805, 1890663.616026258794591 ], [ 644204.950296563096344, 1890653.676004913402721 ], [ 644214.509611502289772, 1890653.742494527483359 ], [ 644214.578751229564659, 1890643.802472957409918 ], [ 644224.138071048888378, 1890643.868966675363481 ], [ 644224.207215009257197, 1890633.928944881772622 ], [ 644233.766539709991775, 1890633.995442702900618 ], [ 644233.835687903221697, 1890624.05542068509385 ], [ 644243.395017486764118, 1890624.12192260962911 ], [ 644252.954347364371642, 1890624.188428944442421 ], [ 644262.513677537208423, 1890624.254939690232277 ], [ 644272.073008004110307, 1890624.321454845834523 ], [ 644281.632338767871261, 1890624.387974412180483 ], [ 644281.632338767871261, 1890624.387974412180483 ], [ 644291.122494118637405, 1890634.394522249465808 ], [ 644300.68182088714093, 1890634.461050944169983 ], [ 644310.241147951106541, 1890634.527584048686549 ], [ 644319.800475310650654, 1890634.594121563946828 ], [ 644329.359802966937423, 1890634.66066348948516 ], [ 644329.359802966937423, 1890634.66066348948516 ], [ 644338.849931924021803, 1890644.667235305532813 ], [ 644338.849931924021803, 1890644.667235305532813 ], [ 644348.340051651233807, 1890654.67381223035045 ], [ 644348.340051651233807, 1890654.67381223035045 ], [ 644357.830162149388343, 1890664.680394263006747 ], [ 644357.830162149388343, 1890664.680394263006747 ], [ 644367.320263416389935, 1890674.686981404200196 ], [ 644376.879574203281663, 1890674.753546611405909 ], [ 644376.879574203281663, 1890674.753546611405909 ], [ 644386.369661949458532, 1890684.760143579449505 ], [ 644386.369661949458532, 1890684.760143579449505 ], [ 644395.859740465413779, 1890694.76674565509893 ], [ 644395.859740465413779, 1890694.76674565509893 ], [ 644395.79051183431875, 1890704.706773477606475 ], [ 644405.280576181598008, 1890714.713381053181365 ], [ 644405.280576181598008, 1890714.713381053181365 ], [ 644414.77063129702583, 1890724.719993736129254 ], [ 644414.77063129702583, 1890724.719993736129254 ], [ 644424.260677182115614, 1890734.726611528545618 ], [ 644424.260677182115614, 1890734.726611528545618 ], [ 644433.750713836634532, 1890744.733234429266304 ], [ 644433.750713836634532, 1890744.733234429266304 ], [ 644443.240741261979565, 1890754.739862438524142 ], [ 644443.240741261979565, 1890754.739862438524142 ], [ 644443.171487578190863, 1890764.679892297601327 ], [ 644452.661500831600279, 1890774.686525807250291 ], [ 644452.661500831600279, 1890774.686525807250291 ], [ 644462.151504854205996, 1890784.693164424505085 ], [ 644471.710768151562661, 1890784.7597771207802 ], [ 644471.710768151562661, 1890784.7597771207802 ], [ 644481.20075865148101, 1890794.766425565816462 ], [ 644481.20075865148101, 1890794.766425565816462 ], [ 644481.131485207471997, 1890804.706456987187266 ], [ 644490.621461537666619, 1890814.713110932148993 ], [ 644490.621461537666619, 1890814.713110932148993 ], [ 644490.552182799670845, 1890824.653142827097327 ], [ 644490.482903707888909, 1890834.5931748051662 ], [ 644490.413624262437224, 1890844.533206865889952 ], [ 644490.344344463432208, 1890854.473239010432735 ], [ 644490.275064310524613, 1890864.413271237397566 ], [ 644480.715837115305476, 1890864.346647258615121 ], [ 644480.646561195375398, 1890874.286679260898381 ], [ 644471.087338884128258, 1890874.220059385290369 ], [ 644471.018067197175696, 1890884.16009116359055 ], [ 644461.458849765593186, 1890884.093475391389802 ], [ 644451.899632631218992, 1890884.026864029699937 ], [ 644442.340415792539716, 1890883.960257079917938 ], [ 644432.781199248274788, 1890883.893654540413991 ], [ 644423.221983001101762, 1890883.827056412352249 ], [ 644423.152733894065022, 1890893.767086735693738 ], [ 644413.593522529350594, 1890893.70049271103926 ], [ 644413.524277655407786, 1890903.640522809699178 ], [ 644413.455032428028062, 1890913.580552991712466 ], [ 644413.38578684697859, 1890923.520583256613463 ], [ 644422.875733930268325, 1890933.527208859566599 ], [ 644422.875733930268325, 1890933.527208859566599 ], [ 644432.36567178205587, 1890943.533839571056888 ], [ 644441.924860805738717, 1890943.600443955510855 ], [ 644451.484050123952329, 1890943.667052750941366 ], [ 644451.484050123952329, 1890943.667052750941366 ], [ 644460.973970161983743, 1890953.673698009457439 ], [ 644460.973970161983743, 1890953.673698009457439 ], [ 644470.463880970026366, 1890963.680348377674818 ], [ 644480.023062000283971, 1890963.746971021872014 ], [ 644489.582243327982724, 1890963.813598076580092 ], [ 644499.141424951376393, 1890963.880229542963207 ], [ 644508.700606870581396, 1890963.946865420090035 ], [ 644508.769899734295905, 1890954.006831747246906 ], [ 644518.329086537705734, 1890954.073471728013828 ], [ 644518.39838363439776, 1890944.133437829790637 ], [ 644527.957575319218449, 1890944.200081913964823 ], [ 644528.026876649004407, 1890934.260047791991383 ], [ 644528.096177625004202, 1890924.320013752672821 ], [ 644528.165478247217834, 1890914.379979797173291 ], [ 644537.724683988257311, 1890914.446627368917689 ], [ 644537.79398884344846, 1890904.506593188038096 ], [ 644537.863293344737031, 1890894.566559090511873 ], [ 644547.422508555231616, 1890894.633210458094254 ], [ 644547.491817289381288, 1890884.693176135420799 ], [ 644557.051037383964285, 1890884.759831606643274 ], [ 644557.120350350975059, 1890874.819797059521079 ], [ 644566.6795753268525, 1890874.886456633452326 ], [ 644566.74889252660796, 1890864.94642186164856 ], [ 644576.308122385060415, 1890865.01308553875424 ], [ 644585.867352538276464, 1890865.079753627069294 ], [ 644595.426582990214229, 1890865.146426125895232 ], [ 644604.985813736915588, 1890865.213103036163375 ], [ 644614.545044779544696, 1890865.279784357175231 ], [ 644614.545044779544696, 1890865.279784357175231 ], [ 644624.034931398578919, 1890875.286506708012894 ], [ 644633.594158448278904, 1890875.353197158779949 ], [ 644633.594158448278904, 1890875.353197158779949 ], [ 644643.084031545440666, 1890885.359929338330403 ], [ 644643.084031545440666, 1890885.359929338330403 ], [ 644652.573895411333069, 1890895.366666628513485 ], [ 644652.573895411333069, 1890895.366666628513485 ], [ 644662.063750045839697, 1890905.373409027932212 ], [ 644671.622964520007372, 1890905.440118046477437 ], [ 644671.622964520007372, 1890905.440118046477437 ], [ 644681.112805632525124, 1890915.446870275773108 ], [ 644681.112805632525124, 1890915.446870275773108 ], [ 644690.602637512143701, 1890925.453627613838762 ], [ 644690.602637512143701, 1890925.453627613838762 ], [ 644700.092460161540657, 1890935.460390063468367 ], [ 644700.092460161540657, 1890935.460390063468367 ], [ 644709.582273580832407, 1890945.467157622100785 ], [ 644719.141471187816933, 1890945.53388992859982 ], [ 644728.700669090962037, 1890945.600626645842567 ], [ 644728.700669090962037, 1890945.600626645842567 ], [ 644738.19046469614841, 1890955.607408754527569 ], [ 644738.19046469614841, 1890955.607408754527569 ], [ 644747.680251070880331, 1890965.614195973146707 ], [ 644757.239440689445473, 1890965.680946540087461 ], [ 644766.798630604287609, 1890965.747701518703252 ], [ 644766.798630604287609, 1890965.747701518703252 ], [ 644776.288399165030569, 1890975.754503285745159 ], [ 644776.288399165030569, 1890975.754503285745159 ], [ 644776.218977159936912, 1890985.694545747479424 ], [ 644785.708731548744254, 1890995.701353018404916 ], [ 644785.708731548744254, 1890995.701353018404916 ], [ 644795.198476702906191, 1891005.708165398566052 ], [ 644795.198476702906191, 1891005.708165398566052 ], [ 644804.688212626380846, 1891015.714982890058309 ], [ 644804.688212626380846, 1891015.714982890058309 ], [ 644814.177939318004064, 1891025.721805492648855 ], [ 644814.177939318004064, 1891025.721805492648855 ], [ 644823.667656778823584, 1891035.72863320610486 ], [ 644823.667656778823584, 1891035.72863320610486 ], [ 644833.157365006161854, 1891045.735466029960662 ], [ 644833.157365006161854, 1891045.735466029960662 ], [ 644842.64706400106661, 1891055.742303965380415 ], [ 644842.64706400106661, 1891055.742303965380415 ], [ 644852.136753764003515, 1891065.749147011898458 ], [ 644852.136753764003515, 1891065.749147011898458 ], [ 644861.626434295903891, 1891075.755995170213282 ], [ 644861.626434295903891, 1891075.755995170213282 ], [ 644871.116105594090186, 1891085.762848438695073 ], [ 644871.116105594090186, 1891085.762848438695073 ], [ 644880.605767659842968, 1891095.769706819206476 ], [ 644880.605767659842968, 1891095.769706819206476 ], [ 644890.095420493278652, 1891105.776570310583338 ], [ 644890.095420493278652, 1891105.776570310583338 ], [ 644899.585064094047993, 1891115.783438914222643 ], [ 644899.585064094047993, 1891115.783438914222643 ], [ 644909.074698462267406, 1891125.790312628494576 ], [ 644909.074698462267406, 1891125.790312628494576 ], [ 644918.564323597936891, 1891135.797191454330459 ], [ 644918.564323597936891, 1891135.797191454330459 ], [ 644928.053939500940032, 1891145.804075392195955 ], [ 644937.613052187254652, 1891145.87091532535851 ], [ 644947.172165169031359, 1891145.937759670196101 ], [ 644947.172165169031359, 1891145.937759670196101 ], [ 644956.661763258161955, 1891155.944658159743994 ], [ 644956.661763258161955, 1891155.944658159743994 ], [ 644956.592247713822871, 1891165.88470797566697 ], [ 644956.522731814649887, 1891175.824757875408977 ], [ 644956.453215560643002, 1891185.764807858271524 ], [ 644965.942789590219036, 1891195.771712634479627 ], [ 644965.942789590219036, 1891195.771712634479627 ], [ 644975.432354388060048, 1891205.77862252225168 ], [ 644975.432354388060048, 1891205.77862252225168 ], [ 644984.921909951488487, 1891215.785537523217499 ], [ 644984.921909951488487, 1891215.785537523217499 ], [ 644994.411456281784922, 1891225.792457635048777 ], [ 645003.970534343738109, 1891225.859330918872729 ], [ 645013.529612705111504, 1891225.926208614138886 ], [ 645023.0886913620634, 1891225.99309072108008 ], [ 645032.647770315990783, 1891226.059977239696309 ], [ 645042.206849566777237, 1891226.126868169987574 ], [ 645042.206849566777237, 1891226.126868169987574 ], [ 645051.696365212323144, 1891236.133816997520626 ], [ 645051.696365212323144, 1891236.133816997520626 ], [ 645051.626800953526981, 1891246.073870564810932 ], [ 645061.116302421782166, 1891256.080824896227568 ], [ 645061.116302421782166, 1891256.080824896227568 ], [ 645061.046732865273952, 1891266.020878938492388 ], [ 645060.977162953699008, 1891275.960933063877746 ], [ 645060.907592686824501, 1891285.900987272849306 ], [ 645060.838022064999677, 1891295.841041564475745 ], [ 645060.768451088108122, 1891305.781095938524231 ], [ 645070.257918609073386, 1891315.788057341706008 ], [ 645070.257918609073386, 1891315.788057341706008 ], [ 645079.747376896440983, 1891325.795023856684566 ], [ 645089.306411757017486, 1891325.861939934780821 ], [ 645098.865446913288906, 1891325.928860424086452 ], [ 645108.424482365371659, 1891325.99578532576561 ], [ 645117.983518115943298, 1891326.062714639585465 ], [ 645127.542554164887406, 1891326.129648365080357 ], [ 645137.101590509526432, 1891326.196586502483115 ], [ 645146.660627151490189, 1891326.263529051560909 ], [ 645156.219664090545848, 1891326.330476012546569 ], [ 645156.219664090545848, 1891326.330476012546569 ], [ 645165.709078820189461, 1891336.337485407479107 ], [ 645165.709078820189461, 1891336.337485407479107 ], [ 645175.198484314838424, 1891346.344499915605411 ], [ 645175.198484314838424, 1891346.344499915605411 ], [ 645175.12885650829412, 1891356.284558412618935 ], [ 645175.05922834656667, 1891366.22461699298583 ], [ 645174.989599829306826, 1891376.164675656473264 ], [ 645174.91997095674742, 1891386.104734401917085 ], [ 645174.850341728655621, 1891396.044793231412768 ], [ 645174.780712145380676, 1891405.984852143796161 ], [ 645174.711082206573337, 1891415.924911139067262 ], [ 645184.200443864217959, 1891425.931933505227789 ], [ 645184.200443864217959, 1891425.931933505227789 ], [ 645193.689796287450008, 1891435.93896098411642 ], [ 645203.248784247087315, 1891436.005933405132964 ], [ 645212.807772501255386, 1891436.072910238523036 ], [ 645222.366761053912342, 1891436.139891483820975 ], [ 645231.925749904010445, 1891436.20687714102678 ], [ 645241.484739052713849, 1891436.273867210606113 ], [ 645241.484739052713849, 1891436.273867210606113 ], [ 645250.974060788168572, 1891446.280923409853131 ], [ 645250.974060788168572, 1891446.280923409853131 ], [ 645250.904392723343335, 1891456.220985210500658 ], [ 645260.393700280692428, 1891466.228046915726736 ], [ 645260.393700280692428, 1891466.228046915726736 ], [ 645269.882998603745364, 1891476.235113734379411 ], [ 645279.441970589687116, 1891476.302122689550743 ], [ 645289.000942871673033, 1891476.369136057095602 ], [ 645298.559915451100096, 1891476.436153836548328 ], [ 645298.559915451100096, 1891476.436153836548328 ], [ 645308.049191667465493, 1891486.443239934276789 ], [ 645308.049191667465493, 1891486.443239934276789 ], [ 645307.979494651313871, 1891496.383303922368214 ], [ 645307.909797279397026, 1891506.323367993580177 ], [ 645307.840099551831372, 1891516.263432148145512 ], [ 645307.770401468500495, 1891526.203496385132894 ], [ 645307.70070302952081, 1891536.143560706172138 ], [ 645307.631004234775901, 1891546.08362510916777 ], [ 645317.12024155294057, 1891556.090718674240634 ], [ 645317.12024155294057, 1891556.090718674240634 ], [ 645326.609469636110589, 1891566.09781735483557 ], [ 645326.609469636110589, 1891566.09781735483557 ], [ 645336.098688484402373, 1891576.104921147925779 ], [ 645336.098688484402373, 1891576.104921147925779 ], [ 645345.587898097583093, 1891586.112030055839568 ], [ 645345.587898097583093, 1891586.112030055839568 ], [ 645355.077098477166146, 1891596.119144078344107 ], [ 645355.077098477166146, 1891596.119144078344107 ], [ 645364.56628962024115, 1891606.126263214973733 ], [ 645364.56628962024115, 1891606.126263214973733 ], [ 645374.055471528205089, 1891616.133387466194108 ], [ 645374.055471528205089, 1891616.133387466194108 ], [ 645383.544644200941548, 1891626.140516832238063 ], [ 645383.544644200941548, 1891626.140516832238063 ], [ 645393.03380763984751, 1891636.147651311941445 ], [ 645393.03380763984751, 1891636.147651311941445 ], [ 645402.522961842129007, 1891646.154790906701237 ], [ 645402.522961842129007, 1891646.154790906701237 ], [ 645412.012106808833778, 1891656.161935616517439 ], [ 645412.012106808833778, 1891656.161935616517439 ], [ 645421.501242538914084, 1891666.169085440225899 ], [ 645421.501242538914084, 1891666.169085440225899 ], [ 645430.990369036328048, 1891676.176240380620584 ], [ 645430.990369036328048, 1891676.176240380620584 ], [ 645440.4794862967683, 1891686.183400433976203 ], [ 645440.4794862967683, 1891686.183400433976203 ], [ 645449.968594321515411, 1891696.190565601922572 ], [ 645449.968594321515411, 1891696.190565601922572 ] ] } },
{ "type": "Feature", "properties": { "year": 2021, "month": null }, "geometry": { "type": "LineString", "coordinates": [ [ 643589.170119880582206, 1889844.223800406325608 ], [ 643589.170119880582206, 1889844.223800406325608 ], [ 643598.660973553312942, 1889854.229973583249375 ], [ 643598.660973553312942, 1889854.229973583249375 ], [ 643608.151817998848855, 1889864.236151862656698 ], [ 643608.151817998848855, 1889864.236151862656698 ], [ 643608.082999201724306, 1889874.176147342892364 ], [ 643617.573829485569149, 1889884.18233111477457 ], [ 643617.573829485569149, 1889884.18233111477457 ], [ 643627.064650543499738, 1889894.188519990537316 ], [ 643627.064650543499738, 1889894.188519990537316 ], [ 643636.55546237656381, 1889904.19471396994777 ], [ 643636.55546237656381, 1889904.19471396994777 ], [ 643646.046264980803244, 1889914.200913053704426 ], [ 643646.046264980803244, 1889914.200913053704426 ], [ 643655.537058360292576, 1889924.207117240177467 ], [ 643655.537058360292576, 1889924.207117240177467 ], [ 643665.027842513634823, 1889934.21332653099671 ], [ 643665.027842513634823, 1889934.21332653099671 ], [ 643674.518617441994138, 1889944.219540925696492 ], [ 643674.518617441994138, 1889944.219540925696492 ], [ 643684.009383142692968, 1889954.225760424276814 ], [ 643693.569002838106826, 1889954.291986047290266 ], [ 643693.569002838106826, 1889954.291986047290266 ], [ 643703.059755022171885, 1889964.298215365037322 ], [ 643703.059755022171885, 1889964.298215365037322 ], [ 643702.990886864834465, 1889974.238214734010398 ], [ 643702.922018355689943, 1889984.178214185638353 ], [ 643712.412751442170702, 1889994.184449385851622 ], [ 643712.412751442170702, 1889994.184449385851622 ], [ 643721.903475300758146, 1890004.19068968994543 ], [ 643731.463073250837624, 1890004.256934479111806 ], [ 643731.463073250837624, 1890004.256934479111806 ], [ 643740.953783592442051, 1890014.263184601906687 ], [ 643740.953783592442051, 1890014.263184601906687 ], [ 643750.444484706036747, 1890024.269439830910414 ], [ 643760.004074371419847, 1890024.335698459297419 ], [ 643760.004074371419847, 1890024.335698459297419 ], [ 643769.494761969428509, 1890034.341963506769389 ], [ 643779.054347637691535, 1890034.408231260254979 ], [ 643779.054347637691535, 1890034.408231260254979 ], [ 643788.545021719997749, 1890044.414506128057837 ], [ 643788.545021719997749, 1890044.414506128057837 ], [ 643788.476109486306086, 1890054.354508915916085 ], [ 643797.966769403778017, 1890064.360789277590811 ], [ 643797.966769403778017, 1890064.360789277590811 ], [ 643797.897851881454699, 1890074.300792537862435 ], [ 643807.388497635256499, 1890084.307078393409029 ], [ 643807.388497635256499, 1890084.307078393409029 ], [ 643816.879134161863476, 1890094.313369353534654 ], [ 643816.879134161863476, 1890094.313369353534654 ], [ 643826.369761462789029, 1890104.319665419170633 ], [ 643826.369761462789029, 1890104.319665419170633 ], [ 643835.860379535122775, 1890114.325966588687152 ], [ 643835.860379535122775, 1890114.325966588687152 ], [ 643845.350988380261697, 1890124.332272864179686 ], [ 643845.350988380261697, 1890124.332272864179686 ], [ 643854.841587996808812, 1890134.338584244018421 ], [ 643854.841587996808812, 1890134.338584244018421 ], [ 643854.772640501032583, 1890144.278589923167601 ], [ 643854.703692653100006, 1890154.218595686368644 ], [ 643864.194273169501685, 1890164.224912950303406 ], [ 643864.194273169501685, 1890164.224912950303406 ], [ 643873.684844459872693, 1890174.23123531951569 ], [ 643873.684844459872693, 1890174.23123531951569 ], [ 643883.175406521302648, 1890184.237562793307006 ], [ 643883.175406521302648, 1890184.237562793307006 ], [ 643892.665959355072118, 1890194.243895372841507 ], [ 643892.665959355072118, 1890194.243895372841507 ], [ 643902.156502962694503, 1890204.250233058119193 ], [ 643902.156502962694503, 1890204.250233058119193 ], [ 643911.647037341143005, 1890214.256575848674402 ], [ 643911.647037341143005, 1890214.256575848674402 ], [ 643911.578059517778456, 1890224.196584030985832 ], [ 643921.068579731043428, 1890234.202932316344231 ], [ 643921.068579731043428, 1890234.202932316344231 ], [ 643920.999596617883071, 1890244.142940971534699 ], [ 643930.490102665964514, 1890254.149294751463458 ], [ 643930.490102665964514, 1890254.149294751463458 ], [ 643939.98059948743321, 1890264.155653637601063 ], [ 643949.540085005341098, 1890264.222007805947214 ], [ 643949.540085005341098, 1890264.222007805947214 ], [ 643959.030568305868655, 1890274.228376514744014 ], [ 643959.030568305868655, 1890274.228376514744014 ], [ 643968.52104237943422, 1890284.234750328585505 ], [ 643968.52104237943422, 1890284.234750328585505 ], [ 643968.45203457842581, 1890294.174760931171477 ], [ 643977.942494486342184, 1890304.18114024028182 ], [ 643977.942494486342184, 1890304.18114024028182 ], [ 643987.432945167412981, 1890314.187524655368179 ], [ 643987.432945167412981, 1890314.187524655368179 ], [ 643996.923386618727818, 1890324.193914177594706 ], [ 643996.923386618727818, 1890324.193914177594706 ], [ 644006.413818841916509, 1890334.200308803934604 ], [ 644006.413818841916509, 1890334.200308803934604 ], [ 644015.904241838026792, 1890344.206708538345993 ], [ 644015.904241838026792, 1890344.206708538345993 ], [ 644025.394655604381114, 1890354.213113377802074 ], [ 644025.394655604381114, 1890354.213113377802074 ], [ 644034.885060142260045, 1890364.219523323467001 ], [ 644034.885060142260045, 1890364.219523323467001 ], [ 644044.375455451663584, 1890374.225938376039267 ], [ 644044.375455451663584, 1890374.225938376039267 ], [ 644053.865841533755884, 1890384.232358534587547 ], [ 644063.425275564892218, 1890384.29876930010505 ], [ 644063.425275564892218, 1890384.29876930010505 ], [ 644072.915648126509041, 1890394.305199281312525 ], [ 644072.915648126509041, 1890394.305199281312525 ], [ 644082.406011459650472, 1890404.311634370358661 ], [ 644082.406011459650472, 1890404.311634370358661 ], [ 644082.336944402894005, 1890414.251649649580941 ], [ 644091.827293568989262, 1890424.258090234361589 ], [ 644091.827293568989262, 1890424.258090234361589 ], [ 644101.317633507424034, 1890434.264535925816745 ], [ 644101.317633507424034, 1890434.264535925816745 ], [ 644110.8079642157536, 1890444.270986723946407 ], [ 644110.8079642157536, 1890444.270986723946407 ], [ 644120.298285695142113, 1890454.277442629216239 ], [ 644120.298285695142113, 1890454.277442629216239 ], [ 644129.788597946753725, 1890464.283903640927747 ], [ 644129.788597946753725, 1890464.283903640927747 ], [ 644139.278900968143716, 1890474.290369760012254 ], [ 644139.278900968143716, 1890474.290369760012254 ], [ 644148.769194760359824, 1890484.296840985538438 ], [ 644148.769194760359824, 1890484.296840985538438 ], [ 644158.259479323402047, 1890494.30331731820479 ], [ 644158.259479323402047, 1890494.30331731820479 ], [ 644167.749754655873403, 1890504.309798758011311 ], [ 644167.749754655873403, 1890504.309798758011311 ], [ 644167.680642800172791, 1890514.249817629810423 ], [ 644167.611530591384508, 1890524.189836584730074 ], [ 644167.542418029741384, 1890534.129855623468757 ], [ 644167.47330511524342, 1890544.069874745327979 ], [ 644167.4041918477742, 1890554.009893948677927 ], [ 644167.335078227333724, 1890563.949913236312568 ], [ 644167.265964254038408, 1890573.889932607067749 ], [ 644167.196849927888252, 1890583.829952060012147 ], [ 644167.127735248650424, 1890593.769971597008407 ], [ 644167.058620216674171, 1890603.709991216426715 ], [ 644157.499283825978637, 1890603.643525189254433 ], [ 644157.430173026979901, 1890613.583544584689662 ], [ 644157.361061875126325, 1890623.523564063943923 ], [ 644157.291950370417908, 1890633.46358362515457 ], [ 644157.222838512738235, 1890643.403603269718587 ], [ 644147.663520760135725, 1890643.337140425108373 ], [ 644147.5944131356664, 1890653.277159846387804 ], [ 644138.035100264241919, 1890653.210701105184853 ], [ 644137.965996873099357, 1890663.150720302481204 ], [ 644137.896893129101954, 1890673.090739582898095 ], [ 644128.337589725153521, 1890673.024284638697281 ], [ 644128.268490214482881, 1890682.964303694432601 ], [ 644128.199390350957401, 1890692.904322834452614 ], [ 644128.130290134693496, 1890702.844342056894675 ], [ 644118.571000783122145, 1890702.777890602359548 ], [ 644118.501904800185002, 1890712.717909600585699 ], [ 644118.432808464509435, 1890722.657928682630882 ], [ 644108.873528581811115, 1890722.591481025563553 ], [ 644108.804436479695141, 1890732.531499883392826 ], [ 644108.735344024724327, 1890742.4715188248083 ], [ 644108.666251217015088, 1890752.411537848645821 ], [ 644118.156419593840837, 1890762.418005841551349 ], [ 644118.156419593840837, 1890762.418005841551349 ], [ 644127.646578741492704, 1890772.424478940665722 ], [ 644127.646578741492704, 1890772.424478940665722 ], [ 644137.136728657293133, 1890782.430957148550078 ], [ 644137.136728657293133, 1890782.430957148550078 ], [ 644146.626869342522696, 1890792.437440462876111 ], [ 644146.626869342522696, 1890792.437440462876111 ], [ 644156.11700079718139, 1890802.443928885273635 ], [ 644165.676245463080704, 1890802.510401051258668 ], [ 644165.676245463080704, 1890802.510401051258668 ], [ 644175.166363397147506, 1890812.516899299342185 ], [ 644175.166363397147506, 1890812.516899299342185 ], [ 644175.09723601443693, 1890822.456921053351834 ], [ 644175.028108278755099, 1890832.396942890482023 ], [ 644174.958980190102011, 1890842.336964810499921 ], [ 644174.889851748710498, 1890852.27698681387119 ], [ 644174.820722954114899, 1890862.217008900362998 ], [ 644174.751593806780875, 1890872.157031069975346 ], [ 644184.241672871517949, 1890882.163536765379831 ], [ 644184.241672871517949, 1890882.163536765379831 ], [ 644184.172538431594148, 1890892.103559408104047 ], [ 644184.103403638582677, 1890902.043582133948803 ], [ 644193.593463592929766, 1890912.050093717640266 ], [ 644193.593463592929766, 1890912.050093717640266 ], [ 644203.083514316007495, 1890922.056610409868881 ], [ 644212.642705421429127, 1890922.123108314350247 ], [ 644222.201896820566617, 1890922.189610630040988 ], [ 644231.761088515166193, 1890922.256117356009781 ], [ 644231.761088515166193, 1890922.256117356009781 ], [ 644241.251117133884691, 1890932.262653310783207 ], [ 644241.251117133884691, 1890932.262653310783207 ], [ 644241.181953408406116, 1890942.202678210800514 ], [ 644241.112789329723455, 1890952.14270319417119 ], [ 644241.043624897953123, 1890962.082728260429576 ], [ 644240.974460113211535, 1890972.02275340934284 ], [ 644240.905294975265861, 1890981.962778641609475 ], [ 644240.836129484232515, 1890991.902803957462311 ], [ 644250.326119230478071, 1891001.909347361652181 ], [ 644250.326119230478071, 1891001.909347361652181 ], [ 644259.816099744988605, 1891011.915895873913541 ], [ 644269.375251337653026, 1891011.982423008885235 ], [ 644269.375251337653026, 1891011.982423008885235 ], [ 644278.865218328894116, 1891021.988981348229572 ], [ 644288.424365928163752, 1891022.055517612723634 ], [ 644288.424365928163752, 1891022.055517612723634 ], [ 644297.914319395902567, 1891032.062085779150948 ], [ 644307.473462997702882, 1891032.1286311740987 ], [ 644307.473462997702882, 1891032.1286311740987 ], [ 644316.963402942055836, 1891042.13520916714333 ], [ 644326.522542548947968, 1891042.201763690682128 ], [ 644326.522542548947968, 1891042.201763690682128 ], [ 644336.012468969915062, 1891052.208351512206718 ], [ 644336.012468969915062, 1891052.208351512206718 ], [ 644345.50238615879789, 1891062.214944442501292 ], [ 644345.50238615879789, 1891062.214944442501292 ], [ 644354.992294117226265, 1891072.221542481798679 ], [ 644364.551421143580228, 1891072.288115572649986 ], [ 644364.551421143580228, 1891072.288115572649986 ], [ 644374.04131557571236, 1891082.294723439961672 ], [ 644374.04131557571236, 1891082.294723439961672 ], [ 644383.531200776807964, 1891092.301336416741833 ], [ 644393.090319515904412, 1891092.367923356359825 ], [ 644402.649438551743515, 1891092.434514707885683 ], [ 644412.208557881996967, 1891092.501110470853746 ], [ 644421.767677507945336, 1891092.567710645031184 ], [ 644431.326797429588623, 1891092.634315230650827 ], [ 644440.885917648207396, 1891092.700924227712676 ], [ 644450.445038161356933, 1891092.76753763621673 ], [ 644460.004158970201388, 1891092.83415545639582 ], [ 644469.563280076137744, 1891092.900777687085792 ], [ 644469.563280076137744, 1891092.900777687085792 ], [ 644479.053117420524359, 1891102.907438242575154 ], [ 644479.053117420524359, 1891102.907438242575154 ], [ 644488.54294553399086, 1891112.91410390753299 ], [ 644488.54294553399086, 1891112.91410390753299 ], [ 644488.473656184738502, 1891122.854138294700533 ], [ 644497.963470124988817, 1891132.860809459816664 ], [ 644497.963470124988817, 1891132.860809459816664 ], [ 644507.453274832689203, 1891142.867485735565424 ], [ 644507.453274832689203, 1891142.867485735565424 ], [ 644516.943070309236646, 1891152.874167120549828 ], [ 644516.943070309236646, 1891152.874167120549828 ], [ 644526.432856551953591, 1891162.880853615934029 ], [ 644526.432856551953591, 1891162.880853615934029 ], [ 644535.922633562004194, 1891172.887545221019536 ], [ 644535.922633562004194, 1891172.887545221019536 ], [ 644545.412401339621283, 1891182.89424193627201 ], [ 644545.412401339621283, 1891182.89424193627201 ], [ 644554.902159885736182, 1891192.90094376122579 ], [ 644554.902159885736182, 1891192.90094376122579 ], [ 644564.391909197787754, 1891202.907650697510689 ], [ 644564.391909197787754, 1891202.907650697510689 ], [ 644573.881649277056567, 1891212.914362742332742 ], [ 644573.881649277056567, 1891212.914362742332742 ], [ 644583.371380122029223, 1891222.921079898485914 ], [ 644583.371380122029223, 1891222.921079898485914 ], [ 644583.302041007089429, 1891232.861118276137859 ], [ 644592.791757680475712, 1891242.867840933380648 ], [ 644592.791757680475712, 1891242.867840933380648 ], [ 644592.722413270035759, 1891252.807879784610122 ], [ 644592.653068505576812, 1891262.747918718727306 ], [ 644602.142766061471775, 1891272.754647268215194 ], [ 644602.142766061471775, 1891272.754647268215194 ], [ 644611.632454384234734, 1891282.761380928335711 ], [ 644611.632454384234734, 1891282.761380928335711 ], [ 644621.122133473749273, 1891292.768119699088857 ], [ 644621.122133473749273, 1891292.768119699088857 ], [ 644630.611803331412375, 1891302.77486358047463 ], [ 644630.611803331412375, 1891302.77486358047463 ], [ 644630.542438446427695, 1891312.714904161868617 ], [ 644640.032094127731398, 1891322.721653544576839 ], [ 644640.032094127731398, 1891322.721653544576839 ], [ 644649.521740575437434, 1891332.72840803861618 ], [ 644649.521740575437434, 1891332.72840803861618 ], [ 644649.452365452772938, 1891342.668449484510347 ], [ 644658.941997725167312, 1891352.675209479406476 ], [ 644658.941997725167312, 1891352.675209479406476 ], [ 644658.872617306536995, 1891362.615251400275156 ], [ 644668.36223540478386, 1891372.622016897192225 ], [ 644668.36223540478386, 1891372.622016897192225 ], [ 644677.85184426791966, 1891382.628787506371737 ], [ 644677.85184426791966, 1891382.628787506371737 ], [ 644677.78245361126028, 1891392.568830291507766 ], [ 644687.272048297221772, 1891402.575606402009726 ], [ 644687.272048297221772, 1891402.575606402009726 ], [ 644696.761633750866167, 1891412.582387623842806 ], [ 644706.320615455158986, 1891412.649129998637363 ], [ 644706.320615455158986, 1891412.649129998637363 ], [ 644715.81018738320563, 1891422.655921051977202 ], [ 644715.81018738320563, 1891422.655921051977202 ], [ 644725.299750077305362, 1891432.662717216648161 ], [ 644725.299750077305362, 1891432.662717216648161 ], [ 644734.789303537341766, 1891442.669518492184579 ], [ 644744.348272662842646, 1891442.736279439646751 ], [ 644753.907242083223537, 1891442.803044799016789 ], [ 644753.907242083223537, 1891442.803044799016789 ], [ 644763.396777725894935, 1891452.809860626934096 ], [ 644772.955743151018396, 1891452.87663511862047 ], [ 644772.955743151018396, 1891452.87663511862047 ], [ 644782.445265269372612, 1891462.883460778510198 ], [ 644792.004226697841659, 1891462.950244402512908 ], [ 644792.004226697841659, 1891462.950244402512908 ], [ 644801.49373528896831, 1891472.957079894607887 ], [ 644801.49373528896831, 1891472.957079894607887 ], [ 644810.983234645915218, 1891482.963920498266816 ], [ 644820.542187790153548, 1891483.030717975459993 ], [ 644820.542187790153548, 1891483.030717975459993 ], [ 644830.031673621153459, 1891493.037568411557004 ], [ 644830.031673621153459, 1891493.037568411557004 ], [ 644839.521150217857212, 1891503.044423959916458 ], [ 644839.521150217857212, 1891503.044423959916458 ], [ 644849.010617580031976, 1891513.051284619839862 ], [ 644858.569558146060444, 1891513.118100671097636 ], [ 644858.569558146060444, 1891513.118100671097636 ], [ 644868.059011982288212, 1891523.124971163924783 ], [ 644877.617948551778682, 1891523.191796348197386 ], [ 644877.617948551778682, 1891523.191796348197386 ], [ 644887.107388861826621, 1891533.198676673695445 ], [ 644896.666321436408907, 1891533.265510991448537 ], [ 644906.225254307501018, 1891533.332349721342325 ], [ 644906.225254307501018, 1891533.332349721342325 ], [ 644915.714676799834706, 1891543.339244600152597 ], [ 644925.273605676018633, 1891543.406092463061213 ], [ 644925.273605676018633, 1891543.406092463061213 ], [ 644934.763014643453062, 1891553.412997176172212 ], [ 644944.32193952484522, 1891553.479854172328487 ], [ 644944.32193952484522, 1891553.479854172328487 ], [ 644953.811334964702837, 1891563.486768719274551 ], [ 644963.370255851303227, 1891563.553634848678485 ], [ 644963.370255851303227, 1891563.553634848678485 ], [ 644972.85963776614517, 1891573.560559227596968 ], [ 644972.85963776614517, 1891573.560559227596968 ], [ 644982.349010444944724, 1891583.567488720873371 ], [ 644991.907923045218922, 1891583.634368704631925 ], [ 644991.907923045218922, 1891583.634368704631925 ], [ 645001.397282196208835, 1891593.641308031743392 ], [ 645001.397282196208835, 1891593.641308031743392 ], [ 645010.88663211511448, 1891603.648252470884472 ], [ 645010.88663211511448, 1891603.648252470884472 ], [ 645020.375972797628492, 1891613.655202023219317 ], [ 645029.934872820042074, 1891613.722100582672283 ], [ 645039.493773139431141, 1891613.789003555430099 ], [ 645039.493773139431141, 1891613.789003555430099 ], [ 645048.983096005162224, 1891623.795967663172632 ], [ 645048.983096005162224, 1891623.795967663172632 ], [ 645058.472409634618089, 1891633.802936884341761 ], [ 645058.472409634618089, 1891633.802936884341761 ], [ 645067.961714028846473, 1891643.809911218238994 ], [ 645067.961714028846473, 1891643.809911218238994 ], [ 645067.892126034712419, 1891653.749968807445839 ], [ 645067.822537685511634, 1891663.690026480704546 ], [ 645067.752948981127702, 1891673.630084236618131 ], [ 645067.683359921560623, 1891683.570142074720934 ], [ 645077.172635305789299, 1891693.577123090159148 ], [ 645077.172635305789299, 1891693.577123090159148 ], [ 645077.103040947462432, 1891703.517181403469294 ], [ 645086.592302153818309, 1891713.524167923955247 ], [ 645086.592302153818309, 1891713.524167923955247 ], [ 645086.522702496498823, 1891723.464226712007076 ], [ 645086.453102483879775, 1891733.404285584343597 ], [ 645095.942344565526582, 1891743.411278001498431 ], [ 645095.942344565526582, 1891743.411278001498431 ], [ 645105.431577410316095, 1891753.418275532312691 ], [ 645105.431577410316095, 1891753.418275532312691 ], [ 645114.920801020576619, 1891763.425278176786378 ], [ 645114.920801020576619, 1891763.425278176786378 ], [ 645114.851185820880346, 1891773.365338307572529 ], [ 645114.781570266000926, 1891783.305398521479219 ], [ 645114.71195435593836, 1891793.245458817807958 ], [ 645114.642338090576231, 1891803.185519197257236 ], [ 645124.131532690022141, 1891813.192528524203226 ], [ 645124.131532690022141, 1891813.192528524203226 ], [ 645124.061911125201732, 1891823.132589377928525 ], [ 645133.551091543049552, 1891833.139604210620746 ], [ 645133.551091543049552, 1891833.139604210620746 ], [ 645133.481464678770863, 1891843.07966554001905 ], [ 645133.411837459192611, 1891853.019726952770725 ], [ 645133.342209884314798, 1891862.959788449108601 ], [ 645133.272581954253837, 1891872.899850027170032 ], [ 645133.2029536687769, 1891882.839911689050496 ], [ 645123.644174275919795, 1891882.772956250002608 ], [ 645123.574550224235281, 1891892.713017686270177 ], [ 645123.504925817484036, 1891902.653079205192626 ], [ 645113.946155898622237, 1891902.586127561284229 ], [ 645113.876535725547001, 1891912.526188854826614 ], [ 645113.806915197288617, 1891922.466250231256709 ], [ 645104.248154755216092, 1891922.399302382487804 ], [ 645104.178538460982963, 1891932.339363532606512 ], [ 645094.619782906374894, 1891932.272419787943363 ], [ 645094.550170846050605, 1891942.212480712914839 ], [ 645084.991420176345855, 1891942.145541072590277 ], [ 645084.921812350046821, 1891952.085601771483198 ], [ 645075.36306656524539, 1891952.018666235264391 ], [ 645075.293462973088026, 1891961.958726708777249 ], [ 645065.734722075867467, 1891961.89179527759552 ], [ 645065.665122717851773, 1891971.831855524796993 ], [ 645065.595523004652932, 1891981.771915854653344 ], [ 645056.036791583057493, 1891981.704988219076768 ], [ 645055.967196104000323, 1891991.645048324018717 ], [ 645055.897600269992836, 1892001.585108511149883 ], [ 645055.828004080918618, 1892011.525168781867251 ], [ 645055.758407536661252, 1892021.465229135472327 ], [ 645065.247519112192094, 1892031.472218752140179 ], [ 645065.247519112192094, 1892031.472218752140179 ], [ 645065.177917268360034, 1892041.412279580486938 ], [ 645065.108315069344826, 1892051.352340491954237 ], [ 645065.038712515262887, 1892061.292401486076415 ], [ 645064.969109605997801, 1892071.232462564716116 ], [ 645064.899506341665983, 1892081.172523725312203 ], [ 645064.829902722267434, 1892091.112584969028831 ], [ 645064.760298747685738, 1892101.052646295633167 ], [ 645064.690694417920895, 1892110.992707705590874 ], [ 645074.179757199133746, 1892120.999705570284277 ], [ 645074.179757199133746, 1892120.999705570284277 ], [ 645074.110147569561377, 1892130.939767455449328 ], [ 645074.040537584805861, 1892140.879829423502088 ], [ 645073.970927244983613, 1892150.819891474675387 ], [ 645073.901316549978219, 1892160.759953608503565 ], [ 645073.831705499906093, 1892170.700015825685114 ], [ 645073.76209409465082, 1892180.640078125987202 ], [ 645073.6924823342124, 1892190.580140509176999 ], [ 645073.622870218590833, 1892200.520202975487337 ], [ 645073.553257747902535, 1892210.460265524918213 ], [ 645083.042266788892448, 1892220.467272031353787 ], [ 645083.042266788892448, 1892220.467272031353787 ], [ 645092.531266590463929, 1892230.474283651681617 ], [ 645092.531266590463929, 1892230.474283651681617 ], [ 645092.461643874528818, 1892240.41434706794098 ], [ 645101.950629491708241, 1892250.421364195412025 ], [ 645101.950629491708241, 1892250.421364195412025 ], [ 645111.439605872146785, 1892260.428386437008157 ], [ 645111.439605872146785, 1892260.428386437008157 ], [ 645120.928573015728034, 1892270.435413793893531 ], [ 645120.928573015728034, 1892270.435413793893531 ], [ 645120.858935109106824, 1892280.375478468369693 ], [ 645130.347888067830354, 1892290.38251133216545 ], [ 645130.347888067830354, 1892290.38251133216545 ], [ 645139.836831788299605, 1892300.389549309853464 ], [ 645149.395419013220817, 1892300.456526551861316 ], [ 645158.954006536514498, 1892300.523508207639679 ], [ 645168.512594355503097, 1892300.590494276955724 ], [ 645178.071182471700013, 1892300.657484760740772 ], [ 645187.629770885105245, 1892300.72447965783067 ], [ 645197.188359596999362, 1892300.791478969156742 ], [ 645197.188359596999362, 1892300.791478969156742 ], [ 645206.677268320228904, 1892310.798550399718806 ], [ 645206.677268320228904, 1892310.798550399718806 ], [ 645216.166167806368321, 1892320.805626946035773 ], [ 645216.166167806368321, 1892320.805626946035773 ], [ 645225.655058054137044, 1892330.812708606244996 ], [ 645225.655058054137044, 1892330.812708606244996 ], [ 645235.14393906458281, 1892340.819795381976292 ], [ 645235.14393906458281, 1892340.819795381976292 ], [ 645244.632810835144483, 1892350.82688727369532 ], [ 645244.632810835144483, 1892350.82688727369532 ], [ 645254.121673366986215, 1892360.833984280703589 ], [ 645263.68023661756888, 1892360.901016345014796 ], [ 645263.68023661756888, 1892360.901016345014796 ], [ 645273.169085619272664, 1892370.908123190514743 ], [ 645282.727644874248654, 1892370.975164391566068 ], [ 645282.727644874248654, 1892370.975164391566068 ], [ 645292.216480342904106, 1892380.982281076256186 ], [ 645301.775035602389835, 1892381.049331415211782 ], [ 645301.775035602389835, 1892381.049331415211782 ], [ 645311.263857539393939, 1892391.056457938160747 ], [ 645311.263857539393939, 1892391.056457938160747 ], [ 645320.752670237561688, 1892401.063589577795938 ], [ 645330.311217208742164, 1892401.13065377715975 ], [ 645330.311217208742164, 1892401.13065377715975 ], [ 645339.80001637514215, 1892411.137795256217942 ], [ 645349.358559352345765, 1892411.204868592787534 ], [ 645349.358559352345765, 1892411.204868592787534 ], [ 645358.847344986861572, 1892421.212019910803065 ], [ 645358.847344986861572, 1892421.212019910803065 ], [ 645368.336121382308193, 1892431.21917634550482 ], [ 645368.336121382308193, 1892431.21917634550482 ], [ 645377.824888538685627, 1892441.226337895728648 ], [ 645377.824888538685627, 1892441.226337895728648 ], [ 645377.755120651447214, 1892451.166412330465391 ], [ 645387.243873623665422, 1892461.173579388996586 ], [ 645387.243873623665422, 1892461.173579388996586 ], [ 645387.174100434174761, 1892471.113654299871996 ], [ 645396.662839219439775, 1892481.12082686740905 ], [ 645396.662839219439775, 1892481.12082686740905 ] ] } },
{ "type": "Feature", "properties": { "year": 2021, "month": null }, "geometry": { "type": "LineString", "coordinates": [ [ 645473.130948581034318, 1892481.657766376622021 ], [ 645473.200763441040181, 1892471.717688597273082 ], [ 645473.270577944698744, 1892461.777610900811851 ], [ 645473.340392092359252, 1892451.837533287936822 ], [ 645473.340392092359252, 1892451.837533287936822 ], [ 645463.851672810036689, 1892441.830324108013883 ], [ 645463.851672810036689, 1892441.830324108013883 ], [ 645454.36294428713154, 1892431.823120043613017 ], [ 645454.36294428713154, 1892431.823120043613017 ], [ 645444.874206526437774, 1892421.815921095665544 ], [ 645444.874206526437774, 1892421.815921095665544 ], [ 645435.385459526674822, 1892411.808727265335619 ], [ 645435.385459526674822, 1892411.808727265335619 ], [ 645425.896703287842683, 1892401.801538550760597 ], [ 645425.896703287842683, 1892401.801538550760597 ], [ 645416.40793780866079, 1892391.794354952173308 ], [ 645416.40793780866079, 1892391.794354952173308 ], [ 645406.919163093320094, 1892381.787176470272243 ], [ 645406.919163093320094, 1892381.787176470272243 ], [ 645397.430379137746058, 1892371.780003104126081 ], [ 645397.430379137746058, 1892371.780003104126081 ], [ 645387.941585943335667, 1892361.772834854666144 ], [ 645387.941585943335667, 1892361.772834854666144 ], [ 645378.452783508808352, 1892351.765671720495448 ], [ 645378.452783508808352, 1892351.765671720495448 ], [ 645368.963971836841665, 1892341.758513702312484 ], [ 645368.963971836841665, 1892341.758513702312484 ], [ 645359.475150926271453, 1892331.751360801048577 ], [ 645359.475150926271453, 1892331.751360801048577 ], [ 645349.986320777097717, 1892321.744213015306741 ], [ 645349.986320777097717, 1892321.744213015306741 ], [ 645340.427736487705261, 1892321.677142461994663 ], [ 645330.938892807345837, 1892311.670004514744505 ], [ 645330.938892807345837, 1892311.670004514744505 ], [ 645321.450039888499305, 1892301.662871683947742 ], [ 645321.450039888499305, 1892301.662871683947742 ], [ 645311.891447312780656, 1892301.595814991509542 ], [ 645302.402580862864852, 1892291.588691998505965 ], [ 645302.402580862864852, 1892291.588691998505965 ], [ 645292.913705174461938, 1892281.581574121955782 ], [ 645292.913705174461938, 1892281.581574121955782 ], [ 645283.355104310787283, 1892281.514531289692968 ], [ 645273.866215091547929, 1892271.507423251401633 ], [ 645273.866215091547929, 1892271.507423251401633 ], [ 645264.377316632540897, 1892261.500320329330862 ], [ 645264.377316632540897, 1892261.500320329330862 ], [ 645254.888408936676569, 1892251.493222521618009 ], [ 645254.888408936676569, 1892251.493222521618009 ], [ 645245.399492002674378, 1892241.486129828728735 ], [ 645245.399492002674378, 1892241.486129828728735 ], [ 645235.910565830534324, 1892231.479042251594365 ], [ 645235.910565830534324, 1892231.479042251594365 ], [ 645226.421630418975838, 1892221.471959789749235 ], [ 645226.491316682775505, 1892211.531892213970423 ], [ 645226.491316682775505, 1892211.531892213970423 ], [ 645217.002367089153267, 1892201.524815259268507 ], [ 645217.072048051981255, 1892191.584748158464208 ], [ 645217.141728659393266, 1892181.644681140547618 ], [ 645217.141728659393266, 1892181.644681140547618 ], [ 645207.652759937336668, 1892171.637610085075721 ], [ 645207.72243524400983, 1892161.697543542366475 ], [ 645207.792110195150599, 1892151.757477083010599 ], [ 645207.86178479087539, 1892141.817410707008094 ], [ 645207.931459031067789, 1892131.877344413427636 ], [ 645207.931459031067789, 1892131.877344413427636 ], [ 645198.442461292026564, 1892121.870280040893704 ], [ 645198.512130231712945, 1892111.930214222986251 ], [ 645198.581798815866932, 1892101.990148488432169 ], [ 645198.651467044604942, 1892092.050082836300135 ], [ 645198.72113491804339, 1892082.110017267521471 ], [ 645198.790802435833029, 1892072.169951781863347 ], [ 645198.860469598323107, 1892062.229886378161609 ], [ 645198.930136405280791, 1892052.289821058744565 ], [ 645198.999802856938913, 1892042.349755821982399 ], [ 645208.558511197334155, 1892042.416751511394978 ], [ 645208.628181882784702, 1892032.476686048088595 ], [ 645208.697852212935686, 1892022.536620668368414 ], [ 645218.256570030818693, 1892022.603620152920485 ], [ 645218.326244594762102, 1892012.663554547121748 ], [ 645227.884967299294658, 1892012.730558134848252 ], [ 645227.954646097263321, 1892002.790492303436622 ], [ 645228.024324539583176, 1891992.850426554679871 ], [ 645237.583056721603498, 1891992.917433937778696 ], [ 645237.652739397832192, 1891982.977367962710559 ], [ 645237.722421718528494, 1891973.037302071228623 ], [ 645237.792103683575988, 1891963.097236262168735 ], [ 645237.861785293207504, 1891953.157170535530895 ], [ 645237.931466547306627, 1891943.217104893643409 ], [ 645237.931466547306627, 1891943.217104893643409 ], [ 645228.442387728253379, 1891933.21003380510956 ], [ 645228.442387728253379, 1891933.21003380510956 ], [ 645218.953299673739821, 1891923.202967831864953 ], [ 645218.953299673739821, 1891923.202967831864953 ], [ 645209.464202382834628, 1891913.195906972046942 ], [ 645209.53386844729539, 1891903.255842589074746 ], [ 645209.53386844729539, 1891903.255842589074746 ], [ 645200.044756976538338, 1891893.248787236399949 ], [ 645200.114417740958743, 1891883.308723327703774 ], [ 645200.18407814996317, 1891873.368659502826631 ], [ 645200.253738203435205, 1891863.428595761302859 ], [ 645200.323397901491262, 1891853.488532101502642 ], [ 645200.393057244014926, 1891843.548468525521457 ], [ 645200.462716231239028, 1891833.608405033359304 ], [ 645200.462716231239028, 1891833.608405033359304 ], [ 645190.973565854597837, 1891823.601357147097588 ], [ 645191.043219541897997, 1891813.661294130142778 ], [ 645191.043219541897997, 1891813.661294130142778 ], [ 645181.554054986103438, 1891803.654251750092953 ], [ 645181.623703373712488, 1891793.714189207181334 ], [ 645181.69335140590556, 1891783.774126747855917 ], [ 645181.762999082566239, 1891773.834064371883869 ], [ 645181.832646403927356, 1891763.894002077868208 ], [ 645181.902293369988911, 1891753.95393986813724 ], [ 645191.461134201847017, 1891754.020917767193168 ], [ 645191.530785401118919, 1891744.080855330917984 ], [ 645201.089631120325066, 1891744.147837333846837 ], [ 645201.159286553040147, 1891734.20777467219159 ], [ 645201.228941630222835, 1891724.267712092027068 ], [ 645201.298596351989545, 1891714.327649595914409 ], [ 645201.368250718223862, 1891704.387587182223797 ], [ 645201.437904729042202, 1891694.447524851886556 ], [ 645201.50755838456098, 1891684.507462604437023 ], [ 645201.577211684430949, 1891674.567400440340862 ], [ 645211.136089819017798, 1891674.634384692646563 ], [ 645211.205747351981699, 1891664.694322302006185 ], [ 645211.275404529646039, 1891654.754259994486347 ], [ 645220.834292139858007, 1891654.821248041000217 ], [ 645220.903953550616279, 1891644.881185508100316 ], [ 645220.973614605725743, 1891634.941123057156801 ], [ 645221.043275305419229, 1891625.001060690032318 ], [ 645221.112935649580322, 1891615.060998406028375 ], [ 645221.112935649580322, 1891615.060998406028375 ], [ 645211.623685085447505, 1891605.053949703229591 ], [ 645211.623685085447505, 1891605.053949703229591 ], [ 645202.134425287600607, 1891595.046906115021557 ], [ 645202.134425287600607, 1891595.046906115021557 ], [ 645192.575510739698075, 1891594.979928747983649 ], [ 645183.08623741439078, 1891584.972894995473325 ], [ 645183.08623741439078, 1891584.972894995473325 ], [ 645173.596954854205251, 1891574.965866355225444 ], [ 645173.596954854205251, 1891574.965866355225444 ], [ 645164.107663059025072, 1891564.958842830266804 ], [ 645164.107663059025072, 1891564.958842830266804 ], [ 645154.618362027569674, 1891554.951824417104945 ], [ 645154.618362027569674, 1891554.951824417104945 ], [ 645145.129051762865856, 1891544.944811118301004 ], [ 645145.198672556667589, 1891535.004751970758662 ], [ 645145.198672556667589, 1891535.004751970758662 ], [ 645135.70934811362531, 1891524.99774417723529 ], [ 645135.70934811362531, 1891524.99774417723529 ], [ 645126.220014435821213, 1891514.990741497371346 ], [ 645126.220014435821213, 1891514.990741497371346 ], [ 645116.661065558670089, 1891514.923801901517436 ], [ 645107.102116980124265, 1891514.856866718502715 ], [ 645097.612765486817807, 1891504.849878593813628 ], [ 645097.612765486817807, 1891504.849878593813628 ], [ 645088.123404757701792, 1891494.842895582318306 ], [ 645088.123404757701792, 1891494.842895582318306 ], [ 645078.56444789248053, 1891494.775974253425375 ], [ 645069.005491325631738, 1891494.709057337604463 ], [ 645059.446535055758432, 1891494.642144833458588 ], [ 645049.957152218790725, 1891484.635181098012254 ], [ 645049.957152218790725, 1891484.635181098012254 ], [ 645040.398191953310743, 1891484.568277727114037 ], [ 645030.839231986203231, 1891484.501378769055009 ], [ 645021.28027231595479, 1891484.434484222671017 ], [ 645011.721312942565419, 1891484.367594088427722 ], [ 645002.231903704931028, 1891474.360654350370169 ], [ 645002.231903704931028, 1891474.360654350370169 ], [ 644992.742485235678032, 1891464.353719724342227 ], [ 644992.742485235678032, 1891464.353719724342227 ], [ 644983.253057530615479, 1891454.346790211042389 ], [ 644983.322597129736096, 1891444.406737060984597 ], [ 644983.322597129736096, 1891444.406737060984597 ], [ 644973.83315524761565, 1891434.399813051335514 ], [ 644973.83315524761565, 1891434.399813051335514 ], [ 644964.343704130034894, 1891424.392894154880196 ], [ 644964.343704130034894, 1891424.392894154880196 ], [ 644954.854243779554963, 1891414.385980370687321 ], [ 644954.854243779554963, 1891414.385980370687321 ], [ 644945.364774195244536, 1891404.379071698756889 ], [ 644945.364774195244536, 1891404.379071698756889 ], [ 644935.875295376987197, 1891394.372168138856068 ], [ 644935.875295376987197, 1891394.372168138856068 ], [ 644926.31629738130141, 1891394.305320492014289 ], [ 644916.826805037911981, 1891384.298426764784381 ], [ 644916.826805037911981, 1891384.298426764784381 ], [ 644907.33730346057564, 1891374.291538149816915 ], [ 644907.33730346057564, 1891374.291538149816915 ], [ 644897.847792649525218, 1891364.284654647577554 ], [ 644897.847792649525218, 1891364.284654647577554 ], [ 644888.288782078190707, 1891364.21782557410188 ], [ 644878.799257742241025, 1891354.210951903369278 ], [ 644878.799257742241025, 1891354.210951903369278 ], [ 644869.309724172460847, 1891344.204083345131949 ], [ 644869.309724172460847, 1891344.204083345131949 ], [ 644859.75070531538222, 1891344.13726812414825 ], [ 644850.261158219422214, 1891334.130409397417679 ], [ 644850.261158219422214, 1891334.130409397417679 ], [ 644840.771601891377941, 1891324.123555782949552 ], [ 644840.771601891377941, 1891324.123555782949552 ], [ 644831.212574748322368, 1891324.056754414457828 ], [ 644821.723004895495251, 1891314.049910632194951 ], [ 644821.723004895495251, 1891314.049910632194951 ], [ 644812.233425807789899, 1891304.043071960564703 ], [ 644812.233425807789899, 1891304.043071960564703 ], [ 644802.674390378873795, 1891303.976284444797784 ], [ 644793.115355246351101, 1891303.909501339774579 ], [ 644783.556320411735214, 1891303.842722648056224 ], [ 644773.997285870835185, 1891303.775948367547244 ], [ 644764.438251627609134, 1891303.7091784987133 ], [ 644754.879217680776492, 1891303.642413041787222 ], [ 644745.320184030337259, 1891303.575651997001842 ], [ 644735.830565670272335, 1891293.568851477233693 ], [ 644735.830565670272335, 1891293.568851477233693 ], [ 644726.271528024692088, 1891293.502099564066157 ], [ 644716.78189614135772, 1891283.495308875571936 ], [ 644716.78189614135772, 1891283.495308875571936 ], [ 644707.292255024658516, 1891273.488523298176005 ], [ 644707.292255024658516, 1891273.488523298176005 ], [ 644697.733209091471508, 1891273.421785236569121 ], [ 644688.243554450105876, 1891263.415009489748627 ], [ 644688.243554450105876, 1891263.415009489748627 ], [ 644678.753890577121638, 1891253.408238854724914 ], [ 644678.823276275536045, 1891243.468197231879458 ], [ 644678.892661619698629, 1891233.528155692620203 ], [ 644678.962046609842218, 1891223.588114236015826 ], [ 644678.962046609842218, 1891223.588114236015826 ], [ 644669.472358677303419, 1891213.581349884392694 ], [ 644669.472358677303419, 1891213.581349884392694 ], [ 644659.982661510352045, 1891203.574590643169358 ], [ 644659.982661510352045, 1891203.574590643169358 ], [ 644650.492955112014897, 1891193.567836512811482 ], [ 644650.492955112014897, 1891193.567836512811482 ], [ 644641.00323948089499, 1891183.561087493319064 ], [ 644641.072604350512847, 1891173.621047683758661 ], [ 644641.141968866111711, 1891163.681007957085967 ], [ 644641.211333027575165, 1891153.740968314465135 ], [ 644650.77043223194778, 1891153.807676209835336 ], [ 644650.839800626737997, 1891143.867636341834441 ], [ 644650.909168667392805, 1891133.927596556022763 ], [ 644660.468277342501096, 1891133.994308247230947 ], [ 644660.537649616366252, 1891124.054268237669021 ], [ 644660.607021535979584, 1891114.114228310529143 ], [ 644660.676393101573922, 1891104.174188466742635 ], [ 644660.676393101573922, 1891104.174188466742635 ], [ 644651.186637288890779, 1891094.167438246542588 ], [ 644651.186637288890779, 1891094.167438246542588 ], [ 644641.696872243774123, 1891084.160693136975169 ], [ 644641.696872243774123, 1891084.160693136975169 ], [ 644632.137741224840283, 1891084.093991808360443 ], [ 644622.647962655173615, 1891074.087256527738646 ], [ 644622.647962655173615, 1891074.087256527738646 ], [ 644613.08882764109876, 1891074.020564330276102 ], [ 644603.5296929233009, 1891073.953876543790102 ], [ 644593.970558501547202, 1891073.887193168746307 ], [ 644584.480757826357149, 1891063.880477156955749 ], [ 644584.480757826357149, 1891063.880477156955749 ], [ 644574.921619410859421, 1891063.813802912365645 ], [ 644565.362481290008873, 1891063.747133079217747 ], [ 644555.803343465202488, 1891063.680467657279223 ], [ 644546.313520684605464, 1891053.673770911758766 ], [ 644546.313520684605464, 1891053.673770911758766 ], [ 644536.823688673204742, 1891043.667079276405275 ], [ 644536.823688673204742, 1891043.667079276405275 ], [ 644527.333847429836169, 1891033.660392752382904 ], [ 644527.333847429836169, 1891033.660392752382904 ], [ 644517.774697027634829, 1891033.593745898688212 ], [ 644508.284842259716243, 1891023.587069201748818 ], [ 644508.284842259716243, 1891023.587069201748818 ], [ 644498.794978261343203, 1891013.580397615209222 ], [ 644498.794978261343203, 1891013.580397615209222 ], [ 644489.235819572699256, 1891013.513764610746875 ], [ 644479.745942051289603, 1891003.507102852221578 ], [ 644479.745942051289603, 1891003.507102852221578 ], [ 644470.186779368435964, 1891003.440478978445753 ], [ 644460.696888322825544, 1890993.433827047934756 ], [ 644460.696888322825544, 1890993.433827047934756 ], [ 644451.137721643317491, 1890993.367212303448468 ], [ 644441.64781707606744, 1890983.360570201184601 ], [ 644441.64781707606744, 1890983.360570201184601 ], [ 644432.1579032758018, 1890973.353933208389208 ], [ 644432.1579032758018, 1890973.353933208389208 ], [ 644422.598728309734724, 1890973.287332312436774 ], [ 644413.10880098794587, 1890963.280705147655681 ], [ 644413.10880098794587, 1890963.280705147655681 ], [ 644403.549622026388533, 1890963.214113381691277 ], [ 644393.990443359129131, 1890963.147526026703417 ], [ 644384.43126498896163, 1890963.080943082924932 ], [ 644374.872086914256215, 1890963.014364549890161 ], [ 644365.312909136642702, 1890962.947790428530425 ], [ 644355.753731653210707, 1890962.881220718380064 ], [ 644346.263769351062365, 1890952.874626973411068 ], [ 644346.263769351062365, 1890952.874626973411068 ], [ 644336.773797818808816, 1890942.868038337444887 ], [ 644336.843007412273437, 1890932.928010365460068 ], [ 644336.912216652533971, 1890922.987982476130128 ], [ 644336.981425539357588, 1890913.04795467061922 ], [ 644346.540625365683809, 1890913.114514021668583 ], [ 644346.609838485950604, 1890903.174485991941765 ], [ 644346.609838485950604, 1890903.174485991941765 ], [ 644337.119842253159732, 1890893.167899307562038 ], [ 644337.119842253159732, 1890893.167899307562038 ], [ 644327.560633548768237, 1890893.101344981696457 ], [ 644318.001425138791092, 1890893.034795066341758 ], [ 644308.442217025556602, 1890892.968249562894925 ], [ 644298.883009207667783, 1890892.901708469726145 ], [ 644289.392986578866839, 1890882.895145766437054 ], [ 644289.392986578866839, 1890882.895145766437054 ], [ 644279.902954717399552, 1890872.888588172849268 ], [ 644279.972134317853488, 1890862.948562625329942 ], [ 644279.972134317853488, 1890862.948562625329942 ], [ 644270.482088286895305, 1890852.942010529572144 ], [ 644270.551262594293803, 1890843.001985456096008 ], [ 644270.620436548488215, 1890833.061960465274751 ], [ 644270.689610149594955, 1890823.121935557574034 ], [ 644270.758783397497609, 1890813.181910732993856 ], [ 644280.318027021829039, 1890813.24843613570556 ], [ 644280.387204502942041, 1890803.308411086443812 ], [ 644280.456381630850956, 1890793.368386121001095 ], [ 644280.5255584056722, 1890783.428361238678917 ], [ 644280.594734827289358, 1890773.48833643947728 ], [ 644280.663910895702429, 1890763.548311722232029 ], [ 644290.223177748965099, 1890763.614840000402182 ], [ 644290.292358050588518, 1890753.674815058708191 ], [ 644299.851629784447141, 1890753.741347440285608 ], [ 644299.920814319164492, 1890743.801322275307029 ], [ 644299.989998500561342, 1890733.861297193448991 ], [ 644309.549279702594504, 1890733.927833370864391 ], [ 644309.618468117201701, 1890723.987808064557612 ], [ 644309.687656178371981, 1890714.047782841837034 ], [ 644319.246946848463267, 1890714.114322815556079 ], [ 644319.316139142727479, 1890704.174297367921099 ], [ 644328.87543469585944, 1890704.240841444814578 ], [ 644328.944631223101169, 1890694.300815773429349 ], [ 644338.503931656712666, 1890694.36736395326443 ], [ 644348.06323238578625, 1890694.433916543843225 ], [ 644357.62253341183532, 1890694.500473545398563 ], [ 644367.181834732182324, 1890694.567034956766292 ], [ 644376.741136346710846, 1890694.633600778644904 ], [ 644386.300438258214854, 1890694.700171011732891 ], [ 644395.859740465413779, 1890694.76674565509893 ], [ 644405.41904296958819, 1890694.833324709674343 ], [ 644414.978345768060535, 1890694.899908174294978 ], [ 644424.537648862227798, 1890694.966496049193665 ], [ 644434.096952252089977, 1890695.033088334603235 ], [ 644443.656255939160474, 1890695.099685030989349 ], [ 644443.656255939160474, 1890695.099685030989349 ], [ 644453.146303772111423, 1890705.106315805576742 ], [ 644462.705603463109583, 1890705.172921630553901 ], [ 644462.705603463109583, 1890705.172921630553901 ], [ 644472.195637776632793, 1890715.179562232224271 ], [ 644472.195637776632793, 1890715.179562232224271 ], [ 644481.685662857023999, 1890725.186207943130285 ], [ 644491.244954262860119, 1890725.252827614778653 ], [ 644491.244954262860119, 1890725.252827614778653 ], [ 644500.734965823590755, 1890735.259483153466135 ], [ 644500.734965823590755, 1890735.259483153466135 ], [ 644510.224968153866939, 1890745.266143799759448 ], [ 644510.224968153866939, 1890745.266143799759448 ], [ 644519.714961254852824, 1890755.272809555521235 ], [ 644529.274240085156634, 1890755.339447793550789 ], [ 644529.274240085156634, 1890755.339447793550789 ], [ 644538.764219663687982, 1890765.346123377559707 ], [ 644538.764219663687982, 1890765.346123377559707 ], [ 644548.254190011532046, 1890775.352804070571437 ], [ 644548.254190011532046, 1890775.352804070571437 ], [ 644557.744151129969396, 1890785.359489872353151 ], [ 644567.303417384973727, 1890785.426146676298231 ], [ 644567.303417384973727, 1890785.426146676298231 ], [ 644576.793364980723709, 1890795.432842306327075 ], [ 644576.793364980723709, 1890795.432842306327075 ], [ 644586.283303344389424, 1890805.439543045824394 ], [ 644586.283303344389424, 1890805.439543045824394 ], [ 644595.773232479696162, 1890815.446248895023018 ], [ 644595.773232479696162, 1890815.446248895023018 ], [ 644605.263152382918634, 1890825.452959853922948 ], [ 644605.263152382918634, 1890825.452959853922948 ], [ 644614.753063054871745, 1890835.459675921592861 ], [ 644614.753063054871745, 1890835.459675921592861 ], [ 644624.242964495904744, 1890845.466397100128233 ], [ 644624.242964495904744, 1890845.466397100128233 ], [ 644633.732856707065366, 1890855.47312338813208 ], [ 644633.732856707065366, 1890855.47312338813208 ], [ 644643.222739685792476, 1890865.479854785837233 ], [ 644643.222739685792476, 1890865.479854785837233 ], [ 644652.712613433250226, 1890875.486591293942183 ], [ 644652.712613433250226, 1890875.486591293942183 ], [ 644652.643254599301144, 1890885.426628919318318 ], [ 644662.133114174706861, 1890895.433370928512886 ], [ 644662.133114174706861, 1890895.433370928512886 ], [ 644671.622964520007372, 1890905.440118046710268 ], [ 644671.622964520007372, 1890905.440118046710268 ], [ 644681.112805632525124, 1890915.446870275773108 ], [ 644681.112805632525124, 1890915.446870275773108 ], [ 644690.602637512143701, 1890925.453627614304423 ], [ 644690.602637512143701, 1890925.453627614304423 ], [ 644700.092460161540657, 1890935.460390063468367 ], [ 644700.092460161540657, 1890935.460390063468367 ], [ 644709.582273580832407, 1890945.467157622566447 ], [ 644719.141471187816933, 1890945.533889929065481 ], [ 644728.700669090962037, 1890945.600626646075398 ], [ 644728.700669090962037, 1890945.600626646075398 ], [ 644738.19046469614841, 1890955.607408754760399 ], [ 644738.19046469614841, 1890955.607408754760399 ], [ 644747.680251070880331, 1890965.614195973146707 ], [ 644747.680251070880331, 1890965.614195973146707 ], [ 644757.170028212596662, 1890975.620988302165642 ], [ 644757.170028212596662, 1890975.620988302165642 ], [ 644766.659796122461557, 1890985.627785742282867 ], [ 644766.659796122461557, 1890985.627785742282867 ], [ 644776.149554800475016, 1890995.63458829279989 ], [ 644776.149554800475016, 1890995.63458829279989 ], [ 644785.639304247917607, 1891005.641395954182371 ], [ 644785.639304247917607, 1891005.641395954182371 ], [ 644795.129044460598379, 1891015.648208725964651 ], [ 644795.129044460598379, 1891015.648208725964651 ], [ 644804.618775442708284, 1891025.65502660907805 ], [ 644804.618775442708284, 1891025.65502660907805 ], [ 644814.108497192617506, 1891035.661849602824077 ], [ 644814.108497192617506, 1891035.661849602824077 ], [ 644823.59820971195586, 1891045.668677707202733 ], [ 644823.59820971195586, 1891045.668677707202733 ], [ 644833.087912997463718, 1891055.675510922679678 ], [ 644833.087912997463718, 1891055.675510922679678 ], [ 644842.577607051003724, 1891065.682349250419065 ], [ 644842.577607051003724, 1891065.682349250419065 ], [ 644852.067291872110218, 1891075.689192687859759 ], [ 644852.067291872110218, 1891075.689192687859759 ], [ 644861.556967462180182, 1891085.696041236864403 ], [ 644861.556967462180182, 1891085.696041236864403 ], [ 644871.046633818536066, 1891095.702894897432998 ], [ 644871.046633818536066, 1891095.702894897432998 ], [ 644880.536290942458436, 1891105.709753669099882 ], [ 644880.536290942458436, 1891105.709753669099882 ], [ 644890.025938833947293, 1891115.716617552563548 ], [ 644890.025938833947293, 1891115.716617552563548 ], [ 644899.515577492769808, 1891125.723486547358334 ], [ 644899.515577492769808, 1891125.723486547358334 ], [ 644909.005206919042394, 1891135.730360652785748 ], [ 644909.005206919042394, 1891135.730360652785748 ], [ 644918.494827112648636, 1891145.737239870708436 ], [ 644918.494827112648636, 1891145.737239870708436 ], [ 644927.98443807347212, 1891155.744124199496582 ], [ 644927.98443807347212, 1891155.744124199496582 ], [ 644937.474039802909829, 1891165.751013640780002 ], [ 644937.474039802909829, 1891165.751013640780002 ], [ 644946.963632298167795, 1891175.757908193860203 ], [ 644946.963632298167795, 1891175.757908193860203 ], [ 644956.453215560643002, 1891185.764807858271524 ], [ 644956.453215560643002, 1891185.764807858271524 ], [ 644965.942789590219036, 1891195.771712634479627 ], [ 644965.942789590219036, 1891195.771712634479627 ], [ 644975.432354387943633, 1891205.778622522950172 ], [ 644975.432354387943633, 1891205.778622522950172 ], [ 644984.921909951488487, 1891215.785537523217499 ], [ 644984.921909951488487, 1891215.785537523217499 ], [ 644994.411456281784922, 1891225.792457635514438 ], [ 644994.411456281784922, 1891225.792457635514438 ], [ 645003.900993377668783, 1891235.79938286030665 ], [ 645003.900993377668783, 1891235.79938286030665 ], [ 645013.390521243098192, 1891245.806313196662813 ], [ 645013.390521243098192, 1891245.806313196662813 ], [ 645022.880039873998612, 1891255.813248645979911 ], [ 645022.880039873998612, 1891255.813248645979911 ], [ 645032.369549271417782, 1891265.820189206162468 ], [ 645032.369549271417782, 1891265.820189206162468 ], [ 645041.859049435588531, 1891275.827134879538789 ], [ 645041.859049435588531, 1891275.827134879538789 ], [ 645051.348540367791429, 1891285.834085666108876 ], [ 645051.348540367791429, 1891285.834085666108876 ], [ 645060.838022064999677, 1891295.841041564475745 ], [ 645060.838022064999677, 1891295.841041564475745 ], [ 645070.32749452884309, 1891305.848002575337887 ], [ 645070.32749452884309, 1891305.848002575337887 ], [ 645079.816957758972421, 1891315.854968698695302 ], [ 645079.816957758972421, 1891315.854968698695302 ], [ 645089.306411757017486, 1891325.861939934780821 ], [ 645089.306411757017486, 1891325.861939934780821 ], [ 645098.795856519951485, 1891335.868916283827275 ], [ 645098.795856519951485, 1891335.868916283827275 ], [ 645108.285292047890835, 1891345.875897745369002 ], [ 645108.285292047890835, 1891345.875897745369002 ], [ 645117.774718343280256, 1891355.882884319638833 ], [ 645117.774718343280256, 1891355.882884319638833 ], [ 645127.26413540635258, 1891365.889876007335261 ], [ 645127.26413540635258, 1891365.889876007335261 ], [ 645136.753543234081008, 1891375.8968728070613 ], [ 645136.753543234081008, 1891375.8968728070613 ], [ 645146.242941827978939, 1891385.903874720912427 ], [ 645146.242941827978939, 1891385.903874720912427 ], [ 645155.732331187697127, 1891395.910881747258827 ], [ 645155.732331187697127, 1891395.910881747258827 ], [ 645165.221711314865388, 1891405.917893886798993 ], [ 645165.221711314865388, 1891405.917893886798993 ], [ 645174.711082206573337, 1891415.924911139300093 ], [ 645174.711082206573337, 1891415.924911139300093 ], [ 645184.200443864217959, 1891425.931933505693451 ], [ 645184.200443864217959, 1891425.931933505693451 ], [ 645193.689796287450008, 1891435.93896098411642 ], [ 645193.689796287450008, 1891435.93896098411642 ], [ 645203.179139478015713, 1891445.94599357736297 ], [ 645203.179139478015713, 1891445.94599357736297 ], [ 645212.668473431491293, 1891455.953031283104792 ], [ 645212.668473431491293, 1891455.953031283104792 ], [ 645222.157798151951283, 1891465.960074102738872 ], [ 645222.157798151951283, 1891465.960074102738872 ], [ 645231.6471136379987, 1891475.967122036265209 ], [ 645231.6471136379987, 1891475.967122036265209 ], [ 645241.136419891030528, 1891485.97417508228682 ], [ 645241.136419891030528, 1891485.97417508228682 ], [ 645250.625716908136383, 1891495.98123324313201 ], [ 645250.625716908136383, 1891495.98123324313201 ], [ 645260.115004690596834, 1891505.988296517403796 ], [ 645260.115004690596834, 1891505.988296517403796 ], [ 645269.604283238528296, 1891515.995364905102178 ], [ 645279.163236871827394, 1891516.062375097535551 ], [ 645279.163236871827394, 1891516.062375097535551 ], [ 645288.652501894161105, 1891526.069453320698813 ], [ 645288.652501894161105, 1891526.069453320698813 ], [ 645298.141757681849413, 1891536.076536657987162 ], [ 645298.141757681849413, 1891536.076536657987162 ], [ 645307.631004234775901, 1891546.08362510916777 ], [ 645307.631004234775901, 1891546.08362510916777 ], [ 645317.12024155294057, 1891556.090718674706295 ], [ 645326.679178318940103, 1891556.157752166502178 ], [ 645326.679178318940103, 1891556.157752166502178 ], [ 645336.16840211127419, 1891566.164855567971244 ], [ 645336.16840211127419, 1891566.164855567971244 ], [ 645336.098688484402373, 1891576.104921147925779 ], [ 645345.587898097583093, 1891586.112030056072399 ], [ 645345.587898097583093, 1891586.112030056072399 ], [ 645355.077098477166146, 1891596.119144078809768 ], [ 645355.077098477166146, 1891596.119144078809768 ], [ 645364.56628962024115, 1891606.126263215206563 ], [ 645364.56628962024115, 1891606.126263215206563 ], [ 645374.055471528205089, 1891616.133387466659769 ], [ 645374.055471528205089, 1891616.133387466659769 ], [ 645383.544644200941548, 1891626.140516832238063 ], [ 645383.544644200941548, 1891626.140516832238063 ], [ 645393.033807639963925, 1891636.147651312639937 ], [ 645393.033807639963925, 1891636.147651312639937 ], [ 645402.522961842129007, 1891646.154790906934068 ], [ 645402.522961842129007, 1891646.154790906934068 ], [ 645412.012106808833778, 1891656.161935616517439 ], [ 645412.012106808833778, 1891656.161935616517439 ], [ 645421.501242538914084, 1891666.169085440924391 ], [ 645421.501242538914084, 1891666.169085440924391 ], [ 645430.990369036328048, 1891676.176240380620584 ], [ 645440.549254312179983, 1891676.243330535944551 ], [ 645440.549254312179983, 1891676.243330535944551 ], [ 645450.038367281667888, 1891686.250495311571285 ], [ 645450.038367281667888, 1891686.250495311571285 ], [ 645459.527471015579067, 1891696.257665202720091 ], [ 645469.0863480088301, 1891696.324769215891138 ], [ 645478.645225298358127, 1891696.391877641202882 ], [ 645488.204102885909379, 1891696.458990479819477 ], [ 645497.762980771251023, 1891696.526107730576769 ] ] } },
{ "type": "Feature", "properties": { "year": 2021, "month": null }, "geometry": { "type": "LineString", "coordinates": [ [ 644423.568223233451135, 1890834.126906041521579 ], [ 644414.008984348853119, 1890834.06031386135146 ], [ 644404.449745760066435, 1890833.993726092390716 ], [ 644394.890507465461269, 1890833.927142733940855 ], [ 644385.331269467948005, 1890833.860563786933199 ], [ 644375.772031766013242, 1890833.793989250436425 ], [ 644375.702807359513827, 1890843.734017621492967 ], [ 644366.1435745410854, 1890843.667447188403457 ], [ 644366.074354367796332, 1890853.607475334545597 ], [ 644366.005133841070347, 1890863.547503564273939 ], [ 644365.935912960907444, 1890873.48753187735565 ], [ 644365.86669172742404, 1890883.427560272393748 ], [ 644356.307477549882606, 1890883.360993021167815 ], [ 644365.797470140503719, 1890893.367588751483709 ], [ 644365.797470140503719, 1890893.367588751483709 ], [ 644375.287453498574905, 1890903.374189591035247 ], [ 644384.846659093978815, 1890903.440766279352829 ], [ 644394.405864984961227, 1890903.507347378181294 ], [ 644403.96507117303554, 1890903.573932888451964 ], [ 644413.524277655407786, 1890903.640522810164839 ], [ 644413.524277655407786, 1890903.640522810164839 ], [ 644423.014234619215131, 1890913.647147631738335 ], [ 644432.573437106329948, 1890913.713746682275087 ], [ 644442.132639890303835, 1890913.780350144254044 ], [ 644451.691842968808487, 1890913.846958017209545 ], [ 644451.761106543242931, 1890903.906926605151966 ], [ 644461.320314504206181, 1890903.9735385812819 ], [ 644461.389582311734557, 1890894.033506945241243 ], [ 644461.458849765593186, 1890884.093475391389802 ], [ 644461.528116865782067, 1890874.153443920891732 ], [ 644461.597383612417616, 1890864.213412533979863 ], [ 644461.597383612417616, 1890864.213412533979863 ], [ 644452.107419111067429, 1890854.206770791206509 ], [ 644452.107419111067429, 1890854.206770791206509 ], [ 644442.617445378564298, 1890844.200134157203138 ], [ 644442.617445378564298, 1890844.200134157203138 ], [ 644433.058210487826727, 1890844.133532847510651 ], [ 644423.568223233451135, 1890834.126906041521579 ], [ 644423.568223233451135, 1890834.126906041521579 ] ] } },
{ "type": "Feature", "properties": { "year": 2022, "month": null }, "geometry": { "type": "LineString", "coordinates": [ [ 643588.963692049263045, 1889874.043784760171548 ], [ 643588.963692049263045, 1889874.043784760171548 ], [ 643598.454530914779752, 1889884.049959102878347 ], [ 643598.454530914779752, 1889884.049959102878347 ], [ 643607.945360552985221, 1889894.056138549465686 ], [ 643607.945360552985221, 1889894.056138549465686 ], [ 643617.436180965043604, 1889904.062323099700734 ], [ 643617.436180965043604, 1889904.062323099700734 ], [ 643626.926992151187733, 1889914.068512753816321 ], [ 643626.926992151187733, 1889914.068512753816321 ], [ 643636.417794112348929, 1889924.074707510648295 ], [ 643636.417794112348929, 1889924.074707510648295 ], [ 643645.908586844685487, 1889934.080907372292131 ], [ 643645.908586844685487, 1889934.080907372292131 ], [ 643655.399370352039114, 1889944.087112336885184 ], [ 643655.399370352039114, 1889944.087112336885184 ], [ 643664.890144633245654, 1889954.093322405824438 ], [ 643664.890144633245654, 1889954.093322405824438 ], [ 643674.380909689352848, 1889964.0995375784114 ], [ 643674.380909689352848, 1889964.0995375784114 ], [ 643674.312055285437964, 1889974.039536029333249 ], [ 643683.802806177525781, 1889984.045756695326418 ], [ 643683.802806177525781, 1889984.045756695326418 ], [ 643693.293547843117267, 1889994.051982464967296 ], [ 643693.293547843117267, 1889994.051982464967296 ], [ 643693.224683215026744, 1890003.991981776896864 ], [ 643702.715410717763007, 1890013.998213039478287 ], [ 643702.715410717763007, 1890013.998213039478287 ], [ 643712.206128995167091, 1890024.004449406638741 ], [ 643721.765717481728643, 1890024.070690399035811 ], [ 643731.325306262588128, 1890024.13693580054678 ], [ 643731.325306262588128, 1890024.13693580054678 ], [ 643740.816006731241941, 1890034.143186702160165 ], [ 643740.816006731241941, 1890034.143186702160165 ], [ 643750.306697971886024, 1890044.149442709051073 ], [ 643750.306697971886024, 1890044.149442709051073 ], [ 643759.797379988362081, 1890054.155703819356859 ], [ 643769.356956192757934, 1890054.221967775607482 ], [ 643778.916532691684552, 1890054.288236141437665 ], [ 643788.476109486306086, 1890054.354508915916085 ], [ 643798.035686574061401, 1890054.420786099741235 ], [ 643807.59526395634748, 1890054.487067693145946 ], [ 643807.59526395634748, 1890054.487067693145946 ], [ 643817.085915293428116, 1890064.493357485625893 ], [ 643817.085915293428116, 1890064.493357485625893 ], [ 643817.016988601535559, 1890074.433361358009279 ], [ 643816.948061557719484, 1890084.373365314444527 ], [ 643816.879134161863476, 1890094.313369353534654 ], [ 643816.81020641385112, 1890104.253373476210982 ], [ 643816.74127831379883, 1890114.193377681309357 ], [ 643826.231895740958862, 1890124.199674525298178 ], [ 643826.231895740958862, 1890124.199674525298178 ], [ 643826.162962351925671, 1890134.139679202577099 ], [ 643835.653565613436513, 1890144.145981540437788 ], [ 643835.653565613436513, 1890144.145981540437788 ], [ 643845.144159647636116, 1890154.152288984041661 ], [ 643845.144159647636116, 1890154.152288984041661 ], [ 643854.634744453011081, 1890164.158601531758904 ], [ 643854.634744453011081, 1890164.158601531758904 ], [ 643864.125320032355376, 1890174.164919185452163 ], [ 643864.125320032355376, 1890174.164919185452163 ], [ 643873.61588638543617, 1890184.171241943258792 ], [ 643873.61588638543617, 1890184.171241943258792 ], [ 643883.106443509692326, 1890194.177569807041436 ], [ 643883.106443509692326, 1890194.177569807041436 ], [ 643892.596991406287998, 1890204.183902776334435 ], [ 643892.596991406287998, 1890204.183902776334435 ], [ 643902.087530076503754, 1890214.190240850439295 ], [ 643902.087530076503754, 1890214.190240850439295 ], [ 643911.578059517778456, 1890224.196584030985832 ], [ 643911.578059517778456, 1890224.196584030985832 ], [ 643921.068579731043428, 1890234.202932316344231 ], [ 643921.068579731043428, 1890234.202932316344231 ], [ 643920.999596617883071, 1890244.142940971069038 ], [ 643930.490102665964514, 1890254.149294751463458 ], [ 643930.490102665964514, 1890254.149294751463458 ], [ 643939.98059948743321, 1890264.155653637601063 ], [ 643949.540085005341098, 1890264.222007805947214 ], [ 643949.540085005341098, 1890264.222007805947214 ], [ 643959.030568305868655, 1890274.228376514744014 ], [ 643959.030568305868655, 1890274.228376514744014 ], [ 643968.52104237943422, 1890284.234750328585505 ], [ 643978.080519611365162, 1890284.301118338713422 ], [ 643978.080519611365162, 1890284.301118338713422 ], [ 643987.57098016794771, 1890294.307501974981278 ], [ 643987.57098016794771, 1890294.307501974981278 ], [ 643997.061431494890712, 1890304.313890716293827 ], [ 644006.620900440728292, 1890304.380272569134831 ], [ 644006.620900440728292, 1890304.380272569134831 ], [ 644016.111338250571862, 1890314.386671134037897 ], [ 644016.111338250571862, 1890314.386671134037897 ], [ 644025.601766830659471, 1890324.393074803985655 ], [ 644025.601766830659471, 1890324.393074803985655 ], [ 644035.09218618250452, 1890334.399483581073582 ], [ 644044.651642552111298, 1890334.465883992845193 ], [ 644044.651642552111298, 1890334.465883992845193 ], [ 644054.142048386391252, 1890344.472302592592314 ], [ 644054.142048386391252, 1890344.472302592592314 ], [ 644063.632444989634678, 1890354.47872629808262 ], [ 644073.19189307349734, 1890354.545140552800149 ], [ 644073.19189307349734, 1890354.545140552800149 ], [ 644082.682276159175672, 1890364.551574082579464 ], [ 644082.682276159175672, 1890364.551574082579464 ], [ 644092.172650016378611, 1890374.558012717636302 ], [ 644092.172650016378611, 1890374.558012717636302 ], [ 644101.663014646153897, 1890384.564456459833309 ], [ 644101.663014646153897, 1890384.564456459833309 ], [ 644111.153370046173222, 1890394.570905308471993 ], [ 644111.153370046173222, 1890394.570905308471993 ], [ 644111.084289585589431, 1890404.510921425186098 ], [ 644111.01520877238363, 1890414.450937625719234 ], [ 644120.505545066902414, 1890424.457392361247912 ], [ 644120.505545066902414, 1890424.457392361247912 ], [ 644129.995872133877128, 1890434.463852202286944 ], [ 644129.995872133877128, 1890434.463852202286944 ], [ 644139.486189970746636, 1890444.470317151863128 ], [ 644139.486189970746636, 1890444.470317151863128 ], [ 644139.417093989322893, 1890454.410334605025128 ], [ 644139.347997655160725, 1890464.350352140842006 ], [ 644139.278900968143716, 1890474.290369760012254 ], [ 644139.209803928155452, 1890484.230387461837381 ], [ 644139.140706535428762, 1890494.170405247248709 ], [ 644139.071608789847232, 1890504.110423115314916 ], [ 644139.002510691410862, 1890514.050441066036001 ], [ 644138.933412240119651, 1890523.990459100808948 ], [ 644138.8643134359736, 1890533.930477217771113 ], [ 644138.795214278972708, 1890543.870495418086648 ], [ 644138.726114769233391, 1890553.810513701988384 ], [ 644138.657014906522818, 1890563.750532068312168 ], [ 644138.587914690957405, 1890573.690550517989323 ], [ 644138.518814122537151, 1890583.630569051019847 ], [ 644148.009053589077666, 1890593.637044565984979 ], [ 644148.009053589077666, 1890593.637044565984979 ], [ 644147.939947728998959, 1890603.577063571661711 ], [ 644147.870841516065411, 1890613.517082660458982 ], [ 644147.801734950277023, 1890623.457101832609624 ], [ 644147.732628031633794, 1890633.397121087182313 ], [ 644147.663520760135725, 1890643.337140425108373 ], [ 644147.5944131356664, 1890653.277159845922142 ], [ 644147.525305158342235, 1890663.217179350554943 ], [ 644147.456196828279644, 1890673.157198937376961 ], [ 644137.896893129101954, 1890673.090739582898095 ], [ 644137.827789032249711, 1890683.030758945737034 ], [ 644137.758684582542628, 1890692.970778392860666 ], [ 644137.689579779980704, 1890702.910797921940684 ], [ 644137.620474624680355, 1890712.850817534141243 ], [ 644137.55136911640875, 1890722.790837229695171 ], [ 644127.992088643601164, 1890722.724380751140416 ], [ 644127.922987368772738, 1890732.664400223176926 ], [ 644118.363711775979027, 1890732.597947848029435 ], [ 644118.294614734826609, 1890742.537967096082866 ], [ 644118.225517340702936, 1890752.477986426791176 ], [ 644118.156419593840837, 1890762.418005841085687 ], [ 644118.087321494123898, 1890772.358025338733569 ], [ 644127.577475702622905, 1890782.36449882783927 ], [ 644127.577475702622905, 1890782.36449882783927 ], [ 644137.067620679270476, 1890792.370977425016463 ], [ 644137.067620679270476, 1890792.370977425016463 ], [ 644146.557756425114349, 1890802.377461129566655 ], [ 644146.557756425114349, 1890802.377461129566655 ], [ 644156.047882940387353, 1890812.383949942886829 ], [ 644156.047882940387353, 1890812.383949942886829 ], [ 644165.538000223692507, 1890822.390443862648681 ], [ 644175.09723601443693, 1890822.456921053351834 ], [ 644184.656472099013627, 1890822.523402654798701 ], [ 644184.725604068255052, 1890812.583380594151095 ], [ 644194.284845034591854, 1890812.649866299703717 ], [ 644194.353981237392873, 1890802.70984401460737 ], [ 644194.42311708710622, 1890792.769821812631562 ], [ 644194.492252583848312, 1890782.829799694241956 ], [ 644194.561387727735564, 1890772.889777658972889 ], [ 644194.630522518535145, 1890762.94975570589304 ], [ 644194.699656956363469, 1890753.009733836166561 ], [ 644194.768791041220538, 1890743.069712049560621 ], [ 644194.837924773106351, 1890733.129690346540883 ], [ 644194.907058151904494, 1890723.189668725710362 ], [ 644194.976191177847795, 1890713.249647188466042 ], [ 644195.045323850819841, 1890703.309625734575093 ], [ 644195.114456170704216, 1890693.369604363106191 ], [ 644195.183588137500919, 1890683.429583074524999 ], [ 644204.742889021756127, 1890683.496069199638441 ], [ 644204.812025221763179, 1890673.556047688005492 ], [ 644204.881161069031805, 1890663.616026258794591 ], [ 644214.440471422160044, 1890663.682516180677339 ], [ 644214.509611502289772, 1890653.742494527483359 ], [ 644214.578751229564659, 1890643.802472957642749 ], [ 644214.647890603751875, 1890633.862451470922679 ], [ 644224.207215009257197, 1890633.928944881772622 ], [ 644224.27635861642193, 1890623.988923170836642 ], [ 644224.345501870615408, 1890614.048901543021202 ], [ 644224.414644771721214, 1890604.10887999786064 ], [ 644224.483787319739349, 1890594.168858536984771 ], [ 644224.552929514786229, 1890584.228837157599628 ], [ 644224.622071356745437, 1890574.288815862499177 ], [ 644234.181423573521897, 1890574.35531184123829 ], [ 644234.250569648225792, 1890564.415290320990607 ], [ 644243.80992674769368, 1890564.481790403602645 ], [ 644243.879077055375092, 1890554.541768659371883 ], [ 644253.438439034740441, 1890554.608272844459862 ], [ 644262.997801309451461, 1890554.674781440058723 ], [ 644272.557163878343999, 1890554.741294445469975 ], [ 644282.116526743862778, 1890554.807811861392111 ], [ 644291.675889906240627, 1890554.874333687592298 ], [ 644291.675889906240627, 1890554.874333687592298 ], [ 644301.166075539658777, 1890564.880883511155844 ], [ 644301.166075539658777, 1890564.880883511155844 ], [ 644310.656251943437383, 1890574.887438442092389 ], [ 644320.215606819023378, 1890574.953974113566801 ], [ 644320.215606819023378, 1890574.953974113566801 ], [ 644329.705769703956321, 1890584.960538870189339 ], [ 644339.265120584750548, 1890585.027083669556305 ], [ 644339.265120584750548, 1890585.027083669556305 ], [ 644348.755269948276691, 1890595.033658251864836 ], [ 644348.755269948276691, 1890595.033658251864836 ], [ 644358.245410083327442, 1890605.040237942244858 ], [ 644358.245410083327442, 1890605.040237942244858 ], [ 644367.735540987225249, 1890615.04682274046354 ], [ 644367.735540987225249, 1890615.04682274046354 ], [ 644377.225662659853697, 1890625.053412647917867 ], [ 644386.784996674512513, 1890625.119980728952214 ], [ 644386.784996674512513, 1890625.119980728952214 ], [ 644396.275104828062467, 1890635.126580461859703 ], [ 644396.275104828062467, 1890635.126580461859703 ], [ 644405.765203753020614, 1890645.133185302605852 ], [ 644405.765203753020614, 1890645.133185302605852 ], [ 644415.255293446592987, 1890655.139795252587646 ], [ 644415.255293446592987, 1890655.139795252587646 ], [ 644424.745373910060152, 1890665.146410311339423 ], [ 644424.745373910060152, 1890665.146410311339423 ], [ 644434.235445143422112, 1890675.15303047792986 ], [ 644434.235445143422112, 1890675.15303047792986 ], [ 644443.725507147843018, 1890685.159655752824619 ], [ 644443.725507147843018, 1890685.159655752824619 ], [ 644453.215559920645319, 1890695.166286137653515 ], [ 644453.215559920645319, 1890695.166286137653515 ], [ 644462.705603463109583, 1890705.172921630553901 ], [ 644462.705603463109583, 1890705.172921630553901 ], [ 644472.195637776632793, 1890715.179562232224271 ], [ 644472.195637776632793, 1890715.179562232224271 ], [ 644481.685662857023999, 1890725.186207943130285 ], [ 644481.685662857023999, 1890725.186207943130285 ], [ 644491.175678708241321, 1890735.192858762806281 ], [ 644491.175678708241321, 1890735.192858762806281 ], [ 644500.665685328887776, 1890745.199514691019431 ], [ 644500.665685328887776, 1890745.199514691019431 ], [ 644510.155682719079778, 1890755.206175728701055 ], [ 644519.714961254852824, 1890755.272809555521235 ], [ 644529.274240085156634, 1890755.339447793550789 ], [ 644538.833519211504608, 1890755.406090442091227 ], [ 644538.833519211504608, 1890755.406090442091227 ], [ 644548.32349449954927, 1890765.412770744180307 ], [ 644548.32349449954927, 1890765.412770744180307 ], [ 644548.254190011532046, 1890775.352804070571437 ], [ 644548.184885169728659, 1890785.292837478918955 ], [ 644548.115579974022694, 1890795.232870970619842 ], [ 644557.605531211826019, 1890805.239557554712519 ], [ 644557.605531211826019, 1890805.239557554712519 ], [ 644567.095473217312247, 1890815.24624924804084 ], [ 644576.654726008768193, 1890815.312911386368796 ], [ 644576.654726008768193, 1890815.312911386368796 ], [ 644586.144654491450638, 1890825.319612907245755 ], [ 644586.144654491450638, 1890825.319612907245755 ], [ 644595.634573745774105, 1890835.326319538289681 ], [ 644595.634573745774105, 1890835.326319538289681 ], [ 644605.124483767896891, 1890845.333031279500574 ], [ 644605.124483767896891, 1890845.333031279500574 ], [ 644614.614384558750317, 1890855.33974812971428 ], [ 644614.614384558750317, 1890855.33974812971428 ], [ 644624.104276118334383, 1890865.346470089163631 ], [ 644624.104276118334383, 1890865.346470089163631 ], [ 644633.594158448278904, 1890875.353197158779949 ], [ 644633.594158448278904, 1890875.353197158779949 ], [ 644643.084031545440666, 1890885.359929338330403 ], [ 644643.084031545440666, 1890885.359929338330403 ], [ 644652.573895411333069, 1890895.366666628979146 ], [ 644652.573895411333069, 1890895.366666628979146 ], [ 644662.063750045839697, 1890905.373409027932212 ], [ 644662.063750045839697, 1890905.373409027932212 ], [ 644671.553595450241119, 1890915.380156537285075 ], [ 644671.553595450241119, 1890915.380156537285075 ], [ 644681.043431621743366, 1890925.386909157736227 ], [ 644681.043431621743366, 1890925.386909157736227 ], [ 644690.533258560462855, 1890935.393666887655854 ], [ 644690.533258560462855, 1890935.393666887655854 ], [ 644700.023076268960722, 1890945.400429727509618 ], [ 644709.582273580832407, 1890945.467157622566447 ], [ 644719.141471187816933, 1890945.533889929065481 ], [ 644719.141471187816933, 1890945.533889929065481 ], [ 644728.631271083489992, 1890955.540667317807674 ], [ 644728.631271083489992, 1890955.540667317807674 ], [ 644738.12106174742803, 1890965.547449817415327 ], [ 644738.12106174742803, 1890965.547449817415327 ], [ 644747.610843181028031, 1890975.554237427422777 ], [ 644747.610843181028031, 1890975.554237427422777 ], [ 644747.541434936807491, 1890985.494278963655233 ], [ 644757.031202195794322, 1890995.501072076149285 ], [ 644757.031202195794322, 1890995.501072076149285 ], [ 644766.520960223046131, 1891005.507870298577473 ], [ 644766.520960223046131, 1891005.507870298577473 ], [ 644776.01070901833009, 1891015.514673630939797 ], [ 644785.569876592606306, 1891015.581438972847536 ], [ 644785.569876592606306, 1891015.581438972847536 ], [ 644795.059611863922328, 1891025.588252136716619 ], [ 644795.059611863922328, 1891025.588252136716619 ], [ 644804.549337904434651, 1891035.5950704109855 ], [ 644804.549337904434651, 1891035.5950704109855 ], [ 644814.039054712862708, 1891045.601893795188516 ], [ 644814.039054712862708, 1891045.601893795188516 ], [ 644823.528762290487066, 1891055.608722291421145 ], [ 644823.528762290487066, 1891055.608722291421145 ], [ 644833.018460634397343, 1891065.615555899217725 ], [ 644833.018460634397343, 1891065.615555899217725 ], [ 644842.508149746106938, 1891075.622394616948441 ], [ 644842.508149746106938, 1891075.622394616948441 ], [ 644851.997829625499435, 1891085.629238446243107 ], [ 644851.997829625499435, 1891085.629238446243107 ], [ 644861.487500273855403, 1891095.636087386868894 ], [ 644861.487500273855403, 1891095.636087386868894 ], [ 644870.97716168849729, 1891105.64294143859297 ], [ 644870.97716168849729, 1891105.64294143859297 ], [ 644880.466813870472834, 1891115.649800602113828 ], [ 644880.466813870472834, 1891115.649800602113828 ], [ 644889.956456820014864, 1891125.656664876965806 ], [ 644889.956456820014864, 1891125.656664876965806 ], [ 644899.446090536890551, 1891135.663534262916073 ], [ 644899.446090536890551, 1891135.663534262916073 ], [ 644908.93571502098348, 1891145.670408760430291 ], [ 644908.93571502098348, 1891145.670408760430291 ], [ 644918.42533027252648, 1891155.67728836950846 ], [ 644918.42533027252648, 1891155.67728836950846 ], [ 644927.914936291286722, 1891165.684173090616241 ], [ 644927.914936291286722, 1891165.684173090616241 ], [ 644937.404533078544773, 1891175.691062923055142 ], [ 644937.404533078544773, 1891175.691062923055142 ], [ 644946.894120631623082, 1891185.697957867756486 ], [ 644946.894120631623082, 1891185.697957867756486 ], [ 644956.383698951802216, 1891195.70485792378895 ], [ 644956.383698951802216, 1891195.70485792378895 ], [ 644965.873268038965762, 1891205.711763091385365 ], [ 644965.873268038965762, 1891205.711763091385365 ], [ 644975.362827894510701, 1891215.718673371244222 ], [ 644975.362827894510701, 1891215.718673371244222 ], [ 644984.852378515526652, 1891225.725588763831183 ], [ 644984.852378515526652, 1891225.725588763831183 ], [ 644994.341919903410599, 1891235.732509267749265 ], [ 644994.341919903410599, 1891235.732509267749265 ], [ 645003.831452056765556, 1891245.73943488416262 ], [ 645003.831452056765556, 1891245.73943488416262 ], [ 645013.320974979666062, 1891255.746365612372756 ], [ 645022.880039873998612, 1891255.813248645979911 ], [ 645032.439105065073818, 1891255.880136090796441 ], [ 645041.998170553240925, 1891255.947027947055176 ], [ 645051.557236339780502, 1891256.013924215920269 ], [ 645051.557236339780502, 1891256.013924215920269 ], [ 645061.046732865273952, 1891266.020878938492388 ], [ 645061.046732865273952, 1891266.020878938492388 ], [ 645060.977162953699008, 1891275.960933064343408 ], [ 645060.907592686824501, 1891285.900987272849306 ], [ 645060.838022064999677, 1891295.841041564475745 ], [ 645060.768451088108122, 1891305.781095938989893 ], [ 645070.257918609073386, 1891315.788057341706008 ], [ 645070.257918609073386, 1891315.788057341706008 ], [ 645079.747376896440983, 1891325.795023856684566 ], [ 645089.306411757017486, 1891325.861939934780821 ], [ 645089.306411757017486, 1891325.861939934780821 ], [ 645098.795856519951485, 1891335.868916283827275 ], [ 645108.35488738422282, 1891335.935841494472697 ], [ 645117.913918546866626, 1891336.002771116793156 ], [ 645127.472950008115731, 1891336.069705151254311 ], [ 645137.031981765059754, 1891336.136643597623333 ], [ 645146.591013819095679, 1891336.203586455667391 ], [ 645156.150046170456335, 1891336.270533725619316 ], [ 645156.150046170456335, 1891336.270533725619316 ], [ 645165.639455956872553, 1891346.277543512405828 ], [ 645165.639455956872553, 1891346.277543512405828 ], [ 645165.569832738372497, 1891356.217601700453088 ], [ 645175.05922834656667, 1891366.22461699321866 ], [ 645175.05922834656667, 1891366.22461699321866 ], [ 645174.989599829306826, 1891376.164675656473264 ], [ 645174.91997095674742, 1891386.104734402382746 ], [ 645174.850341728655621, 1891396.04479323187843 ], [ 645174.780712145380676, 1891405.984852143796161 ], [ 645174.711082206573337, 1891415.924911139300093 ], [ 645184.200443864217959, 1891425.931933505227789 ], [ 645184.200443864217959, 1891425.931933505227789 ], [ 645193.689796287450008, 1891435.93896098411642 ], [ 645193.689796287450008, 1891435.93896098411642 ], [ 645203.179139478015713, 1891445.94599357736297 ], [ 645203.179139478015713, 1891445.94599357736297 ], [ 645212.668473431491293, 1891455.953031282639131 ], [ 645212.668473431491293, 1891455.953031282639131 ], [ 645222.157798151951283, 1891465.960074102738872 ], [ 645222.157798151951283, 1891465.960074102738872 ], [ 645231.6471136379987, 1891475.967122036265209 ], [ 645231.6471136379987, 1891475.967122036265209 ], [ 645241.136419891030528, 1891485.97417508228682 ], [ 645241.136419891030528, 1891485.97417508228682 ], [ 645250.625716908136383, 1891495.98123324313201 ], [ 645250.625716908136383, 1891495.98123324313201 ], [ 645260.115004690596834, 1891505.988296517403796 ], [ 645260.115004690596834, 1891505.988296517403796 ], [ 645269.604283238528296, 1891515.995364905102178 ], [ 645279.163236871827394, 1891516.062375097535551 ], [ 645279.163236871827394, 1891516.062375097535551 ], [ 645288.652501894161105, 1891526.069453320698813 ], [ 645298.211451532552019, 1891526.136472646612674 ], [ 645307.770401468500495, 1891526.203496385598555 ], [ 645317.329351702006534, 1891526.270524536725134 ], [ 645326.888302232837304, 1891526.337557099526748 ], [ 645336.447253061342053, 1891526.404594075866044 ], [ 645336.447253061342053, 1891526.404594075866044 ], [ 645345.936487395083532, 1891536.411701021250337 ], [ 645345.936487395083532, 1891536.411701021250337 ], [ 645355.42571249557659, 1891546.41881308122538 ], [ 645355.42571249557659, 1891546.41881308122538 ], [ 645355.355990403448232, 1891556.358879114734009 ], [ 645355.286267955671065, 1891566.298945231596008 ], [ 645355.216545152012259, 1891576.239011430414394 ], [ 645355.146821992471814, 1891586.179077713517472 ], [ 645355.077098477166146, 1891596.119144078344107 ], [ 645364.56628962024115, 1891606.126263215206563 ], [ 645364.56628962024115, 1891606.126263215206563 ], [ 645374.055471528205089, 1891616.133387466659769 ], [ 645374.055471528205089, 1891616.133387466659769 ], [ 645383.544644200941548, 1891626.140516832238063 ], [ 645393.103550932486542, 1891626.20758337713778 ], [ 645402.662457960424945, 1891626.274654333945364 ], [ 645412.221365285920911, 1891626.341729704057798 ], [ 645421.78027290769387, 1891626.408809486310929 ], [ 645431.339180829934776, 1891626.475893680937588 ], [ 645440.898089048569091, 1891626.542982289334759 ], [ 645440.898089048569091, 1891626.542982289334759 ] ] } },
{ "type": "Feature", "properties": { "year": 2023, "month": null }, "geometry": { "type": "LineString", "coordinates": [ [ 643588.963692049263045, 1889874.043784759705886 ], [ 643588.963692049263045, 1889874.043784759705886 ], [ 643598.454530914779752, 1889884.049959102878347 ], [ 643608.014180053141899, 1889884.116142904385924 ], [ 643617.573829485569149, 1889884.182331114541739 ], [ 643627.133479212177917, 1889884.248523733345792 ], [ 643636.693129234248772, 1889884.314720761263743 ], [ 643646.252779547707178, 1889884.380922197597101 ], [ 643655.812430156860501, 1889884.447128043277189 ], [ 643665.372081060078926, 1889884.513338297838345 ], [ 643674.931732258759439, 1889884.579552960582078 ], [ 643674.931732258759439, 1889884.579552960582078 ], [ 643684.422527576098219, 1889894.585770125733688 ], [ 643684.422527576098219, 1889894.585770125733688 ], [ 643684.353671049815603, 1889904.525768301216885 ], [ 643684.284814171842299, 1889914.465766559820622 ], [ 643684.215956942178309, 1889924.405764901079237 ], [ 643684.147099360707216, 1889934.345763325924054 ], [ 643684.078241427545436, 1889944.285761833423749 ], [ 643684.009383142692968, 1889954.225760424043983 ], [ 643683.940524506033398, 1889964.165759098250419 ], [ 643683.871665517683141, 1889974.105757855111733 ], [ 643693.362412119517103, 1889984.111983235459775 ], [ 643693.362412119517103, 1889984.111983235459775 ], [ 643693.293547843117267, 1889994.051982464967296 ], [ 643702.784280282212421, 1890004.058213338954374 ], [ 643702.784280282212421, 1890004.058213338954374 ], [ 643712.275003495858982, 1890014.064449316821992 ], [ 643712.275003495858982, 1890014.064449316821992 ], [ 643721.765717481728643, 1890024.070690399035811 ], [ 643721.765717481728643, 1890024.070690399035811 ], [ 643731.256422240636311, 1890034.076936585828662 ], [ 643731.256422240636311, 1890034.076936585828662 ], [ 643740.747117772931233, 1890044.083187876502052 ], [ 643740.747117772931233, 1890044.083187876502052 ], [ 643740.678228462697007, 1890054.023189134895802 ], [ 643750.168909830157645, 1890064.02944591967389 ], [ 643750.168909830157645, 1890064.02944591967389 ], [ 643759.659581973333843, 1890074.035707807634026 ], [ 643769.219149008393288, 1890074.101972376694903 ], [ 643769.219149008393288, 1890074.101972376694903 ], [ 643778.709807632956654, 1890084.108244085684419 ], [ 643778.709807632956654, 1890084.108244085684419 ], [ 643778.640898576239124, 1890094.048246899852529 ], [ 643788.131543038296513, 1890104.054524103412405 ], [ 643788.131543038296513, 1890104.054524103412405 ], [ 643797.622178271878511, 1890114.06080641108565 ], [ 643797.622178271878511, 1890114.06080641108565 ], [ 643807.1128042783821, 1890124.067093823570758 ], [ 643807.1128042783821, 1890124.067093823570758 ], [ 643816.603421057574451, 1890134.073386340867728 ], [ 643816.603421057574451, 1890134.073386340867728 ], [ 643826.094028610852547, 1890144.079683963675052 ], [ 643826.094028610852547, 1890144.079683963675052 ], [ 643835.584626935306005, 1890154.085986690828577 ], [ 643835.584626935306005, 1890154.085986690828577 ], [ 643835.51568790525198, 1890164.025991924107075 ], [ 643845.006272065220401, 1890174.032300145830959 ], [ 643845.006272065220401, 1890174.032300145830959 ], [ 643854.496846996480599, 1890184.038613472133875 ], [ 643854.496846996480599, 1890184.038613472133875 ], [ 643854.427897739922628, 1890193.978619567584246 ], [ 643863.918458507629111, 1890203.984938388690352 ], [ 643863.918458507629111, 1890203.984938388690352 ], [ 643873.40901004918851, 1890213.991262315306813 ], [ 643873.40901004918851, 1890213.991262315306813 ], [ 643873.340050566010177, 1890223.931269272463396 ], [ 643882.830587941221893, 1890233.937598694348708 ], [ 643882.830587941221893, 1890233.937598694348708 ], [ 643892.321116088423878, 1890243.94393322058022 ], [ 643901.880609304527752, 1890244.010264727985486 ], [ 643901.880609304527752, 1890244.010264727985486 ], [ 643911.371123933466151, 1890254.016609076177701 ], [ 643911.371123933466151, 1890254.016609076177701 ], [ 643911.302144700894132, 1890263.95661759050563 ], [ 643920.792645164416172, 1890273.962967434898019 ], [ 643920.792645164416172, 1890273.962967434898019 ], [ 643930.28313639992848, 1890283.969322383869439 ], [ 643939.842612453969195, 1890284.035672755213454 ], [ 643949.402088801492937, 1890284.10202753636986 ], [ 643949.402088801492937, 1890284.10202753636986 ], [ 643958.892562226625159, 1890294.108397023752332 ], [ 643968.45203457842581, 1890294.174760931171477 ], [ 643978.011507224990055, 1890294.241129247937351 ], [ 643978.011507224990055, 1890294.241129247937351 ], [ 643987.501962843816727, 1890304.247513273265213 ], [ 643997.061431494890712, 1890304.313890716293827 ], [ 643997.061431494890712, 1890304.313890716293827 ], [ 644006.551873593591154, 1890314.320284564048052 ], [ 644006.551873593591154, 1890314.320284564048052 ], [ 644016.042306465562433, 1890324.326683518942446 ], [ 644016.042306465562433, 1890324.326683518942446 ], [ 644025.532730107777752, 1890334.333087578881532 ], [ 644025.532730107777752, 1890334.333087578881532 ], [ 644035.02314452175051, 1890344.339496745495126 ], [ 644035.02314452175051, 1890344.339496745495126 ], [ 644044.51354970713146, 1890354.345911018084735 ], [ 644054.072997202165425, 1890354.412316453177482 ], [ 644054.072997202165425, 1890354.412316453177482 ], [ 644063.563388867303729, 1890364.418740549357608 ], [ 644063.563388867303729, 1890364.418740549357608 ], [ 644073.053771305363625, 1890374.425169750815257 ], [ 644082.613210513372906, 1890374.491589029319584 ], [ 644082.613210513372906, 1890374.491589029319584 ], [ 644092.103579432237893, 1890384.498028054833412 ], [ 644092.103579432237893, 1890384.498028054833412 ], [ 644101.593939124024473, 1890394.504472187021747 ], [ 644101.593939124024473, 1890394.504472187021747 ], [ 644111.084289585589431, 1890404.510921425186098 ], [ 644111.084289585589431, 1890404.510921425186098 ], [ 644120.574630818562582, 1890414.517375770956278 ], [ 644120.574630818562582, 1890414.517375770956278 ], [ 644130.064962823991664, 1890424.523835222469643 ], [ 644130.064962823991664, 1890424.523835222469643 ], [ 644139.555285599199124, 1890434.530299781821668 ], [ 644139.555285599199124, 1890434.530299781821668 ], [ 644149.04559914546553, 1890444.53676944761537 ], [ 644158.605008615413681, 1890444.603226153878495 ], [ 644158.605008615413681, 1890444.603226153878495 ], [ 644168.09530864097178, 1890454.609705643262714 ], [ 644168.09530864097178, 1890454.609705643262714 ], [ 644168.026198549894616, 1890464.549724100390449 ], [ 644167.957088105729781, 1890474.489742640638724 ], [ 644167.887977308710106, 1890484.429761262843385 ], [ 644167.818866158719175, 1890494.369779969099909 ], [ 644158.259479323402047, 1890494.30331731820479 ], [ 644158.190372406272218, 1890504.243335799779743 ], [ 644148.630990450503305, 1890504.176877252757549 ], [ 644148.561887766234577, 1890514.116895510349423 ], [ 644139.002510691410862, 1890514.050441066036001 ], [ 644138.933412240119651, 1890523.990459100808948 ], [ 644129.374040046241134, 1890523.924008759437129 ], [ 644129.30494582792744, 1890533.864026569528505 ], [ 644119.745578513713554, 1890533.79758033156395 ], [ 644110.186211495893076, 1890533.731138504343107 ], [ 644110.117126096505672, 1890543.671155784511939 ], [ 644100.557763959630392, 1890543.60471806046553 ], [ 644100.488682793220505, 1890553.544735116651282 ], [ 644090.929325536009856, 1890553.478301495546475 ], [ 644090.860248602810316, 1890563.418318327516317 ], [ 644081.300896227825433, 1890563.351888810284436 ], [ 644081.231823527836241, 1890573.291905419202521 ], [ 644071.672476033796556, 1890573.225480005610734 ], [ 644071.603407567017712, 1890583.16549639031291 ], [ 644062.044064954039641, 1890583.099075079895556 ], [ 644052.484722637338564, 1890583.032658179989085 ], [ 644042.925380612839945, 1890582.966245690826327 ], [ 644033.36603888461832, 1890582.899837611475959 ], [ 644033.296988409012556, 1890592.839852852281183 ], [ 644023.737651561852545, 1890592.773448876803741 ], [ 644023.668605319573544, 1890602.713463894557208 ], [ 644014.1092733531259, 1890602.647064023185521 ], [ 644014.040231344406493, 1890612.587078816723078 ], [ 644004.480904257623479, 1890612.520683048060164 ], [ 644004.41186648234725, 1890622.460697619244456 ], [ 644004.342828354565427, 1890632.400712272617966 ], [ 644004.273789874161594, 1890642.340727008646354 ], [ 644004.204751041368581, 1890652.280741828493774 ], [ 644004.135711856069975, 1890662.220756731461734 ], [ 644004.066672318149358, 1890672.160771717084572 ], [ 644003.997632427723147, 1890682.100786785595119 ], [ 644003.928592184791341, 1890692.040801937924698 ], [ 643994.369302083156072, 1890691.974408127367496 ], [ 643994.300266073900275, 1890701.914423055481166 ], [ 643994.231229712255299, 1890711.854438066948205 ], [ 643994.162192997988313, 1890721.794453161070123 ], [ 643994.093155931332149, 1890731.734468339243904 ], [ 643984.533884469419718, 1890731.668077712878585 ], [ 643984.464851636555977, 1890741.608092666836455 ], [ 643974.905585054424591, 1890741.541706145042554 ], [ 643965.3463187685702, 1890741.475324033293873 ], [ 643965.277294755796902, 1890751.415338456863537 ], [ 643955.718033351004124, 1890751.348960449453443 ], [ 643946.158772242255509, 1890751.282586852321401 ], [ 643946.089757049805485, 1890761.222600747365505 ], [ 643936.530500820837915, 1890761.15623125503771 ], [ 643936.461489862413146, 1890771.096244925865903 ], [ 643936.392478551715612, 1890781.036258679116145 ], [ 643936.3234668886289, 1890790.976272516418248 ], [ 643926.764224712154828, 1890790.909906515153125 ], [ 643926.695217283209786, 1890800.849920128239319 ], [ 643926.626209501875564, 1890810.789933824911714 ], [ 643917.066976794274524, 1890810.723571621580049 ], [ 643916.997973247198388, 1890820.663585095666349 ], [ 643916.928969347733073, 1890830.603598652407527 ], [ 643916.859965095994994, 1890840.543612291570753 ], [ 643926.350174853112549, 1890850.549989443738014 ], [ 643926.350174853112549, 1890850.549989443738014 ], [ 643935.840375381056219, 1890860.556371701881289 ], [ 643945.399585745180957, 1890860.622744258726016 ], [ 643954.958796402672306, 1890860.689121226780117 ], [ 643964.518007356440648, 1890860.755502606276423 ], [ 643964.587035245727748, 1890850.815487268613651 ], [ 643974.146251080790535, 1890850.881872751982883 ], [ 643974.215283204219304, 1890840.941857190104201 ], [ 643983.774503921973519, 1890841.008246777812019 ], [ 643993.333724933094345, 1890841.07464077626355 ], [ 644002.892946239211597, 1890841.141039185458794 ], [ 644012.452167841489427, 1890841.207442006096244 ], [ 644022.011389737133868, 1890841.273849237011746 ], [ 644022.08044444094412, 1890831.333832225995138 ], [ 644031.639671217999421, 1890831.400243561249226 ], [ 644031.708730155834928, 1890821.460226326016709 ], [ 644041.267961814417504, 1890821.526641765376553 ], [ 644041.337024986045435, 1890811.586624306859449 ], [ 644050.896261527435854, 1890811.653043850092217 ], [ 644050.965328932972625, 1890801.713026168290526 ], [ 644060.524570353096351, 1890801.779449815861881 ], [ 644070.083812069497071, 1890801.845877874642611 ], [ 644079.643054080894217, 1890801.912310343701392 ], [ 644089.202296387404203, 1890801.978747223271057 ], [ 644098.761538990307599, 1890802.045188514050096 ], [ 644108.320781886810437, 1890802.111634215572849 ], [ 644117.8800250783097, 1890802.178084328304976 ], [ 644127.439268566435203, 1890802.244538851082325 ], [ 644136.998512348160148, 1890802.31099778553471 ], [ 644146.557756425114349, 1890802.377461129566655 ], [ 644156.11700079718139, 1890802.443928885273635 ], [ 644156.186118301120587, 1890792.503907911013812 ], [ 644165.745367553434335, 1890792.570379770128056 ], [ 644165.814489290933125, 1890782.630358572816476 ], [ 644165.883610675460659, 1890772.690337458625436 ], [ 644165.952731707133353, 1890762.750316426157951 ], [ 644166.021852385718375, 1890752.810295477276668 ], [ 644166.021852385718375, 1890752.810295477276668 ], [ 644156.53170052729547, 1890742.803804287686944 ], [ 644156.600815913872793, 1890732.863783812150359 ], [ 644156.600815913872793, 1890732.863783812150359 ], [ 644147.110649884445593, 1890722.857298119226471 ], [ 644147.110649884445593, 1890722.857298119226471 ], [ 644137.55136911640875, 1890722.790837229695171 ], [ 644128.06118956557475, 1890712.784361362457275 ], [ 644128.06118956557475, 1890712.784361362457275 ], [ 644118.571000783122145, 1890702.777890601893887 ], [ 644118.571000783122145, 1890702.777890601893887 ], [ 644109.080802771844901, 1890692.77142494963482 ], [ 644109.080802771844901, 1890692.77142494963482 ], [ 644099.590595530346036, 1890682.764964403584599 ], [ 644099.590595530346036, 1890682.764964403584599 ], [ 644090.100379057461396, 1890672.758508965373039 ], [ 644090.100379057461396, 1890672.758508965373039 ], [ 644080.610153356101364, 1890662.752058634534478 ], [ 644080.679229230387136, 1890652.812041277997196 ], [ 644080.748304752050899, 1890642.872024004580453 ], [ 644090.307620438979939, 1890642.93845597631298 ], [ 644090.376700194086879, 1890632.998438479844481 ], [ 644099.936020763474517, 1890633.064874555217102 ], [ 644109.495341626694426, 1890633.131315040402114 ], [ 644119.054662784794345, 1890633.197759936796501 ], [ 644128.613984239520505, 1890633.26420924323611 ], [ 644138.173305988078937, 1890633.330662960652262 ], [ 644138.242408320540562, 1890623.390644012019038 ], [ 644147.801734950277023, 1890623.457101832609624 ], [ 644147.870841516065411, 1890613.51708265976049 ], [ 644157.430173026979901, 1890613.58354458399117 ], [ 644166.989504831610247, 1890613.650010918267071 ], [ 644167.058620216674171, 1890603.709991216426715 ], [ 644176.617956905276515, 1890603.776461653644219 ], [ 644176.687076523317955, 1890593.836441727355123 ], [ 644186.246418091701344, 1890593.90291626797989 ], [ 644186.315541942836717, 1890583.962896117707714 ], [ 644195.874888392630965, 1890584.029374762205407 ], [ 644205.434235137538053, 1890584.095857816981152 ], [ 644205.503367807599716, 1890574.155837135855108 ], [ 644215.062719435198233, 1890574.222324293572456 ], [ 644215.131856338120997, 1890564.282303387997672 ], [ 644224.691212845500559, 1890564.348794649587944 ], [ 644224.760353981284425, 1890554.408773520030081 ], [ 644234.319715369958431, 1890554.475268884794787 ], [ 644234.388860738603398, 1890544.535247531253844 ], [ 644243.948227009852417, 1890544.601746998494491 ], [ 644244.017376611242071, 1890534.66172542097047 ], [ 644253.576747762504965, 1890534.728228992084041 ], [ 644253.645901596639305, 1890524.788207190576941 ], [ 644263.205277628963813, 1890524.854714864166453 ], [ 644272.764653955353424, 1890524.921226948266849 ], [ 644282.32403057848569, 1890524.987743442645296 ], [ 644291.883407498360611, 1890525.054264347301796 ], [ 644291.883407498360611, 1890525.054264347301796 ], [ 644301.373607949120924, 1890535.060812999028713 ], [ 644301.373607949120924, 1890535.060812999028713 ], [ 644301.304430832504295, 1890545.000836420338601 ], [ 644301.235253362683579, 1890554.940859923837706 ], [ 644301.166075539658777, 1890564.880883510690182 ], [ 644310.656251943437383, 1890574.887438442092389 ], [ 644310.656251943437383, 1890574.887438442092389 ], [ 644320.146419117576443, 1890584.893998480867594 ], [ 644320.146419117576443, 1890584.893998480867594 ], [ 644329.636577063240111, 1890594.900563627481461 ], [ 644329.636577063240111, 1890594.900563627481461 ], [ 644339.12672577786725, 1890604.90713388286531 ], [ 644339.12672577786725, 1890604.90713388286531 ], [ 644348.616865262622014, 1890614.913709245389327 ], [ 644348.616865262622014, 1890614.913709245389327 ], [ 644348.547662389930338, 1890624.85373486741446 ], [ 644358.037787706591189, 1890634.86031572916545 ], [ 644358.037787706591189, 1890634.86031572916545 ], [ 644367.527903792099096, 1890644.86690169852227 ], [ 644367.527903792099096, 1890644.86690169852227 ], [ 644377.018010646221228, 1890654.873492776649073 ], [ 644377.018010646221228, 1890654.873492776649073 ], [ 644386.508108271635137, 1890664.880088963545859 ], [ 644386.508108271635137, 1890664.880088963545859 ], [ 644395.998196666827425, 1890674.886690258281305 ], [ 644395.998196666827425, 1890674.886690258281305 ], [ 644405.488275833195075, 1890684.893296661786735 ], [ 644405.488275833195075, 1890684.893296661786735 ], [ 644414.978345768060535, 1890694.899908174294978 ], [ 644414.978345768060535, 1890694.899908174294978 ], [ 644424.468406472587958, 1890704.90652479371056 ], [ 644424.468406472587958, 1890704.90652479371056 ], [ 644433.958457946660928, 1890714.913146523060277 ], [ 644433.958457946660928, 1890714.913146523060277 ], [ 644443.448500191792846, 1890724.919773360947147 ], [ 644443.448500191792846, 1890724.919773360947147 ], [ 644452.938533205073327, 1890734.926405307604 ], [ 644452.938533205073327, 1890734.926405307604 ], [ 644452.869275642093271, 1890744.866435308009386 ], [ 644462.359294484951533, 1890754.873072753660381 ], [ 644462.359294484951533, 1890754.873072753660381 ], [ 644471.849304098403081, 1890764.879715308779851 ], [ 644471.849304098403081, 1890764.879715308779851 ], [ 644481.339304478606209, 1890774.886362973134965 ], [ 644481.339304478606209, 1890774.886362973134965 ], [ 644490.829295629402623, 1890784.893015746027231 ], [ 644490.829295629402623, 1890784.893015746027231 ], [ 644500.319277549511753, 1890794.89967362745665 ], [ 644500.319277549511753, 1890794.89967362745665 ], [ 644509.809250238817185, 1890804.906336618820205 ], [ 644519.368505842285231, 1890804.972971984185278 ], [ 644519.368505842285231, 1890804.972971984185278 ], [ 644528.858465010067448, 1890814.979644803563133 ], [ 644538.417716617579572, 1890815.046289297984913 ], [ 644538.417716617579572, 1890815.046289297984913 ], [ 644547.907662263838574, 1890825.052971945144236 ], [ 644547.907662263838574, 1890825.052971945144236 ], [ 644557.397598680458032, 1890835.059659701306373 ], [ 644557.397598680458032, 1890835.059659701306373 ], [ 644566.887525864643976, 1890845.066352566704154 ], [ 644566.887525864643976, 1890845.066352566704154 ], [ 644576.377443817676976, 1890855.073050542268902 ], [ 644576.377443817676976, 1890855.073050542268902 ], [ 644585.867352538276464, 1890865.079753627069294 ], [ 644585.867352538276464, 1890865.079753627069294 ], [ 644595.357252030400559, 1890875.086461821338162 ], [ 644595.357252030400559, 1890875.086461821338162 ], [ 644604.847142289974727, 1890885.093175125541165 ], [ 644604.847142289974727, 1890885.093175125541165 ], [ 644614.337023318046704, 1890895.099893539678305 ], [ 644614.337023318046704, 1890895.099893539678305 ], [ 644623.826895114965737, 1890905.10661706305109 ], [ 644623.826895114965737, 1890905.10661706305109 ], [ 644633.316757681779563, 1890915.113345697754994 ], [ 644642.875966679304838, 1890915.180041790939867 ], [ 644642.875966679304838, 1890915.180041790939867 ], [ 644652.365815722616389, 1890925.186780252726749 ], [ 644652.365815722616389, 1890925.186780252726749 ], [ 644661.85565553442575, 1890935.193523826543242 ], [ 644661.85565553442575, 1890935.193523826543242 ], [ 644671.345486116129905, 1890945.200272508896887 ], [ 644671.345486116129905, 1890945.200272508896887 ], [ 644680.835307464702055, 1890955.207026301883161 ], [ 644680.835307464702055, 1890955.207026301883161 ], [ 644690.325119580258615, 1890965.213785205269232 ], [ 644690.325119580258615, 1890965.213785205269232 ], [ 644699.814922465477139, 1890975.220549218356609 ], [ 644699.814922465477139, 1890975.220549218356609 ], [ 644709.30471612024121, 1890985.227318342309445 ], [ 644709.30471612024121, 1890985.227318342309445 ], [ 644718.794500541873276, 1890995.23409257736057 ], [ 644718.794500541873276, 1890995.23409257736057 ], [ 644728.284275731537491, 1891005.24087192164734 ], [ 644728.284275731537491, 1891005.24087192164734 ], [ 644737.774041689233854, 1891015.247656377032399 ], [ 644737.774041689233854, 1891015.247656377032399 ], [ 644747.26379841635935, 1891025.254445942817256 ], [ 644756.822960513061844, 1891025.321198359131813 ], [ 644756.822960513061844, 1891025.321198359131813 ], [ 644766.312703716102988, 1891035.327997755026445 ], [ 644766.312703716102988, 1891035.327997755026445 ], [ 644775.802437687059864, 1891045.334802261553705 ], [ 644775.802437687059864, 1891045.334802261553705 ], [ 644785.292162427096628, 1891055.341611879412085 ], [ 644785.292162427096628, 1891055.341611879412085 ], [ 644794.781877932371572, 1891065.348426608135924 ], [ 644794.781877932371572, 1891065.348426608135924 ], [ 644804.271584206609987, 1891075.35524644725956 ], [ 644804.271584206609987, 1891075.35524644725956 ], [ 644813.761281248531304, 1891085.362071397248656 ], [ 644813.761281248531304, 1891085.362071397248656 ], [ 644823.250969059532508, 1891095.368901459267363 ], [ 644823.250969059532508, 1891095.368901459267363 ], [ 644832.7406476365868, 1891105.375736631918699 ], [ 644832.7406476365868, 1891105.375736631918699 ], [ 644842.230316981323995, 1891115.382576915668324 ], [ 644842.230316981323995, 1891115.382576915668324 ], [ 644851.719977093511261, 1891125.389422310749069 ], [ 644851.719977093511261, 1891125.389422310749069 ], [ 644861.209627974429168, 1891135.396272817160934 ], [ 644861.209627974429168, 1891135.396272817160934 ], [ 644870.699269621400163, 1891145.40312843490392 ], [ 644870.699269621400163, 1891145.40312843490392 ], [ 644880.188902035588399, 1891155.409989163745195 ], [ 644880.188902035588399, 1891155.409989163745195 ], [ 644889.678525217110291, 1891165.416855004616082 ], [ 644899.237627540598623, 1891165.48367790854536 ], [ 644899.237627540598623, 1891165.48367790854536 ], [ 644908.727237198734656, 1891175.490553580923006 ], [ 644908.727237198734656, 1891175.490553580923006 ], [ 644918.216837623738684, 1891185.497434364864603 ], [ 644918.216837623738684, 1891185.497434364864603 ], [ 644927.706428815959953, 1891195.504320260835811 ], [ 644927.706428815959953, 1891195.504320260835811 ], [ 644937.196010776562616, 1891205.511211267206818 ], [ 644937.196010776562616, 1891205.511211267206818 ], [ 644946.685583502869122, 1891215.51810738700442 ], [ 644946.685583502869122, 1891215.51810738700442 ], [ 644946.616070416988805, 1891225.45815739268437 ], [ 644956.105628967867233, 1891235.465059015899897 ], [ 644956.105628967867233, 1891235.465059015899897 ], [ 644965.595178285497241, 1891245.471965750446543 ], [ 644975.154246284393594, 1891245.538826416013762 ], [ 644975.154246284393594, 1891245.538826416013762 ], [ 644984.643782078055665, 1891255.545742983231321 ], [ 644984.643782078055665, 1891255.545742983231321 ], [ 644984.57424922240898, 1891265.485794555628672 ], [ 644994.063770840293728, 1891275.492716626496986 ], [ 644994.063770840293728, 1891275.492716626496986 ], [ 645003.553283223533072, 1891285.499643809860572 ], [ 645013.112334059318528, 1891285.5665233572945 ], [ 645013.112334059318528, 1891285.5665233572945 ], [ 645022.601832919521257, 1891295.573460373328999 ], [ 645022.601832919521257, 1891295.573460373328999 ], [ 645022.532280293409713, 1891305.513513512909412 ], [ 645032.021764977485873, 1891315.520456032594666 ], [ 645032.021764977485873, 1891315.520456032594666 ], [ 645041.511240427847952, 1891325.527403665473685 ], [ 645041.511240427847952, 1891325.527403665473685 ], [ 645051.000706646125764, 1891335.534356410149485 ], [ 645051.000706646125764, 1891335.534356410149485 ], [ 645060.490163629176095, 1891345.54131426778622 ], [ 645060.490163629176095, 1891345.54131426778622 ], [ 645069.979611378628761, 1891355.548277238383889 ], [ 645079.538632177514955, 1891355.615189830306917 ], [ 645089.097653274657205, 1891355.682106835069135 ], [ 645089.097653274657205, 1891355.682106835069135 ], [ 645098.58708320860751, 1891365.689084359211847 ], [ 645098.58708320860751, 1891365.689084359211847 ], [ 645108.076503907330334, 1891375.696066997013986 ], [ 645108.076503907330334, 1891375.696066997013986 ], [ 645117.565915373503231, 1891385.703054747078568 ], [ 645117.565915373503231, 1891385.703054747078568 ], [ 645127.055317607009783, 1891395.710047610336915 ], [ 645127.055317607009783, 1891395.710047610336915 ], [ 645136.54471060517244, 1891405.717045586556196 ], [ 645136.54471060517244, 1891405.717045586556196 ], [ 645146.034094369388185, 1891415.724048675736412 ], [ 645146.034094369388185, 1891415.724048675736412 ], [ 645155.523468899307773, 1891425.731056878576055 ], [ 645155.523468899307773, 1891425.731056878576055 ], [ 645165.012834196444601, 1891435.738070194376633 ], [ 645165.012834196444601, 1891435.738070194376633 ], [ 645164.943207779549994, 1891445.678129129810259 ], [ 645174.432558897649869, 1891455.685147950891405 ], [ 645174.432558897649869, 1891455.685147950891405 ], [ 645183.921900781453587, 1891465.692171885166317 ], [ 645193.480874678236432, 1891465.759140820940956 ], [ 645193.480874678236432, 1891465.759140820940956 ], [ 645202.970203038188629, 1891475.766174590215087 ], [ 645202.970203038188629, 1891475.766174590215087 ], [ 645212.459522160934284, 1891485.773213472682983 ], [ 645212.459522160934284, 1891485.773213472682983 ], [ 645221.948832050547935, 1891495.780257468810305 ], [ 645221.948832050547935, 1891495.780257468810305 ], [ 645231.438132705632597, 1891505.787306578131393 ], [ 645231.438132705632597, 1891505.787306578131393 ], [ 645240.927424127468839, 1891515.79436080227606 ], [ 645240.927424127468839, 1891515.79436080227606 ], [ 645250.416706313262694, 1891525.80142013868317 ], [ 645250.416706313262694, 1891525.80142013868317 ], [ 645259.905979264294729, 1891535.808484589681029 ], [ 645269.464923422317952, 1891535.875490988604724 ], [ 645269.464923422317952, 1891535.875490988604724 ], [ 645278.954182849032804, 1891545.882565275067464 ], [ 645278.954182849032804, 1891545.882565275067464 ], [ 645288.443433039705269, 1891555.889644674956799 ], [ 645288.443433039705269, 1891555.889644674956799 ], [ 645297.932673995499499, 1891565.896729189669713 ], [ 645297.932673995499499, 1891565.896729189669713 ], [ 645307.421905716299079, 1891575.903818817576393 ], [ 645307.421905716299079, 1891575.903818817576393 ], [ 645316.911128202220425, 1891585.910913560073823 ], [ 645316.911128202220425, 1891585.910913560073823 ], [ 645326.400341453030705, 1891595.918013417162001 ], [ 645326.400341453030705, 1891595.918013417162001 ], [ 645335.889545468846336, 1891605.925118388375267 ], [ 645335.889545468846336, 1891605.925118388375267 ], [ 645345.378740249434486, 1891615.93222847324796 ], [ 645345.378740249434486, 1891615.93222847324796 ], [ 645354.867925796192139, 1891625.939343673409894 ], [ 645354.867925796192139, 1891625.939343673409894 ], [ 645364.357102106441744, 1891635.946463986765593 ], [ 645364.357102106441744, 1891635.946463986765593 ], [ 645373.846269181231037, 1891645.953589415643364 ], [ 645373.846269181231037, 1891645.953589415643364 ], [ 645383.335427020792849, 1891655.960719959344715 ], [ 645383.335427020792849, 1891655.960719959344715 ], [ 645392.824575626291335, 1891665.967855616239831 ], [ 645392.824575626291335, 1891665.967855616239831 ], [ 645402.31371499504894, 1891675.974996389588341 ], [ 645402.31371499504894, 1891675.974996389588341 ], [ 645411.802845128229819, 1891685.982142276130617 ], [ 645411.802845128229819, 1891685.982142276130617 ], [ 645421.291966024553403, 1891695.989293277729303 ], [ 645421.291966024553403, 1891695.989293277729303 ], [ 645430.781077687977813, 1891705.996449395315722 ], [ 645430.781077687977813, 1891705.996449395315722 ], [ 645440.270180114312097, 1891716.00361062772572 ], [ 645440.270180114312097, 1891716.00361062772572 ], [ 645449.759273304836825, 1891726.010776973096654 ], [ 645449.759273304836825, 1891726.010776973096654 ] ] } },
{ "type": "Feature", "properties": { "year": 2024, "month": null }, "geometry": { "type": "LineString", "coordinates": [ [ 643964.79411679925397, 1890820.995441752485931 ], [ 643974.353346393909305, 1890821.06182631617412 ], [ 643983.912576284608804, 1890821.128215290838853 ], [ 643993.471806468907744, 1890821.194608676480129 ], [ 644003.031036947853863, 1890821.261006472399458 ], [ 644003.100081773591228, 1890811.320990241132677 ], [ 644012.659317135345191, 1890811.387392141390592 ], [ 644022.218552789301611, 1890811.45379845215939 ], [ 644031.777788739535026, 1890811.520209174836054 ], [ 644041.337024984648451, 1890811.58662430732511 ], [ 644041.406087803654373, 1890801.646606931462884 ], [ 644050.965328930178657, 1890801.713026168290526 ], [ 644060.524570353096351, 1890801.779449815861881 ], [ 644070.083812069497071, 1890801.845877874642611 ], [ 644079.643054080894217, 1890801.912310343701392 ], [ 644089.202296387404203, 1890801.978747223271057 ], [ 644098.761538990307599, 1890802.045188514050096 ], [ 644108.320781886810437, 1890802.111634215572849 ], [ 644117.8800250783097, 1890802.178084328304976 ], [ 644127.439268563641235, 1890802.244538851082325 ], [ 644127.439268563641235, 1890802.244538851082325 ], [ 644136.929403663030826, 1890812.251018228707835 ], [ 644136.929403663030826, 1890812.251018228707835 ], [ 644146.419529530336149, 1890822.257502713007852 ], [ 644146.419529530336149, 1890822.257502713007852 ], [ 644146.350415554246865, 1890832.197523629525676 ], [ 644155.840527251362801, 1890842.204013612354174 ], [ 644155.840527251362801, 1890842.204013612354174 ], [ 644155.771407982916571, 1890852.144035001285374 ], [ 644165.261505509726703, 1890862.150530481478199 ], [ 644165.261505509726703, 1890862.150530481478199 ], [ 644165.192380948923528, 1890872.090552343754098 ], [ 644165.123256035149097, 1890882.030574288917705 ], [ 644174.613334453199059, 1890892.037075658096001 ], [ 644174.613334453199059, 1890892.037075658096001 ], [ 644174.544204246951267, 1890901.977098076371476 ], [ 644184.03426849283278, 1890911.983604941982776 ], [ 644184.03426849283278, 1890911.983604941982776 ], [ 644183.965132993878797, 1890921.92362783360295 ], [ 644193.455183068872429, 1890931.930140198441222 ], [ 644193.455183068872429, 1890931.930140198441222 ], [ 644193.38604227732867, 1890941.870163562707603 ], [ 644193.31690113269724, 1890951.810187010793015 ], [ 644193.247759635327384, 1890961.750210541766137 ], [ 644193.178617784753442, 1890971.690234155626968 ], [ 644202.668638868955895, 1890981.696753188036382 ], [ 644202.668638868955895, 1890981.696753188036382 ], [ 644212.158650723169558, 1890991.703277329681441 ], [ 644212.158650723169558, 1890991.703277329681441 ], [ 644221.648653344251215, 1891001.709806578699499 ], [ 644231.207808342529461, 1891001.776315761962906 ], [ 644240.766963637433946, 1891001.842829355737194 ], [ 644250.326119229081087, 1891001.909347361652181 ], [ 644259.88527511479333, 1891001.975869778543711 ], [ 644269.444431295851246, 1891002.042396605946124 ], [ 644279.003587772138417, 1891002.108927845256403 ], [ 644288.562744545284659, 1891002.175463495077565 ], [ 644298.121901612612419, 1891002.242003556806594 ], [ 644298.191094978363253, 1890992.301976315677166 ], [ 644307.75025692791678, 1890992.368520480580628 ], [ 644317.309419173048809, 1890992.435069057391956 ], [ 644326.868581715039909, 1890992.501622044946998 ], [ 644336.427744549699128, 1890992.568179444177076 ], [ 644336.496955909999087, 1890982.628151056356728 ], [ 644346.056123628513888, 1890982.69471255899407 ], [ 644346.125339222257026, 1890972.754683947190642 ], [ 644355.684511823230423, 1890972.82124955416657 ], [ 644355.753731650533155, 1890962.881220718380064 ], [ 644365.312909135362133, 1890962.947790428530425 ], [ 644365.382133196108043, 1890953.007761368295178 ], [ 644374.94131556188222, 1890953.074335182784125 ], [ 644384.500498223351315, 1890953.140913408249617 ], [ 644394.059681180515327, 1890953.207496044458821 ], [ 644394.12891864834819, 1890943.267466144636273 ], [ 644403.688106489251368, 1890943.334052884951234 ], [ 644403.757348190410994, 1890933.394022761145607 ], [ 644403.826589538133703, 1890923.45399272069335 ], [ 644403.895830532419495, 1890913.513962763128802 ], [ 644403.895830532419495, 1890913.513962763128802 ], [ 644394.405864984961227, 1890903.507347378181294 ], [ 644394.405864984961227, 1890903.507347378181294 ], [ 644384.846659093978815, 1890903.440766279352829 ], [ 644375.356680025579408, 1890893.434160721255466 ], [ 644375.356680025579408, 1890893.434160721255466 ], [ 644365.797470139106736, 1890893.367588751483709 ], [ 644356.238260546931997, 1890893.301021192921326 ], [ 644346.748263665125705, 1890883.294430180219933 ], [ 644346.748263665125705, 1890883.294430180219933 ], [ 644337.189050078624859, 1890883.227871750947088 ], [ 644327.6298367890995, 1890883.161317731952295 ], [ 644318.070623792242259, 1890883.094768124399707 ], [ 644308.511411092244089, 1890883.028222927125171 ], [ 644299.021387814660557, 1890873.021655896911398 ], [ 644299.021387814660557, 1890873.021655896911398 ], [ 644289.462171119055711, 1890872.95511982915923 ], [ 644279.972134317853488, 1890862.948562625329942 ], [ 644279.972134317853488, 1890862.948562625329942 ], [ 644270.412913626409136, 1890862.882035686867312 ], [ 644260.853693230310455, 1890862.815513159148395 ], [ 644251.363638616981916, 1890852.808970499783754 ], [ 644251.363638616981916, 1890852.808970499783754 ], [ 644241.804414223646745, 1890852.742457100655884 ], [ 644232.314346088096499, 1890842.735924267675728 ], [ 644232.314346088096499, 1890842.735924267675728 ], [ 644222.755117701599374, 1890842.669419997604564 ], [ 644213.265036043943837, 1890832.662896990310401 ], [ 644213.265036043943837, 1890832.662896990310401 ], [ 644203.774945153971203, 1890822.656379090622067 ], [ 644203.844086296157911, 1890812.716356416232884 ], [ 644203.91322708548978, 1890802.776333823334426 ], [ 644203.91322708548978, 1890802.776333823334426 ], [ 644194.42311708710622, 1890792.769821813097224 ], [ 644194.492252583848312, 1890782.829799694241956 ], [ 644194.561387727735564, 1890772.889777658972889 ], [ 644194.630522518535145, 1890762.949755706358701 ], [ 644194.699656956363469, 1890753.009733836166561 ], [ 644194.699656956363469, 1890753.009733836166561 ], [ 644185.209517969982699, 1890743.00322849326767 ], [ 644185.278647115454078, 1890733.063207097351551 ], [ 644185.278647115454078, 1890733.063207097351551 ], [ 644175.78849395934958, 1890723.056707251584157 ], [ 644175.78849395934958, 1890723.056707251584157 ], [ 644166.298331571510062, 1890713.050212513422593 ], [ 644166.298331571510062, 1890713.050212513422593 ], [ 644156.808159954845905, 1890703.043722883798182 ], [ 644156.808159954845905, 1890703.043722883798182 ], [ 644147.317979107843712, 1890693.037238361081108 ], [ 644147.317979107843712, 1890693.037238361081108 ], [ 644137.75868458126206, 1890692.970778392860666 ], [ 644128.199390348279849, 1890692.904322834452614 ], [ 644118.709191690431908, 1890682.897852853871882 ], [ 644118.709191690431908, 1890682.897852853871882 ], [ 644109.218983801198192, 1890672.891387981595472 ], [ 644109.288073786650784, 1890662.951369621558115 ], [ 644109.357163419481367, 1890653.011351344641298 ], [ 644109.426252699457109, 1890643.071333151543513 ], [ 644118.98556927149184, 1890643.137778353644535 ], [ 644119.054662784794345, 1890633.197759936796501 ], [ 644128.613984236842953, 1890633.26420924323611 ], [ 644138.173305986681953, 1890633.330662960652262 ], [ 644147.73262803023681, 1890633.397121087182313 ], [ 644157.291950369020924, 1890633.46358362515457 ], [ 644157.361061873845756, 1890623.523564063943923 ], [ 644166.920389093691483, 1890623.590030705090612 ], [ 644166.989504831610247, 1890613.650010918965563 ], [ 644176.548836934263818, 1890613.716481663286686 ], [ 644176.617956905276515, 1890603.776461653644219 ], [ 644186.177293887827545, 1890603.842936501838267 ], [ 644186.246418091701344, 1890593.902916268212721 ], [ 644195.805759955430403, 1890593.969395220046863 ], [ 644195.874888392630965, 1890584.029374762205407 ], [ 644205.434235137538053, 1890584.095857816981152 ], [ 644205.503367807599716, 1890574.155837135855108 ], [ 644215.062719435198233, 1890574.222324293572456 ], [ 644215.131856338120997, 1890564.282303388230503 ], [ 644224.691212845500559, 1890564.348794649820775 ], [ 644224.760353981284425, 1890554.408773520030081 ], [ 644234.319715368561447, 1890554.475268884561956 ], [ 644234.388860737206414, 1890544.535247531719506 ], [ 644243.948227007174864, 1890544.601746998960152 ], [ 644244.017376608564518, 1890534.66172542097047 ], [ 644253.576747761107981, 1890534.728228992316872 ], [ 644253.645901595242321, 1890524.788207190576941 ], [ 644263.205277627566829, 1890524.854714864166453 ], [ 644263.274435694329441, 1890514.914692838676274 ], [ 644272.833816607948393, 1890514.98120461567305 ], [ 644272.90297890745569, 1890505.041182366199791 ], [ 644282.462364702252671, 1890505.107698245672509 ], [ 644282.531531234271824, 1890495.167675771517679 ], [ 644292.090921911643818, 1890495.234195753699169 ], [ 644292.160092676291242, 1890485.29417305579409 ], [ 644301.719488233327866, 1890485.360697141615674 ], [ 644301.788663230603561, 1890475.420674219727516 ], [ 644311.348063668934628, 1890475.487202408025041 ], [ 644320.907464402960613, 1890475.553735006833449 ], [ 644330.466865433729254, 1890475.620272015687078 ], [ 644340.026266757398844, 1890475.686813434585929 ], [ 644340.026266757398844, 1890475.686813434585929 ], [ 644349.516470452188514, 1890485.693383722798899 ], [ 644349.516470452188514, 1890485.693383722798899 ], [ 644349.447272173129022, 1890495.633408264722675 ], [ 644349.378073540516198, 1890505.573432889766991 ], [ 644349.308874554699287, 1890515.513457597699016 ], [ 644349.239675215561874, 1890525.453482388984412 ], [ 644349.170475522987545, 1890535.393507262924686 ], [ 644358.660645292606205, 1890545.400084611261263 ], [ 644358.660645292606205, 1890545.400084611261263 ], [ 644358.591440307325684, 1890555.340109958546236 ], [ 644368.081595909548923, 1890565.346692805411294 ], [ 644368.081595909548923, 1890565.346692805411294 ], [ 644368.012385631562211, 1890575.286718626273796 ], [ 644377.502527063363232, 1890585.293306971201673 ], [ 644377.502527063363232, 1890585.293306971201673 ], [ 644377.433311492553912, 1890595.233333266107365 ], [ 644386.923438755096868, 1890605.239927109563723 ], [ 644386.923438755096868, 1890605.239927109563723 ], [ 644396.413556787883863, 1890615.246526061324403 ], [ 644396.413556787883863, 1890615.246526061324403 ], [ 644405.903665591962636, 1890625.253130122553557 ], [ 644405.903665591962636, 1890625.253130122553557 ], [ 644415.393765164772049, 1890635.259739290457219 ], [ 644415.393765164772049, 1890635.259739290457219 ], [ 644415.324529482517391, 1890645.199767229845747 ], [ 644424.814614885603078, 1890655.206381897907704 ], [ 644424.814614885603078, 1890655.206381897907704 ], [ 644434.304691058583558, 1890665.213001674041152 ], [ 644434.304691058583558, 1890665.213001674041152 ], [ 644443.794758001458831, 1890675.219626559410244 ], [ 644443.794758001458831, 1890675.219626559410244 ], [ 644453.284815714112483, 1890685.226256552152336 ], [ 644453.284815714112483, 1890685.226256552152336 ], [ 644462.774864196544513, 1890695.232891655061394 ], [ 644472.334168769535609, 1890695.299501583445817 ], [ 644481.893473639735021, 1890695.366115921875462 ], [ 644491.452778804465197, 1890695.43273467104882 ], [ 644491.452778804465197, 1890695.43273467104882 ], [ 644500.942805185215548, 1890705.439389036502689 ], [ 644500.942805185215548, 1890705.439389036502689 ], [ 644510.432822335627861, 1890715.446048511657864 ], [ 644510.432822335627861, 1890715.446048511657864 ], [ 644519.922830256982706, 1890725.452713095350191 ], [ 644529.482122846413404, 1890725.519350409274921 ], [ 644529.482122846413404, 1890725.519350409274921 ], [ 644538.972117245430127, 1890735.526024821447209 ], [ 644538.972117245430127, 1890735.526024821447209 ], [ 644548.462102412595414, 1890745.532704341225326 ], [ 644548.462102412595414, 1890745.532704341225326 ], [ 644548.392798632383347, 1890755.472737501142547 ], [ 644557.882769631338306, 1890765.479422522243112 ], [ 644557.882769631338306, 1890765.479422522243112 ], [ 644557.813460556906648, 1890775.419456155970693 ], [ 644557.744151128688827, 1890785.359489872353151 ], [ 644557.674841346452013, 1890795.29952367185615 ], [ 644557.605531210429035, 1890805.239557554712519 ], [ 644567.095473215915263, 1890815.24624924804084 ], [ 644567.095473215915263, 1890815.24624924804084 ], [ 644576.585405990481377, 1890825.252946050837636 ], [ 644586.144654491450638, 1890825.319612907245755 ], [ 644595.70390328974463, 1890825.38628417509608 ], [ 644595.70390328974463, 1890825.38628417509608 ], [ 644605.193818252300844, 1890835.392995524918661 ], [ 644614.753063054871745, 1890835.459675921592861 ], [ 644614.753063054871745, 1890835.459675921592861 ], [ 644624.242964495904744, 1890845.466397100128233 ], [ 644624.242964495904744, 1890845.466397100128233 ], [ 644633.732856707065366, 1890855.47312338813208 ], [ 644633.732856707065366, 1890855.47312338813208 ], [ 644643.222739685792476, 1890865.479854785837233 ], [ 644643.222739685792476, 1890865.479854785837233 ], [ 644643.153385792626068, 1890875.419892020756379 ], [ 644643.084031545440666, 1890885.359929338330403 ], [ 644643.014676944119856, 1890895.29996673995629 ], [ 644642.945321988780051, 1890905.240004224004224 ], [ 644652.435175971593708, 1890915.246742295334116 ], [ 644652.435175971593708, 1890915.246742295334116 ], [ 644661.925020724302158, 1890925.253485477529466 ], [ 644661.925020724302158, 1890925.253485477529466 ], [ 644671.414856246905401, 1890935.26023376872763 ], [ 644671.414856246905401, 1890935.26023376872763 ], [ 644680.904682536493056, 1890945.266987170558423 ], [ 644680.904682536493056, 1890945.266987170558423 ], [ 644690.394499594462104, 1890955.273745682789013 ], [ 644699.953692022012547, 1890955.340469474904239 ], [ 644709.512884747004136, 1890955.40719767799601 ], [ 644709.512884747004136, 1890955.40719767799601 ], [ 644719.002683992148377, 1890965.413970738882199 ], [ 644728.561872721649706, 1890965.480708072893322 ], [ 644728.561872721649706, 1890965.480708072893322 ], [ 644738.051658444455825, 1890975.487490963190794 ], [ 644738.051658444455825, 1890975.487490963190794 ], [ 644747.541434936691076, 1890985.494278963888064 ], [ 644747.541434936691076, 1890985.494278963888064 ], [ 644757.031202194513753, 1890995.501072076149285 ], [ 644757.031202194513753, 1890995.501072076149285 ], [ 644766.520960221765563, 1891005.507870298577473 ], [ 644766.520960221765563, 1891005.507870298577473 ], [ 644766.451541740447283, 1891015.447912701172754 ], [ 644766.382122904760763, 1891025.387955186655745 ], [ 644766.312703714706004, 1891035.327997755492106 ], [ 644775.802437685662881, 1891045.334802261553705 ], [ 644775.802437685662881, 1891045.334802261553705 ], [ 644785.292162425816059, 1891055.341611879412085 ], [ 644794.851311946869828, 1891055.408382865367457 ], [ 644804.410461764549837, 1891055.475158262765035 ], [ 644804.410461764549837, 1891055.475158262765035 ], [ 644813.900168689666316, 1891065.48198243114166 ], [ 644813.900168689666316, 1891065.48198243114166 ], [ 644823.389866384095512, 1891075.48881170945242 ], [ 644823.389866384095512, 1891075.48881170945242 ], [ 644832.879554844694212, 1891085.495646099094301 ], [ 644842.438692086841911, 1891085.562440067296848 ], [ 644851.997829625499435, 1891085.629238446243107 ], [ 644851.997829625499435, 1891085.629238446243107 ], [ 644861.487500272458419, 1891095.636087387334555 ], [ 644861.487500272458419, 1891095.636087387334555 ], [ 644870.977161687100306, 1891105.64294143859297 ], [ 644870.977161687100306, 1891105.64294143859297 ], [ 644870.907689202344045, 1891115.582988063804805 ], [ 644870.838216362870298, 1891125.523034771205857 ], [ 644880.327858661068603, 1891135.529894716804847 ], [ 644880.327858661068603, 1891135.529894716804847 ], [ 644889.817491726600565, 1891145.53675977489911 ], [ 644889.817491726600565, 1891145.53675977489911 ], [ 644899.307115560746752, 1891155.543629943393171 ], [ 644908.866222768323496, 1891155.610456950962543 ], [ 644918.42533027252648, 1891155.67728836950846 ], [ 644918.42533027252648, 1891155.67728836950846 ], [ 644927.914936291286722, 1891165.684173090616241 ], [ 644927.914936291286722, 1891165.684173090616241 ], [ 644937.404533078544773, 1891175.691062923055142 ], [ 644937.404533078544773, 1891175.691062923055142 ], [ 644937.335025999462232, 1891185.631112288217992 ], [ 644946.824608610244468, 1891195.638007624074817 ], [ 644946.824608610244468, 1891195.638007624074817 ], [ 644956.314181988011114, 1891205.644908072426915 ], [ 644965.873268037568778, 1891205.711763091851026 ], [ 644965.873268037568778, 1891205.711763091851026 ], [ 644975.362827893113717, 1891215.718673371244222 ], [ 644975.362827893113717, 1891215.718673371244222 ], [ 644984.852378514129668, 1891225.725588763831183 ], [ 644994.411456280504353, 1891225.792457635514438 ], [ 644994.411456280504353, 1891225.792457635514438 ], [ 645003.900993377668783, 1891235.79938286030665 ], [ 645003.900993377668783, 1891235.79938286030665 ], [ 645013.390521243098192, 1891245.806313196662813 ], [ 645013.390521243098192, 1891245.806313196662813 ], [ 645022.880039873998612, 1891255.813248645979911 ], [ 645022.880039873998612, 1891255.813248645979911 ], [ 645032.369549271417782, 1891265.820189206162468 ], [ 645032.369549271417782, 1891265.820189206162468 ], [ 645041.859049435588531, 1891275.827134879538789 ], [ 645041.859049435588531, 1891275.827134879538789 ], [ 645051.348540367791429, 1891285.834085666108876 ], [ 645051.348540367791429, 1891285.834085666108876 ], [ 645051.278974333545193, 1891295.774139648769051 ], [ 645060.768451088108122, 1891305.781095938989893 ], [ 645060.768451088108122, 1891305.781095938989893 ], [ 645070.257918607676402, 1891315.788057341938838 ], [ 645079.816957757691853, 1891315.854968698695302 ], [ 645079.816957757691853, 1891315.854968698695302 ], [ 645089.306411755620502, 1891325.861939934780821 ], [ 645089.306411755620502, 1891325.861939934780821 ], [ 645098.795856518670917, 1891335.868916283827275 ], [ 645098.795856518670917, 1891335.868916283827275 ], [ 645108.285292047890835, 1891345.875897745369002 ], [ 645108.285292047890835, 1891345.875897745369002 ], [ 645117.774718343280256, 1891355.882884319638833 ], [ 645117.774718343280256, 1891355.882884319638833 ], [ 645127.26413540635258, 1891365.889876007335261 ], [ 645136.823153399745934, 1891365.956815380137414 ], [ 645136.823153399745934, 1891365.956815380137414 ], [ 645146.312556936754845, 1891375.963816901436076 ], [ 645146.312556936754845, 1891375.963816901436076 ], [ 645146.242941827978939, 1891385.903874720912427 ], [ 645155.732331187697127, 1891395.910881747258827 ], [ 645155.732331187697127, 1891395.910881747258827 ], [ 645165.221711314865388, 1891405.917893886798993 ], [ 645165.221711314865388, 1891405.917893886798993 ], [ 645174.711082205292769, 1891415.924911139300093 ], [ 645174.711082205292769, 1891415.924911139300093 ], [ 645184.200443862820975, 1891425.931933505693451 ], [ 645193.759436111780815, 1891425.998901204904541 ], [ 645193.759436111780815, 1891425.998901204904541 ], [ 645203.248784245690331, 1891436.005933405132964 ], [ 645203.248784245690331, 1891436.005933405132964 ], [ 645203.179139476735145, 1891445.94599357736297 ], [ 645212.668473431491293, 1891455.953031283104792 ], [ 645212.668473431491293, 1891455.953031283104792 ], [ 645222.157798151951283, 1891465.960074102738872 ], [ 645222.157798151951283, 1891465.960074102738872 ], [ 645231.6471136379987, 1891475.967122036265209 ], [ 645241.206084434408695, 1891476.03411334217526 ], [ 645241.206084434408695, 1891476.03411334217526 ], [ 645250.695386395324022, 1891486.041171110467985 ], [ 645250.695386395324022, 1891486.041171110467985 ], [ 645250.625716908136383, 1891495.98123324313201 ], [ 645260.115004690596834, 1891505.988296517403796 ], [ 645260.115004690596834, 1891505.988296517403796 ], [ 645269.604283238528296, 1891515.995364905102178 ], [ 645279.16323687043041, 1891516.06237509730272 ], [ 645279.16323687043041, 1891516.06237509730272 ], [ 645288.652501892764121, 1891526.069453320698813 ], [ 645288.652501892764121, 1891526.069453320698813 ], [ 645298.141757680452429, 1891536.076536657987162 ], [ 645298.141757680452429, 1891536.076536657987162 ], [ 645307.631004233378917, 1891546.08362510916777 ], [ 645307.631004233378917, 1891546.08362510916777 ], [ 645317.12024155294057, 1891556.090718674706295 ], [ 645317.12024155294057, 1891556.090718674706295 ], [ 645317.050537458388135, 1891566.030783554306254 ], [ 645326.539760597515851, 1891576.03788262559101 ], [ 645326.539760597515851, 1891576.03788262559101 ], [ 645336.028974501532502, 1891586.044986811932176 ], [ 645345.587898097583093, 1891586.112030056072399 ], [ 645345.587898097583093, 1891586.112030056072399 ], [ 645355.077098477166146, 1891596.119144078344107 ], [ 645355.077098477166146, 1891596.119144078344107 ], [ 645364.56628962024115, 1891606.126263215206563 ], [ 645364.56628962024115, 1891606.126263215206563 ], [ 645374.055471528205089, 1891616.133387466659769 ], [ 645374.055471528205089, 1891616.133387466659769 ], [ 645383.544644199660979, 1891626.140516832238063 ], [ 645383.544644199660979, 1891626.140516832238063 ], [ 645393.033807638450526, 1891636.147651312407106 ], [ 645393.033807638450526, 1891636.147651312407106 ], [ 645402.522961840732023, 1891646.154790906934068 ], [ 645402.522961840732023, 1891646.154790906934068 ], [ 645412.012106807553209, 1891656.161935616517439 ], [ 645412.012106807553209, 1891656.161935616517439 ], [ 645421.501242538914084, 1891666.169085440924391 ], [ 645431.060132106998935, 1891666.236170874210075 ], [ 645431.060132106998935, 1891666.236170874210075 ], [ 645440.549254312179983, 1891676.243330535944551 ], [ 645440.549254312179983, 1891676.243330535944551 ], [ 645450.038367281667888, 1891686.250495311571285 ], [ 645450.038367281667888, 1891686.250495311571285 ] ] } },
{ "type": "Feature", "properties": { "year": 2024, "month": null }, "geometry": { "type": "LineString", "coordinates": [ [ 644752.815451620728709, 1890230.051358773140237 ], [ 644752.746069952379912, 1890239.991394083946943 ], [ 644743.186545847798698, 1890239.924670426407829 ], [ 644733.627022041007876, 1890239.857951177284122 ], [ 644724.067498530494049, 1890239.791236339369789 ], [ 644714.507975316373631, 1890239.724525910336524 ], [ 644704.948452397366054, 1890239.657819891115651 ], [ 644695.38892977591604, 1890239.591118281241506 ], [ 644685.829407450859435, 1890239.524421081645414 ], [ 644676.269885421963409, 1890239.457728291163221 ], [ 644666.710363688180223, 1890239.391039910260588 ], [ 644657.15084225172177, 1890239.324355938937515 ], [ 644647.591321113170125, 1890239.257676377892494 ], [ 644638.031800269265659, 1890239.191001226892695 ], [ 644628.472279720241204, 1890239.124330484541133 ], [ 644618.912759468774311, 1890239.057664152001962 ], [ 644609.353239513467997, 1890238.991002229508013 ], [ 644599.793719854205847, 1890238.924344716360793 ], [ 644590.234200489823706, 1890238.857691613025963 ], [ 644580.674681422766298, 1890238.791042919037864 ], [ 644571.115162651869468, 1890238.724398634629324 ], [ 644561.555644177016802, 1890238.657758760498837 ], [ 644551.996125996811315, 1890238.591123295482248 ], [ 644542.436608115327545, 1890238.524492240510881 ], [ 644532.877090528607368, 1890238.457865595119074 ], [ 644523.317573237698525, 1890238.391243359073997 ], [ 644513.758056241436861, 1890238.324625533074141 ], [ 644504.19853954249993, 1890238.258012116188183 ], [ 644494.639023139490746, 1890238.191403109580278 ], [ 644485.079507032292895, 1890238.124798512319103 ], [ 644475.519991219625808, 1890238.058198324637488 ], [ 644465.960475704167038, 1890237.991602546535432 ], [ 644456.400960484752432, 1890237.925011178245768 ], [ 644446.841445560916327, 1890237.858424219535664 ], [ 644437.281930932891555, 1890237.791841670172289 ], [ 644427.722416600794531, 1890237.725263531319797 ], [ 644418.162902564392425, 1890237.658689801348373 ], [ 644408.603388823685236, 1890237.59212048095651 ], [ 644399.043875377392396, 1890237.525555570377037 ], [ 644389.484362228075042, 1890237.458995069609955 ], [ 644379.924849374569021, 1890237.392438978422433 ], [ 644370.365336816641502, 1890237.32588729634881 ], [ 644360.805824553011917, 1890237.259340025018901 ], [ 644360.736630522878841, 1890247.199362798128277 ], [ 644351.177123141475022, 1890247.132819628342986 ], [ 644351.10793334315531, 1890257.072842177236453 ], [ 644351.03874319139868, 1890267.012864809250459 ], [ 644350.969552686321549, 1890276.952887524152175 ], [ 644350.900361827807501, 1890286.892910322640091 ], [ 644341.340873082866892, 1890286.826370333554223 ], [ 644341.271686456399038, 1890296.766392906662077 ], [ 644331.712202593684196, 1890296.69985702005215 ], [ 644322.152719023753889, 1890296.633325542090461 ], [ 644312.662408621399663, 1890286.626776823308319 ], [ 644312.662408621399663, 1890286.626776823308319 ], [ 644303.172088990686461, 1890276.620233211200684 ], [ 644303.241256569745019, 1890266.680212032515556 ], [ 644303.310423795250244, 1890256.740190936718136 ], [ 644303.379590667667799, 1890246.800169924506918 ], [ 644303.379590667667799, 1890246.800169924506918 ], [ 644293.889246993465349, 1890236.793632590444759 ], [ 644293.889246993465349, 1890236.793632590444759 ], [ 644284.329737094347365, 1890236.727120595984161 ], [ 644274.770227491972037, 1890236.660613010404631 ], [ 644265.21071818494238, 1890236.594109835103154 ], [ 644255.651209173491225, 1890236.527611068915576 ], [ 644246.091700456105173, 1890236.461116712074727 ], [ 644236.532192035345361, 1890236.39462676551193 ], [ 644226.972683911444619, 1890236.328141228761524 ], [ 644217.41317608137615, 1890236.261660101357847 ], [ 644207.853668545372784, 1890236.195183382835239 ], [ 644198.294161305995658, 1890236.128711075056344 ], [ 644188.734654361964203, 1890236.062243175925687 ], [ 644179.175147713162005, 1890235.995779687073082 ], [ 644169.615641358308494, 1890235.929320607800037 ], [ 644160.056135299964808, 1890235.862865937873721 ], [ 644150.496629536850378, 1890235.796415677759796 ], [ 644140.937124068965204, 1890235.729969826992601 ], [ 644131.377618894912302, 1890235.663528386270627 ], [ 644121.818114018649794, 1890235.597091354895383 ], [ 644112.258609436219558, 1890235.530658732634038 ], [ 644102.699105148902163, 1890235.464230521116406 ], [ 644093.139601155300625, 1890235.397806718014181 ], [ 644083.580097458092496, 1890235.331387325655669 ], [ 644074.020594056113623, 1890235.264972342178226 ], [ 644064.461090949014761, 1890235.198561768513173 ], [ 644054.90158813551534, 1890235.13215560442768 ], [ 644045.342085618525743, 1890235.065753849921748 ], [ 644035.782583396416157, 1890234.999356505228207 ], [ 644026.223081469302997, 1890234.932963569881395 ], [ 644016.663579838466831, 1890234.866575044346973 ], [ 644007.104078499833122, 1890234.800190928159282 ], [ 643997.544577457476407, 1890234.73381122155115 ], [ 643987.985076709999703, 1890234.667435925221071 ], [ 643987.916061500785872, 1890244.607446725480258 ], [ 643978.35656563192606, 1890244.541075532091781 ], [ 643978.287554655456915, 1890254.481086108600721 ], [ 643978.218543326598592, 1890264.421096768928692 ], [ 643987.70901375846006, 1890274.427479625679553 ], [ 643987.70901375846006, 1890274.427479625679553 ], [ 643997.199474961031228, 1890284.43386758887209 ], [ 644006.75895307736937, 1890284.500248828204349 ], [ 644016.31843149010092, 1890284.566634477581829 ], [ 644025.877910195034929, 1890284.633024536306038 ], [ 644035.437389196245931, 1890284.699419004842639 ], [ 644044.996868492336944, 1890284.76581788319163 ], [ 644054.556348083424382, 1890284.832221171353012 ], [ 644064.115827970905229, 1890284.898628869792446 ], [ 644073.675308151985519, 1890284.965040976880118 ], [ 644073.675308151985519, 1890284.965040976880118 ], [ 644083.165725804050453, 1890294.971471776720136 ], [ 644083.165725804050453, 1890294.971471776720136 ], [ 644092.656134227872826, 1890304.977907682769001 ], [ 644102.215606124838814, 1890305.044333633501083 ], [ 644102.215606124838814, 1890305.044333633501083 ], [ 644111.706001030164771, 1890315.050779363140464 ], [ 644111.706001030164771, 1890315.050779363140464 ], [ 644121.196386707248166, 1890325.057230199221522 ], [ 644121.196386707248166, 1890325.057230199221522 ], [ 644130.686763154459186, 1890335.063686141278595 ], [ 644130.686763154459186, 1890335.063686141278595 ], [ 644140.177130375988781, 1890345.070147190941498 ], [ 644149.736585405888036, 1890345.136596417985857 ], [ 644159.296040731016546, 1890345.203050054609776 ], [ 644168.855496351374313, 1890345.269508101046085 ], [ 644178.41495226835832, 1890345.335970557527617 ], [ 644178.484062709962018, 1890335.395952790277079 ], [ 644188.043523506028578, 1890335.46241934876889 ], [ 644197.602984597557224, 1890335.528890318470076 ], [ 644207.162445984315127, 1890335.595365696819499 ], [ 644216.721907667582855, 1890335.661845485214144 ], [ 644226.2813696450321, 1890335.728329684119672 ], [ 644235.840831916313618, 1890335.794818292139098 ], [ 644245.400294484337792, 1890335.861311310203746 ], [ 644254.959757349221036, 1890335.927808738080785 ], [ 644254.959757349221036, 1890335.927808738080785 ], [ 644264.450068798032589, 1890345.934331107418984 ], [ 644264.450068798032589, 1890345.934331107418984 ], [ 644264.380916734808125, 1890355.87435172079131 ], [ 644264.311764318379574, 1890365.814372417749837 ], [ 644264.242611548863351, 1890375.754393198527396 ], [ 644264.173458426259458, 1890385.69441406102851 ], [ 644254.614018194610253, 1890385.627910687355325 ], [ 644254.544869304285385, 1890395.567931326571852 ], [ 644254.475720060872845, 1890405.507952048676088 ], [ 644244.916289294254966, 1890405.441452470608056 ], [ 644244.847144283237867, 1890415.38147296779789 ], [ 644235.28771839896217, 1890415.314977492438629 ], [ 644235.218577620340511, 1890425.254997767275199 ], [ 644225.659156618523411, 1890425.188506394857541 ], [ 644225.590020072413608, 1890435.128526444314048 ], [ 644216.030603950028308, 1890435.062039175070822 ], [ 644215.961471636546776, 1890445.002059001242742 ], [ 644206.402060393709689, 1890444.935575834941119 ], [ 644206.332932312856428, 1890454.875595436664298 ], [ 644196.773525952361524, 1890454.809116373304278 ], [ 644196.704402104136534, 1890464.749135750811547 ], [ 644187.145000624586828, 1890464.68266079085879 ], [ 644187.075881009106524, 1890474.622679944615811 ], [ 644177.516484410502017, 1890474.556209087371826 ], [ 644177.447369027766399, 1890484.496228016912937 ], [ 644167.887977308710106, 1890484.429761263309047 ], [ 644167.818866158719175, 1890494.369779969099909 ], [ 644158.259479322005063, 1890494.30331731820479 ], [ 644158.190372404875234, 1890504.243335800012574 ], [ 644148.630990449106321, 1890504.176877252757549 ], [ 644148.561887764837593, 1890514.116895510582253 ], [ 644139.002510690130293, 1890514.050441066501662 ], [ 644138.933412238839082, 1890523.990459100808948 ], [ 644129.374040043563582, 1890523.924008759437129 ], [ 644129.304945825249888, 1890533.864026569761336 ], [ 644119.745578513713554, 1890533.797580332029611 ], [ 644110.186211495893076, 1890533.731138504575938 ], [ 644110.117126096505672, 1890543.671155785210431 ], [ 644100.557763959630392, 1890543.604718060931191 ], [ 644100.488682793220505, 1890553.544735116651282 ], [ 644090.929325536009856, 1890553.478301495546475 ], [ 644090.860248602810316, 1890563.418318327749148 ], [ 644081.300896227825433, 1890563.351888810750097 ], [ 644081.231823527836241, 1890573.291905419202521 ], [ 644071.672476033796556, 1890573.225480005610734 ], [ 644071.603407567017712, 1890583.16549639031291 ], [ 644062.044064954039641, 1890583.099075079895556 ], [ 644052.484722634544596, 1890583.032658179989085 ], [ 644042.925380611442961, 1890582.966245690826327 ], [ 644033.366038883337751, 1890582.899837611475959 ], [ 644033.296988407615572, 1890592.839852852746844 ], [ 644023.737651560455561, 1890592.773448877269402 ], [ 644023.66860531817656, 1890602.713463894557208 ], [ 644014.1092733531259, 1890602.647064023185521 ], [ 644014.040231344406493, 1890612.587078816955909 ], [ 644004.480904257623479, 1890612.520683048292994 ], [ 644004.41186648234725, 1890622.460697619477287 ], [ 643994.852544277673587, 1890622.394305955152959 ], [ 643994.783510735956952, 1890632.334320301888511 ], [ 643994.714476841734722, 1890642.27433473104611 ], [ 643994.645442595006898, 1890652.214349244954064 ], [ 643994.576407995773479, 1890662.154363840585575 ], [ 643994.507373044034466, 1890672.094378520036116 ], [ 643984.948074064799584, 1890672.027989733032882 ], [ 643984.87904334673658, 1890681.968004188267514 ], [ 643984.810012276167981, 1890691.908018727321178 ], [ 643984.740980853326619, 1890701.84803334902972 ], [ 643984.671949077746831, 1890711.788048053858802 ], [ 643984.602916949894279, 1890721.728062841575593 ], [ 643984.533884469419718, 1890731.668077713111416 ], [ 643974.974613300990313, 1890731.601691497722641 ], [ 643974.905585054424591, 1890741.541706145042554 ], [ 643974.836556455353275, 1890751.481720875483006 ], [ 643974.767527503892779, 1890761.421735689975321 ], [ 643965.20827039075084, 1890761.355352965183556 ], [ 643965.139245673199184, 1890771.295367555459961 ] ] } },
{ "type": "Feature", "properties": { "year": 2025, "month": null }, "geometry": { "type": "LineString", "coordinates": [ [ 643589.032501677866094, 1889864.103789892280474 ], [ 643598.592159691965207, 1889864.169968673028052 ], [ 643598.592159691965207, 1889864.169968673028052 ], [ 643608.082999201724306, 1889874.176147342892364 ], [ 643617.642653218470514, 1889874.242335246643052 ], [ 643627.202307529281825, 1889874.3085275599733 ], [ 643636.761962135555223, 1889874.374724281718954 ], [ 643646.321617033449002, 1889874.440925412345678 ], [ 643655.881272226688452, 1889874.507130951853469 ], [ 643655.881272226688452, 1889874.507130951853469 ], [ 643665.372081060078926, 1889884.513338298071176 ], [ 643665.372081060078926, 1889884.513338298071176 ], [ 643665.303234054124914, 1889894.45333577785641 ], [ 643665.234386696480215, 1889904.393333341926336 ], [ 643665.165538987261243, 1889914.333330989349633 ], [ 643665.096690926235169, 1889924.273328718263656 ], [ 643674.587470790720545, 1889934.279542724136263 ], [ 643674.587470790720545, 1889934.279542724136263 ], [ 643684.078241427545436, 1889944.285761833423749 ], [ 643693.637865707394667, 1889944.351987150730565 ], [ 643703.197490281541832, 1889944.418216876219958 ], [ 643703.197490281541832, 1889944.418216876219958 ], [ 643712.688243113108911, 1889954.424450519727543 ], [ 643712.688243113108911, 1889954.424450519727543 ], [ 643712.61937072314322, 1889964.364450112218037 ], [ 643712.550497981254011, 1889974.304449786664918 ], [ 643712.4816248875577, 1889984.244449544930831 ], [ 643712.412751442170702, 1889994.184449385851622 ], [ 643712.343877644976601, 1890004.124449309660122 ], [ 643712.275003495858982, 1890014.064449316821992 ], [ 643721.765717481728643, 1890024.070690399501473 ], [ 643721.765717481728643, 1890024.070690399501473 ], [ 643731.256422240636311, 1890034.076936585828662 ], [ 643740.816006731241941, 1890034.143186702160165 ], [ 643750.375591514981352, 1890034.209441228071228 ], [ 643759.935176595696248, 1890034.275700163096189 ], [ 643769.494761969428509, 1890034.341963506769389 ], [ 643779.054347637691535, 1890034.408231260254979 ], [ 643788.613933601649478, 1890034.474503422621638 ], [ 643798.173519858741201, 1890034.540779993636534 ], [ 643807.733106410363689, 1890034.607060974929482 ], [ 643817.292693256400526, 1890034.673346364405006 ], [ 643826.85228039836511, 1890034.739636163692921 ], [ 643826.85228039836511, 1890034.739636163692921 ], [ 643836.34293302858714, 1890044.745934608625248 ], [ 643836.34293302858714, 1890044.745934608625248 ], [ 643845.833576431963593, 1890054.752238157903776 ], [ 643845.833576431963593, 1890054.752238157903776 ], [ 643855.324210606981069, 1890064.758546812459826 ], [ 643855.324210606981069, 1890064.758546812459826 ], [ 643864.814835556433536, 1890074.764860571827739 ], [ 643864.814835556433536, 1890074.764860571827739 ], [ 643874.305451280088164, 1890084.771179435541853 ], [ 643874.305451280088164, 1890084.771179435541853 ], [ 643883.796057775383815, 1890094.777503405697644 ], [ 643883.796057775383815, 1890094.777503405697644 ], [ 643893.286655043484643, 1890104.783832480199635 ], [ 643893.286655043484643, 1890104.783832480199635 ], [ 643902.777243085787632, 1890114.79016665997915 ], [ 643902.777243085787632, 1890114.79016665997915 ], [ 643912.267821899498813, 1890124.796505945269018 ], [ 643912.267821899498813, 1890124.796505945269018 ], [ 643921.75839148578234, 1890134.80285033560358 ], [ 643921.75839148578234, 1890134.80285033560358 ], [ 643931.248951844871044, 1890144.809199830982834 ], [ 643931.248951844871044, 1890144.809199830982834 ], [ 643940.739502977696247, 1890154.815554432338104 ], [ 643940.739502977696247, 1890154.815554432338104 ], [ 643950.230044881813228, 1890164.821914138738066 ], [ 643959.78957654396072, 1890164.888269651681185 ], [ 643969.349108502268791, 1890164.954629573971033 ], [ 643969.349108502268791, 1890164.954629573971033 ], [ 643978.839632598450407, 1890174.961003818316385 ], [ 643978.839632598450407, 1890174.961003818316385 ], [ 643978.770624089287594, 1890184.901013813680038 ], [ 643988.26113402179908, 1890194.90739355282858 ], [ 643988.26113402179908, 1890194.90739355282858 ], [ 643997.751634725369513, 1890204.913778398418799 ], [ 643997.751634725369513, 1890204.913778398418799 ], [ 644007.242126201163046, 1890214.920168349985033 ], [ 644016.80163670994807, 1890214.986551852663979 ], [ 644016.80163670994807, 1890214.986551852663979 ], [ 644026.292114667827263, 1890224.992951625958085 ], [ 644026.292114667827263, 1890224.992951625958085 ], [ 644026.223081470699981, 1890234.932963569881395 ], [ 644035.713545262929983, 1890244.939368838910013 ], [ 644035.713545262929983, 1890244.939368838910013 ], [ 644045.203999827266671, 1890254.945779213914648 ], [ 644045.203999827266671, 1890254.945779213914648 ], [ 644054.694445164874196, 1890264.952194695128128 ], [ 644064.253934220178053, 1890265.018601779360324 ], [ 644064.253934220178053, 1890265.018601779360324 ], [ 644073.744366038241424, 1890275.025027083931491 ], [ 644073.744366038241424, 1890275.025027083931491 ], [ 644083.234788628178649, 1890285.031457494013011 ], [ 644083.234788628178649, 1890285.031457494013011 ], [ 644092.725201989989728, 1890295.037893010303378 ], [ 644092.725201989989728, 1890295.037893010303378 ], [ 644102.215606124838814, 1890305.044333633501083 ], [ 644102.215606124838814, 1890305.044333633501083 ], [ 644111.706001030164771, 1890315.050779363140464 ], [ 644111.706001030164771, 1890315.050779363140464 ], [ 644121.196386707248166, 1890325.057230199221522 ], [ 644121.196386707248166, 1890325.057230199221522 ], [ 644130.686763157136738, 1890335.063686141278595 ], [ 644130.686763157136738, 1890335.063686141278595 ], [ 644140.17713037726935, 1890345.070147190941498 ], [ 644149.73658540728502, 1890345.136596417985857 ], [ 644159.29604073241353, 1890345.203050054609776 ], [ 644168.855496351374313, 1890345.269508101046085 ], [ 644178.41495226835832, 1890345.335970557527617 ], [ 644187.974408479174599, 1890345.402437423821539 ], [ 644197.533864985220134, 1890345.468908699695021 ], [ 644207.093321786494926, 1890345.535384385380894 ], [ 644207.162445984315127, 1890335.595365696819499 ], [ 644216.721907667582855, 1890335.661845485214144 ], [ 644216.791036097682081, 1890325.721826573600993 ], [ 644226.350502660498023, 1890325.78831046493724 ], [ 644235.909969518426806, 1890325.854798766085878 ], [ 644235.979106766171753, 1890315.914779322454706 ], [ 644245.538578506326303, 1890315.981271726312116 ], [ 644255.098050540545955, 1890316.047768540214747 ], [ 644255.167196605820209, 1890306.107748565729707 ], [ 644264.726673520635813, 1890306.174249481409788 ], [ 644264.795823818072677, 1890296.2342292831745 ], [ 644264.864973762305453, 1890286.294209168059751 ], [ 644264.934123353450559, 1890276.35418913513422 ], [ 644274.49361431831494, 1890276.420693539781496 ], [ 644274.562768141389824, 1890266.480673282640055 ], [ 644284.122263988247141, 1890266.547181789297611 ], [ 644284.191422043484636, 1890256.60716130817309 ], [ 644293.750922772334889, 1890256.673673917772248 ], [ 644303.310423795250244, 1890256.740190936718136 ], [ 644312.869925113744102, 1890256.806712365476415 ], [ 644322.429426727700047, 1890256.873238204047084 ], [ 644331.988928638631478, 1890256.939768451964483 ], [ 644331.988928638631478, 1890256.939768451964483 ], [ 644341.479245277238078, 1890266.94632543483749 ], [ 644341.479245277238078, 1890266.94632543483749 ], [ 644341.410059357411228, 1890276.886347842402756 ], [ 644341.340873084263876, 1890286.826370333554223 ], [ 644341.271686457796022, 1890296.766392906662077 ], [ 644341.202499477891251, 1890306.706415563588962 ], [ 644341.133312144665979, 1890316.646438303636387 ], [ 644331.57383745117113, 1890316.579901801655069 ], [ 644331.504654349992052, 1890326.519924317486584 ], [ 644321.945184536045417, 1890326.453391918679699 ], [ 644321.876005666912533, 1890336.39341420866549 ], [ 644312.316540735308081, 1890336.326885912334546 ], [ 644312.247366098221391, 1890346.266907979967073 ], [ 644302.687906047445722, 1890346.200383785413578 ], [ 644302.618735642638057, 1890356.140405628131703 ], [ 644293.059280472807586, 1890356.07388553628698 ], [ 644292.990114300162531, 1890366.013907155487686 ], [ 644283.430664009880275, 1890365.947391166118905 ], [ 644283.361502069397829, 1890375.88741256063804 ], [ 644273.802056661457755, 1890375.820900674676523 ], [ 644273.732898953254335, 1890385.760921844048426 ], [ 644264.173458427540027, 1890385.69441406102851 ], [ 644264.104304951732047, 1890395.634435007115826 ], [ 644254.544869305565953, 1890395.567931326571852 ], [ 644254.475720062153414, 1890405.507952048676088 ], [ 644244.916289297048934, 1890405.441452470608056 ], [ 644244.847144285915419, 1890415.381472968030721 ], [ 644235.287718400359154, 1890415.314977492904291 ], [ 644235.218577621737495, 1890425.254997767740861 ], [ 644225.659156618523411, 1890425.188506394857541 ], [ 644225.590020072413608, 1890435.128526444314048 ], [ 644216.030603950028308, 1890435.062039175070822 ], [ 644215.961471636546776, 1890445.002059001242742 ], [ 644206.402060393709689, 1890444.935575834941119 ], [ 644206.332932312856428, 1890454.875595436664298 ], [ 644196.773525952361524, 1890454.809116373304278 ], [ 644196.704402104136534, 1890464.749135751277208 ], [ 644187.145000624586828, 1890464.68266079085879 ], [ 644187.075881009106524, 1890474.622679944615811 ], [ 644177.516484410502017, 1890474.556209087371826 ], [ 644177.447369027766399, 1890484.496228016912937 ], [ 644167.887977308710106, 1890484.429761263309047 ], [ 644167.818866158719175, 1890494.369779969099909 ], [ 644158.259479323402047, 1890494.30331731820479 ], [ 644158.190372406272218, 1890504.243335800012574 ], [ 644148.630990450503305, 1890504.176877252757549 ], [ 644148.561887766234577, 1890514.116895510582253 ], [ 644139.002510691410862, 1890514.050441066501662 ], [ 644138.933412240119651, 1890523.990459100808948 ], [ 644129.374040046241134, 1890523.924008759437129 ], [ 644129.30494582792744, 1890533.864026569761336 ], [ 644119.745578513713554, 1890533.797580332029611 ], [ 644110.186211495893076, 1890533.731138504575938 ], [ 644110.117126096505672, 1890543.671155785210431 ], [ 644100.557763959630392, 1890543.604718060931191 ], [ 644100.488682793220505, 1890553.544735116651282 ], [ 644090.929325536009856, 1890553.478301495546475 ], [ 644090.860248602810316, 1890563.418318327749148 ], [ 644081.300896227825433, 1890563.351888810750097 ], [ 644071.741544147953391, 1890563.285463703796268 ], [ 644062.182192362961359, 1890563.219043006887659 ], [ 644052.622840874362737, 1890563.152626720955595 ], [ 644043.063489678082988, 1890563.086214844603091 ], [ 644033.504138778080232, 1890563.01980737852864 ], [ 644023.944788172957487, 1890562.953404323430732 ], [ 644014.385437862831168, 1890562.887005678378046 ], [ 644004.826087846187875, 1890562.820611442672089 ], [ 643995.266738125821576, 1890562.754221618408337 ], [ 643985.707388700218871, 1890562.687836203724146 ], [ 643976.148039568099193, 1890562.621455199550837 ], [ 643976.079017313197255, 1890572.561468434985727 ], [ 643966.519673063186929, 1890572.495091534685344 ], [ 643966.450655041728169, 1890582.435104546602815 ], [ 643956.89131567243021, 1890582.368731749244034 ], [ 643956.822301884414628, 1890592.308744537644088 ], [ 643956.753287744242698, 1890602.248757409164682 ], [ 643956.684273251448758, 1890612.188770363805816 ], [ 643956.615258406265639, 1890622.12878340180032 ], [ 643956.54624320869334, 1890632.06879652175121 ], [ 643956.477227658848278, 1890642.008809725753963 ], [ 643946.91791610175278, 1890641.942439500475302 ], [ 643946.848904785467312, 1890651.882452480960637 ], [ 643937.289598107920028, 1890651.816086359322071 ], [ 643927.730291723739356, 1890651.749724648427218 ], [ 643927.661289227311499, 1890661.689737098757178 ], [ 643918.101987725356594, 1890661.62337949196808 ], [ 643918.032989462721162, 1890671.563391719246283 ], [ 643908.473692841595039, 1890671.497038216795772 ], [ 643908.404698812868446, 1890681.437050220090896 ], [ 643908.33570443186909, 1890691.377062307205051 ], [ 643908.266709698480554, 1890701.317074476974085 ], [ 643908.19771461293567, 1890711.257086729863659 ], [ 643917.687992865219712, 1890721.263454100582749 ], [ 643917.687992865219712, 1890721.263454100582749 ], [ 643917.618992488831282, 1890731.203466826817021 ], [ 643927.10925657232292, 1890741.209839693503454 ], [ 643927.10925657232292, 1890741.209839693503454 ], [ 643927.040250904974528, 1890751.149852891685441 ], [ 643936.530500820837915, 1890761.156231255270541 ], [ 643936.530500820837915, 1890761.156231255270541 ], [ 643936.461489862413146, 1890771.096244925865903 ], [ 643936.392478551715612, 1890781.036258679581806 ], [ 643936.3234668886289, 1890790.976272516651079 ], [ 643936.254454873153009, 1890800.9162864361424 ], [ 643936.185442505404353, 1890810.856300439918414 ], [ 643936.116429785266519, 1890820.796314525883645 ], [ 643936.04741671262309, 1890830.736328695435077 ], [ 643935.978403287823312, 1890840.676342947641388 ], [ 643945.468604461289942, 1890850.682729534106329 ], [ 643945.468604461289942, 1890850.682729534106329 ], [ 643954.958796402672306, 1890860.689121227245778 ], [ 643964.518007356440648, 1890860.755502606742084 ], [ 643964.518007356440648, 1890860.755502606742084 ], [ 643974.008185776416212, 1890870.761904124170542 ], [ 643983.567392734345049, 1890870.828294631559402 ], [ 643993.126599985873327, 1890870.894689549924806 ], [ 644002.685807532048784, 1890870.961088878568262 ], [ 644012.245015374617651, 1890871.027492618886754 ], [ 644021.804223510553129, 1890871.093900769716129 ], [ 644031.363431941368617, 1890871.160313331987709 ], [ 644031.432492289459333, 1890861.220295764040202 ], [ 644040.991705601802096, 1890861.286712430650368 ], [ 644041.060770183801651, 1890851.346694639883935 ], [ 644050.619988379068673, 1890851.413115409668535 ], [ 644050.689057195093483, 1890841.473097395384684 ], [ 644060.248280269210227, 1890841.539522269973531 ], [ 644069.807503639603965, 1890841.605951555538923 ], [ 644079.366727304994129, 1890841.672385251615196 ], [ 644088.925951265380718, 1890841.738823358668014 ], [ 644098.485175522160716, 1890841.805265876697376 ], [ 644098.485175522160716, 1890841.805265876697376 ], [ 644107.97530373709742, 1890851.811732660513371 ], [ 644117.534523996058851, 1890851.878184306900948 ], [ 644117.534523996058851, 1890851.878184306900948 ], [ 644127.024638690054417, 1890861.884660915937275 ], [ 644136.583854952594265, 1890861.951121690915897 ], [ 644146.143071510246955, 1890862.017586876871064 ], [ 644155.702288363012485, 1890862.084056473802775 ], [ 644155.702288363012485, 1890862.084056473802775 ], [ 644165.192380948923528, 1890872.090552343754098 ], [ 644165.192380948923528, 1890872.090552343754098 ], [ 644165.123256035149097, 1890882.030574288917705 ], [ 644165.054130768519826, 1890891.970596318133175 ], [ 644174.544204246951267, 1890901.977098076371476 ], [ 644174.544204246951267, 1890901.977098076371476 ], [ 644174.475073687848635, 1890911.917120577767491 ], [ 644174.405942775774747, 1890921.857143162284046 ], [ 644174.336811510729603, 1890931.797165830619633 ], [ 644174.267679892829619, 1890941.737188581144437 ], [ 644174.198547921841964, 1890951.677211415721104 ], [ 644174.129415598115884, 1890961.617234332021326 ], [ 644183.619450205471367, 1890971.623743538046256 ], [ 644183.619450205471367, 1890971.623743538046256 ], [ 644183.550312588922679, 1890981.563766928622499 ], [ 644193.040333024924621, 1890991.57028163340874 ], [ 644193.040333024924621, 1890991.57028163340874 ], [ 644202.530344229307957, 1891001.576801445800811 ], [ 644202.530344229307957, 1891001.576801445800811 ], [ 644212.020346203469671, 1891011.583326367661357 ], [ 644212.020346203469671, 1891011.583326367661357 ], [ 644221.510338944615796, 1891021.589856395963579 ], [ 644231.069484770298004, 1891021.656366193667054 ], [ 644231.069484770298004, 1891021.656366193667054 ], [ 644240.559463989222422, 1891031.662906049983576 ], [ 644240.559463989222422, 1891031.662906049983576 ], [ 644250.049433975014836, 1891041.669451014371589 ], [ 644259.608571512741037, 1891041.735974659211934 ], [ 644269.167709344415925, 1891041.802502715727314 ], [ 644278.72684747283347, 1891041.8690351836849 ], [ 644288.285985897993669, 1891041.935572062851861 ], [ 644297.845124617218971, 1891042.002113352529705 ], [ 644297.914319395902567, 1891032.062085779150948 ], [ 644307.473462997702882, 1891032.1286311740987 ], [ 644317.032606894848868, 1891032.195180979091674 ], [ 644326.591751088853925, 1891032.261735195992514 ], [ 644336.150895577040501, 1891032.328293824568391 ], [ 644336.150895577040501, 1891032.328293824568391 ], [ 644345.640822646790184, 1891042.334885972784832 ], [ 644345.640822646790184, 1891042.334885972784832 ], [ 644345.571604579454288, 1891052.274915166664869 ], [ 644345.50238615879789, 1891062.214944442501292 ], [ 644345.433167384937406, 1891072.154973801691085 ], [ 644354.923070402699523, 1891082.161572231678292 ], [ 644354.923070402699523, 1891082.161572231678292 ], [ 644364.412964187096804, 1891092.168175770202652 ], [ 644364.412964187096804, 1891092.168175770202652 ], [ 644373.902848738012835, 1891102.174784417729825 ], [ 644373.902848738012835, 1891102.174784417729825 ], [ 644383.392724057892337, 1891112.181398174958304 ], [ 644392.951833622530103, 1891112.247985729947686 ], [ 644402.510943484026939, 1891112.314577696146443 ], [ 644412.070053639938124, 1891112.381174074020237 ], [ 644412.070053639938124, 1891112.381174074020237 ], [ 644421.559906852897257, 1891122.387807097518817 ], [ 644431.11901301285252, 1891122.454412605380639 ], [ 644440.678119469899684, 1891122.521022525150329 ], [ 644450.237226221361198, 1891122.587636855896562 ], [ 644459.796333268517628, 1891122.654255598783493 ], [ 644469.355440612882376, 1891122.720878752414137 ], [ 644469.355440612882376, 1891122.720878752414137 ], [ 644478.845263134571724, 1891132.727540479507297 ], [ 644478.845263134571724, 1891132.727540479507297 ], [ 644488.335076425108127, 1891142.734207316767424 ], [ 644488.335076425108127, 1891142.734207316767424 ], [ 644497.824880483327433, 1891152.740879263496026 ], [ 644497.824880483327433, 1891152.740879263496026 ], [ 644507.314675308996812, 1891162.747556320391595 ], [ 644507.314675308996812, 1891162.747556320391595 ], [ 644516.80446090339683, 1891172.754238487454131 ], [ 644516.80446090339683, 1891172.754238487454131 ], [ 644526.294237263733521, 1891182.760925763519481 ], [ 644526.294237263733521, 1891182.760925763519481 ], [ 644535.784004391520284, 1891192.767618150217459 ], [ 644535.784004391520284, 1891192.767618150217459 ], [ 644545.273762286524288, 1891202.774315647082403 ], [ 644545.273762286524288, 1891202.774315647082403 ], [ 644554.763510950142518, 1891212.781018254347146 ], [ 644554.763510950142518, 1891212.781018254347146 ], [ 644564.253250379464589, 1891222.787725971313193 ], [ 644564.253250379464589, 1891222.787725971313193 ], [ 644573.742980575887486, 1891232.794438799377531 ], [ 644573.742980575887486, 1891232.794438799377531 ], [ 644573.673645694507286, 1891242.734476951183751 ], [ 644573.604310459224507, 1891252.674515187274665 ], [ 644583.094021538388915, 1891262.681233906187117 ], [ 644583.094021538388915, 1891262.681233906187117 ], [ 644592.583723387215286, 1891272.687957736197859 ], [ 644602.142766061471775, 1891272.754647268215194 ], [ 644602.142766061471775, 1891272.754647268215194 ], [ 644611.632454384234734, 1891282.761380928335711 ], [ 644611.632454384234734, 1891282.761380928335711 ], [ 644611.563099382678047, 1891292.701420727651566 ], [ 644611.493744027102366, 1891302.641460610087961 ], [ 644611.424388317507692, 1891312.581500575412065 ], [ 644620.914052581880242, 1891322.58824051823467 ], [ 644620.914052581880242, 1891322.58824051823467 ], [ 644620.844691576668993, 1891332.528280958067626 ], [ 644630.33434166724328, 1891342.535026402911171 ], [ 644630.33434166724328, 1891342.535026402911171 ], [ 644639.823982522939332, 1891352.541776958853006 ], [ 644639.823982522939332, 1891352.541776958853006 ], [ 644649.313614145154133, 1891362.548532626125962 ], [ 644649.313614145154133, 1891362.548532626125962 ], [ 644658.803236533771269, 1891372.555293403333053 ], [ 644658.803236533771269, 1891372.555293403333053 ], [ 644668.292849689954892, 1891382.562059292104095 ], [ 644668.292849689954892, 1891382.562059292104095 ], [ 644668.223463620990515, 1891392.502101768972352 ], [ 644668.154077198007144, 1891402.442144329892471 ], [ 644677.643671235069633, 1891412.448916111374274 ], [ 644677.643671235069633, 1891412.448916111374274 ], [ 644687.13325603690464, 1891422.455693004885688 ], [ 644696.692232855595648, 1891422.522431275108829 ], [ 644696.692232855595648, 1891422.522431275108829 ], [ 644706.181804134510458, 1891432.529217998962849 ], [ 644706.181804134510458, 1891432.529217998962849 ], [ 644715.671366178081371, 1891442.53600983438082 ], [ 644725.230334709631279, 1891442.602761957794428 ], [ 644725.230334709631279, 1891442.602761957794428 ], [ 644734.719883227371611, 1891452.609563624719158 ], [ 644744.278847764711827, 1891452.676324879750609 ], [ 644744.278847764711827, 1891452.676324879750609 ], [ 644753.768382756737992, 1891462.68313637864776 ], [ 644763.327343297423795, 1891462.749906766461208 ], [ 644772.886304134503007, 1891462.816681566182524 ], [ 644782.445265269372612, 1891462.883460778510198 ], [ 644782.445265269372612, 1891462.883460778510198 ], [ 644791.934778150753118, 1891472.890291550196707 ], [ 644791.934778150753118, 1891472.890291550196707 ], [ 644791.865329249296337, 1891482.830338780069724 ], [ 644801.35482795513235, 1891492.837175054941326 ], [ 644801.35482795513235, 1891492.837175054941326 ], [ 644810.844317426788621, 1891502.844016441842541 ], [ 644810.844317426788621, 1891502.844016441842541 ], [ 644820.333797665545717, 1891512.850862939609215 ], [ 644829.892737340414897, 1891512.917665753979236 ], [ 644839.451677312026732, 1891512.984472980955616 ], [ 644849.010617580031976, 1891513.051284619839862 ], [ 644849.010617580031976, 1891513.051284619839862 ], [ 644858.500075709307566, 1891523.058150391792879 ], [ 644868.059011982288212, 1891523.124971163924783 ], [ 644868.059011982288212, 1891523.124971163924783 ], [ 644877.54845658398699, 1891533.131846769247204 ], [ 644877.54845658398699, 1891533.131846769247204 ], [ 644887.037891951040365, 1891543.138727485900745 ], [ 644896.596819937345572, 1891543.205562111921608 ], [ 644896.596819937345572, 1891543.205562111921608 ], [ 644906.086241778219119, 1891553.212452662177384 ], [ 644906.086241778219119, 1891553.212452662177384 ], [ 644915.575654384563677, 1891563.219348324928433 ], [ 644925.134574084193446, 1891563.286196804838255 ], [ 644925.134574084193446, 1891563.286196804838255 ], [ 644934.623973165405914, 1891573.293102300493047 ], [ 644934.623973165405914, 1891573.293102300493047 ], [ 644944.113363010575995, 1891583.300012909574434 ], [ 644944.113363010575995, 1891583.300012909574434 ], [ 644953.602743620984256, 1891593.306928630685434 ], [ 644963.161650742404163, 1891593.373795685591176 ], [ 644972.720558161963709, 1891593.440667153568938 ], [ 644972.720558161963709, 1891593.440667153568938 ], [ 644982.209920954192057, 1891603.447597429389134 ], [ 644991.768824377679266, 1891603.514478030847386 ], [ 645001.327728096628562, 1891603.581363044446334 ], [ 645001.327728096628562, 1891603.581363044446334 ], [ 645010.817073072073981, 1891613.588307875441387 ], [ 645010.817073072073981, 1891613.588307875441387 ], [ 645020.306408811127767, 1891623.595257819863036 ], [ 645029.865304245147854, 1891623.662156688049436 ], [ 645039.424199976027012, 1891623.729059969075024 ], [ 645048.983096005162224, 1891623.795967663172632 ], [ 645058.541992329992354, 1891623.862879769178107 ], [ 645058.541992329992354, 1891623.862879769178107 ], [ 645068.031301667797379, 1891633.869853711454198 ], [ 645068.031301667797379, 1891633.869853711454198 ], [ 645067.961714028846473, 1891643.809911218238994 ], [ 645067.892126034712419, 1891653.749968807445839 ], [ 645067.822537685511634, 1891663.690026480704546 ], [ 645067.752948981127702, 1891673.630084236618131 ], [ 645077.24222930916585, 1891683.637064859038219 ], [ 645077.24222930916585, 1891683.637064859038219 ], [ 645077.172635305789299, 1891693.577123090159148 ], [ 645077.103040947462432, 1891703.517181403469294 ], [ 645086.592302153818309, 1891713.524167923955247 ], [ 645086.592302153818309, 1891713.524167923955247 ], [ 645086.522702496498823, 1891723.464226712007076 ], [ 645086.453102483879775, 1891733.404285584343597 ], [ 645086.383502116193995, 1891743.344344538869336 ], [ 645086.313901393208653, 1891753.284403576748446 ], [ 645086.244300315272994, 1891763.224462696583942 ], [ 645086.174698882037774, 1891773.164521901169792 ], [ 645086.105097093619406, 1891783.10458118817769 ], [ 645086.035494950134307, 1891793.044640557840466 ], [ 645095.524707367876545, 1891803.051635326584801 ], [ 645095.524707367876545, 1891803.051635326584801 ], [ 645105.01391054817941, 1891813.058635209919885 ], [ 645105.01391054817941, 1891813.058635209919885 ], [ 645114.503104493953288, 1891823.065640205750242 ], [ 645114.503104493953288, 1891823.065640205750242 ], [ 645114.433487162925303, 1891833.00570083479397 ], [ 645123.922666929895058, 1891843.012711336603388 ], [ 645123.922666929895058, 1891843.012711336603388 ], [ 645123.853044299175963, 1891852.952772440155968 ], [ 645123.783421313390136, 1891862.89283362752758 ], [ 645123.713797972304747, 1891872.832894896622747 ], [ 645123.644174275919795, 1891882.772956250002608 ], [ 645123.574550224235281, 1891892.713017686270177 ], [ 645123.504925817484036, 1891902.653079205192626 ], [ 645113.946155898622237, 1891902.586127561284229 ], [ 645113.876535725547001, 1891912.526188854826614 ], [ 645104.317770694266073, 1891912.459241315023974 ], [ 645104.248154755216092, 1891922.399302382487804 ], [ 645094.689394611399621, 1891922.332358947023749 ], [ 645094.619782906374894, 1891932.272419787943363 ], [ 645085.061027647461742, 1891932.205480457050726 ], [ 645084.991420176345855, 1891942.145541072590277 ], [ 645075.432669802336022, 1891942.078605846269056 ], [ 645075.36306656524539, 1891952.018666235264391 ], [ 645075.293462973088026, 1891961.958726708777249 ], [ 645065.734722075867467, 1891961.89179527759552 ], [ 645065.665122717851773, 1891971.831855524796993 ], [ 645056.106386706815101, 1891971.76492819795385 ], [ 645056.036791583057493, 1891981.704988219076768 ], [ 645046.478060458321124, 1891981.638064997270703 ], [ 645046.408469568588771, 1891991.578124792547897 ], [ 645036.849743328755721, 1891991.511205674614757 ], [ 645036.780156673397869, 1892001.451265244744718 ], [ 645027.221435321029276, 1892001.384350231615826 ], [ 645027.151852900045924, 1892011.324409575900063 ], [ 645017.593136433977634, 1892011.257498666876927 ], [ 645017.523558247368783, 1892021.1975577857811 ], [ 645007.96484666748438, 1892021.130650981096551 ], [ 645007.89527271525003, 1892031.070709874620661 ], [ 645007.825698408065364, 1892041.010768850333989 ], [ 645007.756123745813966, 1892050.950827909633517 ], [ 645007.686548728612252, 1892060.890887051820755 ], [ 645007.616973356460221, 1892070.830946277594194 ], [ 645017.106081672245637, 1892080.83791424240917 ], [ 645017.106081672245637, 1892080.83791424240917 ], [ 645017.036501000635326, 1892090.777973941760138 ], [ 645016.966919973958284, 1892100.718033725628629 ], [ 645016.897338592330925, 1892110.658093591453508 ], [ 645016.827756855636835, 1892120.598153540398926 ], [ 645016.758174763992429, 1892130.538213572697714 ], [ 645016.688592317281291, 1892140.478273688815534 ], [ 645026.177661727997474, 1892150.485249117482454 ], [ 645026.177661727997474, 1892150.485249117482454 ], [ 645026.108073981711641, 1892160.425309707876295 ], [ 645035.597129210131243, 1892170.432290642987937 ], [ 645035.597129210131243, 1892170.432290642987937 ], [ 645045.086175202159211, 1892180.439276691991836 ], [ 645045.086175202159211, 1892180.439276691991836 ], [ 645054.575211955234408, 1892190.446267855120823 ], [ 645054.575211955234408, 1892190.446267855120823 ], [ 645054.505609019310214, 1892200.386329704429954 ], [ 645054.436005728319287, 1892210.326391635462642 ], [ 645063.925023353658617, 1892220.333388697123155 ], [ 645063.925023353658617, 1892220.333388697123155 ], [ 645073.414031741209328, 1892230.340390872443095 ], [ 645082.972649018047377, 1892230.407335054595023 ], [ 645082.972649018047377, 1892230.407335054595023 ], [ 645092.461643874528818, 1892240.41434706794098 ], [ 645092.461643874528818, 1892240.41434706794098 ], [ 645101.950629491708241, 1892250.421364195412025 ], [ 645101.950629491708241, 1892250.421364195412025 ], [ 645101.881001475383528, 1892260.361428086645901 ], [ 645111.369972910732031, 1892270.368450720096007 ], [ 645111.369972910732031, 1892270.368450720096007 ], [ 645120.858935109106824, 1892280.375478468369693 ], [ 645120.858935109106824, 1892280.375478468369693 ], [ 645130.347888067830354, 1892290.38251133216545 ], [ 645130.347888067830354, 1892290.38251133216545 ], [ 645139.836831788299605, 1892300.389549309853464 ], [ 645139.836831788299605, 1892300.389549309853464 ], [ 645149.325766270514578, 1892310.396592402597889 ], [ 645149.325766270514578, 1892310.396592402597889 ], [ 645158.814691515639424, 1892320.403640611097217 ], [ 645158.814691515639424, 1892320.403640611097217 ], [ 645168.303607520880178, 1892330.41069393325597 ], [ 645168.303607520880178, 1892330.41069393325597 ], [ 645177.792514287633821, 1892340.417752370936796 ], [ 645177.792514287633821, 1892340.417752370936796 ], [ 645177.72284635307733, 1892350.35781948082149 ], [ 645187.211738935788162, 1892360.364883426111192 ], [ 645187.211738935788162, 1892360.364883426111192 ], [ 645196.700622281059623, 1892370.371952486224473 ], [ 645196.700622281059623, 1892370.371952486224473 ], [ 645196.630944099859335, 1892380.312020463868976 ], [ 645206.119813258061185, 1892390.319095031591132 ], [ 645206.119813258061185, 1892390.319095031591132 ], [ 645215.60867317894008, 1892400.326174714136869 ], [ 645225.167216879199259, 1892400.393190358299762 ], [ 645234.725760878180154, 1892400.460210416698828 ], [ 645244.284305172972381, 1892400.527234889334068 ], [ 645244.284305172972381, 1892400.527234889334068 ], [ 645253.773142975755036, 1892410.534333857242018 ], [ 645253.773142975755036, 1892410.534333857242018 ], [ 645253.703435830771923, 1892420.474404021631926 ], [ 645263.192259448580444, 1892430.481508497381583 ], [ 645263.192259448580444, 1892430.481508497381583 ], [ 645272.681073828833178, 1892440.488618089584634 ], [ 645272.681073828833178, 1892440.488618089584634 ], [ 645282.169878968503326, 1892450.495732796378434 ], [ 645291.728401798172854, 1892450.56278088549152 ], [ 645301.286924925167114, 1892450.629833389539272 ], [ 645310.845448349718936, 1892450.696890306891873 ], [ 645320.40397207159549, 1892450.76395163917914 ], [ 645320.40397207159549, 1892450.76395163917914 ], [ 645329.892750800121576, 1892460.771090355934575 ], [ 645339.451270526507869, 1892460.838160826358944 ], [ 645339.451270526507869, 1892460.838160826358944 ], [ 645348.940035724081099, 1892470.845309383235872 ], [ 645348.940035724081099, 1892470.845309383235872 ], [ 645358.428791681071743, 1892480.852463055634871 ], [ 645358.428791681071743, 1892480.852463055634871 ] ] } },
{ "type": "Feature", "properties": { "year": 2025, "month": null }, "geometry": { "type": "LineString", "coordinates": [ [ 645473.130948581034318, 1892481.657766376622021 ], [ 645473.200763441040181, 1892471.717688597273082 ], [ 645473.270577944698744, 1892461.777610900811851 ], [ 645473.340392092359252, 1892451.837533287936822 ], [ 645473.340392092359252, 1892451.837533287936822 ], [ 645463.851672810036689, 1892441.830324108013883 ], [ 645463.851672810036689, 1892441.830324108013883 ], [ 645454.36294428713154, 1892431.823120043613017 ], [ 645454.432748185587116, 1892421.883043298497796 ], [ 645454.432748185587116, 1892421.883043298497796 ], [ 645444.944005478639156, 1892411.875844744266942 ], [ 645444.944005478639156, 1892411.875844744266942 ], [ 645435.385459526674822, 1892411.808727265335619 ], [ 645425.896703287842683, 1892401.801538550760597 ], [ 645425.896703287842683, 1892401.801538550760597 ], [ 645416.40793780866079, 1892391.794354952173308 ], [ 645416.40793780866079, 1892391.794354952173308 ], [ 645406.919163093320094, 1892381.787176470272243 ], [ 645406.919163093320094, 1892381.787176470272243 ], [ 645397.430379137746058, 1892371.780003104126081 ], [ 645397.430379137746058, 1892371.780003104126081 ], [ 645387.941585943335667, 1892361.772834854666144 ], [ 645387.941585943335667, 1892361.772834854666144 ], [ 645378.452783508808352, 1892351.765671720495448 ], [ 645378.452783508808352, 1892351.765671720495448 ], [ 645368.963971836841665, 1892341.758513702312484 ], [ 645368.963971836841665, 1892341.758513702312484 ], [ 645359.475150926271453, 1892331.751360801048577 ], [ 645359.475150926271453, 1892331.751360801048577 ], [ 645349.986320777097717, 1892321.744213015306741 ], [ 645349.986320777097717, 1892321.744213015306741 ], [ 645340.427736487705261, 1892321.677142461994663 ], [ 645330.938892807345837, 1892311.670004514744505 ], [ 645330.938892807345837, 1892311.670004514744505 ], [ 645321.450039888499305, 1892301.662871683947742 ], [ 645321.450039888499305, 1892301.662871683947742 ], [ 645311.961177731165662, 1892291.655743968207389 ], [ 645311.961177731165662, 1892291.655743968207389 ], [ 645302.472306335461326, 1892281.648621367523447 ], [ 645302.472306335461326, 1892281.648621367523447 ], [ 645292.913705174461938, 1892281.581574121955782 ], [ 645283.424820247804746, 1892271.57446136046201 ], [ 645283.424820247804746, 1892271.57446136046201 ], [ 645273.935926082776859, 1892261.567353714490309 ], [ 645273.935926082776859, 1892261.567353714490309 ], [ 645264.447022678214125, 1892251.560251184040681 ], [ 645264.447022678214125, 1892251.560251184040681 ], [ 645254.958110036794096, 1892241.553153768414631 ], [ 645254.958110036794096, 1892241.553153768414631 ], [ 645245.469188157236204, 1892231.546061468077824 ], [ 645245.469188157236204, 1892231.546061468077824 ], [ 645235.980257039656863, 1892221.538974283728749 ], [ 645236.049947893247008, 1892211.59890639828518 ], [ 645236.049947893247008, 1892211.59890639828518 ], [ 645226.561002590926364, 1892201.59182472131215 ], [ 645226.630688143661246, 1892191.651757311308756 ], [ 645226.700373340863734, 1892181.711689984425902 ], [ 645226.700373340863734, 1892181.711689984425902 ], [ 645217.211408911272883, 1892171.704614205984399 ], [ 645217.281088807736523, 1892161.764547354308888 ], [ 645217.350768348667771, 1892151.824480585753918 ], [ 645217.420447534066625, 1892141.884413900785148 ], [ 645217.490126364049502, 1892131.944347297539935 ], [ 645217.559804838499986, 1892122.004280778346583 ], [ 645217.629482957418077, 1892112.064214342506602 ], [ 645217.69916072092019, 1892102.124147989787161 ], [ 645217.768838128773496, 1892092.184081719024107 ], [ 645217.838515181327239, 1892082.244015531847253 ], [ 645217.908191878232174, 1892072.30394942779094 ], [ 645217.977868219837546, 1892062.363883406389505 ], [ 645218.047544205794111, 1892052.42381746834144 ], [ 645218.117219836218283, 1892042.483751613413915 ], [ 645218.186895111342892, 1892032.543685842305422 ], [ 645227.745608636992984, 1892032.610690048430115 ], [ 645227.815288145910017, 1892022.670624050078914 ], [ 645227.884967299294658, 1892012.730558134848252 ], [ 645237.44369030254893, 1892012.79756613727659 ], [ 645237.513373689725995, 1892002.857499996200204 ], [ 645237.583056721603498, 1891992.917433937778696 ], [ 645237.652739397832192, 1891982.977367962710559 ], [ 645237.722421718528494, 1891973.037302071228623 ], [ 645247.281163375009783, 1891973.104313249466941 ], [ 645247.350849929382093, 1891963.164247131440789 ], [ 645247.420536128338426, 1891953.224181096069515 ], [ 645247.490221971529536, 1891943.284115144750103 ], [ 645247.559907459304668, 1891933.344049275619909 ], [ 645247.629592591430992, 1891923.403983489610255 ], [ 645247.699277368141338, 1891913.46391778672114 ], [ 645247.768961789086461, 1891903.523852166719735 ], [ 645247.838645854615606, 1891893.583786629838869 ], [ 645247.908329564495943, 1891883.643721175380051 ], [ 645247.978012918843888, 1891873.703655804507434 ], [ 645247.978012918843888, 1891873.703655804507434 ], [ 645238.488903780234978, 1891863.696582740405574 ], [ 645238.488903780234978, 1891863.696582740405574 ], [ 645228.99978540383745, 1891853.689514789031819 ], [ 645228.99978540383745, 1891853.689514789031819 ], [ 645219.510657792678103, 1891843.682451952947304 ], [ 645219.510657792678103, 1891843.682451952947304 ], [ 645210.021520945243537, 1891833.675394231453538 ], [ 645210.021520945243537, 1891833.675394231453538 ], [ 645200.532374862930737, 1891823.668341623153538 ], [ 645200.532374862930737, 1891823.668341623153538 ], [ 645191.043219541897997, 1891813.661294130142778 ], [ 645191.043219541897997, 1891813.661294130142778 ], [ 645181.554054986103438, 1891803.654251750092953 ], [ 645181.623703373712488, 1891793.714189207181334 ], [ 645181.69335140590556, 1891783.774126747855917 ], [ 645181.762999082566239, 1891773.834064371883869 ], [ 645181.832646403927356, 1891763.894002077868208 ], [ 645181.902293369988911, 1891753.95393986813724 ], [ 645191.461134201847017, 1891754.020917767193168 ], [ 645191.530785401118919, 1891744.080855330917984 ], [ 645201.089631120325066, 1891744.147837333846837 ], [ 645201.159286553040147, 1891734.20777467219159 ], [ 645210.718137155519798, 1891734.274760778527707 ], [ 645210.787796821445227, 1891724.334697889862582 ], [ 645210.857456131838262, 1891714.394635084550828 ], [ 645210.927115086931735, 1891704.454572361428291 ], [ 645210.9967736863764, 1891694.514509722357616 ], [ 645220.555642942315899, 1891694.581499005202204 ], [ 645220.625305774854496, 1891684.641436139820144 ], [ 645230.184179916745052, 1891684.708429526071995 ], [ 645239.743054357240908, 1891684.775427325163037 ], [ 645239.812726011499763, 1891674.835363924968988 ], [ 645249.371605336666107, 1891674.902365827700123 ], [ 645249.441281224135309, 1891664.962302200263366 ], [ 645249.510956755955704, 1891655.022238656179979 ], [ 645249.580631932243705, 1891645.082175195217133 ], [ 645249.580631932243705, 1891645.082175195217133 ], [ 645240.091409073676914, 1891635.075111151440069 ], [ 645240.091409073676914, 1891635.075111151440069 ], [ 645230.602176978485659, 1891625.068052221322432 ], [ 645230.602176978485659, 1891625.068052221322432 ], [ 645221.112935649580322, 1891615.060998406028375 ], [ 645221.112935649580322, 1891615.060998406028375 ], [ 645211.554029685212299, 1891614.994011595612392 ], [ 645202.064774831291288, 1891604.986967615550384 ], [ 645202.064774831291288, 1891604.986967615550384 ], [ 645192.575510739698075, 1891594.979928747983649 ], [ 645192.575510739698075, 1891594.979928747983649 ], [ 645183.08623741439078, 1891584.972894995473325 ], [ 645183.08623741439078, 1891584.972894995473325 ], [ 645173.527318873791955, 1891584.905926762381569 ], [ 645164.038032022421248, 1891574.898902844404802 ], [ 645164.038032022421248, 1891574.898902844404802 ], [ 645154.548735934775323, 1891564.891884040320292 ], [ 645154.548735934775323, 1891564.891884040320292 ], [ 645145.059430613531731, 1891554.884870349196717 ], [ 645145.129051762865856, 1891544.944811118301004 ], [ 645145.198672556667589, 1891535.004751970758662 ], [ 645145.198672556667589, 1891535.004751970758662 ], [ 645135.70934811362531, 1891524.99774417723529 ], [ 645135.70934811362531, 1891524.99774417723529 ], [ 645126.220014435821213, 1891514.990741497371346 ], [ 645126.220014435821213, 1891514.990741497371346 ], [ 645116.730671522091143, 1891504.983743930235505 ], [ 645116.730671522091143, 1891504.983743930235505 ], [ 645107.17171835526824, 1891504.916809055954218 ], [ 645097.612765486817807, 1891504.849878593813628 ], [ 645088.123404757701792, 1891494.842895582318306 ], [ 645088.123404757701792, 1891494.842895582318306 ], [ 645078.56444789248053, 1891494.775974253425375 ], [ 645069.005491325631738, 1891494.709057337604463 ], [ 645059.516112779732794, 1891484.702088881051168 ], [ 645059.516112779732794, 1891484.702088881051168 ], [ 645049.957152218790725, 1891484.635181098012254 ], [ 645040.398191953310743, 1891484.568277727114037 ], [ 645030.839231986203231, 1891484.501378769055009 ], [ 645021.34983133233618, 1891474.494429589016363 ], [ 645021.34983133233618, 1891474.494429589016363 ], [ 645011.790867370902561, 1891474.427539763506502 ], [ 645002.301453190040775, 1891464.42060041683726 ], [ 645002.301453190040775, 1891464.42060041683726 ], [ 644992.812029777676798, 1891454.413666182663292 ], [ 644992.812029777676798, 1891454.413666182663292 ], [ 644983.322597129736096, 1891444.406737060984597 ], [ 644983.322597129736096, 1891444.406737060984597 ], [ 644973.83315524761565, 1891434.399813051335514 ], [ 644973.83315524761565, 1891434.399813051335514 ], [ 644964.343704130034894, 1891424.392894154880196 ], [ 644964.343704130034894, 1891424.392894154880196 ], [ 644954.854243779554963, 1891414.385980370687321 ], [ 644954.854243779554963, 1891414.385980370687321 ], [ 644945.364774195244536, 1891404.379071698756889 ], [ 644945.364774195244536, 1891404.379071698756889 ], [ 644935.875295376987197, 1891394.372168138856068 ], [ 644935.875295376987197, 1891394.372168138856068 ], [ 644926.385807323502377, 1891384.365269691683352 ], [ 644926.455316910753027, 1891374.425218974472955 ], [ 644926.455316910753027, 1891374.425218974472955 ], [ 644916.96581468207296, 1891364.418326030485332 ], [ 644916.96581468207296, 1891364.418326030485332 ], [ 644907.406803517369553, 1891364.351488133193925 ], [ 644897.847792649525218, 1891364.284654647577554 ], [ 644888.288782078190707, 1891364.21782557410188 ], [ 644878.799257742241025, 1891354.210951903369278 ], [ 644878.799257742241025, 1891354.210951903369278 ], [ 644869.309724172460847, 1891344.204083345131949 ], [ 644869.309724172460847, 1891344.204083345131949 ], [ 644859.820181369083002, 1891334.197219897992909 ], [ 644859.820181369083002, 1891334.197219897992909 ], [ 644850.261158219422214, 1891334.130409397417679 ], [ 644840.771601891377941, 1891324.123555782949552 ], [ 644840.771601891377941, 1891324.123555782949552 ], [ 644831.282036329619586, 1891314.116707279812545 ], [ 644831.351497556315735, 1891304.176660228054971 ], [ 644831.351497556315735, 1891304.176660228054971 ], [ 644821.861917819012888, 1891294.169817228335887 ], [ 644821.861917819012888, 1891294.169817228335887 ], [ 644812.372328846948221, 1891284.162979339482263 ], [ 644812.372328846948221, 1891284.162979339482263 ], [ 644802.882730642799288, 1891274.156146561959758 ], [ 644802.882730642799288, 1891274.156146561959758 ], [ 644793.323681747424416, 1891274.089364382205531 ], [ 644783.764633149723522, 1891274.022586615290493 ], [ 644774.205584845854901, 1891273.955813259351999 ], [ 644764.646536839660257, 1891273.88904431508854 ], [ 644755.087489129859023, 1891273.822279782500118 ], [ 644745.528441716451198, 1891273.755519661819562 ], [ 644735.969394597923383, 1891273.688763953279704 ], [ 644726.479757121996954, 1891263.68196932785213 ], [ 644726.479757121996954, 1891263.68196932785213 ], [ 644716.920706009957939, 1891263.615222750697285 ], [ 644707.431055009597912, 1891253.608437956077978 ], [ 644707.431055009597912, 1891253.608437956077978 ], [ 644697.871999901137315, 1891253.541700510308146 ], [ 644688.382335376227275, 1891243.534925545565784 ], [ 644688.382335376227275, 1891243.534925545565784 ], [ 644678.892661619698629, 1891233.528155692620203 ], [ 644678.962046609842218, 1891223.588114236015826 ], [ 644679.031431245733984, 1891213.648072862299159 ], [ 644679.031431245733984, 1891213.648072862299159 ], [ 644669.541738371481188, 1891203.641308901831508 ], [ 644669.611117711639963, 1891193.701268002158031 ], [ 644669.680496697546914, 1891183.761227186070755 ], [ 644669.749875329434872, 1891173.821186452871189 ], [ 644679.308966247714125, 1891173.88790819933638 ], [ 644679.37834911281243, 1891163.947867240523919 ], [ 644688.937444913084619, 1891164.014593090396374 ], [ 644689.006832011393271, 1891154.074551906902343 ], [ 644698.56593269680161, 1891154.141281859949231 ], [ 644698.63532402808778, 1891144.20124045223929 ], [ 644698.70471500523854, 1891134.261199126718566 ], [ 644698.774105628253892, 1891124.321157885016873 ], [ 644698.774105628253892, 1891124.321157885016873 ], [ 644689.284376862226054, 1891114.314388004830107 ], [ 644689.284376862226054, 1891114.314388004830107 ], [ 644679.794638865394518, 1891104.307623235275969 ], [ 644679.794638865394518, 1891104.307623235275969 ], [ 644670.235515836044215, 1891104.240903645055369 ], [ 644660.745764313032851, 1891094.234148705843836 ], [ 644660.745764313032851, 1891094.234148705843836 ], [ 644651.186637288890779, 1891094.167438246542588 ], [ 644641.696872243774123, 1891084.160693136975169 ], [ 644641.696872243774123, 1891084.160693136975169 ], [ 644632.207097966573201, 1891074.153953137574717 ], [ 644632.207097966573201, 1891074.153953137574717 ], [ 644622.647962655173615, 1891074.087256527738646 ], [ 644613.08882764109876, 1891074.020564330276102 ], [ 644603.59903554955963, 1891064.013838879996911 ], [ 644603.59903554955963, 1891064.013838879996911 ], [ 644594.039896540576592, 1891063.947155812988058 ], [ 644584.480757826357149, 1891063.880477156955749 ], [ 644574.990947921876796, 1891053.873766254400834 ], [ 644574.990947921876796, 1891053.873766254400834 ], [ 644565.431805213913321, 1891053.807096729287878 ], [ 644555.94198178476654, 1891043.800395655445755 ], [ 644555.94198178476654, 1891043.800395655445755 ], [ 644546.452149122254923, 1891033.793699692934752 ], [ 644546.452149122254923, 1891033.793699692934752 ], [ 644536.962307229172438, 1891023.78700883872807 ], [ 644537.031615976360627, 1891013.846973744919524 ], [ 644537.031615976360627, 1891013.846973744919524 ], [ 644527.541759910527617, 1891003.840288392500952 ], [ 644527.541759910527617, 1891003.840288392500952 ], [ 644518.051894612843171, 1890993.833608149085194 ], [ 644518.121193124679849, 1890983.893573918845505 ], [ 644518.190491282846779, 1890973.953539772424847 ], [ 644518.190491282846779, 1890973.953539772424847 ], [ 644508.700606870581396, 1890963.946865420090035 ], [ 644508.769899734295905, 1890954.006831747246906 ], [ 644508.769899734295905, 1890954.006831747246906 ], [ 644499.280001151259057, 1890944.00016289530322 ], [ 644499.280001151259057, 1890944.00016289530322 ], [ 644489.79009333672002, 1890933.993499153060839 ], [ 644489.79009333672002, 1890933.993499153060839 ], [ 644480.300176290562376, 1890923.986840520286933 ], [ 644480.300176290562376, 1890923.986840520286933 ], [ 644470.810250014415942, 1890913.980186995817348 ], [ 644470.810250014415942, 1890913.980186995817348 ], [ 644461.320314504206181, 1890903.9735385812819 ], [ 644461.320314504206181, 1890903.9735385812819 ], [ 644451.761106543242931, 1890903.906926605151966 ], [ 644442.271157512092032, 1890893.900288018397987 ], [ 644442.271157512092032, 1890893.900288018397987 ], [ 644432.711945554474369, 1890893.833685172023252 ], [ 644423.221983001101762, 1890883.827056412352249 ], [ 644423.221983001101762, 1890883.827056412352249 ], [ 644413.732011216692626, 1890873.820432762615383 ], [ 644413.732011216692626, 1890873.820432762615383 ], [ 644404.242030200897716, 1890863.813814221182838 ], [ 644404.242030200897716, 1890863.813814221182838 ], [ 644394.752039952669293, 1890853.807200788753107 ], [ 644394.752039952669293, 1890853.807200788753107 ], [ 644385.192811128334142, 1890853.740621226606891 ], [ 644375.702807359513827, 1890843.734017621492967 ], [ 644375.702807359513827, 1890843.734017621492967 ], [ 644366.1435745410854, 1890843.667447188403457 ], [ 644356.584342017071322, 1890843.600881166290492 ], [ 644347.025109787122346, 1890843.534319554455578 ], [ 644337.465877854032442, 1890843.467762354761362 ], [ 644327.906646216637455, 1890843.401209564646706 ], [ 644318.347414873307571, 1890843.334661186439916 ], [ 644308.788183826836757, 1890843.268117218278348 ], [ 644299.298140789847821, 1890833.26155174896121 ], [ 644299.298140789847821, 1890833.26155174896121 ], [ 644289.738905747770332, 1890833.195016910322011 ], [ 644280.179670999757946, 1890833.128486482193694 ], [ 644270.620436548488215, 1890833.061960465274751 ], [ 644261.13037140853703, 1890823.055414258502424 ], [ 644261.13037140853703, 1890823.055414258502424 ], [ 644251.640297036385164, 1890813.048873159335926 ], [ 644251.640297036385164, 1890813.048873159335926 ], [ 644242.150213433546014, 1890803.042337168939412 ], [ 644242.150213433546014, 1890803.042337168939412 ], [ 644232.660120598506182, 1890793.035806286847219 ], [ 644232.729274441022426, 1890783.095782940043136 ], [ 644232.729274441022426, 1890783.095782940043136 ], [ 644223.23916743719019, 1890773.089257555548102 ], [ 644223.308315987233073, 1890763.149234681855887 ], [ 644223.377464184188284, 1890753.209211890818551 ], [ 644223.377464184188284, 1890753.209211890818551 ], [ 644213.887338070897385, 1890743.202692395076156 ], [ 644213.887338070897385, 1890743.202692395076156 ], [ 644204.397202725987881, 1890733.19617800693959 ], [ 644204.397202725987881, 1890733.19617800693959 ], [ 644194.907058151904494, 1890723.189668725710362 ], [ 644194.907058151904494, 1890723.189668725710362 ], [ 644185.416904347715899, 1890713.183164553018287 ], [ 644185.416904347715899, 1890713.183164553018287 ], [ 644175.926741313072853, 1890703.176665487932041 ], [ 644175.926741313072853, 1890703.176665487932041 ], [ 644166.367450485704467, 1890703.11019198037684 ], [ 644156.808159956126474, 1890703.043722883798182 ], [ 644147.248869720497169, 1890702.977258197497576 ], [ 644137.758684582542628, 1890692.970778392860666 ], [ 644137.758684582542628, 1890692.970778392860666 ], [ 644128.268490214482881, 1890682.964303694432601 ], [ 644128.337589725153521, 1890673.024284638697281 ], [ 644128.40668888296932, 1890663.084265664685518 ], [ 644128.475787688046694, 1890653.144246774725616 ], [ 644138.035100264241919, 1890653.210701105184853 ], [ 644138.104203302646056, 1890643.270681991009042 ], [ 644147.663520760135725, 1890643.337140425108373 ], [ 644147.732628031633794, 1890633.397121087182313 ], [ 644157.291950370417908, 1890633.46358362515457 ], [ 644157.361061875126325, 1890623.523564063943923 ], [ 644166.920389093691483, 1890623.590030705090612 ], [ 644166.989504831610247, 1890613.650010918965563 ], [ 644176.548836934263818, 1890613.716481663286686 ], [ 644176.617956905276515, 1890603.776461653644219 ], [ 644186.177293887827545, 1890603.842936501838267 ], [ 644186.246418091701344, 1890593.902916268212721 ], [ 644195.805759955430403, 1890593.969395220046863 ], [ 644195.874888392630965, 1890584.029374762205407 ], [ 644205.434235137538053, 1890584.095857816981152 ], [ 644205.503367807599716, 1890574.15583713632077 ], [ 644215.062719435198233, 1890574.222324294038117 ], [ 644215.131856338120997, 1890564.282303388230503 ], [ 644224.691212845500559, 1890564.348794649820775 ], [ 644224.760353981284425, 1890554.408773520030081 ], [ 644234.319715369958431, 1890554.475268884794787 ], [ 644234.388860738603398, 1890544.535247531719506 ], [ 644243.948227009852417, 1890544.601746998960152 ], [ 644244.017376611242071, 1890534.6617254212033 ], [ 644253.576747762504965, 1890534.728228992316872 ], [ 644253.645901596639305, 1890524.788207190576941 ], [ 644263.205277628963813, 1890524.854714864166453 ], [ 644263.274435695726424, 1890514.914692838676274 ], [ 644272.833816607948393, 1890514.98120461567305 ], [ 644272.90297890745569, 1890505.041182366199791 ], [ 644282.462364702252671, 1890505.107698245672509 ], [ 644282.531531234271824, 1890495.167675771517679 ], [ 644292.090921911643818, 1890495.234195753699169 ], [ 644292.160092676291242, 1890485.29417305579409 ], [ 644301.719488233327866, 1890485.360697141615674 ], [ 644301.788663230603561, 1890475.420674219727516 ], [ 644301.857837874442339, 1890465.480651380028576 ], [ 644311.417242898605764, 1890465.547179261455312 ], [ 644311.486421774839982, 1890455.607156198238954 ], [ 644321.045831680181436, 1890455.673688182141632 ], [ 644330.605241882381961, 1890455.740224576555192 ], [ 644340.164652378764004, 1890455.806765380781144 ], [ 644349.724063170724548, 1890455.873310595517978 ], [ 644349.724063170724548, 1890455.873310595517978 ], [ 644359.21427245484665, 1890465.87988482019864 ], [ 644359.21427245484665, 1890465.87988482019864 ], [ 644359.145070296828635, 1890475.819909503217787 ], [ 644359.075867785373703, 1890485.759934269590303 ], [ 644359.006664920365438, 1890495.699959118384868 ], [ 644358.937461702153087, 1890505.639984051231295 ], [ 644358.868258130503818, 1890515.580009066266939 ], [ 644358.799054205534048, 1890525.520034165587276 ], [ 644358.729849927127361, 1890535.460059346398339 ], [ 644368.220015406375751, 1890545.466641412349418 ], [ 644368.220015406375751, 1890545.466641412349418 ], [ 644377.710171654820442, 1890555.473228585906327 ], [ 644377.710171654820442, 1890555.473228585906327 ], [ 644387.200318675022572, 1890565.479820867767558 ], [ 644396.759680501301773, 1890565.546391514595598 ], [ 644406.319042624556459, 1890565.612966571701691 ], [ 644415.878405042225495, 1890565.679546038853005 ], [ 644415.878405042225495, 1890565.679546038853005 ], [ 644425.368529961910099, 1890575.686157582327724 ], [ 644425.368529961910099, 1890575.686157582327724 ], [ 644425.299291814793833, 1890585.626185331260785 ], [ 644425.230053314240649, 1890595.566213163081557 ], [ 644434.720159125048667, 1890605.572830595541745 ], [ 644434.720159125048667, 1890605.572830595541745 ], [ 644434.650915331207216, 1890615.512858901172876 ], [ 644434.581671183812432, 1890625.452887290157378 ], [ 644444.071757887024432, 1890635.459510612068698 ], [ 644444.071757887024432, 1890635.459510612068698 ], [ 644444.00250844634138, 1890645.399539474397898 ], [ 644443.933258652104996, 1890655.339568419614807 ], [ 644443.864008504198864, 1890665.279597447719425 ], [ 644453.354071156703867, 1890675.28622705116868 ], [ 644453.354071156703867, 1890675.28622705116868 ], [ 644462.844124578870833, 1890685.292861762223765 ], [ 644462.844124578870833, 1890685.292861762223765 ], [ 644472.334168772213161, 1890695.299501583445817 ], [ 644472.334168772213161, 1890695.299501583445817 ], [ 644472.264903451316059, 1890705.239531866507605 ], [ 644481.754933471675031, 1890715.246177186490968 ], [ 644481.754933471675031, 1890715.246177186490968 ], [ 644491.244954262860119, 1890725.252827614778653 ], [ 644491.244954262860119, 1890725.252827614778653 ], [ 644500.734965823590755, 1890735.259483153466135 ], [ 644500.734965823590755, 1890735.259483153466135 ], [ 644500.665685328887776, 1890745.199514691019431 ], [ 644510.155682719079778, 1890755.206175728701055 ], [ 644510.155682719079778, 1890755.206175728701055 ], [ 644519.645670879865065, 1890765.212841875618324 ], [ 644529.204945123870857, 1890765.279480421449989 ], [ 644529.204945123870857, 1890765.279480421449989 ], [ 644538.694919762085192, 1890775.286156395450234 ], [ 644538.694919762085192, 1890775.286156395450234 ], [ 644548.184885169728659, 1890785.292837478918955 ], [ 644548.184885169728659, 1890785.292837478918955 ], [ 644557.674841347848997, 1890795.29952367185615 ], [ 644557.674841347848997, 1890795.29952367185615 ], [ 644557.605531211826019, 1890805.239557554712519 ], [ 644567.095473217312247, 1890815.24624924804084 ], [ 644567.095473217312247, 1890815.24624924804084 ], [ 644576.585405991878361, 1890825.252946050837636 ], [ 644576.585405991878361, 1890825.252946050837636 ], [ 644586.075329534010962, 1890835.259647962637246 ], [ 644586.075329534010962, 1890835.259647962637246 ], [ 644595.565243847901002, 1890845.266354984836653 ], [ 644595.565243847901002, 1890845.266354984836653 ], [ 644605.055148929357529, 1890855.273067116038874 ], [ 644605.055148929357529, 1890855.273067116038874 ], [ 644614.545044779544696, 1890865.279784357408062 ], [ 644614.545044779544696, 1890865.279784357408062 ], [ 644624.034931398578919, 1890875.286506708245724 ], [ 644624.034931398578919, 1890875.286506708245724 ], [ 644633.524808787740767, 1890885.293234168551862 ], [ 644633.524808787740767, 1890885.293234168551862 ], [ 644643.014676944119856, 1890895.29996673995629 ], [ 644643.014676944119856, 1890895.29996673995629 ], [ 644652.504535869229585, 1890905.306704420596361 ], [ 644652.504535869229585, 1890905.306704420596361 ], [ 644661.994385562837124, 1890915.313447210937738 ], [ 644661.994385562837124, 1890915.313447210937738 ], [ 644671.484226026339456, 1890925.320195111911744 ], [ 644671.484226026339456, 1890925.320195111911744 ], [ 644680.974057256942615, 1890935.326948122819886 ], [ 644680.974057256942615, 1890935.326948122819886 ], [ 644690.463879254646599, 1890945.333706243662164 ], [ 644690.463879254646599, 1890945.333706243662164 ], [ 644699.953692022012547, 1890955.340469474904239 ], [ 644699.953692022012547, 1890955.340469474904239 ], [ 644709.443495559040457, 1890965.347237816546112 ], [ 644709.443495559040457, 1890965.347237816546112 ], [ 644718.933289863052778, 1890975.354011268122122 ], [ 644718.933289863052778, 1890975.354011268122122 ], [ 644728.423074935097247, 1890985.360789830796421 ], [ 644728.423074935097247, 1890985.360789830796421 ], [ 644737.912850775523111, 1890995.367573504569009 ], [ 644737.912850775523111, 1890995.367573504569009 ], [ 644747.402617385261692, 1891005.374362287810072 ], [ 644747.402617385261692, 1891005.374362287810072 ], [ 644756.892374761635438, 1891015.381156181450933 ], [ 644756.892374761635438, 1891015.381156181450933 ], [ 644766.382122906157747, 1891025.387955186655745 ], [ 644766.382122906157747, 1891025.387955186655745 ], [ 644775.871861818479374, 1891035.394759302493185 ], [ 644775.871861818479374, 1891035.394759302493185 ], [ 644785.361591500113718, 1891045.401568528264761 ], [ 644785.361591500113718, 1891045.401568528264761 ], [ 644785.292162427096628, 1891055.341611879412085 ], [ 644794.781877932371572, 1891065.348426608368754 ], [ 644794.781877932371572, 1891065.348426608368754 ], [ 644804.271584206609987, 1891075.35524644725956 ], [ 644813.830725146457553, 1891075.422026872867718 ], [ 644813.830725146457553, 1891075.422026872867718 ], [ 644823.320417899056338, 1891085.428856542799622 ], [ 644823.320417899056338, 1891085.428856542799622 ], [ 644832.810101417941041, 1891095.435691324528307 ], [ 644842.369234072859399, 1891095.502485600532964 ], [ 644842.369234072859399, 1891095.502485600532964 ], [ 644851.858904068707488, 1891105.509330212371424 ], [ 644851.858904068707488, 1891105.509330212371424 ], [ 644851.78944075840991, 1891115.449376220814884 ], [ 644851.719977093511261, 1891125.38942231121473 ], [ 644861.209627974429168, 1891135.396272817160934 ], [ 644861.209627974429168, 1891135.396272817160934 ], [ 644870.699269621400163, 1891145.40312843513675 ], [ 644870.699269621400163, 1891145.40312843513675 ], [ 644880.188902035588399, 1891155.409989163745195 ], [ 644880.188902035588399, 1891155.409989163745195 ], [ 644889.678525217110291, 1891165.416855004616082 ], [ 644899.237627540598623, 1891165.48367790854536 ], [ 644899.237627540598623, 1891165.48367790854536 ], [ 644908.727237198734656, 1891175.490553581388667 ], [ 644918.286335528129712, 1891175.55738561716862 ], [ 644927.845434154383838, 1891175.624222064390779 ], [ 644927.845434154383838, 1891175.624222064390779 ], [ 644937.335025999462232, 1891185.631112288217992 ], [ 644937.335025999462232, 1891185.631112288217992 ], [ 644937.265518565429375, 1891195.57116173626855 ], [ 644946.755096233915538, 1891205.57805746444501 ], [ 644946.755096233915538, 1891205.57805746444501 ], [ 644956.244664669502527, 1891215.584958303254098 ], [ 644956.244664669502527, 1891215.584958303254098 ], [ 644965.734223871957511, 1891225.59186425502412 ], [ 644965.734223871957511, 1891225.59186425502412 ], [ 644975.223773842677474, 1891235.598775318590924 ], [ 644975.223773842677474, 1891235.598775318590924 ], [ 644984.713314578868449, 1891245.605691493721679 ], [ 644984.713314578868449, 1891245.605691493721679 ], [ 644984.643782078055665, 1891255.545742983464152 ], [ 644994.133308638585731, 1891265.552664662478492 ], [ 644994.133308638585731, 1891265.552664662478492 ], [ 645003.622825964237563, 1891275.559591453522444 ], [ 645003.622825964237563, 1891275.559591453522444 ], [ 645013.112334059318528, 1891285.5665233572945 ], [ 645013.112334059318528, 1891285.5665233572945 ], [ 645022.601832919521257, 1891295.573460373328999 ], [ 645022.601832919521257, 1891295.573460373328999 ], [ 645032.091322546242736, 1891305.58040250162594 ], [ 645032.091322546242736, 1891305.58040250162594 ], [ 645041.58080293959938, 1891315.587349742185324 ], [ 645041.58080293959938, 1891315.587349742185324 ], [ 645051.070274100638926, 1891325.594302095705643 ], [ 645051.070274100638926, 1891325.594302095705643 ], [ 645051.000706646125764, 1891335.534356410615146 ], [ 645060.490163629176095, 1891345.54131426801905 ], [ 645060.490163629176095, 1891345.54131426801905 ], [ 645069.979611378628761, 1891355.548277238383889 ], [ 645079.538632177514955, 1891355.615189830306917 ], [ 645079.538632177514955, 1891355.615189830306917 ], [ 645089.028066403465346, 1891365.622162634273991 ], [ 645089.028066403465346, 1891365.622162634273991 ], [ 645098.517491394421086, 1891375.629140550969169 ], [ 645108.076503907330334, 1891375.696066997013986 ], [ 645108.076503907330334, 1891375.696066997013986 ], [ 645117.565915373503231, 1891385.703054747078568 ], [ 645117.565915373503231, 1891385.703054747078568 ], [ 645127.055317607009783, 1891395.710047610569745 ], [ 645127.055317607009783, 1891395.710047610569745 ], [ 645136.54471060517244, 1891405.717045586556196 ], [ 645136.54471060517244, 1891405.717045586556196 ], [ 645146.034094369388185, 1891415.724048676202074 ], [ 645146.034094369388185, 1891415.724048676202074 ], [ 645155.523468899307773, 1891425.731056879041716 ], [ 645155.523468899307773, 1891425.731056879041716 ], [ 645165.012834196444601, 1891435.738070194376633 ], [ 645165.012834196444601, 1891435.738070194376633 ], [ 645164.943207779549994, 1891445.678129130043089 ], [ 645174.432558897649869, 1891455.685147951124236 ], [ 645174.432558897649869, 1891455.685147951124236 ], [ 645183.921900781453587, 1891465.692171885166317 ], [ 645183.921900781453587, 1891465.692171885166317 ], [ 645193.411233430961147, 1891475.699200932867825 ], [ 645193.411233430961147, 1891475.699200932867825 ], [ 645202.900556847220287, 1891485.706235093763098 ], [ 645202.900556847220287, 1891485.706235093763098 ], [ 645212.389871026389301, 1891495.713274368783459 ], [ 645212.389871026389301, 1891495.713274368783459 ], [ 645221.87917597242631, 1891505.720318757230416 ], [ 645221.87917597242631, 1891505.720318757230416 ], [ 645231.3684716837015, 1891515.727368258638307 ], [ 645231.3684716837015, 1891515.727368258638307 ], [ 645240.857758161844686, 1891525.734422874404117 ], [ 645250.416706313262694, 1891525.801420139148831 ], [ 645250.416706313262694, 1891525.801420139148831 ], [ 645259.905979264294729, 1891535.808484589681029 ], [ 645269.464923422317952, 1891535.875490988604724 ], [ 645269.464923422317952, 1891535.875490988604724 ], [ 645278.954182849032804, 1891545.882565275067464 ], [ 645278.954182849032804, 1891545.882565275067464 ], [ 645278.88449746358674, 1891555.82262883358635 ], [ 645288.373742710216902, 1891565.829708626260981 ], [ 645288.373742710216902, 1891565.829708626260981 ], [ 645297.86297872196883, 1891575.836793532129377 ], [ 645297.86297872196883, 1891575.836793532129377 ], [ 645307.352205498726107, 1891585.843883553519845 ], [ 645307.352205498726107, 1891585.843883553519845 ], [ 645316.841423040488735, 1891595.850978688569739 ], [ 645316.841423040488735, 1891595.850978688569739 ], [ 645326.330631347140297, 1891605.858078937977552 ], [ 645326.330631347140297, 1891605.858078937977552 ], [ 645335.81983041879721, 1891615.865184300811961 ], [ 645335.81983041879721, 1891615.865184300811961 ], [ 645345.309020254993811, 1891625.872294778702781 ], [ 645345.309020254993811, 1891625.872294778702781 ], [ 645354.798200857592747, 1891635.879410371184349 ], [ 645364.357102106441744, 1891635.946463987231255 ], [ 645364.357102106441744, 1891635.946463987231255 ], [ 645373.846269181231037, 1891645.953589416109025 ], [ 645373.846269181231037, 1891645.953589416109025 ], [ 645373.776534353848547, 1891655.893656898057088 ], [ 645383.265687248902395, 1891665.900787834078074 ], [ 645383.265687248902395, 1891665.900787834078074 ], [ 645392.754830910009332, 1891675.907923884689808 ], [ 645392.754830910009332, 1891675.907923884689808 ], [ 645402.243965334142558, 1891685.915065049193799 ], [ 645402.243965334142558, 1891685.915065049193799 ], [ 645411.733090522815473, 1891695.922211328987032 ], [ 645411.733090522815473, 1891695.922211328987032 ], [ 645421.222206474398263, 1891705.929362724069506 ], [ 645430.781077687977813, 1891705.996449395781383 ], [ 645430.781077687977813, 1891705.996449395781383 ], [ 645440.270180114312097, 1891716.00361062772572 ], [ 645440.270180114312097, 1891716.00361062772572 ], [ 645449.759273304836825, 1891726.010776973562315 ], [ 645449.759273304836825, 1891726.010776973562315 ], [ 645459.248357259784825, 1891736.017948435619473 ], [ 645459.248357259784825, 1891736.017948435619473 ], [ 645468.737431980203837, 1891746.025125012733042 ], [ 645478.296286326250993, 1891746.092234986368567 ], [ 645487.855140970088542, 1891746.159349373308942 ], [ 645497.413995911716484, 1891746.226468172855675 ] ] } }
]
}
