{
"type": "FeatureCollection",
"name": "baseline_shoreline",
"crs": { "type": "name", "properties": { "name": "urn:ogc:def:crs:EPSG::32644" } },
"features": [
{ "type": "Feature", "properties": { }, "geometry": { "type": "MultiLineString", "coordinates": [ [ [ 743660.178628928726539, 1957814.54745813109912 ], [ 743669.589727197191678, 1957824.608544843737036 ], [ 743679.122079862630926, 1957824.724776315037161 ], [ 743688.533164259162731, 1957834.785873755114153 ], [ 743688.411894902819768, 1957844.730735244927928 ], [ 743697.822964338469319, 1957854.791838931851089 ], [ 743707.234024163102731, 1957864.852948278887197 ], [ 743716.645074376603588, 1957874.9140632848721 ], [ 743726.056114978971891, 1957884.975183948874474 ], [ 743735.467145970207639, 1957895.036310272291303 ], [ 743744.878167350078002, 1957905.097442253725603 ], [ 743754.289179119979963, 1957915.158579894574359 ], [ 743763.821493434719741, 1957915.274856989271939 ], [ 743773.35380824143067, 1957915.391138639533892 ], [ 743782.886123540229164, 1957915.507424846291542 ], [ 743792.418439332628623, 1957915.623715609312057 ], [ 743801.950755615951493, 1957915.740010927896947 ], [ 743811.483072391478345, 1957915.856310802744702 ], [ 743811.604407717706636, 1957905.911442106124014 ], [ 743821.136729737278074, 1957906.027746022911742 ], [ 743821.258069219533354, 1957896.082876889035106 ], [ 743830.790396487456746, 1957896.199184849159792 ], [ 743830.9117401256226, 1957886.254315276863053 ], [ 743831.033083166694269, 1957876.309445782098919 ], [ 743831.154425610322505, 1957866.364576362073421 ] ], [ [ 743831.154425610322505, 1957866.364576362073421 ], [ 743831.275767456856556, 1957856.419707018416375 ] ], [ [ 743831.275767456856556, 1957856.419707018416375 ], [ 743840.808114228071645, 1957856.536017480073497 ], [ 743840.929460230399854, 1957846.591147699626163 ] ], [ [ 743840.929460230399854, 1957846.591147699626163 ], [ 743850.461812246940099, 1957846.707462202990428 ], [ 743850.583162404946052, 1957836.762591984821483 ], [ 743860.115519667044282, 1957836.878910530591384 ], [ 743860.236873980844393, 1957826.934039874235168 ], [ 743860.358227697317488, 1957816.989169294713065 ], [ 743860.479580816579983, 1957807.044298791093752 ] ], [ [ 743860.479580816579983, 1957807.044298791093752 ], [ 743860.600933338399045, 1957797.099428363144398 ], [ 743870.133310106000863, 1957797.215749410213903 ], [ 743870.254666783497669, 1957787.270878544542938 ], [ 743879.787048795144074, 1957787.387203634018078 ], [ 743879.908409628085792, 1957777.442332331091166 ], [ 743889.440796884940937, 1957777.558661462273449 ] ], [ [ 743889.440796884940937, 1957777.558661462273449 ], [ 743889.562161873560399, 1957767.613789722090587 ] ], [ [ 743889.562161873560399, 1957767.613789722090587 ], [ 743899.094554375857115, 1957767.730122895212844 ] ], [ [ 743899.094554375857115, 1957767.730122895212844 ], [ 743899.215923520037904, 1957757.785250717075542 ] ], [ [ 743899.215923520037904, 1957757.785250717075542 ], [ 743908.748321268940344, 1957757.901587932137772 ] ], [ [ 743908.748321268940344, 1957757.901587932137772 ], [ 743908.869694568333216, 1957747.956715316744521 ], [ 743918.402097561163828, 1957748.073056573746726 ] ], [ [ 743918.402097561163828, 1957748.073056573746726 ], [ 743918.523475015885197, 1957738.128183520399034 ], [ 743928.055883252760395, 1957738.244528819341213 ] ], [ [ 743928.055883252760395, 1957738.244528819341213 ], [ 743937.588291983352974, 1957738.360878674313426 ] ], [ [ 743937.588291983352974, 1957738.360878674313426 ], [ 743937.709678346524015, 1957728.416004669619724 ], [ 743947.242092323722318, 1957728.53235856606625 ], [ 743947.363482842105441, 1957718.587484123418108 ], [ 743956.895902063348331, 1957718.703842062270269 ], [ 743957.017296736943536, 1957708.758967181202024 ], [ 743966.549721203511581, 1957708.875329161528498 ] ], [ [ 743966.549721203511581, 1957708.875329161528498 ], [ 743966.671120032202452, 1957698.930453843437135 ], [ 743976.203549744095653, 1957699.046819865470752 ] ], [ [ 743976.203549744095653, 1957699.046819865470752 ], [ 743976.324952727998607, 1957689.101944108959287 ] ], [ [ 743976.324952727998607, 1957689.101944108959287 ], [ 743985.857387686613947, 1957689.218314172467217 ] ], [ [ 743985.857387686613947, 1957689.218314172467217 ], [ 743985.978794825496152, 1957679.273437978699803 ] ], [ [ 743985.978794825496152, 1957679.273437978699803 ], [ 743995.511235028039664, 1957679.389812083682045 ] ], [ [ 743995.511235028039664, 1957679.389812083682045 ], [ 743995.632646322017536, 1957669.44493545149453 ], [ 744005.165091770002618, 1957669.561313598882407 ] ], [ [ 744005.165091770002618, 1957669.561313598882407 ], [ 744014.697537710424513, 1957669.677696301368997 ] ], [ [ 744014.697537710424513, 1957669.677696301368997 ], [ 744014.818957912037149, 1957659.732818718068302 ] ], [ [ 744014.818957912037149, 1957659.732818718068302 ], [ 744024.351409099297598, 1957659.849205461796373 ] ], [ [ 744024.351409099297598, 1957659.849205461796373 ], [ 744024.472833455889486, 1957649.904327440075576 ] ], [ [ 744024.472833455889486, 1957649.904327440075576 ], [ 744034.005289885681123, 1957650.020718225510791 ] ], [ [ 744034.005289885681123, 1957650.020718225510791 ], [ 744034.126718397135846, 1957640.075839765602723 ] ], [ [ 744034.126718397135846, 1957640.075839765602723 ], [ 744043.659180073766038, 1957640.192234592977911 ] ], [ [ 744043.659180073766038, 1957640.192234592977911 ], [ 744043.780612740083598, 1957630.247355695581064 ] ], [ [ 744043.780612740083598, 1957630.247355695581064 ], [ 744053.313079661806114, 1957630.363754563964903 ] ], [ [ 744053.313079661806114, 1957630.363754563964903 ], [ 744053.43451648298651, 1957620.418875227682292 ] ], [ [ 744053.43451648298651, 1957620.418875227682292 ], [ 744062.966988651547581, 1957620.535278138006106 ] ], [ [ 744062.966988651547581, 1957620.535278138006106 ], [ 744063.088429627241567, 1957610.590398364001885 ] ], [ [ 744063.088429627241567, 1957610.590398364001885 ], [ 744072.620907039847225, 1957610.706805315800011 ] ], [ [ 744072.620907039847225, 1957610.706805315800011 ], [ 744082.153384945122525, 1957610.823216822464019 ], [ 744082.274834828218445, 1957600.878336096880957 ] ], [ [ 744082.274834828218445, 1957600.878336096880957 ], [ 744091.807317978935316, 1957600.994751644786447 ], [ 744101.339801623718813, 1957601.111171748256311 ], [ 744110.872285760007799, 1957601.227596407523379 ], [ 744120.404770389315672, 1957601.34402562235482 ], [ 744129.937255511526018, 1957601.460459391819313 ], [ 744139.469741126522422, 1957601.57689771708101 ], [ 744149.002227234421298, 1957601.693340597907081 ], [ 744158.534713835455477, 1957601.809788034064695 ], [ 744168.067200929392129, 1957601.926240025321022 ], [ 744177.599688517744653, 1957602.042696572374552 ], [ 744187.01067443669308, 1957612.104044057894498 ] ], [ [ 744187.01067443669308, 1957612.104044057894498 ], [ 744186.889171677641571, 1957622.048930516699329 ] ], [ [ 744186.889171677641571, 1957622.048930516699329 ], [ 744186.767668320448138, 1957631.99381705140695 ], [ 744196.178633927833289, 1957642.055171377258375 ], [ 744205.589589924900793, 1957652.11653136392124 ], [ 744215.000536312931217, 1957662.177897011395544 ], [ 744214.879016305319965, 1957672.122785393614322 ], [ 744224.289947730489075, 1957682.184157291427255 ], [ 744233.700869545340538, 1957692.245534850284457 ], [ 744243.111781748244539, 1957702.306918069254607 ], [ 744252.522684343042783, 1957712.368306948803365 ], [ 744261.933577325777151, 1957722.429701489629224 ], [ 744271.344460697844625, 1957732.491101690102369 ], [ 744280.755334459012374, 1957742.552507552318275 ], [ 744290.166198610560969, 1957752.613919074879959 ], [ 744299.57705314992927, 1957762.675336258951575 ], [ 744309.1094715972431, 1957762.791864816332236 ], [ 744318.520312265958637, 1957772.853292731801048 ], [ 744318.398733395850286, 1957782.798187609529123 ], [ 744327.809559103334323, 1957792.859621776733547 ], [ 744337.220375198405236, 1957802.921061604982242 ], [ 744346.631181681063026, 1957812.982507094275206 ], [ 744356.163578829728067, 1957813.099061003886163 ], [ 744365.695976473274641, 1957813.215619469294325 ], [ 744375.228374608792365, 1957813.332182490732521 ], [ 744384.760773237794638, 1957813.448750067735091 ], [ 744394.293172359932214, 1957813.565322200767696 ], [ 744394.414791049784981, 1957803.620422977255657 ], [ 744403.94719541980885, 1957803.736999151064083 ], [ 744404.068818264058791, 1957793.792099487967789 ], [ 744413.6012278792914, 1957793.908679703716189 ], [ 744423.133637988008559, 1957794.025264474563301 ], [ 744423.255269739427604, 1957784.080363858258352 ], [ 744432.787685094634071, 1957784.196952670114115 ], [ 744432.909321000333875, 1957774.252051615156233 ] ], [ [ 744432.909321000333875, 1957774.252051615156233 ], [ 744442.441741603426635, 1957774.368644468020648 ], [ 744451.974162697326392, 1957774.485241877380759 ], [ 744461.506584285991266, 1957774.601843842305243 ], [ 744471.039006368489936, 1957774.718450362794101 ], [ 744480.571428945637308, 1957774.835061439080164 ], [ 744490.103852015221491, 1957774.951677071163431 ], [ 744499.636275578290224, 1957775.068297259509563 ], [ 744509.168699635192752, 1957775.18492200342007 ], [ 744518.701124187093228, 1957775.30155130289495 ], [ 744528.233549231197685, 1957775.418185158632696 ], [ 744537.765974769135937, 1957775.534823570167646 ], [ 744547.298400800675154, 1957775.6514665374998 ], [ 744556.83082732593175, 1957775.768114060396329 ], [ 744566.363254345138557, 1957775.884766139555722 ], [ 744575.895681858062744, 1957776.00142277427949 ], [ 744585.428109864704311, 1957776.118083965266123 ], [ 744594.960538366576657, 1957776.234749711118639 ], [ 744604.492967360885814, 1957776.35142001346685 ], [ 744614.025396849028766, 1957776.468094871845096 ], [ 744623.557826831238344, 1957776.584774286020547 ], [ 744632.968521590111777, 1957786.646370128029957 ] ], [ [ 744632.968521590111777, 1957786.646370128029957 ], [ 744632.846785272471607, 1957796.59128207527101 ] ], [ [ 744632.846785272471607, 1957796.59128207527101 ], [ 744632.72504835552536, 1957806.536194100044668 ] ], [ [ 744632.72504835552536, 1957806.536194100044668 ], [ 744632.603310839505866, 1957816.481106200022623 ] ], [ [ 744632.603310839505866, 1957816.481106200022623 ], [ 744632.481572724296711, 1957826.426018375204876 ] ], [ [ 744632.481572724296711, 1957826.426018375204876 ], [ 744632.35983400978148, 1957836.370930627221242 ] ], [ [ 744632.35983400978148, 1957836.370930627221242 ], [ 744632.238094695960172, 1957846.315842955140397 ] ], [ [ 744632.238094695960172, 1957846.315842955140397 ], [ 744632.116354783065617, 1957856.260755359195173 ] ], [ [ 744632.116354783065617, 1957856.260755359195173 ], [ 744631.994614270864986, 1957866.205667838221416 ] ], [ [ 744631.994614270864986, 1957866.205667838221416 ], [ 744631.872873159474693, 1957876.150580394547433 ] ], [ [ 744631.872873159474693, 1957876.150580394547433 ], [ 744631.751131448894739, 1957886.095493026543409 ] ], [ [ 744631.751131448894739, 1957886.095493026543409 ], [ 744631.629389139125124, 1957896.040405733976513 ] ], [ [ 744631.629389139125124, 1957896.040405733976513 ], [ 744631.507646230165847, 1957905.985318517545238 ] ], [ [ 744631.507646230165847, 1957905.985318517545238 ], [ 744631.385902721900493, 1957915.930231377715245 ] ], [ [ 744631.385902721900493, 1957915.930231377715245 ], [ 744631.264158614561893, 1957925.87514431308955 ] ], [ [ 744631.264158614561893, 1957925.87514431308955 ], [ 744631.142413908033632, 1957935.820057324599475 ] ], [ [ 744631.142413908033632, 1957935.820057324599475 ], [ 744631.020668602082878, 1957945.764970412943512 ] ], [ [ 744631.020668602082878, 1957945.764970412943512 ], [ 744630.898922697058879, 1957955.709883576259017 ] ], [ [ 744630.898922697058879, 1957955.709883576259017 ], [ 744630.777176192728803, 1957965.654796816874295 ] ], [ [ 744630.777176192728803, 1957965.654796816874295 ], [ 744630.65542908932548, 1957975.599710131529719 ], [ 744640.066012538620271, 1957985.661322870757431 ], [ 744649.476586375734769, 1957995.722941272426397 ] ], [ [ 744649.476586375734769, 1957995.722941272426397 ], [ 744649.354827967472374, 1958005.66785584599711 ] ], [ [ 744649.354827967472374, 1958005.66785584599711 ], [ 744649.233068960136734, 1958015.612770496169105 ] ], [ [ 744649.233068960136734, 1958015.612770496169105 ], [ 744649.111309353495017, 1958025.557685223175213 ] ], [ [ 744649.111309353495017, 1958025.557685223175213 ], [ 744648.989549147663638, 1958035.502600025152788 ] ], [ [ 744648.989549147663638, 1958035.502600025152788 ], [ 744648.867788342526183, 1958045.447514903731644 ] ], [ [ 744648.867788342526183, 1958045.447514903731644 ], [ 744648.74602693808265, 1958055.392429858446121 ], [ 744639.213728567003272, 1958055.275722347898409 ] ], [ [ 744639.213728567003272, 1958055.275722347898409 ], [ 744639.09197131707333, 1958065.220636862330139 ], [ 744629.559678193647414, 1958065.1039333937224 ], [ 744620.027385562774725, 1958064.987234481377527 ], [ 744610.4950934270164, 1958064.87054012529552 ], [ 744600.962801785208285, 1958064.753850325709209 ], [ 744591.552244118996896, 1958054.692253143759444 ] ], [ [ 744591.552244118996896, 1958054.692253143759444 ], [ 744582.141676838742569, 1958044.630661624250934 ] ], [ [ 744582.141676838742569, 1958044.630661624250934 ], [ 744582.263404368655756, 1958034.685750352451578 ], [ 744582.385131299612112, 1958024.740839157253504 ], [ 744582.506857631262392, 1958014.795928037259728 ], [ 744573.096264682011679, 1958004.734343953663483 ] ], [ [ 744573.096264682011679, 1958004.734343953663483 ], [ 744573.217985062045045, 1957994.789433501660824 ] ], [ [ 744573.217985062045045, 1957994.789433501660824 ], [ 744573.339704843005165, 1957984.844523125095293 ] ], [ [ 744573.339704843005165, 1957984.844523125095293 ], [ 744573.46142402489204, 1957974.89961282373406 ], [ 744564.050805405713618, 1957964.838036177447066 ] ], [ [ 744564.050805405713618, 1957964.838036177447066 ], [ 744554.640177174471319, 1957954.776465192204341 ] ], [ [ 744554.640177174471319, 1957954.776465192204341 ], [ 744545.229539330815896, 1957944.714899870567024 ], [ 744545.351241856347769, 1957934.769991419510916 ], [ 744545.472943782922812, 1957924.825083044124767 ], [ 744545.594645110424608, 1957914.8801747453399 ] ], [ [ 744545.594645110424608, 1957914.8801747453399 ], [ 744545.716345838969573, 1957904.935266521759331 ] ], [ [ 744545.716345838969573, 1957904.935266521759331 ], [ 744536.305676974356174, 1957894.873709226725623 ], [ 744526.773308473755606, 1957894.757064634468406 ], [ 744517.240940467105247, 1957894.640424597775564 ], [ 744507.708572952426039, 1957894.523789117578417 ], [ 744498.176205932977609, 1957894.407158193644136 ] ], [ [ 744498.176205932977609, 1957894.407158193644136 ], [ 744498.054529569810256, 1957904.352063765516505 ], [ 744488.522167797200382, 1957904.235436882590875 ] ], [ [ 744488.522167797200382, 1957904.235436882590875 ], [ 744478.989806518191472, 1957904.11881455546245 ] ], [ [ 744478.989806518191472, 1957904.11881455546245 ], [ 744478.868139062658884, 1957914.063719173427671 ] ], [ [ 744478.868139062658884, 1957914.063719173427671 ], [ 744469.33578302920796, 1957913.947100887540728 ] ], [ [ 744469.33578302920796, 1957913.947100887540728 ], [ 744459.803427490754984, 1957913.830487158382311 ] ], [ [ 744459.803427490754984, 1957913.830487158382311 ], [ 744450.271072445670143, 1957913.713877984788269 ] ], [ [ 744450.271072445670143, 1957913.713877984788269 ], [ 744440.73871789558325, 1957913.597273367457092 ] ], [ [ 744440.73871789558325, 1957913.597273367457092 ], [ 744431.206363836303353, 1957913.48067330615595 ] ], [ [ 744431.206363836303353, 1957913.48067330615595 ], [ 744421.674010271788575, 1957913.364077800652012 ] ], [ [ 744421.674010271788575, 1957913.364077800652012 ], [ 744421.552370737190358, 1957923.308979405555874 ], [ 744412.020022419514135, 1957923.19238794175908 ] ], [ [ 744412.020022419514135, 1957923.19238794175908 ], [ 744411.898387039545923, 1957933.137289108010009 ], [ 744411.776751060970128, 1957943.082190349698067 ], [ 744411.655114483786747, 1957953.027091667056084 ], [ 744411.533477307762951, 1957962.971993061481044 ], [ 744402.001148496987298, 1957962.855404094094411 ], [ 744401.879515475826338, 1957972.800305048935115 ], [ 744392.347191910375841, 1957972.683720123488456 ], [ 744392.225563043961301, 1957982.628620639909059 ], [ 744382.693244726862758, 1957982.512039756402373 ], [ 744373.160926903015934, 1957982.395463428692892 ], [ 744363.628609572770074, 1957982.278891656547785 ], [ 744354.096292734262533, 1957982.162324441364035 ], [ 744344.563976390752941, 1957982.04576178221032 ], [ 744344.442370692850091, 1957991.99065980152227 ], [ 744334.910059597110376, 1957991.874101183610037 ] ], [ [ 744334.910059597110376, 1957991.874101183610037 ], [ 744334.788458054419607, 1958001.818998763570562 ], [ 744334.666855913121253, 1958011.763896419666708 ], [ 744325.134554816526361, 1958011.647341329138726 ], [ 744325.012956830090843, 1958021.592238547280431 ], [ 744315.480660978937522, 1958021.475687498692423 ], [ 744305.948365622200072, 1958021.359141005668789 ], [ 744296.416070758714341, 1958021.242599069606513 ], [ 744286.883776388596743, 1958021.126061689807102 ], [ 744277.351482510217465, 1958021.009528866270557 ], [ 744277.229907693108544, 1958030.954423586605117 ], [ 744267.697619062848389, 1958030.837894804542884 ] ], [ [ 744267.697619062848389, 1958030.837894804542884 ], [ 744267.576048400951549, 1958040.782789086923003 ] ], [ [ 744267.576048400951549, 1958040.782789086923003 ], [ 744267.454477140796371, 1958050.727683445671573 ], [ 744267.332905282382853, 1958060.672577879857272 ], [ 744257.80063140601851, 1958060.55605211108923 ], [ 744257.679063702817075, 1958070.500946107553318 ], [ 744248.146795073058456, 1958070.384424380259588 ], [ 744238.614526935154572, 1958070.267907209461555 ], [ 744229.082259293063544, 1958070.151394595159218 ], [ 744219.549992142594419, 1958070.034886537352577 ], [ 744210.017725485144183, 1958069.918383035808802 ], [ 744200.485459319548681, 1958069.801884090527892 ], [ 744190.953193648136221, 1958069.68538970220834 ], [ 744190.831658622133546, 1958079.630280173616484 ], [ 744181.299398197326809, 1958079.513789827236906 ], [ 744181.177867327118292, 1958089.458679859759286 ], [ 744181.056335858535022, 1958099.403569969115779 ], [ 744171.524085434153676, 1958099.287083150586113 ], [ 744171.402558121131733, 1958109.231972821056843 ], [ 744161.870312942075543, 1958109.115490044467151 ], [ 744161.748789784847759, 1958119.060379276750609 ], [ 744152.216549853561446, 1958118.943900542333722 ], [ 744142.684310415526852, 1958118.827426365111023 ], [ 744133.1520714701619, 1958118.710956742987037 ], [ 744123.61983301769942, 1958118.5944916785229 ], [ 744114.087595058255829, 1958118.478031169855967 ], [ 744104.555357591481879, 1958118.361575217684731 ], [ 744104.433862358564511, 1958128.306461441563442 ], [ 744094.901630138396285, 1958128.190009531797841 ], [ 744094.780139061389491, 1958138.13489531702362 ], [ 744094.658647386473604, 1958148.07978117861785 ] ], [ [ 744094.658647386473604, 1958148.07978117861785 ], [ 744094.537155113648623, 1958158.024667116813362 ], [ 744103.947875448036939, 1958168.086007096106187 ], [ 744113.358586169430055, 1958178.147352736908942 ], [ 744122.769287277944386, 1958188.208704038523138 ], [ 744132.179978773812763, 1958198.270061000948772 ], [ 744141.59066065645311, 1958208.331423624884337 ], [ 744151.001332926098257, 1958218.39279190916568 ], [ 744160.411995582748204, 1958228.454165855655447 ], [ 744169.82264862745069, 1958238.515545463887975 ], [ 744179.354832497774623, 1958238.632039482472464 ], [ 744188.88701686123386, 1958238.748538057785481 ], [ 744198.419201717479154, 1958238.865041190292686 ], [ 744207.95138706814032, 1958238.981548879528418 ] ], [ [ 744207.95138706814032, 1958238.981548879528418 ], [ 744217.362013454083353, 1958249.042954432312399 ] ], [ [ 744217.362013454083353, 1958249.042954432312399 ], [ 744226.772630226798356, 1958259.104365647071972 ] ], [ [ 744226.772630226798356, 1958259.104365647071972 ], [ 744236.183237384888344, 1958269.165782523341477 ] ], [ [ 744236.183237384888344, 1958269.165782523341477 ], [ 744245.593834932311438, 1958279.227205061120912 ] ], [ [ 744245.593834932311438, 1958279.227205061120912 ], [ 744255.004422864876688, 1958289.28863326087594 ] ], [ [ 744255.004422864876688, 1958289.28863326087594 ], [ 744264.53658740199171, 1958289.405170862330124 ], [ 744273.947161460062489, 1958299.466609796043485 ] ], [ [ 744273.947161460062489, 1958299.466609796043485 ], [ 744283.357725905952975, 1958309.528054389869794 ] ], [ [ 744283.357725905952975, 1958309.528054389869794 ], [ 744292.76828073663637, 1958319.589504646603018 ] ], [ [ 744292.76828073663637, 1958319.589504646603018 ], [ 744302.300432983785868, 1958319.70606201980263 ], [ 744311.710973940091208, 1958329.767523009097204 ] ], [ [ 744311.710973940091208, 1958329.767523009097204 ], [ 744321.243122420622967, 1958329.884090010542423 ], [ 744330.653649501968175, 1958339.94556173379533 ], [ 744340.185794212040491, 1958340.062138363718987 ], [ 744349.717939416877925, 1958340.17871955037117 ], [ 744359.250085116247647, 1958340.295305293751881 ], [ 744368.782231307588518, 1958340.411895594326779 ], [ 744378.314377992181107, 1958340.528490451863036 ], [ 744387.846525170258246, 1958340.64508986659348 ] ], [ [ 744387.846525170258246, 1958340.64508986659348 ], [ 744397.378672842984088, 1958340.761693837819621 ], [ 744397.500328014022671, 1958330.816790068987757 ] ], [ [ 744397.500328014022671, 1958330.816790068987757 ], [ 744407.03248093300499, 1958330.933398082852364 ], [ 744407.154140259604901, 1958320.98849387653172 ], [ 744416.686298426240683, 1958321.105105931870639 ], [ 744416.807961908634752, 1958311.160201285965741 ], [ 744426.34012532280758, 1958311.276817384175956 ], [ 744435.872289231978357, 1958311.393438039114699 ], [ 744445.404453631839715, 1958311.510063250781968 ], [ 744454.936618526466191, 1958311.626693019410595 ], [ 744455.058300426928326, 1958301.681786391185597 ], [ 744464.59047056932468, 1958301.798420201754197 ], [ 744464.712156624998897, 1958291.853513133013621 ], [ 744464.83384208206553, 1958281.908606141339988 ], [ 744464.955526940175332, 1958271.963699225801975 ], [ 744465.077211199677549, 1958262.018792385933921 ], [ 744474.609400853514671, 1958262.135428694309667 ], [ 744474.73108926822897, 1958252.190521414857358 ], [ 744484.263284168322571, 1958252.307161764707416 ], [ 744484.384976738365367, 1958242.362254047766328 ], [ 744493.917176886228845, 1958242.478898439789191 ], [ 744503.449377527576871, 1958242.59554738807492 ], [ 744512.981578663922846, 1958242.712200893554837 ], [ 744522.513780292589217, 1958242.828858955297619 ], [ 744532.045982414972968, 1958242.945521574467421 ], [ 744541.578185030957684, 1958243.062188750132918 ], [ 744551.110388140426949, 1958243.178860482061282 ], [ 744560.642591743730009, 1958243.295536771649495 ], [ 744570.05306048411876, 1958253.357129970099777 ] ], [ [ 744570.05306048411876, 1958253.357129970099777 ], [ 744569.93132452853024, 1958263.302042399067432 ] ], [ [ 744569.93132452853024, 1958263.302042399067432 ], [ 744569.809587973635644, 1958273.246954903705046 ] ], [ [ 744569.809587973635644, 1958273.246954903705046 ], [ 744569.687850819667801, 1958283.19186748447828 ] ], [ [ 744569.687850819667801, 1958283.19186748447828 ], [ 744569.566113066859543, 1958293.136780141619965 ], [ 744569.444374714861624, 1958303.081692874897271 ], [ 744559.91219914262183, 1958302.965008938219398 ] ], [ [ 744559.91219914262183, 1958302.965008938219398 ], [ 744559.790464945952408, 1958312.909921231679618 ] ], [ [ 744559.790464945952408, 1958312.909921231679618 ], [ 744559.668730150093324, 1958322.854833601275459 ], [ 744550.136564580025151, 1958322.738153191516176 ] ], [ [ 744550.136564580025151, 1958322.738153191516176 ], [ 744550.014833939494565, 1958332.683065121760592 ] ], [ [ 744550.014833939494565, 1958332.683065121760592 ], [ 744549.893102699774317, 1958342.627977128373459 ] ], [ [ 744549.893102699774317, 1958342.627977128373459 ], [ 744549.771370861097239, 1958352.572889211587608 ] ], [ [ 744549.771370861097239, 1958352.572889211587608 ], [ 744540.239220047718845, 1958352.456211813725531 ] ], [ [ 744540.239220047718845, 1958352.456211813725531 ], [ 744540.117492364370264, 1958362.401123456889763 ] ], [ [ 744540.117492364370264, 1958362.401123456889763 ], [ 744539.995764082064852, 1958372.346035176422447 ] ], [ [ 744539.995764082064852, 1958372.346035176422447 ], [ 744539.874035200802609, 1958382.290946973254904 ] ], [ [ 744539.874035200802609, 1958382.290946973254904 ], [ 744539.752305720583536, 1958392.235858844360337 ] ], [ [ 744539.752305720583536, 1958392.235858844360337 ], [ 744530.22017441841308, 1958392.119183942908421 ], [ 744530.098449093522504, 1958402.064095376059413 ], [ 744529.976723169675097, 1958412.009006885113195 ], [ 744529.854996646987274, 1958421.953918469371274 ], [ 744539.265381809556857, 1958432.015507091768086 ], [ 744539.143649334204383, 1958441.96041934308596 ], [ 744548.554019529023208, 1958452.022014219779521 ], [ 744548.432281101355329, 1958461.966927139321342 ], [ 744548.310542074614204, 1958471.91184013383463 ] ], [ [ 744548.310542074614204, 1958471.91184013383463 ], [ 744548.188802448799834, 1958481.856753205414861 ] ], [ [ 744548.188802448799834, 1958481.856753205414861 ], [ 744548.067062224028632, 1958491.801666352199391 ], [ 744538.534977973438799, 1958491.684981743339449 ] ], [ [ 744538.534977973438799, 1958491.684981743339449 ], [ 744538.413241904461756, 1958501.629894451238215 ], [ 744528.881162902340293, 1958501.513213884783909 ] ], [ [ 744528.881162902340293, 1958501.513213884783909 ], [ 744528.759430988808163, 1958511.458126154728234 ] ], [ [ 744528.759430988808163, 1958511.458126154728234 ], [ 744519.227357235038653, 1958511.341449630446732 ], [ 744519.105629477417096, 1958521.286361460573971 ], [ 744518.983901120722294, 1958531.231273366138339 ], [ 744518.862172165303491, 1958541.176185348071158 ], [ 744518.740442610811442, 1958551.121097406139597 ], [ 744518.618712457362562, 1958561.066009540343657 ], [ 744528.029026930220425, 1958571.127601365325972 ], [ 744537.439331787987612, 1958581.189198852982372 ], [ 744546.849627030664124, 1958591.250802004244179 ], [ 744556.259912658249959, 1958601.312410819111392 ], [ 744565.670188670628704, 1958611.374025297584012 ], [ 744575.080455067800358, 1958621.435645440127701 ], [ 744584.612479481613263, 1958621.552354974439368 ], [ 744594.022732002194971, 1958631.613985853269696 ], [ 744603.432974907453172, 1958641.67562239500694 ], [ 744612.964991291286424, 1958641.792346632340923 ], [ 744622.497008170234039, 1958641.909075427567586 ], [ 744631.907232937519439, 1958651.970727778971195 ], [ 744641.439246047753841, 1958652.087466205004603 ], [ 744650.971259650308639, 1958652.204209187533706 ], [ 744660.50327374972403, 1958652.32095672772266 ], [ 744670.035288341459818, 1958652.437708826269954 ], [ 744679.567303427029401, 1958652.554465481778607 ], [ 744689.09931900666561, 1958652.671226695179939 ], [ 744698.631335081532598, 1958652.787992466008291 ], [ 744708.163351649069227, 1958652.904762795194983 ], [ 744717.695368710556068, 1958653.021537680877373 ], [ 744727.227386265876703, 1958653.138317124685273 ], [ 744727.349226420512423, 1958643.19339297269471 ], [ 744736.881249226396903, 1958643.310176458675414 ], [ 744746.413272524951026, 1958643.426964502083138 ], [ 744746.535121590015478, 1958633.482039395021275 ] ], [ [ 744746.535121590015478, 1958633.482039395021275 ], [ 744756.067150136455894, 1958633.598831481067464 ], [ 744765.599179178010672, 1958633.715628124540672 ], [ 744775.131208715029061, 1958633.832429325440899 ], [ 744784.663238744949922, 1958633.949235084233806 ], [ 744794.195269268937409, 1958634.066045400453731 ], [ 744803.605422691791318, 1958644.127788474783301 ] ], [ [ 744803.605422691791318, 1958644.127788474783301 ], [ 744803.483544496702962, 1958654.072716751135886 ] ], [ [ 744803.483544496702962, 1958654.072716751135886 ], [ 744803.361665702192113, 1958664.01764510339126 ] ], [ [ 744803.361665702192113, 1958664.01764510339126 ], [ 744803.239786307793111, 1958673.962573532015085 ] ], [ [ 744803.239786307793111, 1958673.962573532015085 ], [ 744803.117906314088032, 1958683.907502036774531 ] ], [ [ 744803.117906314088032, 1958683.907502036774531 ], [ 744802.996025720378384, 1958693.852430617436767 ] ], [ [ 744802.996025720378384, 1958693.852430617436767 ], [ 744802.87414452736266, 1958703.797359274001792 ] ], [ [ 744802.87414452736266, 1958703.797359274001792 ], [ 744802.752262734575197, 1958713.742288007168099 ] ], [ [ 744802.752262734575197, 1958713.742288007168099 ], [ 744802.630380342015997, 1958723.687216815538704 ] ], [ [ 744802.630380342015997, 1958723.687216815538704 ], [ 744802.508497350034304, 1958733.63214570004493 ] ], [ [ 744802.508497350034304, 1958733.63214570004493 ], [ 744802.386613758397289, 1958743.577074660686776 ] ], [ [ 744802.386613758397289, 1958743.577074660686776 ], [ 744802.264729566988535, 1958753.52200369653292 ] ], [ [ 744802.264729566988535, 1958753.52200369653292 ], [ 744802.142844775924459, 1958763.466932809911668 ] ], [ [ 744802.142844775924459, 1958763.466932809911668 ], [ 744802.020959385437891, 1958773.411861998261884 ] ], [ [ 744802.020959385437891, 1958773.411861998261884 ], [ 744801.899073395296, 1958783.356791262980551 ], [ 744801.777186805382371, 1958793.301720603602007 ], [ 744801.655299615813419, 1958803.246650020126253 ], [ 744811.065357746207155, 1958813.308408224256709 ], [ 744820.475406258832663, 1958823.370172094320878 ], [ 744830.007348409853876, 1958823.487010437529534 ], [ 744839.539291054941714, 1958823.603853338863701 ], [ 744849.071234195725992, 1958823.720700798556209 ], [ 744858.603177827899344, 1958823.837552815675735 ], [ 744868.013199679087847, 1958833.899342644261196 ], [ 744867.891276802518405, 1958843.844275974901393 ], [ 744867.769353326177225, 1958853.789209381211549 ], [ 744867.647429249947891, 1958863.734142862726003 ], [ 744867.525504574063234, 1958873.679076420608908 ], [ 744867.403579298290424, 1958883.624010054627433 ], [ 744867.281653422862291, 1958893.568943764083087 ], [ 744867.159726947546005, 1958903.513877550372854 ], [ 744876.56970169430133, 1958913.575677186250687 ], [ 744876.44776926364284, 1958923.520611640298739 ], [ 744885.857729039271362, 1958933.582417534431443 ], [ 744895.26767919678241, 1958943.644229093566537 ], [ 744904.677619736990891, 1958953.706046318868175 ], [ 744914.087550660246052, 1958963.767869209870696 ], [ 744913.965596207184717, 1958973.712806106545031 ], [ 744923.375512158730999, 1958983.774635255103931 ], [ 744932.785418491694145, 1958993.836470068898052 ], [ 744942.195315207354724, 1959003.89831054979004 ], [ 744951.727178181754425, 1959004.01521743228659 ], [ 744961.137061017216183, 1959014.077068653190508 ], [ 744961.015079785021953, 1959024.022008508676663 ], [ 744970.42494764958974, 1959034.083865987602621 ], [ 744979.83480589534156, 1959044.145729132462293 ], [ 744989.366651823744178, 1959044.262656311970204 ], [ 744998.776496191741899, 1959054.324530197307467 ], [ 745008.186330940574408, 1959064.386409749509767 ], [ 745017.596156071871519, 1959074.44829496787861 ], [ 745027.005971585283987, 1959084.510185852413997 ], [ 745036.537800963502377, 1959084.627137888688594 ], [ 745045.947602597530931, 1959094.689039515098557 ], [ 745055.479428207501769, 1959094.806001184275374 ], [ 745065.011254310724325, 1959094.922967412276193 ], [ 745074.42103780398611, 1959104.984884852776304 ], [ 745083.952860142919235, 1959105.101860714377835 ], [ 745093.362629756564274, 1959115.163788897451013 ], [ 745102.894448327599093, 1959115.280774392187595 ], [ 745112.426267394563183, 1959115.39776444551535 ], [ 745121.836018867325038, 1959125.459708445472643 ], [ 745131.367834166274406, 1959125.576708131469786 ], [ 745140.899649959988892, 1959125.693712376756594 ], [ 745150.431466249749064, 1959125.810721180634573 ], [ 745159.841195320128463, 1959135.872686071321368 ], [ 745169.373007840709761, 1959135.98970450903289 ], [ 745178.782723031472415, 1959146.051680142292753 ], [ 745188.314531786832958, 1959146.168708213139325 ], [ 745197.846341038588434, 1959146.28574084257707 ] ], [ [ 745197.846341038588434, 1959146.28574084257707 ], [ 745207.256038088351488, 1959156.347732293885201 ], [ 745216.665725519647822, 1959166.409729412058368 ], [ 745226.07540333410725, 1959176.471732198027894 ], [ 745235.485071528702974, 1959186.533740651095286 ], [ 745244.894730105064809, 1959196.595754772657529 ], [ 745254.304379062727094, 1959206.657774561783299 ], [ 745263.714018403319642, 1959216.719800017308444 ], [ 745273.123648122418672, 1959226.78183114156127 ], [ 745282.655423776595853, 1959226.898908931296319 ], [ 745292.065039617009461, 1959236.960950798587874 ], [ 745301.474645838607103, 1959247.022998333675787 ], [ 745310.884242442902178, 1959257.08505153702572 ], [ 745320.416005807928741, 1959257.202149112476036 ], [ 745329.825588530511595, 1959267.264213060028851 ], [ 745339.357348130550236, 1959267.38132026954554 ], [ 745348.889108224422671, 1959267.498432037886232 ], [ 745358.298672805423848, 1959277.560511803952977 ], [ 745367.830429133144207, 1959277.677633207058534 ], [ 745377.362185954814777, 1959277.794759169686586 ] ], [ [ 745377.362185954814777, 1959277.794759169686586 ], [ 745386.771732395282015, 1959287.856854755431414 ], [ 745396.303485452197492, 1959287.973990353057161 ], [ 745405.835239004343748, 1959288.091130508575588 ], [ 745415.366993051837198, 1959288.20827522338368 ] ], [ [ 745415.366993051837198, 1959288.20827522338368 ], [ 745424.776517089339904, 1959298.270391704980284 ] ], [ [ 745424.776517089339904, 1959298.270391704980284 ], [ 745434.18603150639683, 1959308.3325138555374 ] ], [ [ 745434.18603150639683, 1959308.3325138555374 ], [ 745443.595536304288544, 1959318.394641674123704 ], [ 745453.127278064494021, 1959318.511806175811216 ] ], [ [ 745453.127278064494021, 1959318.511806175811216 ], [ 745462.536768981837668, 1959328.573944739298895 ] ], [ [ 745462.536768981837668, 1959328.573944739298895 ], [ 745471.946250279899687, 1959338.636088971514255 ], [ 745481.355721957166679, 1959348.698238873155788 ], [ 745490.765184016432613, 1959358.76039444305934 ], [ 745500.174636457697488, 1959368.822555682389066 ], [ 745509.584079277934507, 1959378.884722591377795 ], [ 745518.993512478657067, 1959388.946895168628544 ], [ 745528.402936059865169, 1959399.009073415538296 ], [ 745537.812350022606552, 1959409.071257330710068 ], [ 745547.221754364320077, 1959419.133446916239336 ], [ 745556.631149086286314, 1959429.195642170496285 ], [ 745566.162844467209652, 1959429.312867069151253 ], [ 745575.572225308045745, 1959439.375073069706559 ], [ 745584.981596527388319, 1959449.437284738989547 ], [ 745594.390958128380589, 1959459.499502078862861 ], [ 745603.800310109276325, 1959469.561725087929517 ], [ 745613.209652471239679, 1959479.623953766189516 ], [ 745622.741327039664611, 1959479.741208606865257 ] ], [ [ 745622.741327039664611, 1959479.741208606865257 ], [ 745632.150655519100837, 1959489.803448031889275 ] ], [ [ 745632.150655519100837, 1959489.803448031889275 ], [ 745641.559974378091283, 1959499.865693127037957 ] ], [ [ 745641.559974378091283, 1959499.865693127037957 ], [ 745650.969283618382178, 1959509.927943891845644 ], [ 745660.378583236946724, 1959519.990200326777995 ], [ 745669.910241255653091, 1959520.107480033533648 ], [ 745679.441899771452881, 1959520.224764299578965 ], [ 745688.851181245408952, 1959530.287036557216197 ], [ 745698.260453100549057, 1959540.349314486375079 ], [ 745707.669715335126966, 1959550.411598084727302 ], [ 745717.07896794914268, 1959560.473887353902683 ], [ 745726.488210943993181, 1959570.536182293668389 ], [ 745736.019848647527397, 1959570.653496504062787 ], [ 745745.429077758919448, 1959580.715802190592512 ], [ 745754.838297249632888, 1959590.778113548411056 ], [ 745764.247507120948285, 1959600.840430576587096 ], [ 745773.656707370071672, 1959610.902753274422139 ], [ 745783.065897998516448, 1959620.965081644011661 ], [ 745792.597514889552258, 1959621.082425799686462 ], [ 745802.006691636983305, 1959631.144764916971326 ], [ 745811.415858761989512, 1959641.207109704613686 ], [ 745820.825016265967861, 1959651.269460163777694 ], [ 745830.356620870297775, 1959651.386824111687019 ], [ 745839.765764493029565, 1959661.44918531854637 ], [ 745849.297365332138725, 1959661.566558903781697 ], [ 745858.828966667293571, 1959661.683937048306689 ], [ 745868.238092144834809, 1959671.746314081596211 ], [ 745877.647208002628759, 1959681.808696785708889 ], [ 745887.056314237765037, 1959691.871085162041709 ], [ 745896.587903283536434, 1959691.988483098568395 ], [ 745906.119492827216163, 1959692.105885595548898 ], [ 745915.651082868222147, 1959692.223292652517557 ], [ 745925.060166697949171, 1959702.285701932618394 ], [ 745934.591752972686663, 1959702.403118627145886 ], [ 745944.123339743819088, 1959702.520539880963042 ], [ 745953.532405430800281, 1959712.582964988192543 ], [ 745962.941461494890973, 1959722.645395766943693 ], [ 745972.350507937488146, 1959732.707832217449322 ], [ 745981.882082421099767, 1959732.825273265363649 ], [ 745991.29111498198472, 1959742.887720465194434 ], [ 746000.700137918815017, 1959752.950173336546868 ], [ 746010.231704376172274, 1959753.067629100522026 ], [ 746019.640713431173936, 1959763.130092722596601 ], [ 746029.172276125056669, 1959763.247558124130592 ], [ 746038.581271297065541, 1959773.310032495763153 ], [ 746047.990256847348064, 1959783.372512539383024 ], [ 746057.399232775554992, 1959793.434998256154358 ], [ 746066.80819908331614, 1959803.49748964374885 ], [ 746076.217155767721124, 1959813.559986704494804 ], [ 746085.74869765015319, 1959813.677482056897134 ], [ 746095.157640451216139, 1959823.739989868365228 ], [ 746104.566573630203493, 1959833.802503352053463 ], [ 746114.098107486730441, 1959833.920013420749456 ], [ 746123.629641839885153, 1959834.037528051063418 ], [ 746133.038556874031201, 1959844.100057363510132 ], [ 746142.447462287265807, 1959854.162592349108309 ], [ 746151.856358077027835, 1959864.225133007159457 ], [ 746161.387880143010989, 1959864.342667432734743 ], [ 746170.796762049198151, 1959874.405218842439353 ], [ 746180.328280351939611, 1959874.522762906271964 ], [ 746189.737148374319077, 1959884.585325067397207 ], [ 746199.268662911374122, 1959884.702878770651296 ], [ 746208.800177943892777, 1959884.82043703366071 ], [ 746218.20902782259509, 1959894.883015024941415 ], [ 746227.617868077475578, 1959904.945598689606413 ], [ 746237.14937508571893, 1959905.063171671004966 ], [ 746246.558201456675306, 1959915.125766086624935 ], [ 746255.96701820648741, 1959925.18836617609486 ], [ 746265.498517189058475, 1959925.305953875184059 ], [ 746274.907320053549483, 1959935.368564717238769 ], [ 746284.316113295149989, 1959945.431181232444942 ], [ 746293.847604253794998, 1959945.54878364992328 ], [ 746303.256383611354977, 1959955.611410917714238 ], [ 746312.787870803033002, 1959955.729022975079715 ], [ 746322.196636276552454, 1959965.791660994989797 ], [ 746331.605392128461972, 1959975.854304688749835 ], [ 746341.014138356084004, 1959985.916954056359828 ], [ 746350.545613262336701, 1959986.034585911314934 ], [ 746359.954345605685376, 1959996.097246031975374 ], [ 746369.485816749278456, 1959996.21488752705045 ], [ 746379.017288388684392, 1959996.332533582113683 ], [ 746388.548760525300168, 1959996.450184197863564 ], [ 746397.957470461842604, 1960006.512865230208263 ], [ 746407.488938835915178, 1960006.630525486078113 ], [ 746416.897634886787273, 1960016.693217271240428 ], [ 746426.429099495522678, 1960016.810887166997418 ], [ 746435.837781663285568, 1960026.873589706374332 ], [ 746445.246454209089279, 1960036.936297919834033 ], [ 746454.777910792850889, 1960037.053982535144314 ] ], [ [ 746454.777910792850889, 1960037.053982535144314 ], [ 746464.186569452867843, 1960047.116701502585784 ], [ 746473.595218489412218, 1960057.1794261445757 ], [ 746483.126667049597017, 1960057.297125479904935 ], [ 746492.535302201402374, 1960067.359860875410959 ], [ 746502.066746996366419, 1960067.477569850860164 ], [ 746511.475368263665587, 1960077.54031600127928 ], [ 746520.883979907259345, 1960087.603067826014012 ], [ 746530.292581927380525, 1960097.665825325995684 ], [ 746539.824014436453581, 1960097.783554101129994 ], [ 746549.355447442969307, 1960097.901287437649444 ], [ 746558.764031318249181, 1960107.964060771511868 ], [ 746568.172605568426661, 1960118.026839780621231 ], [ 746577.704030550317839, 1960118.144587837625295 ], [ 746587.112590915523469, 1960128.207377601414919 ], [ 746596.644012135104276, 1960128.325135298538953 ], [ 746606.052558615454473, 1960138.387935817940161 ], [ 746615.583976070396602, 1960138.505703156348318 ], [ 746624.992508664145134, 1960148.568514430662617 ], [ 746634.523922356893308, 1960148.686291410354897 ], [ 746643.932441066834144, 1960158.74911344028078 ], [ 746653.463850994827226, 1960158.866900060791522 ], [ 746662.995261420612223, 1960158.984691242221743 ], [ 746672.52667234535329, 1960159.102486985269934 ] ], [ [ 746672.52667234535329, 1960159.102486985269934 ], [ 746682.058083766605705, 1960159.220287288306281 ] ], [ [ 746682.058083766605705, 1960159.220287288306281 ], [ 746691.589495685766451, 1960159.338092152494937 ] ], [ [ 746691.589495685766451, 1960159.338092152494937 ], [ 746700.997983466368169, 1960169.40094525879249 ] ], [ [ 746700.997983466368169, 1960169.40094525879249 ], [ 746710.406461624312215, 1960179.463804041268304 ], [ 746719.814930156688206, 1960189.526668498991057 ], [ 746729.346329789143056, 1960189.644493165193126 ], [ 746738.877729920903221, 1960189.762322392547503 ] ], [ [ 746738.877729920903221, 1960189.762322392547503 ], [ 746748.409130551852286, 1960189.880156180588529 ], [ 746757.940531679429114, 1960189.997994530014694 ], [ 746767.471933305030689, 1960190.115837440360337 ], [ 746777.00333542842418, 1960190.233684911392629 ], [ 746786.411768771940842, 1960200.296585528412834 ], [ 746795.943167132558301, 1960200.414442640729249 ], [ 746805.351586589356884, 1960210.477354014059529 ] ], [ [ 746805.351586589356884, 1960210.477354014059529 ], [ 746814.759996421867982, 1960220.540271063568071 ], [ 746824.291386759956367, 1960220.658142898464575 ], [ 746833.69978270563297, 1960230.721070704516023 ], [ 746843.231169279664755, 1960230.838952182093635 ], [ 746852.762556351604871, 1960230.956838219426572 ], [ 746862.293943923083134, 1960231.074728818843141 ], [ 746871.825331991538405, 1960231.192623978480697 ], [ 746881.233701270422898, 1960241.25557778426446 ], [ 746890.642060924787074, 1960251.318537267157808 ], [ 746900.050410955795087, 1960261.381502425763756 ] ], [ [ 746900.050410955795087, 1960261.381502425763756 ], [ 746909.458751360885799, 1960271.44447326194495 ] ], [ [ 746909.458751360885799, 1960271.44447326194495 ], [ 746918.990122884046286, 1960271.562393306754529 ], [ 746928.521494905347936, 1960271.680317912483588 ], [ 746937.929817163734697, 1960281.743304587202147 ], [ 746947.46118542260956, 1960281.861238835146651 ], [ 746956.869493795442395, 1960291.924236267805099 ] ], [ [ 746956.869493795442395, 1960291.924236267805099 ], [ 746966.400858291657642, 1960292.04218015843071 ] ], [ [ 746966.400858291657642, 1960292.04218015843071 ], [ 746975.809152780100703, 1960302.105188349029049 ], [ 746985.340513514005579, 1960302.223141882568598 ] ], [ [ 746985.340513514005579, 1960302.223141882568598 ], [ 746994.748794115148485, 1960312.286160830408335 ] ], [ [ 746994.748794115148485, 1960312.286160830408335 ], [ 747004.280151086626574, 1960312.404124005930498 ], [ 747013.688417803496122, 1960322.46715371357277 ], [ 747023.096674893749878, 1960332.530189098324627 ] ], [ [ 747023.096674893749878, 1960332.530189098324627 ], [ 747032.628023842116818, 1960332.648166997823864 ], [ 747042.036267045186833, 1960342.711213141214103 ] ], [ [ 747042.036267045186833, 1960342.711213141214103 ], [ 747051.56761223252397, 1960342.829200682928786 ] ], [ [ 747051.56761223252397, 1960342.829200682928786 ], [ 747060.975841550854966, 1960352.892257585190237 ] ], [ [ 747060.975841550854966, 1960352.892257585190237 ], [ 747070.507182974601164, 1960353.010254770051688 ] ], [ [ 747070.507182974601164, 1960353.010254770051688 ], [ 747079.915398407028988, 1960363.07332243048586 ], [ 747089.446736069861799, 1960363.19132925895974 ] ], [ [ 747089.446736069861799, 1960363.19132925895974 ], [ 747098.97807422990445, 1960363.309340648120269 ] ], [ [ 747098.97807422990445, 1960363.309340648120269 ], [ 747108.386271515395492, 1960373.372424150118604 ], [ 747117.917605913477018, 1960373.49044518196024 ], [ 747127.325789314112626, 1960383.55353944352828 ], [ 747136.857119950116612, 1960383.671570119215176 ], [ 747146.265289461822249, 1960393.734675139188766 ], [ 747155.79661633586511, 1960393.852715458022431 ], [ 747165.204771963995881, 1960403.915831238497049 ], [ 747174.612917965278029, 1960413.978952697012573 ], [ 747184.144236816558987, 1960414.097007740987465 ], [ 747193.552368931588717, 1960424.160139959538355 ], [ 747203.083684022305533, 1960424.278204646660015 ], [ 747212.61499961046502, 1960424.396273894701153 ], [ 747222.023113578208722, 1960434.459421955281869 ], [ 747231.431217920267954, 1960444.522575694369152 ], [ 747240.83931263780687, 1960454.585735111497343 ], [ 747250.370615941588767, 1960454.703824168071151 ], [ 747259.77869677124545, 1960464.766994345700368 ], [ 747269.309996314463206, 1960464.885093045420945 ], [ 747278.841296358034015, 1960465.003196306992322 ], [ 747288.372596899163909, 1960465.121304130414501 ], [ 747297.780655320966616, 1960475.184495232766494 ], [ 747307.188704116619192, 1960485.247692015022039 ], [ 747316.719996636849828, 1960485.365814563818276 ], [ 747326.128031546017155, 1960495.429022106807679 ], [ 747335.659320303238928, 1960495.547154299914837 ], [ 747345.067341325455345, 1960505.610372603870928 ], [ 747354.475352720124647, 1960515.67359658726491 ], [ 747364.006633456796408, 1960515.79174350714311 ], [ 747373.537914691027254, 1960515.90989498840645 ], [ 747382.945907939691097, 1960525.973134815460071 ], [ 747392.353891563252546, 1960536.036380321718752 ], [ 747401.885164775652811, 1960536.154546529520303 ], [ 747411.293134510749951, 1960546.217802797676995 ], [ 747420.824403961771168, 1960546.335978650953621 ], [ 747430.232359811430797, 1960556.399245681008324 ], [ 747439.640306033194065, 1960566.462518390500918 ], [ 747449.17156746215187, 1960566.580708969850093 ], [ 747458.702829389250837, 1960566.698904111981392 ], [ 747468.234091816935688, 1960566.817103815497831 ], [ 747477.642015631776303, 1960576.880397452739999 ], [ 747487.173274298198521, 1960576.998606800800189 ], [ 747496.704533464158885, 1960577.116820710944012 ], [ 747506.235793130705133, 1960577.235039182938635 ], [ 747515.767053295508958, 1960577.353262216318399 ], [ 747525.298313959734514, 1960577.471489812247455 ], [ 747534.829575123265386, 1960577.589721969794482 ], [ 747534.952942796284333, 1960567.644629471702501 ] ], [ [ 747534.952942796284333, 1960567.644629471702501 ], [ 747544.484209220507182, 1960567.762865669326857 ] ], [ [ 747544.484209220507182, 1960567.762865669326857 ], [ 747544.607581047108397, 1960557.817772725364193 ], [ 747544.73095226706937, 1960547.872679857071489 ], [ 747554.262228709296323, 1960547.990919574396685 ], [ 747554.385604082839563, 1960538.045826260466129 ], [ 747563.916885782964528, 1960538.164070018567145 ], [ 747573.448167984024622, 1960538.282318338518962 ], [ 747582.979450684622861, 1960538.40057122008875 ], [ 747592.510733886272646, 1960538.518828663276508 ], [ 747602.042017585947178, 1960538.637090668082237 ], [ 747611.449897852959111, 1960548.70045367651619 ], [ 747611.326493313768879, 1960558.645550193730742 ], [ 747611.20308816828765, 1960568.590646786848083 ] ], [ [ 747611.20308816828765, 1960568.590646786848083 ], [ 747611.079682416166179, 1960578.535743454704061 ], [ 747610.956276057520881, 1960588.480840199394152 ], [ 747620.364125233376399, 1960598.544211276108399 ], [ 747629.77196478121914, 1960608.60758803319186 ], [ 747639.303217160049826, 1960608.725871934555471 ], [ 747648.834470038767904, 1960608.844160398468375 ], [ 747658.24229144025594, 1960618.907553002238274 ], [ 747667.6501032122178, 1960628.970951286843047 ], [ 747677.181348069920205, 1960629.089254479622468 ], [ 747686.712593427626416, 1960629.20756223378703 ], [ 747696.120387053233571, 1960639.270976365543902 ], [ 747705.528171053156257, 1960649.334396177669987 ], [ 747714.935945424600504, 1960659.397821670863777 ], [ 747724.46717850107234, 1960659.516149237751961 ], [ 747733.874938986380585, 1960669.57958549563773 ], [ 747743.40616830252111, 1960669.697922707768157 ], [ 747752.937398118432611, 1960669.816264482215047 ], [ 747762.345140454592183, 1960679.879716587951407 ], [ 747771.876366509008221, 1960679.998068007873371 ], [ 747781.407593065872788, 1960680.116423990344629 ], [ 747790.938820121460594, 1960680.234784534899518 ], [ 747800.346540049649775, 1960690.298257572809234 ], [ 747809.877763345022686, 1960690.416627762839198 ], [ 747819.408987141796388, 1960690.535002515418455 ], [ 747828.81668892223388, 1960700.598491401877254 ], [ 747838.224381075240672, 1960710.661985970800743 ], [ 747847.632063601980917, 1960720.725486220791936 ], [ 747857.039736499777064, 1960730.788992151385173 ], [ 747866.570943754632026, 1960730.907391801476479 ], [ 747876.102151507977396, 1960731.025796013651416 ], [ 747885.509806257905439, 1960741.089317795122042 ], [ 747895.041010254062712, 1960741.207731653936207 ], [ 747904.572214749176055, 1960741.326150074834004 ], [ 747914.103419744409621, 1960741.444573057349771 ], [ 747923.634625239763409, 1960741.563000602647662 ], [ 747933.165831236867234, 1960741.681432710494846 ], [ 747942.697037732810713, 1960741.799869380192831 ], [ 747942.820619799662381, 1960731.854753241408616 ], [ 747952.351831556414254, 1960731.973193951649591 ], [ 747952.475417776382528, 1960722.028077367460355 ] ], [ [ 747952.475417776382528, 1960722.028077367460355 ], [ 747962.006634794874117, 1960722.146522117778659 ] ], [ [ 747962.006634794874117, 1960722.146522117778659 ], [ 747962.130225167842582, 1960712.201405087020248 ], [ 747971.661447445629165, 1960712.319853876717389 ] ], [ [ 747971.661447445629165, 1960712.319853876717389 ], [ 747981.192670222255401, 1960712.438307229429483 ] ], [ [ 747981.192670222255401, 1960712.438307229429483 ], [ 747990.723893500864506, 1960712.556765143992379 ] ], [ [ 747990.723893500864506, 1960712.556765143992379 ], [ 748000.131507865618914, 1960722.620346739888191 ], [ 748000.007897844072431, 1960732.565465934108943 ], [ 747999.884287215070799, 1960742.510585205163807 ], [ 747999.760675978614017, 1960752.455704550957307 ], [ 747999.637064134469256, 1960762.400823972653598 ], [ 747999.513451683102176, 1960772.345943469787017 ], [ 748008.921029582270421, 1960782.409533736528829 ], [ 748018.328597852145322, 1960792.473129685269669 ], [ 748027.85978504922241, 1960792.591610026312992 ], [ 748037.267339430982247, 1960802.655216742539778 ], [ 748037.143705507623963, 1960812.600338631076738 ], [ 748037.020070976694115, 1960822.545460595516488 ], [ 748036.896435838192701, 1960832.490582635626197 ], [ 748036.772800092119724, 1960842.435704751405865 ], [ 748046.180323374690488, 1960852.499319540802389 ], [ 748055.587837027385831, 1960862.562940013594925 ], [ 748064.995341051835567, 1960872.62656616861932 ], [ 748074.526492668315768, 1960872.745073499158025 ], [ 748083.93398280267138, 1960882.808710421435535 ], [ 748093.341463310061954, 1960892.872353027109057 ], [ 748102.748934188857675, 1960902.936001315014437 ], [ 748112.280073523987085, 1960903.054528462234885 ], [ 748121.687530515249819, 1960913.118187518790364 ], [ 748131.094977876637131, 1960923.181852257344872 ], [ 748140.626109192147851, 1960923.300394137157127 ], [ 748150.15724100836087, 1960923.418940579285845 ], [ 748159.564670222112909, 1960933.482621171278879 ], [ 748169.09579827869311, 1960933.601177261676639 ], [ 748178.62692683620844, 1960933.719737914158031 ], [ 748188.034337898134254, 1960943.783434360055253 ], [ 748197.565462697646581, 1960943.902004660107195 ], [ 748207.096587996580638, 1960944.020579523872584 ], [ 748216.627713796216995, 1960944.139158948790282 ], [ 748226.158840096672066, 1960944.257742937421426 ], [ 748235.689966899342835, 1960944.376331489067525 ], [ 748245.221094201435335, 1960944.494924602564424 ] ], [ [ 748245.221094201435335, 1960944.494924602564424 ], [ 748254.75222200434655, 1960944.613522278843448 ], [ 748264.283350308309309, 1960944.732124517671764 ], [ 748273.814479114487767, 1960944.850731319515035 ], [ 748283.345608420320787, 1960944.969342683907598 ], [ 748292.75296725332737, 1960955.033095665276051 ], [ 748292.629195672925562, 1960964.978232796071097 ], [ 748292.505423484253697, 1960974.923370001604781 ] ], [ [ 748292.505423484253697, 1960974.923370001604781 ], [ 748292.381650687544607, 1960984.868507283041254 ], [ 748301.788983785430901, 1960994.932267743395641 ], [ 748311.196307255653664, 1961004.996033888077363 ], [ 748311.072523112292401, 1961014.941172442166135 ], [ 748320.479831582633778, 1961025.004944868851453 ], [ 748329.887130423565395, 1961035.068722979165614 ], [ 748339.418219886603765, 1961035.187366424826905 ], [ 748348.825504839420319, 1961045.251155305886641 ], [ 748358.356590543407947, 1961045.369808400282636 ], [ 748367.763861605431885, 1961055.433608050690964 ], [ 748377.171123038046062, 1961065.497413385193795 ], [ 748386.702200724510476, 1961065.616081213578582 ], [ 748396.109448266099207, 1961075.679897319059819 ], [ 748405.640522192348726, 1961075.798574796644971 ], [ 748415.047755845589563, 1961085.862401671940461 ], [ 748424.454979870468378, 1961095.926234231097624 ], [ 748433.986045777914114, 1961096.044926443370059 ] ], [ [ 748433.986045777914114, 1961096.044926443370059 ], [ 748443.393255911767483, 1961106.108769775135443 ] ], [ [ 748443.393255911767483, 1961106.108769775135443 ], [ 748452.924318060395308, 1961106.22747163567692 ], [ 748462.331514305667952, 1961116.291325737023726 ] ], [ [ 748462.331514305667952, 1961116.291325737023726 ], [ 748471.862572695710696, 1961116.410037247464061 ] ], [ [ 748471.862572695710696, 1961116.410037247464061 ], [ 748481.269755049841478, 1961126.473902119556442 ] ], [ [ 748481.269755049841478, 1961126.473902119556442 ], [ 748490.800809681182727, 1961126.592623278964311 ] ], [ [ 748490.800809681182727, 1961126.592623278964311 ], [ 748500.207978145335801, 1961136.656498922966421 ], [ 748509.615136979497038, 1961146.720380250131711 ], [ 748519.146183592267334, 1961146.839116145391017 ], [ 748528.553328536334448, 1961156.90300824563019 ], [ 748528.429425757727586, 1961166.848159963032231 ], [ 748528.305522370152175, 1961176.793311754940078 ], [ 748537.712646945263259, 1961186.857210737420246 ] ], [ [ 748537.712646945263259, 1961186.857210737420246 ], [ 748547.119761888636276, 1961196.921115405624732 ] ], [ [ 748547.119761888636276, 1961196.921115405624732 ], [ 748546.995847151731141, 1961206.866268470883369 ], [ 748556.402947094524279, 1961216.930179422721267 ], [ 748565.810037406859919, 1961226.994096060283482 ] ], [ [ 748565.810037406859919, 1961226.994096060283482 ], [ 748565.686111320508644, 1961236.939250399358571 ], [ 748575.093186633195728, 1961247.003173321019858 ], [ 748584.500252313911915, 1961257.067101928172633 ], [ 748584.376314877648838, 1961267.012257541297004 ], [ 748593.783365557203069, 1961277.076192432548851 ], [ 748603.190406604669988, 1961287.140133009525016 ], [ 748612.597438024007715, 1961297.204079272923991 ], [ 748622.004459811141714, 1961307.268031221581623 ], [ 748631.411471967585385, 1961317.331988855730742 ], [ 748640.81847449275665, 1961327.395952176535502 ], [ 748650.225467388285324, 1961337.45992118306458 ] ], [ [ 748650.225467388285324, 1961337.45992118306458 ], [ 748659.63245065161027, 1961347.523895875085145 ] ], [ [ 748659.63245065161027, 1961347.523895875085145 ], [ 748669.163410056848079, 1961347.642715249676257 ], [ 748678.570379428681917, 1961357.706700715702027 ] ], [ [ 748678.570379428681917, 1961357.706700715702027 ], [ 748687.97733917075675, 1961367.770691866986454 ], [ 748697.384289280278608, 1961377.834688705392182 ], [ 748706.915236405213363, 1961377.953527904348448 ] ], [ [ 748706.915236405213363, 1961377.953527904348448 ], [ 748716.322172623244114, 1961388.017535516060889 ], [ 748725.853115992504172, 1961388.136384365847334 ], [ 748735.2600383189274, 1961398.200402750400826 ], [ 748744.790977928554639, 1961398.319261251715943 ], [ 748754.197886363486759, 1961408.383290410041809 ], [ 748754.073854077607393, 1961418.328456580406055 ], [ 748753.949821182410233, 1961428.273622825276107 ], [ 748763.356709244428203, 1961438.337658869102597 ] ], [ [ 748763.356709244428203, 1961438.337658869102597 ], [ 748763.232670368510298, 1961448.282825789647177 ] ], [ [ 748763.232670368510298, 1961448.282825789647177 ], [ 748772.639543426106684, 1961458.346868118736893 ] ], [ [ 748772.639543426106684, 1961458.346868118736893 ], [ 748772.515498569235206, 1961468.292035714024678 ], [ 748781.92235662357416, 1961478.356084329774603 ] ], [ [ 748781.92235662357416, 1961478.356084329774603 ], [ 748791.329205045942217, 1961488.420138631947339 ] ], [ [ 748791.329205045942217, 1961488.420138631947339 ], [ 748800.736043837969191, 1961498.484198622172698 ] ], [ [ 748800.736043837969191, 1961498.484198622172698 ], [ 748810.142872995231301, 1961508.548264298122376 ] ], [ [ 748810.142872995231301, 1961508.548264298122376 ], [ 748819.549692522035912, 1961518.612335662124678 ], [ 748829.080579503206536, 1961518.731241521425545 ], [ 748838.48738513875287, 1961528.795323658967391 ] ], [ [ 748838.48738513875287, 1961528.795323658967391 ], [ 748838.363302680198103, 1961538.740495450096205 ], [ 748847.770093310507946, 1961548.80458387429826 ], [ 748857.17687430861406, 1961558.868677986785769 ], [ 748866.583645674400032, 1961568.93277778592892 ] ], [ [ 748866.583645674400032, 1961568.93277778592892 ], [ 748866.459546490572393, 1961578.877951450413093 ], [ 748875.866302853450179, 1961588.942057536449283 ] ], [ [ 748875.866302853450179, 1961588.942057536449283 ], [ 748875.742197687970474, 1961598.887231876142323 ], [ 748885.148939044796862, 1961608.951344249537215 ] ], [ [ 748885.148939044796862, 1961608.951344249537215 ], [ 748885.024827897665091, 1961618.89651926397346 ] ], [ [ 748885.024827897665091, 1961618.89651926397346 ], [ 748884.900716140749864, 1961628.841694354079664 ] ], [ [ 748884.900716140749864, 1961628.841694354079664 ], [ 748884.776603774400428, 1961638.786869520554319 ] ], [ [ 748884.776603774400428, 1961638.786869520554319 ], [ 748884.652490798151121, 1961648.73204476130195 ] ], [ [ 748884.652490798151121, 1961648.73204476130195 ], [ 748884.528377212351188, 1961658.677220079116523 ] ], [ [ 748884.528377212351188, 1961658.677220079116523 ], [ 748874.99755389301572, 1961658.558279501739889 ] ], [ [ 748874.99755389301572, 1961658.558279501739889 ], [ 748874.873444460332394, 1961668.503454370191321 ] ], [ [ 748874.873444460332394, 1961668.503454370191321 ], [ 748874.749334417749196, 1961678.448629314312711 ] ], [ [ 748874.749334417749196, 1961678.448629314312711 ], [ 748874.625223765615374, 1961688.393804334336892 ] ], [ [ 748874.625223765615374, 1961688.393804334336892 ], [ 748874.501112503930926, 1961698.338979430729523 ], [ 748864.970308735850267, 1961698.220041322056204 ] ], [ [ 748864.970308735850267, 1961698.220041322056204 ], [ 748864.846201627282426, 1961708.165215968852863 ], [ 748855.315403125365265, 1961708.046281900489703 ] ], [ [ 748855.315403125365265, 1961708.046281900489703 ], [ 748855.191300169797614, 1961717.991456100018695 ], [ 748845.660506932763383, 1961717.872526072431356 ] ], [ [ 748845.660506932763383, 1961717.872526072431356 ], [ 748836.129714197595604, 1961717.753600608557463 ] ], [ [ 748836.129714197595604, 1961717.753600608557463 ], [ 748826.598921963013709, 1961717.634679709328339 ], [ 748817.06813023192808, 1961717.515763374278322 ], [ 748807.537339002592489, 1961717.396851603640243 ], [ 748798.006548276520334, 1961717.277944397181273 ], [ 748788.475758049637079, 1961717.15904175536707 ], [ 748778.944968326250091, 1961717.040143677033484 ], [ 748778.820902863051742, 1961726.98531376151368 ], [ 748769.290118404082023, 1961726.866419723955914 ], [ 748759.75933444686234, 1961726.747530251508579 ], [ 748750.228550990344957, 1961726.628645342541859 ], [ 748750.104499205946922, 1961736.573813932016492 ], [ 748740.573721015127376, 1961736.454933064058423 ], [ 748731.042943326290697, 1961736.336056760512292 ], [ 748721.51216613908764, 1961736.2171850213781 ], [ 748711.981389452237636, 1961736.098317846423015 ], [ 748711.857356109772809, 1961746.043484416790307 ], [ 748702.326584688853472, 1961745.924621282843873 ], [ 748702.202555499970913, 1961755.869787405710667 ], [ 748692.671789344865829, 1961755.750928312074393 ], [ 748692.547764309565537, 1961765.696093986742198 ], [ 748683.017003417597152, 1961765.577238934347406 ], [ 748682.892982535995543, 1961775.522404161514714 ], [ 748673.362226907163858, 1961775.403553149662912 ], [ 748673.238210179377347, 1961785.348717929096892 ] ], [ [ 748673.238210179377347, 1961785.348717929096892 ], [ 748663.707459816359915, 1961785.229870958253741 ] ], [ [ 748663.707459816359915, 1961785.229870958253741 ], [ 748663.583447242272086, 1961795.175035289488733 ], [ 748654.052702143788338, 1961795.056192359887064 ], [ 748653.928693723515607, 1961805.001356243621558 ], [ 748644.397953889565542, 1961804.882517354795709 ], [ 748644.273949622991495, 1961814.827680789865553 ], [ 748634.743215052294545, 1961814.708845942281187 ] ], [ [ 748634.743215052294545, 1961814.708845942281187 ], [ 748634.619214939652011, 1961824.654008930549026 ], [ 748625.088485634769313, 1961824.535178124438971 ] ], [ [ 748625.088485634769313, 1961824.535178124438971 ], [ 748624.964489676174708, 1961834.480340664274991 ] ], [ [ 748624.964489676174708, 1961834.480340664274991 ], [ 748624.840493108495139, 1961844.42550328024663 ], [ 748615.309773831046186, 1961844.30667599174194 ] ], [ [ 748615.309773831046186, 1961844.30667599174194 ], [ 748615.185781417414546, 1961854.251838160445914 ] ], [ [ 748615.185781417414546, 1961854.251838160445914 ], [ 748615.061788394697942, 1961864.197000403888524 ] ], [ [ 748615.061788394697942, 1961864.197000403888524 ], [ 748605.531079144915566, 1961864.078176633222029 ] ], [ [ 748605.531079144915566, 1961864.078176633222029 ], [ 748605.407090276479721, 1961874.023338429396972 ] ], [ [ 748605.407090276479721, 1961874.023338429396972 ], [ 748605.283100798958912, 1961883.968500301009044 ], [ 748595.752401575329714, 1961883.849680048413575 ] ], [ [ 748595.752401575329714, 1961883.849680048413575 ], [ 748595.628416251973249, 1961893.794841472292319 ], [ 748595.504430319648236, 1961903.740002972539514 ], [ 748585.973741126479581, 1961903.62118623778224 ], [ 748585.849759348435327, 1961913.566347290063277 ], [ 748576.319075418636203, 1961913.447534596780315 ], [ 748576.195097794756293, 1961923.392695201095194 ], [ 748566.664419129490852, 1961923.273886548588052 ] ], [ [ 748566.664419129490852, 1961923.273886548588052 ], [ 748566.540445660008118, 1961933.219046705635265 ] ], [ [ 748566.540445660008118, 1961933.219046705635265 ], [ 748566.416471581556834, 1961943.164206938818097 ], [ 748566.292496894253418, 1961953.109367246972397 ], [ 748556.761833018739708, 1961952.990561590529978 ], [ 748556.637862485949881, 1961962.935721451183781 ], [ 748547.107203876366839, 1961962.816919835750014 ], [ 748546.983237497974187, 1961972.762079248903319 ], [ 748546.859270510729402, 1961982.707238737726584 ], [ 748537.328621929045767, 1961982.588440640829504 ] ], [ [ 748537.328621929045767, 1961982.588440640829504 ], [ 748537.204659096314572, 1961992.533599681919441 ], [ 748537.080695654964074, 1962002.478758798912168 ], [ 748527.550057101296261, 1962002.359964220784605 ] ], [ [ 748527.550057101296261, 1962002.359964220784605 ], [ 748527.426097814459354, 1962012.305122890044004 ] ], [ [ 748527.426097814459354, 1962012.305122890044004 ], [ 748527.302137918770313, 1962022.250281635671854 ] ], [ [ 748527.302137918770313, 1962022.250281635671854 ], [ 748527.17817741422914, 1962032.195440456504002 ] ], [ [ 748527.17817741422914, 1962032.195440456504002 ], [ 748517.647553650895134, 1962032.076648874208331 ], [ 748517.523597301100381, 1962042.021807247539982 ], [ 748517.399640342453495, 1962051.966965695843101 ], [ 748517.275682775303721, 1962061.912124220049009 ], [ 748517.1517245991854, 1962071.857282821089029 ], [ 748517.02776581433136, 1962081.802441496867687 ], [ 748516.903806420858018, 1962091.747600248781964 ], [ 748516.779846418648958, 1962101.69275907613337 ], [ 748516.65588580747135, 1962111.637917979387566 ], [ 748516.531924587674439, 1962121.583076957380399 ], [ 748516.407962759258226, 1962131.528236012207344 ], [ 748516.284000321989879, 1962141.473395142471418 ], [ 748516.160037275869399, 1962151.418554347706959 ], [ 748516.036073621129617, 1962161.363713628612459 ], [ 748515.912109357537702, 1962171.30887298588641 ], [ 748525.318696794449352, 1962181.372831848217174 ] ], [ [ 748525.318696794449352, 1962181.372831848217174 ], [ 748525.194726549671032, 1962191.317991878837347 ] ], [ [ 748525.194726549671032, 1962191.317991878837347 ], [ 748525.070755696040578, 1962201.263151986291632 ] ], [ [ 748525.070755696040578, 1962201.263151986291632 ], [ 748524.946784233674407, 1962211.208312168950215 ] ], [ [ 748524.946784233674407, 1962211.208312168950215 ], [ 748524.822812162572518, 1962221.153472426813096 ] ], [ [ 748524.822812162572518, 1962221.153472426813096 ], [ 748524.698839482734911, 1962231.098632761277258 ] ], [ [ 748524.698839482734911, 1962231.098632761277258 ], [ 748524.574866194045171, 1962241.043793170945719 ] ], [ [ 748524.574866194045171, 1962241.043793170945719 ], [ 748524.450892296736129, 1962250.988953655818477 ] ], [ [ 748524.450892296736129, 1962250.988953655818477 ], [ 748524.326917790574953, 1962260.934114216826856 ] ], [ [ 748524.326917790574953, 1962260.934114216826856 ], [ 748524.202942675561644, 1962270.879274853505194 ] ], [ [ 748524.202942675561644, 1962270.879274853505194 ], [ 748524.078966951812617, 1962280.824435565620661 ] ], [ [ 748524.078966951812617, 1962280.824435565620661 ], [ 748514.548462281702086, 1962280.705630905693397 ], [ 748514.424490713281557, 1962290.650791170541197 ], [ 748514.30051853612531, 1962300.595951510593295 ], [ 748514.176545750233345, 1962310.541111927479506 ], [ 748514.052572355605662, 1962320.486272419337183 ], [ 748504.522087244316936, 1962320.367470231838524 ], [ 748504.398118005134165, 1962330.312630276428536 ], [ 748504.274148157099262, 1962340.257790396688506 ], [ 748504.150177700328641, 1962350.202950592618436 ], [ 748504.026206634938717, 1962360.148110864218324 ], [ 748503.902234960813075, 1962370.093271211022511 ], [ 748503.778262677951716, 1962380.038431633729488 ], [ 748503.654289786354639, 1962389.983592132804915 ], [ 748503.530316286021844, 1962399.92875270661898 ], [ 748493.999869789695367, 1962399.809950900264084 ], [ 748493.875900445040315, 1962409.755111027508974 ], [ 748493.75193049153313, 1962419.700271230190992 ], [ 748493.627959929639474, 1962429.645431508077309 ], [ 748493.503988758893684, 1962439.590591861633584 ], [ 748493.38001697929576, 1962449.535752290859818 ], [ 748493.25604459119495, 1962459.480912796920165 ], [ 748493.132071594242007, 1962469.426073377253488 ], [ 748493.008097988786176, 1962479.371234033955261 ], [ 748492.884123774478212, 1962489.316394765861332 ] ], [ [ 748492.884123774478212, 1962489.316394765861332 ], [ 748492.760148951550946, 1962499.261555573903024 ] ], [ [ 748492.760148951550946, 1962499.261555573903024 ], [ 748492.636173520004377, 1962509.206716457847506 ] ], [ [ 748492.636173520004377, 1962509.206716457847506 ], [ 748492.51219747972209, 1962519.151877416297793 ] ], [ [ 748492.51219747972209, 1962519.151877416297793 ], [ 748492.388220830704086, 1962529.097038451116532 ] ], [ [ 748492.388220830704086, 1962529.097038451116532 ], [ 748492.264243572950363, 1962539.042199561838061 ], [ 748492.140265706693754, 1962548.987360747996718 ], [ 748492.016287231585011, 1962558.932522010290995 ], [ 748491.892308147856966, 1962568.877683347789571 ], [ 748501.298689190414734, 1962578.941655980888754 ] ], [ [ 748501.298689190414734, 1962578.941655980888754 ], [ 748501.174704124685377, 1962588.886817993130535 ] ], [ [ 748501.174704124685377, 1962588.886817993130535 ], [ 748501.050718450103886, 1962598.831980080110952 ] ], [ [ 748501.050718450103886, 1962598.831980080110952 ], [ 748500.926732166903093, 1962608.777142243459821 ] ], [ [ 748500.926732166903093, 1962608.777142243459821 ], [ 748500.802745274966583, 1962618.722304482245818 ], [ 748500.678757774177939, 1962628.667466797167435 ], [ 748510.085102312266827, 1962638.731448111822829 ], [ 748509.961108829360455, 1962648.67661110102199 ], [ 748519.367438357789069, 1962658.740598701871932 ] ], [ [ 748519.367438357789069, 1962658.740598701871932 ], [ 748519.24343889253214, 1962668.685762365814298 ] ], [ [ 748519.24343889253214, 1962668.685762365814298 ], [ 748519.119438818423077, 1962678.630926104029641 ] ], [ [ 748519.119438818423077, 1962678.630926104029641 ], [ 748518.995438135578297, 1962688.576089918846264 ], [ 748528.401741904206574, 1962698.640085004270077 ] ], [ [ 748528.401741904206574, 1962698.640085004270077 ], [ 748528.277735238778405, 1962708.585249493131414 ] ], [ [ 748528.277735238778405, 1962708.585249493131414 ], [ 748528.153727964614518, 1962718.530414058128372 ] ], [ [ 748528.153727964614518, 1962718.530414058128372 ], [ 748528.029720081714913, 1962728.475578698795289 ], [ 748537.435998091241345, 1962738.539581268327311 ] ], [ [ 748537.435998091241345, 1962738.539581268327311 ], [ 748537.311984225641936, 1962748.484746583504602 ] ], [ [ 748537.311984225641936, 1962748.484746583504602 ], [ 748537.187969751306809, 1962758.429911973886192 ] ], [ [ 748537.187969751306809, 1962758.429911973886192 ], [ 748546.594227375229821, 1962768.49392142961733 ] ], [ [ 748546.594227375229821, 1962768.49392142961733 ], [ 748546.470206917962059, 1962778.439087494043633 ] ], [ [ 748546.470206917962059, 1962778.439087494043633 ], [ 748546.346185852074996, 1962788.384253635304049 ], [ 748546.222164177102968, 1962798.329419851303101 ], [ 748555.628396042389795, 1962808.393436791142449 ] ], [ [ 748555.628396042389795, 1962808.393436791142449 ], [ 748555.504368384601548, 1962818.338603681651875 ], [ 748564.910585236269981, 1962828.402626908849925 ] ], [ [ 748564.910585236269981, 1962828.402626908849925 ], [ 748564.786551595549099, 1962838.347794474568218 ], [ 748564.662517345859669, 1962848.292962115257978 ], [ 748574.068713810993358, 1962858.356992227956653 ] ], [ [ 748574.068713810993358, 1962858.356992227956653 ], [ 748573.944673578022048, 1962868.30216054385528 ], [ 748583.350855029188097, 1962878.366196944378316 ] ], [ [ 748583.350855029188097, 1962878.366196944378316 ], [ 748583.226808813167736, 1962888.311365934088826 ], [ 748592.632975253975019, 1962898.375408622203395 ] ], [ [ 748592.632975253975019, 1962898.375408622203395 ], [ 748592.508923054672778, 1962908.320578286191449 ] ], [ [ 748592.508923054672778, 1962908.320578286191449 ], [ 748592.384870246285573, 1962918.265748026547953 ], [ 748601.791016298229806, 1962928.329797600395977 ] ], [ [ 748601.791016298229806, 1962928.329797600395977 ], [ 748601.666957506560721, 1962938.274968015495688 ], [ 748611.073088545352221, 1962948.339023877633736 ] ], [ [ 748611.073088545352221, 1962948.339023877633736 ], [ 748610.949023770168424, 1962958.284194966778159 ], [ 748620.355139795457944, 1962968.348257116274908 ], [ 748629.761246183188632, 1962978.412324954988435 ], [ 748639.167342930682935, 1962988.476398482453078 ] ], [ [ 748639.167342930682935, 1962988.476398482453078 ], [ 748648.573430039221421, 1962998.540477699367329 ] ], [ [ 748648.573430039221421, 1962998.540477699367329 ], [ 748648.449343156069517, 1963008.485651260009035 ] ], [ [ 748648.449343156069517, 1963008.485651260009035 ], [ 748648.32525566406548, 1963018.430824896320701 ], [ 748657.731322383624502, 1963028.49491099989973 ] ], [ [ 748657.731322383624502, 1963028.49491099989973 ], [ 748657.607228907523677, 1963038.440085310256109 ], [ 748667.013280614395626, 1963048.504177702357993 ], [ 748676.419322680681944, 1963058.568275783676654 ] ], [ [ 748676.419322680681944, 1963058.568275783676654 ], [ 748676.295217845472507, 1963068.513451368315145 ], [ 748676.171112401178107, 1963078.458627028623596 ], [ 748685.577134076505899, 1963088.522731997305527 ], [ 748694.983146113576367, 1963098.586842655204237 ], [ 748694.85902931005694, 1963108.532019588863477 ], [ 748704.265026333741844, 1963118.596136535285041 ], [ 748713.671013716491871, 1963128.660259170923382 ], [ 748723.076991459471174, 1963138.724387496709824 ] ], [ [ 748723.076991459471174, 1963138.724387496709824 ], [ 748722.952857920783572, 1963148.669566303258762 ], [ 748732.358820648631081, 1963158.733700917800888 ], [ 748732.23468112538103, 1963168.678880400024354 ], [ 748741.640628839144483, 1963178.743021303089336 ], [ 748751.046566911740229, 1963188.807167896302417 ], [ 748760.452495343983173, 1963198.871320179430768 ], [ 748769.858414136222564, 1963208.935478152241558 ], [ 748779.264323289855383, 1963218.999641815200448 ], [ 748788.670222800225019, 1963229.0638111687731 ], [ 748788.546050414326601, 1963239.00899432064034 ], [ 748797.95193491014652, 1963249.073169963434339 ], [ 748807.357809765846469, 1963259.137351295677945 ], [ 748816.76367498212494, 1963269.201538318069652 ], [ 748826.169530556770042, 1963279.265731032239273 ], [ 748826.045336058014072, 1963289.210916656535119 ], [ 748835.451176616130397, 1963299.275115659693256 ], [ 748844.857007533544675, 1963309.339320353232324 ], [ 748854.262828811770305, 1963319.403530736919492 ], [ 748863.66864044778049, 1963329.467746811453253 ] ], [ [ 748863.66864044778049, 1963329.467746811453253 ], [ 748873.074442442855798, 1963339.531968576367944 ] ], [ [ 748873.074442442855798, 1963339.531968576367944 ], [ 748882.480234797112644, 1963349.596196031896397 ] ], [ [ 748882.480234797112644, 1963349.596196031896397 ], [ 748891.886017510551028, 1963359.660429178969935 ] ], [ [ 748891.886017510551028, 1963359.660429178969935 ], [ 748901.29179058293812, 1963369.724668016191572 ] ], [ [ 748901.29179058293812, 1963369.724668016191572 ], [ 748901.167552465689369, 1963379.669858512002975 ], [ 748910.573310520732775, 1963389.73410363914445 ], [ 748919.979058934608474, 1963399.79835445759818 ], [ 748929.509051955188625, 1963399.917418673401698 ] ], [ [ 748929.509051955188625, 1963399.917418673401698 ], [ 748938.914786463137716, 1963409.981680274009705 ], [ 748948.44477571954485, 1963410.100754149258137 ], [ 748957.974765478051268, 1963410.219832591712475 ] ], [ [ 748957.974765478051268, 1963410.219832591712475 ], [ 748967.504755740053952, 1963410.338915602071211 ], [ 748977.03474650264252, 1963410.458003180334345 ], [ 748986.564737767330371, 1963410.577095326036215 ], [ 748996.094729532604106, 1963410.696192039409652 ], [ 749005.624721802887507, 1963410.815293320454657 ], [ 749015.030416816705838, 1963420.879596254322678 ], [ 749024.436102189356461, 1963430.943904880201444 ], [ 749024.311798445880413, 1963440.889102640328929 ], [ 749033.717468800023198, 1963450.953417556826025 ], [ 749043.123129514395259, 1963461.017738165101036 ], [ 749052.528780585620552, 1963471.08206446445547 ], [ 749052.40446010127198, 1963481.027264099800959 ], [ 749052.28013900690712, 1963490.972463809885085 ] ], [ [ 749052.28013900690712, 1963490.972463809885085 ], [ 749052.155817302293144, 1963500.917663596337661 ], [ 749052.031494987662882, 1963510.862863459158689 ], [ 749061.437114909407683, 1963520.92719784937799 ], [ 749070.842725189169869, 1963530.991537931608036 ], [ 749080.372664274182171, 1963531.110682044411078 ], [ 749089.778260647319257, 1963541.175032910425216 ], [ 749099.308195967227221, 1963541.294186683371663 ], [ 749108.713778433506377, 1963551.358548333868384 ], [ 749118.119351259199902, 1963561.422915676608682 ], [ 749127.649278553202748, 1963561.542084202403203 ], [ 749137.05483747064136, 1963571.606462328694761 ], [ 749146.460386745864525, 1963581.670846148626879 ], [ 749155.865926380269229, 1963591.735235660336912 ], [ 749165.39584138256032, 1963591.854424030985683 ], [ 749174.801367108593695, 1963601.918824326712638 ], [ 749184.206883192295209, 1963611.98323031514883 ], [ 749184.082487425766885, 1963621.928438348462805 ], [ 749183.958091048756614, 1963631.873646456981078 ], [ 749193.363586736144498, 1963641.938059338834137 ], [ 749193.239184371195734, 1963651.883268123259768 ], [ 749202.644665035419166, 1963661.94768729666248 ], [ 749212.050136058474891, 1963672.01211216324009 ], [ 749221.455597438849509, 1963682.076542722294107 ], [ 749230.861049177940004, 1963692.140978974057361 ], [ 749240.266491272719577, 1963702.205420918995515 ], [ 749249.796358356950805, 1963702.324656172189862 ], [ 749259.201786543941125, 1963712.389108903007582 ], [ 749259.077346533769742, 1963722.334321888396516 ], [ 749258.952905913, 1963732.279534947825596 ], [ 749258.828464681631885, 1963742.224748084321618 ], [ 749258.704022839665413, 1963752.169961296021938 ], [ 749258.579580387100577, 1963762.115174582926556 ], [ 749249.049741405528039, 1963761.995931614423171 ], [ 749248.92530311003793, 1963771.941144452895969 ], [ 749248.800864204065874, 1963781.886357367737219 ], [ 749248.676424687495455, 1963791.831570356618613 ], [ 749248.551984560443088, 1963801.776783422101289 ], [ 749248.427543822675943, 1963811.721996562788263 ], [ 749248.303102474426851, 1963821.667209779145196 ], [ 749248.17866051569581, 1963831.612423072336242 ], [ 749257.584018786554225, 1963841.676883603446186 ], [ 749266.989367415197194, 1963851.741349829128012 ], [ 749266.864914089092053, 1963861.686564397765324 ], [ 749266.740460152504966, 1963871.631779040908441 ], [ 749266.616005605319515, 1963881.57699376065284 ], [ 749266.491550447535701, 1963891.522208555601537 ], [ 749266.367094679153524, 1963901.467423425754532 ], [ 749266.242638300172985, 1963911.412638371810317 ], [ 749256.712870331131853, 1963911.293382967356592 ], [ 749256.588418109575287, 1963921.238597464747727 ], [ 749256.463965277536772, 1963931.183812037343159 ], [ 749246.934207348385826, 1963931.064560152590275 ], [ 749246.809758673538454, 1963941.009774276753888 ], [ 749246.685309388209134, 1963950.954988476587459 ] ], [ [ 749246.685309388209134, 1963950.954988476587459 ], [ 749237.155561497667804, 1963950.835740111302584 ], [ 749237.031116369878873, 1963960.780953862471506 ] ], [ [ 749237.031116369878873, 1963960.780953862471506 ], [ 749227.501373749924824, 1963960.661709542386234 ], [ 749227.376932779676281, 1963970.606922845123336 ], [ 749217.847195428912528, 1963970.487682568840683 ], [ 749217.722758616320789, 1963980.43289542151615 ], [ 749217.598321193130687, 1963990.3781083507929 ], [ 749217.473883159691468, 1964000.323321354808286 ] ], [ [ 749217.473883159691468, 1964000.323321354808286 ], [ 749207.944160617073067, 1964000.204084074823186 ], [ 749207.819726741174236, 1964010.149296630639583 ] ], [ [ 749207.819726741174236, 1964010.149296630639583 ], [ 749207.695292254793458, 1964020.094509262125939 ] ], [ [ 749207.695292254793458, 1964020.094509262125939 ], [ 749198.165579751133919, 1964019.975275502307341 ], [ 749198.04114942252636, 1964029.920487684896216 ], [ 749197.916718483669683, 1964039.86569994315505 ], [ 749197.792286934214644, 1964049.810912277316675 ], [ 749197.667854774394073, 1964059.756124686682597 ], [ 749207.073110666708089, 1964069.820573554141447 ], [ 749206.948672517668456, 1964079.765786639181897 ], [ 749206.824233758379705, 1964089.710999799659476 ], [ 749216.229469248442911, 1964099.775455560535192 ], [ 749216.105024499818683, 1964109.72066939715296 ], [ 749215.980579140596092, 1964119.665883308975026 ], [ 749215.856133171007968, 1964129.611097296932712 ], [ 749225.261342881014571, 1964139.675560551462695 ], [ 749225.136890921974555, 1964149.620775214396417 ], [ 749225.012438352569006, 1964159.565989953232929 ], [ 749234.417627658112906, 1964169.630460100946948 ], [ 749234.29316909913905, 1964179.57567551638931 ], [ 749243.698343380587175, 1964189.640151958214119 ], [ 749243.573878831812181, 1964199.585368048399687 ], [ 749252.979038088931702, 1964209.649850784335285 ], [ 749252.854567550588399, 1964219.595067550428212 ], [ 749262.259711784310639, 1964229.659556580008939 ], [ 749271.664846371393651, 1964239.724051303463057 ] ], [ [ 749271.664846371393651, 1964239.724051303463057 ], [ 749281.069971313234419, 1964249.788551721256226 ] ], [ [ 749281.069971313234419, 1964249.788551721256226 ], [ 749280.945484026218764, 1964259.733770362799987 ] ], [ [ 749280.945484026218764, 1964259.733770362799987 ], [ 749290.350593943032436, 1964269.798277074703947 ] ], [ [ 749290.350593943032436, 1964269.798277074703947 ], [ 749299.755694214138202, 1964279.862789481179789 ] ], [ [ 749299.755694214138202, 1964279.862789481179789 ], [ 749309.160784839536063, 1964289.927307581761852 ] ], [ [ 749309.160784839536063, 1964289.927307581761852 ], [ 749318.690374623984098, 1964290.046610333025455 ], [ 749328.219964911229908, 1964290.165917654754594 ], [ 749337.625037359888665, 1964300.230451637879014 ], [ 749347.030100161442533, 1964310.294991315109655 ], [ 749346.905575828510337, 1964320.240214082645252 ], [ 749346.781050884746946, 1964330.185436926782131 ] ], [ [ 749346.781050884746946, 1964330.185436926782131 ], [ 749356.186093281023204, 1964340.249983498826623 ], [ 749365.591126031125896, 1964350.31453576637432 ], [ 749374.996149136684835, 1964360.379093727329746 ], [ 749384.401162594673224, 1964370.443657383322716 ], [ 749393.806166406488046, 1964380.508226735284552 ], [ 749393.68161395273637, 1964390.453452655812725 ], [ 749393.557060888037086, 1964400.398678652476519 ] ], [ [ 749393.557060888037086, 1964400.398678652476519 ], [ 749402.962044292245992, 1964410.463254899019375 ] ], [ [ 749402.962044292245992, 1964410.463254899019375 ], [ 749402.837485236814246, 1964420.408481570659205 ] ], [ [ 749402.837485236814246, 1964420.408481570659205 ], [ 749412.242453617160209, 1964430.473064113641158 ] ], [ [ 749412.242453617160209, 1964430.473064113641158 ], [ 749421.647412349819206, 1964440.537652350496501 ] ], [ [ 749421.647412349819206, 1964440.537652350496501 ], [ 749431.05236143595539, 1964450.602246282389387 ] ], [ [ 749431.05236143595539, 1964450.602246282389387 ], [ 749430.92778562894091, 1964460.547474831575528 ], [ 749440.332719688187353, 1964470.612075058976188 ], [ 749449.737644102075137, 1964480.676680981647223 ], [ 749459.267150815925561, 1964480.796062249457464 ] ], [ [ 749459.267150815925561, 1964480.796062249457464 ], [ 749468.796658032690175, 1964480.915448087034747 ], [ 749478.201564265764318, 1964490.980069894576445 ], [ 749487.606460853363387, 1964501.044697397854179 ], [ 749487.481853375094943, 1964510.98992947419174 ], [ 749496.88673493405804, 1964521.054563272977248 ], [ 749506.29160684440285, 1964531.119202767498791 ], [ 749515.696469109272584, 1964541.18384795775637 ], [ 749525.101321728434414, 1964551.248498843749985 ], [ 749534.50616469909437, 1964561.313155425013974 ], [ 749543.910998022533022, 1964571.37781770224683 ], [ 749553.315821698866785, 1964581.442485675681382 ] ], [ [ 749553.315821698866785, 1964581.442485675681382 ], [ 749562.845286252791993, 1964581.561922463122755 ] ], [ [ 749562.845286252791993, 1964581.561922463122755 ], [ 749572.374751308467239, 1964581.681363821262494 ] ], [ [ 749572.374751308467239, 1964581.681363821262494 ], [ 749581.779556804569438, 1964591.746047680731863 ] ], [ [ 749581.779556804569438, 1964591.746047680731863 ], [ 749581.654896130319685, 1964601.691285687498748 ] ], [ [ 749581.654896130319685, 1964601.691285687498748 ], [ 749581.530234844656661, 1964611.636523770168424 ] ], [ [ 749581.530234844656661, 1964611.636523770168424 ], [ 749581.405572947813198, 1964621.581761928508058 ] ], [ [ 749581.405572947813198, 1964621.581761928508058 ], [ 749581.280910439440049, 1964631.527000162284821 ] ], [ [ 749581.280910439440049, 1964631.527000162284821 ], [ 749581.156247319770046, 1964641.472238471731544 ] ], [ [ 749581.156247319770046, 1964641.472238471731544 ], [ 749581.031583588686772, 1964651.417476856848225 ], [ 749580.906919246190228, 1964661.362715318100527 ], [ 749590.311677427496761, 1964671.427409078460187 ], [ 749599.716425962396897, 1964681.492108535487205 ], [ 749609.245845332741737, 1964681.611573425354436 ], [ 749618.650579951819964, 1964691.676283673150465 ], [ 749628.055304923094809, 1964701.740999618079513 ], [ 749637.460020247730426, 1964711.80572125967592 ], [ 749637.33532361779362, 1964721.750963324913755 ], [ 749646.740023911930621, 1964731.815691263182089 ], [ 749646.615321289165877, 1964741.760934005491436 ], [ 749646.490618054755032, 1964751.70617682277225 ], [ 749646.365914208930917, 1964761.651419715723023 ], [ 749646.241209751693532, 1964771.596662684576586 ], [ 749646.11650468269363, 1964781.541905727935955 ], [ 749655.521168421022594, 1964791.606642368016765 ], [ 749655.396457358961925, 1964801.551886088913307 ], [ 749655.271745685487986, 1964811.497129884315655 ], [ 749664.676389012020081, 1964821.561873422702774 ], [ 749664.551671345252544, 1964831.507117895176634 ], [ 749673.956299643032253, 1964841.571867730468512 ], [ 749683.360918290563859, 1964851.636623262660578 ], [ 749683.236189248622395, 1964861.581869012676179 ], [ 749692.640792865888216, 1964871.646630842704326 ], [ 749702.045386834070086, 1964881.711398369865492 ], [ 749711.449971153633669, 1964891.776171594392508 ], [ 749720.854545824229717, 1964901.840950515121222 ], [ 749730.259110845858231, 1964911.905735133914277 ], [ 749739.663666218402795, 1964921.970525449840352 ], [ 749749.192978659179062, 1964922.090071506099775 ], [ 749758.597520115785301, 1964932.154872615123168 ], [ 749768.00205192330759, 1964942.21967942151241 ], [ 749777.406574081629515, 1964952.284491925267503 ], [ 749786.811086592031643, 1964962.349310127552599 ], [ 749796.215589451720007, 1964972.414134026272222 ], [ 749805.620082662208006, 1964982.478963622823358 ], [ 749815.024566221982241, 1964992.543798918370157 ], [ 749824.429040135000832, 1965002.608639910351485 ], [ 749833.833504396956414, 1965012.673486600164324 ], [ 749843.362778937327676, 1965012.793083095690235 ] ], [ [ 749843.362778937327676, 1965012.793083095690235 ], [ 749852.892053981428035, 1965012.912684161681682 ] ], [ [ 749852.892053981428035, 1965012.912684161681682 ], [ 749862.421329530421644, 1965013.032289799535647 ], [ 749871.950605581747368, 1965013.151900007622316 ], [ 749881.479882136918604, 1965013.271514788037166 ], [ 749890.884315414587036, 1965023.336392659693956 ], [ 749890.759471021592617, 1965033.28165125567466 ], [ 749890.634626016370021, 1965043.226909927790985 ], [ 749890.509780399035662, 1965053.172168674413115 ] ], [ [ 749890.509780399035662, 1965053.172168674413115 ], [ 749899.914187880116515, 1965063.237054048571736 ] ], [ [ 749899.914187880116515, 1965063.237054048571736 ], [ 749909.318585709901527, 1965073.301945121027529 ], [ 749918.722973888623528, 1965083.366841890383512 ], [ 749928.127352418610826, 1965093.43174435920082 ], [ 749937.531721299979836, 1965103.496652526082471 ], [ 749946.936080529703759, 1965113.561566391028464 ], [ 749956.465313407825306, 1965113.681222998071462 ], [ 749965.869658720563166, 1965123.74614765890874 ], [ 749975.273994384449907, 1965133.811078018974513 ], [ 749984.80321923235897, 1965133.930749391205609 ], [ 749994.207540977746248, 1965143.995690547162667 ], [ 750003.736762062413618, 1965144.115371587919071 ] ], [ [ 750003.736762062413618, 1965144.115371587919071 ], [ 750013.141069891862571, 1965154.180323539767414 ] ], [ [ 750013.141069891862571, 1965154.180323539767414 ], [ 750022.545368068153039, 1965164.245281189447269 ] ], [ [ 750022.545368068153039, 1965164.245281189447269 ], [ 750031.949656595475972, 1965174.310244539519772 ] ], [ [ 750031.949656595475972, 1965174.310244539519772 ], [ 750041.478865383192897, 1965174.42994544422254 ], [ 750050.883139994461089, 1965184.494919589953497 ] ], [ [ 750050.883139994461089, 1965184.494919589953497 ], [ 750060.287404953734949, 1965194.559899434680119 ] ], [ [ 750060.287404953734949, 1965194.559899434680119 ], [ 750069.816605711472221, 1965194.679615105502307 ] ], [ [ 750069.816605711472221, 1965194.679615105502307 ], [ 750079.220856753061526, 1965204.744605747284368 ], [ 750088.625098145450465, 1965214.809602088527754 ], [ 750098.154290873440914, 1965214.929332525935024 ] ], [ [ 750098.154290873440914, 1965214.929332525935024 ], [ 750107.683484105509706, 1965215.049067534971982 ], [ 750117.087707311846316, 1965225.114079770399258 ], [ 750126.491920866072178, 1965235.179097705055028 ], [ 750126.366944339708425, 1965245.124371038051322 ] ], [ [ 750126.366944339708425, 1965245.124371038051322 ], [ 750135.771142861922272, 1965255.189395274035633 ] ], [ [ 750135.771142861922272, 1965255.189395274035633 ], [ 750145.175331731792539, 1965265.254425209481269 ] ], [ [ 750145.175331731792539, 1965265.254425209481269 ], [ 750154.704503628890961, 1965265.374185707420111 ], [ 750164.233676031697541, 1965265.493950776290148 ], [ 750173.637846716563217, 1965275.55899660801515 ], [ 750183.042007750365883, 1965285.624048139434308 ], [ 750192.446159133221954, 1965295.689105369849131 ], [ 750201.850300866295584, 1965305.754168300423771 ], [ 750211.37945670390036, 1965305.873958333162591 ], [ 750220.908613045932725, 1965305.993752937531099 ], [ 750230.312736590974964, 1965316.058831764617935 ], [ 750239.841889170464128, 1965316.178636038675904 ], [ 750249.371042255777866, 1965316.298444884829223 ], [ 750258.775147616863251, 1965326.363539609126747 ], [ 750268.17924332676921, 1965336.428640032187104 ], [ 750277.583329386543483, 1965346.493746156105772 ], [ 750277.458269777474925, 1965356.439028740860522 ], [ 750286.862340799882077, 1965366.504141167737544 ], [ 750296.266402170644142, 1965376.569259294075891 ], [ 750305.670453889877535, 1965386.63438312173821 ], [ 750315.199577106279321, 1965386.754227655706927 ], [ 750324.728700825944543, 1965386.874076761538163 ], [ 750334.132734358194284, 1965396.939216485945508 ], [ 750343.536758240079507, 1965407.004361911909655 ], [ 750352.940772470086813, 1965417.069513037102297 ], [ 750362.46988389454782, 1965417.189382010838017 ], [ 750371.873884205822833, 1965427.254543936345726 ], [ 750381.402991866692901, 1965427.3744225804694 ], [ 750390.806978260399774, 1965437.439595306059346 ], [ 750390.681855873670429, 1965447.384884889703244 ], [ 750400.085827228846028, 1965457.450063918484375 ], [ 750409.489788932027295, 1965467.515248647890985 ] ], [ [ 750409.489788932027295, 1965467.515248647890985 ], [ 750419.018879525130615, 1965467.63514768704772 ], [ 750428.422827310510911, 1965477.700343217002228 ] ], [ [ 750428.422827310510911, 1965477.700343217002228 ], [ 750437.826765440986492, 1965487.765544447349384 ] ], [ [ 750437.826765440986492, 1965487.765544447349384 ], [ 750447.230693920515478, 1965497.830751379486173 ] ], [ [ 750447.230693920515478, 1965497.830751379486173 ], [ 750456.6346127478173, 1965507.895964012481272 ] ], [ [ 750456.6346127478173, 1965507.895964012481272 ], [ 750466.038521922659129, 1965517.961182347033173 ], [ 750475.567591686849482, 1965518.081111453007907 ] ], [ [ 750475.567591686849482, 1965518.081111453007907 ], [ 750484.971486942144111, 1965528.146340588107705 ], [ 750494.50055294285994, 1965528.266279365168884 ] ], [ [ 750494.50055294285994, 1965528.266279365168884 ], [ 750503.904434280237183, 1965538.331519301282242 ] ], [ [ 750503.904434280237183, 1965538.331519301282242 ], [ 750513.308305963641033, 1965548.396764938719571 ], [ 750522.712167994352058, 1965558.462016278179362 ], [ 750532.241221699048765, 1965558.581974925240502 ], [ 750541.645069811493158, 1965568.647237065015361 ], [ 750551.174119752715342, 1965568.767205383395776 ] ], [ [ 750551.174119752715342, 1965568.767205383395776 ], [ 750560.577953944215551, 1965578.832478325115517 ] ], [ [ 750560.577953944215551, 1965578.832478325115517 ], [ 750569.981778482790105, 1965588.89775696885772 ] ], [ [ 750569.981778482790105, 1965588.89775696885772 ], [ 750579.510820396360941, 1965589.017740058247 ] ], [ [ 750579.510820396360941, 1965589.017740058247 ], [ 750589.039862816454843, 1965589.137727719731629 ], [ 750598.443669168278575, 1965599.203022264642641 ] ], [ [ 750598.443669168278575, 1965599.203022264642641 ], [ 750607.972707825014368, 1965599.323019598377869 ], [ 750617.376500258455053, 1965609.38832494453527 ] ], [ [ 750617.376500258455053, 1965609.38832494453527 ], [ 750626.780283037456684, 1965619.453635992715135 ], [ 750636.309313665376976, 1965619.573648097459227 ] ], [ [ 750636.309313665376976, 1965619.573648097459227 ], [ 750645.83834479842335, 1965619.69366477499716 ], [ 750655.242109389277175, 1965629.758991725044325 ], [ 750664.645864329766482, 1965639.824324377113953 ] ], [ [ 750664.645864329766482, 1965639.824324377113953 ], [ 750674.174887434113771, 1965639.944355826126412 ] ], [ [ 750674.174887434113771, 1965639.944355826126412 ], [ 750683.703911043936387, 1965640.064391848398373 ] ], [ [ 750683.703911043936387, 1965640.064391848398373 ], [ 750693.107647795928642, 1965650.129740403033793 ], [ 750702.511374896159396, 1965660.195094659924507 ], [ 750712.040390477282926, 1965660.315145453670993 ], [ 750721.569406563765369, 1965660.43520081974566 ], [ 750730.97311547677964, 1965670.500570979434997 ], [ 750740.502127801766619, 1965670.620636017993093 ] ], [ [ 750740.502127801766619, 1965670.620636017993093 ], [ 750749.905822793371044, 1965680.686016980092973 ] ], [ [ 750749.905822793371044, 1965680.686016980092973 ], [ 750759.434831355465576, 1965680.806091691367328 ] ], [ [ 750759.434831355465576, 1965680.806091691367328 ], [ 750768.963840424316004, 1965680.926170974737033 ], [ 750778.492849999922328, 1965681.046254830667749 ], [ 750788.021860079606995, 1965681.166343259392306 ], [ 750797.550870664883405, 1965681.286436260445043 ], [ 750807.079881755402312, 1965681.406533834058791 ], [ 750816.608893353142776, 1965681.526635980466381 ], [ 750826.012548823375255, 1965691.59205834637396 ], [ 750835.416194640332833, 1965701.657486415235326 ], [ 750844.819830805063248, 1965711.722920187981799 ], [ 750854.223457314772531, 1965721.78835966438055 ], [ 750863.627074169460684, 1965731.853804843965918 ], [ 750873.030681371805258, 1965741.919255726970732 ] ], [ [ 750873.030681371805258, 1965741.919255726970732 ], [ 750882.559667872963473, 1965742.039393046870828 ] ], [ [ 750882.559667872963473, 1965742.039393046870828 ], [ 750891.963261155993678, 1965752.104854733916 ] ], [ [ 750891.963261155993678, 1965752.104854733916 ], [ 750901.366844784002751, 1965762.170322124613449 ] ], [ [ 750901.366844784002751, 1965762.170322124613449 ], [ 750910.770418758154847, 1965772.235795219428837 ], [ 750920.299392964574508, 1965772.355952413287014 ], [ 750929.702953019179404, 1965782.42143631214276 ], [ 750939.231923464569263, 1965782.541603179881349 ], [ 750948.635469597065821, 1965792.607097883708775 ], [ 750958.164436282822862, 1965792.727274425094947 ], [ 750967.567968493211083, 1965802.7927799327299 ], [ 750976.971491050673649, 1965812.858291144948453 ], [ 750986.500449707382359, 1965812.978482459904626 ] ], [ [ 750986.500449707382359, 1965812.978482459904626 ], [ 750995.90395834390074, 1965823.044004476862028 ], [ 751005.432913241209462, 1965823.164205465698615 ], [ 751014.961868642829359, 1965823.284411027561873 ] ], [ [ 751014.961868642829359, 1965823.284411027561873 ], [ 751024.490824550273828, 1965823.404621161753312 ] ], [ [ 751024.490824550273828, 1965823.404621161753312 ], [ 751034.019780963659286, 1965823.524835869204253 ] ], [ [ 751034.019780963659286, 1965823.524835869204253 ], [ 751043.548737884615548, 1965823.645055149449036 ] ], [ [ 751043.548737884615548, 1965823.645055149449036 ], [ 751043.674212273559533, 1965813.699726379942149 ], [ 751053.203174471622333, 1965813.819949704688042 ], [ 751062.732137175509706, 1965813.940177602693439 ], [ 751072.261100384173915, 1965814.060410073027015 ], [ 751081.790064101689495, 1965814.180647116387263 ], [ 751091.31902832374908, 1965814.300888732541353 ], [ 751100.722490027081221, 1965824.36646685982123 ], [ 751110.251450488809496, 1965824.486718149855733 ], [ 751119.654898272478022, 1965834.552307082572952 ], [ 751129.05833640054334, 1965844.61790171964094 ], [ 751128.932817212305963, 1965854.563235468696803 ], [ 751128.807297408930026, 1965864.508569293422624 ], [ 751128.681776990182698, 1965874.453903193585575 ], [ 751128.556255956413224, 1965884.399237168952823 ] ], [ [ 751128.556255956413224, 1965884.399237168952823 ], [ 751137.959662878420204, 1965894.464839926222339 ], [ 751147.363060145522468, 1965904.530448389006779 ], [ 751156.891984957153909, 1965904.650726769352332 ], [ 751166.420910273678601, 1965904.771009723423049 ], [ 751175.949836094980128, 1965904.891297249589115 ], [ 751185.478762423852459, 1965905.011589349480346 ], [ 751195.007689260412008, 1965905.13188602286391 ] ], [ [ 751195.007689260412008, 1965905.13188602286391 ], [ 751204.536616601748392, 1965905.252187268109992 ], [ 751214.065544449491426, 1965905.372493086848408 ], [ 751223.59447280340828, 1965905.492803478380665 ], [ 751233.123401665245183, 1965905.613118443870917 ], [ 751242.526750878198072, 1965915.67877852357924 ], [ 751251.930090436362661, 1965925.744444309268147 ], [ 751261.33342033973895, 1965935.810115800471976 ], [ 751270.862336908117868, 1965935.930450643179938 ], [ 751280.391253980342299, 1965936.050790059147403 ], [ 751289.920171560370363, 1965936.171134047443047 ], [ 751299.449089646688662, 1965936.291482609696686 ], [ 751308.85239283030387, 1965946.357180212857202 ], [ 751318.255686357617378, 1965956.42288352153264 ], [ 751327.784596417564899, 1965956.543246859917417 ], [ 751337.187876023235731, 1965966.608960976824164 ], [ 751337.062244446831755, 1965976.554307257756591 ], [ 751336.936612254590727, 1965986.499653614126146 ], [ 751346.339871428906918, 1965996.565374645870179 ] ], [ [ 751346.339871428906918, 1965996.565374645870179 ], [ 751355.743120946688578, 1966006.631101382663473 ] ], [ [ 751355.743120946688578, 1966006.631101382663473 ], [ 751365.272009167587385, 1966006.751485656946898 ], [ 751374.800897895125672, 1966006.871874504722655 ], [ 751384.329787129187025, 1966006.992267925757915 ], [ 751393.858676870004274, 1966007.112665920285508 ], [ 751403.261899666278623, 1966017.178418771596625 ], [ 751403.136231599375606, 1966027.123769131023437 ] ], [ [ 751403.136231599375606, 1966027.123769131023437 ], [ 751403.010562916635536, 1966037.069119565654546 ], [ 751412.413765279576182, 1966047.134879331570119 ], [ 751421.81695798819419, 1966057.200644804397598 ], [ 751431.345825889729895, 1966057.321063736453652 ] ], [ [ 751431.345825889729895, 1966057.321063736453652 ], [ 751440.749004674958996, 1966067.38684001727961 ] ], [ [ 751440.749004674958996, 1966067.38684001727961 ], [ 751450.152173804235645, 1966077.452622005483136 ] ], [ [ 751450.152173804235645, 1966077.452622005483136 ], [ 751459.68103368091397, 1966077.573055715067312 ] ], [ [ 751459.68103368091397, 1966077.573055715067312 ], [ 751469.209894062951207, 1966077.693493997678161 ] ], [ [ 751469.209894062951207, 1966077.693493997678161 ], [ 751478.613045003497973, 1966087.759291896829382 ] ], [ [ 751478.613045003497973, 1966087.759291896829382 ], [ 751488.141901624621823, 1966087.87973985564895 ] ], [ [ 751488.141901624621823, 1966087.87973985564895 ], [ 751497.54503864410799, 1966097.945548564195633 ] ], [ [ 751497.54503864410799, 1966097.945548564195633 ], [ 751507.073891506763175, 1966098.06600619899109 ] ], [ [ 751507.073891506763175, 1966098.06600619899109 ], [ 751516.602744876523502, 1966098.186468406813219 ] ], [ [ 751516.602744876523502, 1966098.186468406813219 ], [ 751526.13159875292331, 1966098.306935188593343 ], [ 751535.660453137708828, 1966098.427406543632969 ], [ 751545.189308028086089, 1966098.547882471932098 ], [ 751554.592414058279246, 1966108.613722400739789 ], [ 751563.995510432287119, 1966118.679568035062402 ], [ 751573.524357298156247, 1966118.800058742053807 ], [ 751582.927439749822952, 1966128.865915187867358 ], [ 751592.456282853730954, 1966128.986415571300313 ], [ 751601.985126465791836, 1966129.10692052799277 ], [ 751611.51397058647126, 1966129.22743005794473 ], [ 751620.917030582786538, 1966139.293307518120855 ] ], [ [ 751620.917030582786538, 1966139.293307518120855 ], [ 751630.445870942785405, 1966139.413826724980026 ] ], [ [ 751630.445870942785405, 1966139.413826724980026 ], [ 751639.974711810005829, 1966139.534350505331531 ], [ 751649.377753618755378, 1966149.600243878550828 ], [ 751649.251953435596079, 1966159.545608974527568 ], [ 751649.12615263601765, 1966169.490974145708606 ], [ 751658.529174007358961, 1966179.556874435627833 ], [ 751658.403367201332003, 1966189.502240286907181 ], [ 751667.806373526342213, 1966199.568146890262142 ], [ 751677.209370194701478, 1966209.634059201693162 ], [ 751686.612357207806781, 1966219.69997722026892 ], [ 751696.015334561700001, 1966229.765900946687907 ], [ 751705.418302260222845, 1966239.831830381415784 ], [ 751714.821260302094743, 1966249.897765524685383 ], [ 751724.350053225876763, 1966250.018336291192099 ], [ 751733.878846655599773, 1966250.13891163142398 ], [ 751743.407640592660755, 1966250.259491544682533 ], [ 751752.810576178366318, 1966260.325447705108672 ], [ 751762.213502108585089, 1966270.391409574775025 ], [ 751771.742288020323031, 1966270.51200426928699 ], [ 751781.271074439282529, 1966270.632603537058458 ], [ 751790.673982178443111, 1966280.698581321164966 ], [ 751800.076880260719918, 1966290.764564813580364 ], [ 751809.479768685996532, 1966300.830554014770314 ], [ 751819.00854281312786, 1966300.951173167210072 ], [ 751828.411417314899154, 1966311.017173180123791 ], [ 751837.940187684609555, 1966311.137802009936422 ], [ 751847.343048262875527, 1966321.203812835505232 ], [ 751856.745899183792062, 1966331.269829369848594 ], [ 751866.274661526898853, 1966331.390472981380299 ], [ 751875.803424379089847, 1966331.511121166404337 ], [ 751885.332187737338245, 1966331.631773924920708 ], [ 751894.735016202088445, 1966341.69781147944741 ], [ 751904.263775800354779, 1966341.818473916500807 ], [ 751913.792535908985883, 1966341.939140927046537 ], [ 751923.195346183609217, 1966352.0051943983417 ], [ 751932.598146800883114, 1966362.071253578178585 ], [ 751942.000937760691158, 1966372.137318467721343 ], [ 751951.403719064313918, 1966382.203389066038653 ], [ 751960.932462614146061, 1966382.324081066763029 ], [ 751970.335229992400855, 1966392.390162479132414 ], [ 751979.863969783764333, 1966392.510864157695323 ], [ 751989.266723239445128, 1966402.576956382952631 ], [ 751998.669467036263086, 1966412.643054318148643 ], [ 751998.543474182952195, 1966422.588440971449018 ], [ 751998.417480712407269, 1966432.533827700652182 ], [ 752007.82020406704396, 1966442.599932555807754 ], [ 752007.694204587722197, 1966452.545319965807721 ], [ 752007.568204491049983, 1966462.490707450546324 ], [ 752016.970907405950129, 1966472.556819226359949 ], [ 752026.373600664315745, 1966482.622936712577939 ], [ 752035.776284263120033, 1966492.689059908036143 ], [ 752045.178958203876391, 1966502.755188813433051 ], [ 752054.581622486235574, 1966512.821323429001495 ], [ 752063.984277111710981, 1966522.887463754741475 ], [ 752073.386922077508643, 1966532.953609789023176 ], [ 752082.789557385025546, 1966543.019761534873396 ], [ 752092.192183034028858, 1966553.085918991360813 ], [ 752101.720853040576912, 1966553.206688617123291 ], [ 752111.249523552600294, 1966553.327462817076594 ], [ 752120.778194573940709, 1966553.448241592152044 ], [ 752130.306866103317589, 1966553.569024941185489 ], [ 752139.709465029416606, 1966563.635208525462076 ], [ 752139.583391299005598, 1966573.580604262184352 ], [ 752148.985975172952749, 1966583.646794163389131 ], [ 752158.388549388269894, 1966593.712989774066955 ], [ 752167.917203851975501, 1966593.833793542580679 ], [ 752177.44585882499814, 1966593.954601885052398 ], [ 752186.974514305125922, 1966594.075414802413434 ], [ 752187.100613143644296, 1966584.130016264040023 ], [ 752196.629273906350136, 1966584.250833225436509 ], [ 752206.157935177208856, 1966584.371654761489481 ], [ 752215.686596956569701, 1966584.492480872198939 ], [ 752225.215259243967012, 1966584.613311556866392 ], [ 752234.743922039633617, 1966584.734146816190332 ], [ 752244.146457857568748, 1966594.800388371804729 ], [ 752253.548984018154442, 1966604.866635639453307 ], [ 752253.422850521747023, 1966614.812038043048233 ], [ 752253.29671640729066, 1966624.757440520916134 ], [ 752253.170581675018184, 1966634.702843074919656 ], [ 752253.04444632481318, 1966644.648245704127476 ], [ 752252.918310356559232, 1966654.593648408772424 ], [ 752252.792173770489171, 1966664.539051189087331 ], [ 752252.666036566602997, 1966674.484454044373706 ], [ 752252.53989874466788, 1966684.429856974631548 ], [ 752252.413760304800235, 1966694.375259981257841 ], [ 752261.816228270996362, 1966704.441518411273137 ], [ 752271.218686578096822, 1966714.507782554253936 ], [ 752280.621135225519538, 1966724.574052408104762 ], [ 752290.02357421501074, 1966734.640327971894294 ], [ 752299.426003543660045, 1966744.706609248649329 ], [ 752308.954594009672292, 1966744.82748959469609 ], [ 752318.357009410858154, 1966754.893781688529998 ], [ 752327.759415155160241, 1966764.960079493466765 ], [ 752337.161811238271184, 1966775.026383010204881 ], [ 752346.690389413386583, 1966775.147283247672021 ], [ 752356.092771570314653, 1966785.213597581256181 ], [ 752365.495144068729132, 1966795.279917626874521 ], [ 752374.897506906068884, 1966805.346243384294212 ], [ 752384.426072789938189, 1966805.467163514113054 ], [ 752393.954639182426035, 1966805.588088219054043 ], [ 752403.483206084580161, 1966805.70901749888435 ] ], [ [ 752403.483206084580161, 1966805.70901749888435 ], [ 752413.011773494188674, 1966805.829951353138313 ], [ 752422.540341411018744, 1966805.950889782747254 ], [ 752431.942673255922273, 1966816.017246780917048 ], [ 752441.344995442195795, 1966826.083609491819516 ] ], [ [ 752441.344995442195795, 1966826.083609491819516 ], [ 752450.747307966928929, 1966836.149977915221825 ] ], [ [ 752450.747307966928929, 1966836.149977915221825 ], [ 752460.275863594375551, 1966836.270936237648129 ] ], [ [ 752460.275863594375551, 1966836.270936237648129 ], [ 752469.804419730440713, 1966836.39189913473092 ] ], [ [ 752469.804419730440713, 1966836.39189913473092 ], [ 752479.332976376637816, 1966836.51286660740152 ] ], [ [ 752479.332976376637816, 1966836.51286660740152 ], [ 752488.861533530289307, 1966836.633838655427098 ], [ 752498.263819329207763, 1966846.700233213836327 ], [ 752507.666095467749983, 1966856.766633486142382 ], [ 752517.068361947662197, 1966866.833039470249787 ], [ 752526.596906809369102, 1966866.954031411092728 ], [ 752536.125452181324363, 1966867.075027927057818 ], [ 752545.527700466569513, 1966877.14144983747974 ], [ 752545.401402252377011, 1966887.08687073062174 ], [ 752554.803635484655388, 1966897.153298959136009 ], [ 752564.20585905527696, 1966907.219732900615782 ], [ 752573.734387361444533, 1966907.340749841881916 ], [ 752583.136597004951909, 1966917.407194602768868 ], [ 752583.01027721457649, 1966927.352617922239006 ], [ 752592.412471804767847, 1966937.419069003080949 ], [ 752601.814656732836738, 1966947.485525795957074 ], [ 752611.343167973216623, 1966947.606563163455576 ], [ 752620.745338974171318, 1966957.673030775506049 ] ], [ [ 752620.745338974171318, 1966957.673030775506049 ], [ 752630.273846455849707, 1966957.794077825034037 ] ], [ [ 752630.273846455849707, 1966957.794077825034037 ], [ 752639.80235444905702, 1966957.915129449451342 ] ], [ [ 752639.80235444905702, 1966957.915129449451342 ], [ 752649.330862950184382, 1966958.036185649456456 ] ], [ [ 752649.330862950184382, 1966958.036185649456456 ], [ 752658.859371960163116, 1966958.157246424583718 ] ], [ [ 752658.859371960163116, 1966958.157246424583718 ], [ 752668.387881480855867, 1966958.278311775065958 ] ], [ [ 752668.387881480855867, 1966958.278311775065958 ], [ 752677.916391509235837, 1966958.399381700670347 ] ], [ [ 752677.916391509235837, 1966958.399381700670347 ], [ 752687.318527250667103, 1966968.465885668061674 ], [ 752696.720653331489302, 1966978.532395347487181 ] ], [ [ 752696.720653331489302, 1966978.532395347487181 ], [ 752696.594272522022948, 1966988.477825494715944 ], [ 752705.99638354848139, 1966998.544341494794935 ], [ 752705.869996725465171, 1967008.489772324217483 ], [ 752715.272092694882303, 1967018.556294644949958 ], [ 752724.674179003108293, 1967028.622822679113597 ], [ 752734.202658656053245, 1967028.743923777714372 ], [ 752743.731138819828629, 1967028.865029451204464 ], [ 752753.259619493968785, 1967028.986139700515196 ], [ 752762.788100675912574, 1967029.107254525413737 ] ], [ [ 752762.788100675912574, 1967029.107254525413737 ], [ 752772.190160257392563, 1967039.173808701802045 ] ], [ [ 752772.190160257392563, 1967039.173808701802045 ], [ 752781.718637683894485, 1967039.294933208962902 ] ], [ [ 752781.718637683894485, 1967039.294933208962902 ], [ 752791.247115618200041, 1967039.416062292410061 ], [ 752800.649157005595043, 1967049.482632396742702 ] ], [ [ 752800.649157005595043, 1967049.482632396742702 ], [ 752810.177631183061749, 1967049.603771161986515 ] ], [ [ 752810.177631183061749, 1967049.603771161986515 ], [ 752819.579658644041047, 1967059.670352087821811 ] ], [ [ 752819.579658644041047, 1967059.670352087821811 ], [ 752829.108129064436071, 1967059.791500536026433 ] ], [ [ 752829.108129064436071, 1967059.791500536026433 ], [ 752838.510142595041543, 1967069.858092282898724 ] ], [ [ 752838.510142595041543, 1967069.858092282898724 ], [ 752848.038609258714132, 1967069.979250413831323 ], [ 752857.567076431703754, 1967070.100413120817393 ], [ 752867.095544115640223, 1967070.221580402459949 ], [ 752876.497535187168978, 1967080.288193186745048 ], [ 752885.899516597040929, 1967090.354811685159802 ], [ 752885.773033461649902, 1967100.300253293476999 ], [ 752885.646549706929363, 1967110.245694977464154 ] ], [ [ 752885.646549706929363, 1967110.245694977464154 ], [ 752885.520065332646482, 1967120.191136735957116 ] ], [ [ 752885.520065332646482, 1967120.191136735957116 ], [ 752885.393580338917673, 1967130.136578570585698 ] ], [ [ 752885.393580338917673, 1967130.136578570585698 ], [ 752885.267094725742936, 1967140.082020480418578 ], [ 752894.669039498432539, 1967150.14864772814326 ], [ 752904.070974607951939, 1967160.215280691394582 ], [ 752913.599401855142787, 1967160.33647563890554 ], [ 752923.001323036151007, 1967170.40311942435801 ], [ 752922.874815840856172, 1967180.348563762381673 ], [ 752922.74830802611541, 1967190.294008176308125 ], [ 752932.150208755279891, 1967200.360658891033381 ], [ 752941.552099819527939, 1967210.427315320819616 ], [ 752941.425580593640916, 1967220.372761023929343 ], [ 752950.827456601313315, 1967230.439423776231706 ], [ 752950.700931360246614, 1967240.384870161302388 ], [ 752960.102792309597135, 1967250.451539235888049 ], [ 752969.504643596592359, 1967260.51821402576752 ], [ 752979.033026651246473, 1967260.63944632303901 ], [ 752988.434864009264857, 1967270.706131936283782 ], [ 752997.836691704578698, 1967280.772823264356703 ], [ 753007.238509738934226, 1967290.839520307956263 ], [ 753016.640318109071814, 1967300.906223067082465 ], [ 753026.042116816388443, 1967310.972931542200968 ], [ 753025.915548407239839, 1967320.91838278574869 ], [ 753025.788979378063232, 1967330.863834105199203 ], [ 753035.190757630160078, 1967340.930549510288984 ], [ 753044.592526218155399, 1967350.997270630439743 ], [ 753053.994285145774484, 1967361.063997467048466 ], [ 753053.867699307971634, 1967371.009450683835894 ], [ 753053.74111285014078, 1967380.954903976293281 ], [ 753053.614525772514753, 1967390.900357343954965 ], [ 753053.487938074977137, 1967400.845810785889626 ], [ 753053.361349757644348, 1967410.791264303959906 ], [ 753053.234760820283554, 1967420.736717897234485 ], [ 753053.108171263244003, 1967430.6821715652477 ], [ 753052.981581086060032, 1967440.627625308930874 ], [ 753052.854990289080888, 1967450.573079128284007 ], [ 753052.72839887230657, 1967460.518533022841439 ], [ 753052.601806835620664, 1967470.463986992137507 ], [ 753052.475214179139584, 1967480.409441036870703 ], [ 753042.946932129561901, 1967480.288160423981026 ], [ 753042.820343629922718, 1967490.23361401213333 ] ], [ [ 753042.820343629922718, 1967490.23361401213333 ], [ 753033.292066869675182, 1967490.112337443744764 ] ], [ [ 753033.292066869675182, 1967490.112337443744764 ], [ 753023.763790617929772, 1967489.991065451642498 ] ], [ [ 753023.763790617929772, 1967489.991065451642498 ], [ 753014.235514875967056, 1967489.869798035826534 ] ], [ [ 753014.235514875967056, 1967489.869798035826534 ], [ 753004.707239643670619, 1967489.748535196529701 ] ], [ [ 753004.707239643670619, 1967489.748535196529701 ], [ 753004.580669631250203, 1967499.693986731814221 ] ], [ [ 753004.580669631250203, 1967499.693986731814221 ], [ 752995.052399684209377, 1967499.572727936552837 ] ], [ [ 752995.052399684209377, 1967499.572727936552837 ], [ 752994.925833829096518, 1967509.518179014557973 ] ], [ [ 752994.925833829096518, 1967509.518179014557973 ], [ 752985.397569169988856, 1967509.396924264263362 ] ], [ [ 752985.397569169988856, 1967509.396924264263362 ], [ 752985.271007471834309, 1967519.342374885454774 ] ], [ [ 752985.271007471834309, 1967519.342374885454774 ], [ 752975.742748099262826, 1967519.221124179428443 ] ], [ [ 752975.742748099262826, 1967519.221124179428443 ], [ 752966.214489234960638, 1967519.099878049921244 ], [ 752966.08793647098355, 1967529.045327683212236 ] ], [ [ 752966.08793647098355, 1967529.045327683212236 ], [ 752956.55968289449811, 1967528.924085597973317 ], [ 752956.433134287595749, 1967538.869534773286432 ] ], [ [ 752956.433134287595749, 1967538.869534773286432 ], [ 752946.904885997762904, 1967538.748296733014286 ], [ 752946.7783415481681, 1967548.693745451979339 ], [ 752946.651796479010954, 1967558.639194246381521 ] ], [ [ 752946.651796479010954, 1967558.639194246381521 ], [ 752937.123558252584189, 1967558.517959718592465 ], [ 752936.997017340734601, 1967568.463408057112247 ] ], [ [ 752936.997017340734601, 1967568.463408057112247 ], [ 752927.468784402124584, 1967568.342177574057132 ], [ 752927.342247647698969, 1967578.28762545529753 ], [ 752927.215710273594595, 1967588.233073411742225 ] ], [ [ 752927.215710273594595, 1967588.233073411742225 ], [ 752917.687487395945936, 1967588.111846441170201 ], [ 752917.560954179381952, 1967598.057293940801173 ] ], [ [ 752917.560954179381952, 1967598.057293940801173 ], [ 752917.434420343139209, 1967608.002741516334936 ] ], [ [ 752917.434420343139209, 1967608.002741516334936 ], [ 752907.906207530526444, 1967607.881518059177324 ], [ 752907.779677851940505, 1967617.826965177198872 ] ], [ [ 752907.779677851940505, 1967617.826965177198872 ], [ 752907.653147553792223, 1967627.772412371588871 ] ], [ [ 752907.653147553792223, 1967627.772412371588871 ], [ 752907.526616636081599, 1967637.717859640950337 ] ], [ [ 752907.526616636081599, 1967637.717859640950337 ], [ 752907.400085098925047, 1967647.66330698505044 ] ], [ [ 752907.400085098925047, 1967647.66330698505044 ], [ 752897.871891904156655, 1967647.542085977038369 ], [ 752897.745364524540491, 1967657.487532865256071 ] ], [ [ 752897.745364524540491, 1967657.487532865256071 ], [ 752897.6188365254784, 1967667.432979828445241 ] ], [ [ 752897.6188365254784, 1967667.432979828445241 ], [ 752888.09065339458175, 1967667.311762334080413 ], [ 752887.964129553292878, 1967677.25720884045586 ], [ 752887.837605092441663, 1967687.202655422734097 ], [ 752887.711080012144521, 1967697.148102079983801 ], [ 752887.584554312285036, 1967707.093548812437803 ], [ 752887.458027992979623, 1967717.038995621027425 ], [ 752887.331501054228283, 1967726.984442503424361 ], [ 752887.204973496031016, 1967736.929889461956918 ], [ 752887.078445318387821, 1967746.875336495926604 ], [ 752886.951916521182284, 1967756.820783605100587 ], [ 752886.825387104530819, 1967766.766230789246038 ], [ 752886.698857068433426, 1967776.711678049061447 ], [ 752896.100452215410769, 1967786.778349261032417 ] ], [ [ 752896.100452215410769, 1967786.778349261032417 ], [ 752895.973916162853129, 1967796.723797203274444 ], [ 752895.847379490849562, 1967806.669245219789445 ], [ 752895.720842199167237, 1967816.614693313138559 ], [ 752895.594304288155399, 1967826.560141481459141 ], [ 752895.467765757581219, 1967836.505589723819867 ], [ 752895.341226607444696, 1967846.451038042781875 ], [ 752904.742779707303271, 1967856.517718612914905 ], [ 752904.616234540590085, 1967866.463167613605037 ], [ 752914.017772577819414, 1967876.529854507418349 ] ], [ [ 752914.017772577819414, 1967876.529854507418349 ], [ 752913.891221394296736, 1967886.475304190535098 ] ], [ [ 752913.891221394296736, 1967886.475304190535098 ], [ 752913.764669591328129, 1967896.420753949321806 ] ], [ [ 752913.764669591328129, 1967896.420753949321806 ], [ 752913.63811716879718, 1967906.366203783312812 ] ], [ [ 752913.63811716879718, 1967906.366203783312812 ], [ 752923.039629349950701, 1967916.43289821408689 ] ], [ [ 752923.039629349950701, 1967916.43289821408689 ], [ 752922.913070910726674, 1967926.378348730504513 ] ], [ [ 752922.913070910726674, 1967926.378348730504513 ], [ 752922.786511851707473, 1967936.323799322824925 ] ], [ [ 752922.786511851707473, 1967936.323799322824925 ], [ 752932.188003569841385, 1967946.39050068333745 ] ], [ [ 752932.188003569841385, 1967946.39050068333745 ], [ 752932.06143849377986, 1967956.335951958084479 ] ], [ [ 752932.06143849377986, 1967956.335951958084479 ], [ 752941.462915150099434, 1967966.402659642742947 ], [ 752950.864382140571252, 1967976.469373043859378 ], [ 752950.737805649871007, 1967986.41482560755685 ], [ 752950.611228539608419, 1967996.36027824669145 ] ], [ [ 752950.611228539608419, 1967996.36027824669145 ], [ 752960.012675068923272, 1968006.426998578943312 ] ], [ [ 752960.012675068923272, 1968006.426998578943312 ], [ 752969.414111933438107, 1968016.493724628351629 ] ], [ [ 752969.414111933438107, 1968016.493724628351629 ], [ 752969.287523408187553, 1968026.439178556902334 ] ], [ [ 752969.287523408187553, 1968026.439178556902334 ], [ 752978.688945207395591, 1968036.505910929525271 ], [ 752978.562350664753467, 1968046.451365541666746 ] ], [ [ 752978.562350664753467, 1968046.451365541666746 ], [ 752978.435755502432585, 1968056.396820227615535 ] ], [ [ 752978.435755502432585, 1968056.396820227615535 ], [ 752987.837156839901581, 1968066.463559531141073 ] ], [ [ 752987.837156839901581, 1968066.463559531141073 ], [ 752997.238548512221314, 1968076.530304552521557 ], [ 753006.639930516830646, 1968086.597055289661512 ], [ 753016.041302854893729, 1968096.663811744656414 ], [ 753015.914685481111519, 1968106.609268935397267 ], [ 753025.316042754682712, 1968116.676031714072451 ], [ 753034.717390360077843, 1968126.74280021013692 ], [ 753034.590761570376344, 1968136.688258691225201 ], [ 753034.464132160763256, 1968146.63371724775061 ], [ 753034.33750213123858, 1968156.579175879247487 ], [ 753034.210871482035145, 1968166.52463458571583 ], [ 753034.084240212803707, 1968176.470093368086964 ] ], [ [ 753034.084240212803707, 1968176.470093368086964 ], [ 753043.485551163321361, 1968186.536870618117973 ], [ 753052.886852445313707, 1968196.603653585305437 ], [ 753062.288144060410559, 1968206.670442270115018 ], [ 753062.161495976382867, 1968216.615902949823067 ], [ 753071.56277252594009, 1968226.682697958312929 ], [ 753080.964039409533143, 1968236.74949868535623 ], [ 753080.837379908654839, 1968246.694960654946044 ], [ 753090.238631725194864, 1968256.76176770706661 ], [ 753099.639873874257319, 1968266.828580476576462 ], [ 753109.167782053933479, 1968266.949935171054676 ], [ 753118.695690742111765, 1968267.071294444147497 ], [ 753128.223599940072745, 1968267.192658294923604 ], [ 753137.751509646768682, 1968267.314026724081486 ], [ 753147.152725053369068, 1968277.380865651648492 ], [ 753147.026029621949419, 1968287.326331648044288 ], [ 753146.899333570501767, 1968297.271797719644383 ], [ 753146.772636899026111, 1968307.217263866448775 ], [ 753146.645939607406035, 1968317.162730088923126 ] ], [ [ 753146.645939607406035, 1968317.162730088923126 ], [ 753156.047123752534389, 1968327.229577164864168 ], [ 753165.448298228438944, 1968337.296429959591478 ], [ 753174.849463036749512, 1968347.363288471708074 ] ], [ [ 753174.849463036749512, 1968347.363288471708074 ], [ 753174.722748928004876, 1968357.308756591519341 ] ], [ [ 753174.722748928004876, 1968357.308756591519341 ], [ 753184.123898669262417, 1968367.375621429877356 ], [ 753183.997178541496396, 1968377.321090232813731 ] ], [ [ 753183.997178541496396, 1968377.321090232813731 ], [ 753193.398313216865063, 1968387.387961396249011 ] ], [ [ 753193.398313216865063, 1968387.387961396249011 ], [ 753202.799438223126344, 1968397.454838278703392 ], [ 753212.327289886539802, 1968397.576250253245234 ], [ 753221.855142061365768, 1968397.697666805703193 ], [ 753231.382994744926691, 1968397.819087936775759 ], [ 753240.784097274765372, 1968407.885985869215801 ], [ 753240.657345992163755, 1968417.83145816763863 ], [ 753250.058433455880731, 1968427.898362427484244 ], [ 753249.931676153559238, 1968437.84383540856652 ], [ 753249.804918230744079, 1968447.789308465784416 ], [ 753249.678159687668085, 1968457.734781598905101 ], [ 753249.551400524214841, 1968467.680254805600271 ], [ 753258.952456721803173, 1968477.747167214285582 ], [ 753268.353503252263181, 1968487.814085341291502 ], [ 753277.754540112684481, 1968497.881009187549353 ], [ 753277.627764130244032, 1968507.826484293909743 ], [ 753287.028785922331735, 1968517.893414466874674 ], [ 753296.55658482760191, 1968518.014874036889523 ], [ 753305.957592683378607, 1968528.081815039040521 ], [ 753315.358590868767351, 1968538.148761761374772 ], [ 753315.231793287326582, 1968548.094239298952743 ], [ 753324.632776404148899, 1968558.161192347528413 ], [ 753324.505972802173346, 1968568.106670567998663 ], [ 753324.379168579704128, 1968578.052148863906041 ], [ 753324.252363736741245, 1968587.997627235250548 ], [ 753324.125558273051865, 1968597.943105682265013 ], [ 753323.998752188985236, 1968607.888584203785285 ], [ 753323.871945484308526, 1968617.834062801208347 ], [ 753323.745138159021735, 1968627.779541473137215 ], [ 753323.618330213357694, 1968637.725020220736042 ], [ 753333.019260462373495, 1968647.791983851930127 ], [ 753332.89244649594184, 1968657.737463283119723 ], [ 753342.293361672782339, 1968667.804433241253719 ], [ 753342.16654168558307, 1968677.749913356034085 ], [ 753351.567441793973558, 1968687.816889641107991 ], [ 753351.440615785890259, 1968697.762370438314974 ], [ 753360.841500824317336, 1968707.829353051725775 ], [ 753370.242376193171367, 1968717.896341384155676 ], [ 753379.64324189350009, 1968727.963335437234491 ], [ 753389.044097922625951, 1968738.030335209332407 ], [ 753388.917249692371115, 1968747.97581851342693 ], [ 753398.318090651067905, 1968758.04282461409457 ], [ 753407.718921939842403, 1968768.109836433082819 ], [ 753417.246607991750352, 1968768.231368843698874 ] ], [ [ 753417.246607991750352, 1968768.231368843698874 ], [ 753426.64742534107063, 1968778.298391495831311 ] ], [ [ 753426.64742534107063, 1968778.298391495831311 ], [ 753436.175107632647268, 1968778.419933597790077 ], [ 753445.575911041116342, 1968788.486967081902549 ], [ 753445.449031027732417, 1968798.432453959481791 ] ], [ [ 753445.449031027732417, 1968798.432453959481791 ], [ 753445.322150393738411, 1968808.377940911566839 ], [ 753445.195269138785079, 1968818.323427940020338 ], [ 753454.596046677324921, 1968828.390468967612833 ], [ 753463.996814544079825, 1968838.457515715854242 ], [ 753473.397572740330361, 1968848.524568184744567 ], [ 753482.798321266309358, 1968858.591626373585314 ], [ 753492.19906012294814, 1968868.658690281910822 ], [ 753501.726702968240716, 1968868.780269234441221 ], [ 753511.254346324363723, 1968868.90185276651755 ], [ 753520.655066970037296, 1968878.968932620482519 ] ], [ [ 753520.655066970037296, 1968878.968932620482519 ], [ 753530.055777946487069, 1968889.036018194630742 ] ], [ [ 753530.055777946487069, 1968889.036018194630742 ], [ 753539.456479250802658, 1968899.103109490359202 ] ], [ [ 753539.456479250802658, 1968899.103109490359202 ], [ 753539.329544606618583, 1968909.048602525144815 ], [ 753548.730230837594718, 1968919.11570014921017 ], [ 753558.130907398997806, 1968929.182803494622931 ], [ 753567.531574290827848, 1968939.249912560451776 ], [ 753567.40462282137014, 1968949.195407495833933 ], [ 753576.805274639511481, 1968959.262522890698165 ], [ 753576.678317147539929, 1968969.208018509205431 ], [ 753586.078953892923892, 1968979.27514023357071 ], [ 753595.479580967221409, 1968989.342267679981887 ], [ 753604.880198371596634, 1968999.409400845877826 ], [ 753614.28080610348843, 1969009.476539733819664 ], [ 753614.15382638387382, 1969019.422037861542776 ], [ 753623.554419042542577, 1969029.489183078752831 ], [ 753632.955002029775642, 1969039.556334017077461 ], [ 753642.355575346853584, 1969049.62349067744799 ], [ 753651.756138989701867, 1969059.690653058700264 ], [ 753661.156692962395027, 1969069.757821161765605 ], [ 753661.029685612069443, 1969079.703322406858206 ], [ 753670.430224510957487, 1969089.770496840123087 ], [ 753679.830753739690408, 1969099.837676994735375 ], [ 753689.358296851161867, 1969099.959359799977392 ], [ 753698.885840473813005, 1969100.081047184765339 ], [ 753708.286351489718072, 1969110.148243286879733 ], [ 753717.686852835002355, 1969120.215445111738518 ], [ 753727.087344506988302, 1969130.282652657013386 ], [ 753736.614875831524841, 1969130.40435996116139 ], [ 753746.015353561728261, 1969140.471578343305737 ] ], [ [ 753746.015353561728261, 1969140.471578343305737 ], [ 753745.888298835023306, 1969150.417084915563464 ], [ 753755.288761490839534, 1969160.484309627441689 ], [ 753764.689214474521577, 1969170.551540061831474 ], [ 753774.216728719999082, 1969170.673267819453031 ] ], [ [ 753774.216728719999082, 1969170.673267819453031 ], [ 753783.617167761782184, 1969180.740509088616818 ] ], [ [ 753783.617167761782184, 1969180.740509088616818 ], [ 753793.017597132595256, 1969190.807756080524996 ] ], [ [ 753793.017597132595256, 1969190.807756080524996 ], [ 753802.545103349722922, 1969190.929498645011336 ], [ 753811.945518777007237, 1969200.996756472857669 ], [ 753821.473021235666238, 1969201.118508731015027 ], [ 753830.873422722215764, 1969211.185777394799516 ] ], [ [ 753830.873422722215764, 1969211.185777394799516 ], [ 753840.400921422173269, 1969211.30753934639506 ], [ 753849.928420633543283, 1969211.429305878002197 ], [ 753859.328803905518726, 1969221.496590491384268 ], [ 753868.729177507688291, 1969231.56388082774356 ], [ 753878.129541435861029, 1969241.631176886148751 ], [ 753887.529895691317506, 1969251.698478667763993 ] ], [ [ 753887.529895691317506, 1969251.698478667763993 ], [ 753896.930240274174139, 1969261.765786172589287 ], [ 753906.457718649529852, 1969261.887582853203639 ], [ 753915.858049289905466, 1969271.954901193734258 ], [ 753925.258370257448405, 1969282.022225258406252 ] ], [ [ 753925.258370257448405, 1969282.022225258406252 ], [ 753934.785840603522956, 1969282.144036746583879 ], [ 753944.186147629632615, 1969292.211371648358181 ], [ 753953.586444981745444, 1969302.278712272178382 ], [ 753962.986732659512199, 1969312.346058620139956 ] ], [ [ 753962.986732659512199, 1969312.346058620139956 ], [ 753972.387010665494017, 1969322.413410691544414 ], [ 753981.914464445319027, 1969322.535247216466814 ], [ 753991.314728508586995, 1969332.602610123809427 ], [ 754000.714982898673043, 1969342.669978755759075 ], [ 754010.24242864921689, 1969342.791830089641735 ], [ 754019.642669097636826, 1969352.859209558228031 ], [ 754029.170111090061255, 1969352.9810705864802 ] ], [ [ 754029.170111090061255, 1969352.9810705864802 ], [ 754038.570337594021112, 1969363.048460894497111 ] ], [ [ 754038.570337594021112, 1969363.048460894497111 ], [ 754048.097775828442536, 1969363.170331617351621 ], [ 754057.497988390852697, 1969373.237732762936503 ] ], [ [ 754057.497988390852697, 1969373.237732762936503 ], [ 754066.898191277170554, 1969383.305139631964266 ], [ 754076.298384491354227, 1969393.372552224900573 ], [ 754076.171146876644343, 1969403.31807936122641 ], [ 754085.571325013530441, 1969413.385498287156224 ], [ 754094.971493478165939, 1969423.452922936761752 ], [ 754104.371652267873287, 1969433.520353311905637 ], [ 754113.771801383700222, 1969443.587789409095421 ], [ 754123.171940825879574, 1969453.655231231590733 ], [ 754132.572070595459081, 1969463.722678777761757 ], [ 754141.972190689994022, 1969473.790132048772648 ], [ 754151.372301110299304, 1969483.857591044157743 ], [ 754160.772401856840588, 1969493.925055763218552 ], [ 754170.172492929268628, 1969503.992526206653565 ], [ 754179.572574327583425, 1969514.060002375161275 ], [ 754179.445276645477861, 1969524.00553628988564 ], [ 754179.317978340666741, 1969533.951070279814303 ], [ 754179.190679413382895, 1969543.896604345412925 ], [ 754179.063379863277078, 1969553.842138485517353 ], [ 754178.936079690582119, 1969563.78767270129174 ], [ 754178.808778895065188, 1969573.733206992037594 ], [ 754178.681477477075532, 1969583.678741357987747 ], [ 754188.081511370372027, 1969593.746227517724037 ], [ 754187.954203924979083, 1969603.691762568196282 ], [ 754187.826895857229829, 1969613.637297694804147 ], [ 754197.226909266435541, 1969623.704790797550231 ], [ 754206.626913002459332, 1969633.772289625601843 ], [ 754216.026907062274404, 1969643.83979417826049 ], [ 754215.899582157842815, 1969653.785331208957359 ], [ 754215.772256630472839, 1969663.730868313461542 ], [ 754225.172230205847882, 1969673.798379810526967 ], [ 754225.044898651074618, 1969683.743917600484565 ], [ 754234.444857146707363, 1969693.811435432173312 ], [ 754243.844805968576111, 1969703.878958989167586 ], [ 754253.244745114119723, 1969713.946488271234557 ], [ 754253.117396721616387, 1969723.892027965048328 ], [ 754262.517320786952041, 1969733.959563582437113 ], [ 754271.917235175613314, 1969744.027104924200103 ], [ 754281.444504499319009, 1969744.149110468570143 ], [ 754290.971774333855137, 1969744.271120594348758 ], [ 754300.499044680269435, 1969744.393135301070288 ], [ 754309.898936584359035, 1969754.460697716334835 ], [ 754309.771557006868534, 1969764.406240918440744 ], [ 754319.171433831681497, 1969774.47380966739729 ], [ 754328.571300979703665, 1969784.541384143289179 ], [ 754337.971158451982774, 1969794.608964344253764 ], [ 754347.498407447710633, 1969794.731004630215466 ], [ 754356.898250975529663, 1969804.798595673171803 ], [ 754356.770844371290877, 1969814.74414192372933 ], [ 754366.170672816690058, 1969824.811739302473143 ], [ 754375.570491584716365, 1969834.879342406755313 ], [ 754385.09772349963896, 1969835.001403155969456 ], [ 754394.497528324485756, 1969845.06901710270904 ], [ 754404.024756481172517, 1969845.191087549319491 ], [ 754413.551985150435939, 1969845.313162577804178 ], [ 754423.079214331810363, 1969845.43524218769744 ], [ 754432.606444026925601, 1969845.557326378766447 ], [ 754442.133674232987687, 1969845.679415150778368 ], [ 754451.66090495151002, 1969845.801508504664525 ], [ 754461.060674478067085, 1969855.869158874731511 ], [ 754460.933212150353938, 1969865.814711384242401 ], [ 754460.805749199585989, 1969875.760263968957588 ], [ 754470.20549823960755, 1969885.827921285061166 ], [ 754479.605237600859255, 1969895.895584328100085 ], [ 754489.132446456234902, 1969896.017698682146147 ], [ 754498.532171872444451, 1969906.085372566711158 ], [ 754508.059376971330494, 1969906.207496618852019 ], [ 754517.586582581396215, 1969906.329625251470134 ], [ 754527.113788704155013, 1969906.451758466660976 ], [ 754536.640995339141227, 1969906.573896262794733 ], [ 754546.040693999966606, 1969916.641596341272816 ], [ 754545.913184888195246, 1969926.587154116481543 ], [ 754555.312868464970961, 1969936.654860531911254 ], [ 754564.712542365305126, 1969946.722572673577815 ], [ 754574.112206589081325, 1969956.790290542878211 ], [ 754583.511861136415973, 1969966.858014138881117 ], [ 754592.911506007076241, 1969976.925743462285027 ], [ 754602.438682751264423, 1969977.047917074989527 ], [ 754611.838313675136305, 1969987.115657241782174 ], [ 754621.23793492349796, 1969997.183403136208653 ], [ 754630.765103640034795, 1969997.305591564392671 ], [ 754640.164710940327495, 1970007.373348302440718 ], [ 754649.564308563596569, 1970017.44111076858826 ], [ 754659.091469253995456, 1970017.563314012251794 ] ], [ [ 754659.091469253995456, 1970017.563314012251794 ], [ 754668.618630455806851, 1970017.685521838022396 ] ], [ [ 754668.618630455806851, 1970017.685521838022396 ], [ 754678.145792170311324, 1970017.807734245201573 ] ], [ [ 754678.145792170311324, 1970017.807734245201573 ], [ 754687.672954396344721, 1970017.929951234254986 ] ], [ [ 754687.672954396344721, 1970017.929951234254986 ], [ 754697.072525263647549, 1970027.997739896643907 ], [ 754696.944932765327394, 1970037.943307062378153 ], [ 754696.817339643137529, 1970047.888874302851036 ], [ 754696.68974589696154, 1970057.834441619226709 ], [ 754706.089290865231305, 1970067.902237839996815 ], [ 754715.488826156128198, 1970077.970039788400754 ], [ 754715.361220972030424, 1970087.91560840094462 ], [ 754724.760741178644821, 1970097.983416687930003 ], [ 754734.160251709399745, 1970108.05123070301488 ], [ 754743.687373966560699, 1970108.173480001976714 ], [ 754753.086870548315346, 1970118.241304861847311 ], [ 754762.486357452580705, 1970128.309135449584574 ], [ 754771.885834680404514, 1970138.376971766352654 ], [ 754781.412944640149362, 1970138.499240999342874 ], [ 754790.812407917692326, 1970148.567088162060827 ], [ 754800.339514120132662, 1970148.689367094542831 ], [ 754809.866620836895891, 1970148.811650608899072 ], [ 754819.393728065537289, 1970148.933938705129549 ], [ 754828.92083580722101, 1970149.056231383699924 ], [ 754838.447944061947055, 1970149.178528644377366 ], [ 754847.975052831228822, 1970149.300830487394705 ], [ 754857.50216211238876, 1970149.42313691158779 ] ], [ [ 754857.50216211238876, 1970149.42313691158779 ], [ 754866.90158582245931, 1970159.491025625029579 ] ], [ [ 754866.90158582245931, 1970159.491025625029579 ], [ 754876.428691346663982, 1970159.6133417498786 ], [ 754885.828101110411808, 1970169.681241310667247 ], [ 754895.227501193410717, 1970179.749146599555388 ], [ 754895.099798886338249, 1970189.694726139772683 ], [ 754894.972095954697579, 1970199.640305754495785 ] ], [ [ 754894.972095954697579, 1970199.640305754495785 ], [ 754894.844392398837954, 1970209.585885445587337 ], [ 754904.243766582221724, 1970219.653798296116292 ], [ 754904.116056993952952, 1970229.599378673359752 ], [ 754913.515416091307998, 1970239.667297862935811 ], [ 754913.38770047086291, 1970249.612878925167024 ], [ 754922.787044483236969, 1970259.680804456351325 ], [ 754932.186378816259094, 1970269.74873571516946 ], [ 754941.585703470860608, 1970279.816672704182565 ], [ 754950.985018447274342, 1970289.884615421993658 ], [ 754960.384323746431619, 1970299.952563868602738 ], [ 754969.911367435124703, 1970300.07493331679143 ], [ 754979.31065878411755, 1970310.142892610747367 ], [ 754988.837698715738952, 1970310.265271759126335 ], [ 754988.709940454806201, 1970320.210857635363936 ], [ 754998.109212445444427, 1970330.278828388312832 ], [ 755007.508474760106765, 1970340.346804871223867 ], [ 755007.380705057759769, 1970350.292392042931169 ], [ 755016.779952284065075, 1970360.360374866751954 ], [ 755026.179189831484109, 1970370.428363419836387 ], [ 755026.051408687373623, 1970380.37395189027302 ], [ 755035.450631148763932, 1970390.441946783801541 ], [ 755044.849843929870985, 1970400.509947407757863 ], [ 755054.249047031975351, 1970410.577953761210665 ], [ 755063.648240454960614, 1970420.645965845091268 ], [ 755073.047424200223759, 1970430.713983657769859 ], [ 755082.446598264854401, 1970440.78200720064342 ], [ 755091.845762650365941, 1970450.850036475341767 ], [ 755101.244917355244979, 1970460.918071477673948 ], [ 755110.644062382169068, 1970470.986112211365253 ], [ 755120.043197730905376, 1970481.054158675484359 ], [ 755129.442323398892768, 1970491.122210869565606 ], [ 755138.969285437487997, 1970491.244672988308594 ], [ 755148.49624799110461, 1970491.367139690089971 ], [ 755157.895355438813567, 1970501.435207852628082 ], [ 755167.294453207054175, 1970511.503281746059656 ], [ 755176.693541295477189, 1970521.571361368522048 ], [ 755176.565674233715981, 1970531.516959544736892 ], [ 755185.964747234480456, 1970541.58504551043734 ], [ 755195.363810554263182, 1970551.65313720703125 ], [ 755204.762864192714915, 1970561.721234633587301 ], [ 755214.161908152746037, 1970571.789337790803984 ], [ 755223.560942432726733, 1970581.857446679379791 ], [ 755232.959967034170404, 1970591.925561298849061 ], [ 755242.358981954166666, 1970601.993681649677455 ], [ 755251.757987193879671, 1970612.061807730933651 ], [ 755261.156982755055651, 1970622.129939543781802 ], [ 755270.555968634434976, 1970632.198077086592093 ], [ 755280.082871400518343, 1970632.320615458767861 ], [ 755289.481843329267576, 1970642.388763853115961 ], [ 755298.880805578781292, 1970652.456917979521677 ], [ 755308.407700316631235, 1970652.579471173463389 ], [ 755317.806648614117876, 1970662.647636149777099 ], [ 755327.333539596758783, 1970662.770199046935886 ] ], [ [ 755327.333539596758783, 1970662.770199046935886 ], [ 755336.732473943266086, 1970672.838374875253066 ] ], [ [ 755336.732473943266086, 1970672.838374875253066 ], [ 755346.259361170930788, 1970672.960947474930435 ] ], [ [ 755346.259361170930788, 1970672.960947474930435 ], [ 755355.658281566342339, 1970683.029134154552594 ] ], [ [ 755355.658281566342339, 1970683.029134154552594 ], [ 755365.057192281354219, 1970693.097326565068215 ] ], [ [ 755365.057192281354219, 1970693.097326565068215 ], [ 755364.929218900739215, 1970703.042936748359352 ], [ 755374.328114526346326, 1970713.111135502578691 ], [ 755383.727000469574705, 1970723.179339988389984 ] ], [ [ 755383.727000469574705, 1970723.179339988389984 ], [ 755393.125876732286997, 1970733.247550207423046 ] ], [ [ 755393.125876732286997, 1970733.247550207423046 ], [ 755402.524743313901126, 1970743.315766157116741 ] ], [ [ 755402.524743313901126, 1970743.315766157116741 ], [ 755412.051600645412691, 1970743.438374596647918 ] ], [ [ 755412.051600645412691, 1970743.438374596647918 ], [ 755421.450453277095221, 1970753.506601398577914 ] ], [ [ 755421.450453277095221, 1970753.506601398577914 ], [ 755430.97730685363058, 1970753.629219541791826 ] ], [ [ 755430.97730685363058, 1970753.629219541791826 ], [ 755440.376145532471128, 1970763.697457195725292 ] ], [ [ 755440.376145532471128, 1970763.697457195725292 ], [ 755449.774974530329928, 1970773.765700582414865 ] ], [ [ 755449.774974530329928, 1970773.765700582414865 ], [ 755459.301820081425831, 1970773.888333548558876 ] ], [ [ 755459.301820081425831, 1970773.888333548558876 ], [ 755468.828666145447642, 1970774.010971098672599 ] ], [ [ 755468.828666145447642, 1970774.010971098672599 ], [ 755478.227476921165362, 1970784.079230457777157 ] ], [ [ 755478.227476921165362, 1970784.079230457777157 ], [ 755478.09944049268961, 1970794.024847758933902 ] ], [ [ 755478.09944049268961, 1970794.024847758933902 ], [ 755487.498236177838407, 1970804.093113462207839 ], [ 755487.370193712878972, 1970814.038731450680643 ] ], [ [ 755487.370193712878972, 1970814.038731450680643 ], [ 755496.76897430466488, 1970824.107003498356789 ], [ 755496.640925802988932, 1970834.052622173679993 ] ], [ [ 755496.640925802988932, 1970834.052622173679993 ], [ 755506.039691302576102, 1970844.120900566224009 ], [ 755505.911636764067225, 1970854.06651992816478 ], [ 755505.783581599709578, 1970864.012139366008341 ], [ 755505.655525809386745, 1970873.957758878590539 ], [ 755505.527469393098727, 1970883.903378465911373 ], [ 755505.399412350961939, 1970893.848998128902167 ], [ 755505.27135468297638, 1970903.794617866165936 ], [ 755505.143296389142051, 1970913.740237678866833 ] ], [ [ 755505.143296389142051, 1970913.740237678866833 ], [ 755505.015237469226122, 1970923.685857566306368 ], [ 755514.413949998212047, 1970933.754146588500589 ], [ 755514.285885041346774, 1970943.699767163954675 ], [ 755523.684582478599623, 1970953.768062530551106 ], [ 755523.556511484552175, 1970963.713683792157099 ], [ 755532.955193829955533, 1970973.781985504087061 ] ], [ [ 755532.955193829955533, 1970973.781985504087061 ], [ 755532.82711679872591, 1970983.727607453474775 ], [ 755542.225784049369395, 1970993.795915510505438 ] ], [ [ 755542.225784049369395, 1970993.795915510505438 ], [ 755551.624441617634147, 1971003.864229299593717 ] ], [ [ 755551.624441617634147, 1971003.864229299593717 ], [ 755551.49635313777253, 1971013.809852548874915 ], [ 755560.894995612441562, 1971023.878172683296725 ], [ 755570.293628406245261, 1971033.946498551638797 ], [ 755579.692251516040415, 1971044.014830152969807 ] ], [ [ 755579.692251516040415, 1971044.014830152969807 ], [ 755579.564146175980568, 1971053.960455313092098 ], [ 755588.962754191714339, 1971064.028793260222301 ] ], [ [ 755588.962754191714339, 1971064.028793260222301 ], [ 755588.834642813890241, 1971073.974419107660651 ] ], [ [ 755588.834642813890241, 1971073.974419107660651 ], [ 755588.706530809868127, 1971083.920045030303299 ] ], [ [ 755588.706530809868127, 1971083.920045030303299 ], [ 755598.105118321138434, 1971093.988389935111627 ], [ 755597.977000279352069, 1971103.934016544604674 ], [ 755597.848881611367688, 1971113.879643229302019 ], [ 755597.72076231718529, 1971123.825269990134984 ] ], [ [ 755597.72076231718529, 1971123.825269990134984 ], [ 755597.592642397037707, 1971133.770896824542433 ] ], [ [ 755597.592642397037707, 1971133.770896824542433 ], [ 755597.464521850692108, 1971143.716523734852672 ] ], [ [ 755597.464521850692108, 1971143.716523734852672 ], [ 755597.336400678148493, 1971153.662150719668716 ] ], [ [ 755597.336400678148493, 1971153.662150719668716 ], [ 755597.208278879639693, 1971163.607777779921889 ], [ 755606.606818824191578, 1971173.676132703898475 ] ], [ [ 755606.606818824191578, 1971173.676132703898475 ], [ 755616.005349084269255, 1971183.744493361795321 ], [ 755625.403869662433863, 1971193.812859752215445 ], [ 755625.275731001980603, 1971203.758488724473864 ], [ 755634.674236484919675, 1971213.826861461391672 ], [ 755634.546091786120087, 1971223.772491120733321 ], [ 755643.944582174997777, 1971233.840870204148814 ], [ 755643.816431437735446, 1971243.786500550806522 ], [ 755653.21490672964137, 1971253.854885980254039 ], [ 755653.086749954149127, 1971263.800517014693469 ], [ 755652.958592552226037, 1971273.746148123871535 ] ], [ [ 755652.958592552226037, 1971273.746148123871535 ], [ 755662.357047335943207, 1971283.814540512161329 ], [ 755671.755492436233908, 1971293.882938634138554 ], [ 755681.153927853913046, 1971303.951342490268871 ], [ 755681.025753588648513, 1971313.896975511917844 ], [ 755680.897578697069548, 1971323.842608608305454 ], [ 755680.769403179176152, 1971333.788241780363023 ] ], [ [ 755680.769403179176152, 1971333.788241780363023 ], [ 755690.167812674422748, 1971343.856653208378702 ] ], [ [ 755690.167812674422748, 1971343.856653208378702 ], [ 755699.566212485660799, 1971353.92507036938332 ] ], [ [ 755699.566212485660799, 1971353.92507036938332 ], [ 755699.438025516225025, 1971363.870704840868711 ] ], [ [ 755699.438025516225025, 1971363.870704840868711 ], [ 755699.30983792047482, 1971373.816339387791231 ], [ 755708.708217223873362, 1971383.884763508336619 ] ], [ [ 755708.708217223873362, 1971383.884763508336619 ], [ 755718.10658684023656, 1971393.953193364432082 ], [ 755727.504946773638949, 1971404.021628954214975 ], [ 755736.903297022916377, 1971414.090070279315114 ], [ 755736.775087149813771, 1971424.035707350121811 ], [ 755736.646876650396734, 1971433.981344497064129 ], [ 755736.518665524432436, 1971443.926981718279421 ], [ 755736.390453771920875, 1971453.872619015164673 ] ], [ [ 755736.390453771920875, 1971453.872619015164673 ], [ 755736.262241393094882, 1971463.818256386788562 ] ], [ [ 755736.262241393094882, 1971463.818256386788562 ], [ 755736.134028387605213, 1971473.763893833151087 ], [ 755745.532336474978365, 1971483.832344566704705 ] ], [ [ 755745.532336474978365, 1971483.832344566704705 ], [ 755745.40411743009463, 1971493.777982701547444 ], [ 755754.802410421194509, 1971503.846439783228561 ] ], [ [ 755754.802410421194509, 1971503.846439783228561 ], [ 755754.674185336800292, 1971513.792078604921699 ], [ 755764.072463228367269, 1971523.860542033798993 ] ], [ [ 755764.072463228367269, 1971523.860542033798993 ], [ 755763.944232104346156, 1971533.806181543506682 ], [ 755763.816000353777781, 1971543.751821127487347 ], [ 755773.214257734129205, 1971553.820291516836733 ], [ 755782.612505429540761, 1971563.888767640572041 ] ], [ [ 755782.612505429540761, 1971563.888767640572041 ], [ 755782.484262225916609, 1971573.834408525377512 ] ], [ [ 755782.484262225916609, 1971573.834408525377512 ], [ 755791.882494824239984, 1971583.902890996774659 ] ], [ [ 755791.882494824239984, 1971583.902890996774659 ], [ 755791.75424558063969, 1971593.848532569361851 ], [ 755801.152463078964502, 1971603.917021388653666 ], [ 755810.550670892000198, 1971613.985515943728387 ], [ 755819.948869018233381, 1971624.05401623272337 ], [ 755819.820602907682769, 1971633.999659718247131 ], [ 755819.692336170468479, 1971643.945303278742358 ], [ 755819.564068806474097, 1971653.8909469130449 ], [ 755828.962241009227, 1971663.959454776952043 ], [ 755828.833967605023645, 1971673.905099100200459 ], [ 755828.705693574156612, 1971683.850743498187512 ], [ 755838.103845262550749, 1971693.919258321868256 ], [ 755847.50198726519011, 1971703.987778881797567 ], [ 755847.373701780103147, 1971713.933424580143765 ], [ 755856.77182868309319, 1971724.001951487967744 ], [ 755866.169945901492611, 1971734.070484131807461 ], [ 755875.568053432623856, 1971744.139022510731593 ], [ 755875.439751079073176, 1971754.084670122712851 ], [ 755884.837843510205857, 1971764.153214850462973 ], [ 755894.235926255118102, 1971774.221765314461663 ], [ 755903.633999315090477, 1971784.290321513777599 ], [ 755913.032062687445432, 1971794.358883450040594 ] ], [ [ 755913.032062687445432, 1971794.358883450040594 ], [ 755922.430116372299381, 1971804.427451121388003 ] ], [ [ 755922.430116372299381, 1971804.427451121388003 ], [ 755922.301786321448162, 1971814.373101872159168 ], [ 755931.699824907002039, 1971824.441675893031061 ] ], [ [ 755931.699824907002039, 1971824.441675893031061 ], [ 755941.097853807266802, 1971834.510255650151521 ] ], [ [ 755941.097853807266802, 1971834.510255650151521 ], [ 755950.495873019797727, 1971844.578841142589226 ] ], [ [ 755950.495873019797727, 1971844.578841142589226 ], [ 755959.89388254575897, 1971854.647432372439653 ] ], [ [ 755959.89388254575897, 1971854.647432372439653 ], [ 755969.291882385034114, 1971864.716029338305816 ] ], [ [ 755969.291882385034114, 1971864.716029338305816 ], [ 755978.689872538903728, 1971874.784632040187716 ] ], [ [ 755978.689872538903728, 1971874.784632040187716 ], [ 755978.561509374878369, 1971884.730286543956026 ] ], [ [ 755978.561509374878369, 1971884.730286543956026 ], [ 755978.433145583607256, 1971894.675941121997312 ] ], [ [ 755978.433145583607256, 1971894.675941121997312 ], [ 755987.831115220440552, 1971904.74455078644678 ], [ 755987.702745387563482, 1971914.690206052968279 ] ], [ [ 755987.702745387563482, 1971914.690206052968279 ], [ 755987.574374927673489, 1971924.635861393995583 ] ], [ [ 755987.574374927673489, 1971924.635861393995583 ], [ 755987.446003840654157, 1971934.581516809761524 ], [ 755996.843947546440177, 1971944.650134050287306 ] ], [ [ 755996.843947546440177, 1971944.650134050287306 ], [ 756006.241881565074436, 1971954.718757027061656 ] ], [ [ 756006.241881565074436, 1971954.718757027061656 ], [ 756006.113499021506868, 1971964.664413744350895 ], [ 756005.985115850809962, 1971974.610070536611602 ], [ 756015.383029354037717, 1971984.678700476419181 ] ], [ [ 756015.383029354037717, 1971984.678700476419181 ], [ 756015.254640141269192, 1971994.624357955763116 ], [ 756024.652538539725356, 1972004.692994246259332 ] ], [ [ 756024.652538539725356, 1972004.692994246259332 ], [ 756034.050427251961082, 1972014.761636272072792 ] ], [ [ 756034.050427251961082, 1972014.761636272072792 ], [ 756033.92202658217866, 1972024.707295053871349 ] ], [ [ 756033.92202658217866, 1972024.707295053871349 ], [ 756043.319900191971101, 1972034.775943429209292 ] ], [ [ 756043.319900191971101, 1972034.775943429209292 ], [ 756052.717764115543105, 1972044.84459754312411 ], [ 756062.115618350217119, 1972054.913257393985987 ], [ 756071.513462897157297, 1972064.981922981329262 ], [ 756071.385039939545095, 1972074.927584290038794 ], [ 756080.782869383576326, 1972084.996256228303537 ], [ 756090.180689141154289, 1972095.06493390374817 ] ], [ [ 756090.180689141154289, 1972095.06493390374817 ], [ 756099.706938412738964, 1972095.187954168068245 ] ], [ [ 756099.706938412738964, 1972095.187954168068245 ], [ 756109.233188199810684, 1972095.310979018453509 ] ], [ [ 756109.233188199810684, 1972095.310979018453509 ], [ 756118.630989723023959, 1972105.379672680050135 ], [ 756128.028781558154151, 1972115.44837207859382 ], [ 756137.426563705550507, 1972125.517077214783058 ], [ 756146.824336164630949, 1972135.585788088617846 ], [ 756146.695870511350222, 1972145.53145422716625 ], [ 756146.567404230474494, 1972155.477120441850275 ], [ 756146.438937322236598, 1972165.422786731272936 ], [ 756146.310469786520116, 1972175.368453095201403 ], [ 756146.18200162332505, 1972185.314119534566998 ], [ 756146.053532832651399, 1972195.259786049835384 ], [ 756145.925063414499164, 1972205.205452638445422 ], [ 756145.796593368868344, 1972215.151119303423911 ], [ 756145.668122695758939, 1972225.096786043373868 ], [ 756145.539651395170949, 1972235.042452856898308 ], [ 756145.411179467104375, 1972244.988119747024029 ], [ 756145.282706911559217, 1972254.933786710957065 ], [ 756154.680404693935998, 1972265.00251068151556 ], [ 756154.551926094922237, 1972274.948178334627301 ], [ 756154.423446868546307, 1972284.893846062477678 ], [ 756154.294967014808208, 1972294.839513865299523 ], [ 756154.166486533358693, 1972304.785181743791327 ], [ 756154.038005424430594, 1972314.730849696090445 ] ], [ [ 756154.038005424430594, 1972314.730849696090445 ], [ 756153.90952368802391, 1972324.676517724059522 ] ], [ [ 756153.90952368802391, 1972324.676517724059522 ], [ 756153.781041324138641, 1972334.622185827698559 ] ], [ [ 756153.781041324138641, 1972334.622185827698559 ], [ 756153.652558332774788, 1972344.567854005843401 ] ], [ [ 756153.652558332774788, 1972344.567854005843401 ], [ 756153.52407471393235, 1972354.513522258028388 ] ], [ [ 756153.52407471393235, 1972354.513522258028388 ], [ 756153.395590467494912, 1972364.459190586348996 ] ], [ [ 756153.395590467494912, 1972364.459190586348996 ], [ 756153.267105593695305, 1972374.40485898964107 ] ], [ [ 756153.267105593695305, 1972374.40485898964107 ], [ 756143.740987302036956, 1972374.281796137569472 ], [ 756143.612506589386612, 1972384.227464077994227 ], [ 756143.484025249257684, 1972394.173132092924789 ], [ 756143.355543281650171, 1972404.118800183292478 ], [ 756143.227060686447658, 1972414.064468347467482 ] ], [ [ 756143.227060686447658, 1972414.064468347467482 ], [ 756143.098577463882975, 1972424.010136587545276 ] ], [ [ 756143.098577463882975, 1972424.010136587545276 ], [ 756142.970093613839708, 1972433.955804903060198 ] ], [ [ 756142.970093613839708, 1972433.955804903060198 ], [ 756142.841609136434272, 1972443.901473292615265 ] ], [ [ 756142.841609136434272, 1972443.901473292615265 ], [ 756142.713124031433836, 1972453.847141757840291 ] ], [ [ 756142.713124031433836, 1972453.847141757840291 ], [ 756133.187044565216638, 1972453.724079187493771 ] ], [ [ 756133.187044565216638, 1972453.724079187493771 ], [ 756133.058563621714711, 1972463.669747189618647 ] ], [ [ 756133.058563621714711, 1972463.669747189618647 ], [ 756132.930082050617784, 1972473.615415266249329 ] ], [ [ 756132.930082050617784, 1972473.615415266249329 ], [ 756132.801599852275103, 1972483.5610834187828 ] ], [ [ 756132.801599852275103, 1972483.5610834187828 ], [ 756132.673117026221007, 1972493.506751645822078 ] ], [ [ 756132.673117026221007, 1972493.506751645822078 ], [ 756132.544633572921157, 1972503.452419947832823 ], [ 756132.416149492026307, 1972513.398088324582204 ], [ 756132.287664783769287, 1972523.343756777467206 ], [ 756132.159179448150098, 1972533.289425304625183 ], [ 756132.03069348493591, 1972543.235093906987458 ], [ 756131.902206894243136, 1972553.180762584554031 ], [ 756131.773719676304609, 1972563.12643133662641 ], [ 756131.645231830771081, 1972573.072100164135918 ], [ 756131.516743357875384, 1972583.017769067082554 ], [ 756131.388254257617518, 1972592.963438043836504 ], [ 756140.785772160626948, 1972603.032177740009502 ] ], [ [ 756140.785772160626948, 1972603.032177740009502 ], [ 756140.657277016201988, 1972612.977847405243665 ] ], [ [ 756140.657277016201988, 1972612.977847405243665 ], [ 756140.528781244298443, 1972622.923517146380618 ], [ 756140.400284844916314, 1972632.869186962023377 ], [ 756140.2717878180556, 1972642.814856852404773 ], [ 756140.143290163832717, 1972652.76052681892179 ], [ 756140.014791882014833, 1972662.706196860410273 ], [ 756139.886292972834781, 1972672.65186697547324 ], [ 756139.757793436059728, 1972682.597537166438997 ], [ 756139.629293272038922, 1972692.543207432841882 ], [ 756139.500792480423115, 1972702.488877773983404 ], [ 756129.974832742474973, 1972702.36580174905248 ] ], [ [ 756129.974832742474973, 1972702.36580174905248 ], [ 756129.846336112939753, 1972712.311471627093852 ] ], [ [ 756129.846336112939753, 1972712.311471627093852 ], [ 756129.717838855925947, 1972722.257141579641029 ] ], [ [ 756129.717838855925947, 1972722.257141579641029 ], [ 756129.589340971317142, 1972732.202811608090997 ], [ 756129.460842459346168, 1972742.148481711279601 ], [ 756119.934902394772507, 1972742.025408120593056 ] ], [ [ 756119.934902394772507, 1972742.025408120593056 ], [ 756119.806408044998534, 1972751.97107776068151 ] ], [ [ 756119.806408044998534, 1972751.97107776068151 ], [ 756119.677913067629561, 1972761.916747475741431 ] ], [ [ 756119.677913067629561, 1972761.916747475741431 ], [ 756119.549417463014834, 1972771.862417265539989 ] ], [ [ 756119.549417463014834, 1972771.862417265539989 ], [ 756110.023492282489315, 1972771.739346648566425 ], [ 756109.895000840071589, 1972781.685015975963324 ], [ 756109.766508770175278, 1972791.630685377633199 ], [ 756100.24059368413873, 1972791.507618271512911 ], [ 756100.112105776672252, 1972801.453287211479619 ], [ 756099.983617241610773, 1972811.398956225253642 ], [ 756099.855128079187125, 1972821.344625313999131 ], [ 756099.726638289517723, 1972831.290294478647411 ], [ 756099.598147872369736, 1972841.235963717335835 ] ], [ [ 756099.598147872369736, 1972841.235963717335835 ], [ 756099.469656828092411, 1972851.18163303215988 ] ], [ [ 756099.469656828092411, 1972851.18163303215988 ], [ 756099.341165156103671, 1972861.127302421024069 ] ], [ [ 756099.341165156103671, 1972861.127302421024069 ], [ 756108.738549625035375, 1972871.196043296484277 ], [ 756118.135924402391538, 1972881.264789910288528 ], [ 756118.007421268848702, 1972891.210460600676015 ], [ 756117.878917507827282, 1972901.156131366733462 ], [ 756117.750413119327277, 1972911.101802207762375 ], [ 756117.621908103581518, 1972921.047473123762757 ], [ 756117.493402460240759, 1972930.993144114036113 ], [ 756117.364896189654246, 1972940.938815179513767 ], [ 756117.236389291589148, 1972950.884486321127042 ], [ 756117.107881766045466, 1972960.830157537013292 ], [ 756116.979373613372445, 1972970.775828828336671 ], [ 756116.850864832988009, 1972980.721500194165856 ], [ 756116.722355425357819, 1972990.667171635664999 ], [ 756107.196535621304065, 1972990.544089180417359 ] ], [ [ 756107.196535621304065, 1972990.544089180417359 ], [ 756107.068030376336537, 1973000.489760158816352 ] ], [ [ 756107.068030376336537, 1973000.489760158816352 ], [ 756106.939524503890425, 1973010.435431211721152 ] ], [ [ 756106.939524503890425, 1973010.435431211721152 ], [ 756106.811018004198559, 1973020.381102340528741 ], [ 756106.682510877028108, 1973030.326773543376476 ], [ 756106.554003122495487, 1973040.27244482235983 ], [ 756115.951285803690553, 1973050.341201858827844 ], [ 756125.348558792378753, 1973060.409964635968208 ], [ 756125.220039575127885, 1973070.355637216474861 ], [ 756125.091519730631262, 1973080.301309870555997 ], [ 756124.962999258539639, 1973090.246982601238415 ], [ 756124.834478158969432, 1973100.192655405728146 ], [ 756124.705956432269886, 1973110.138328285422176 ], [ 756124.577434077858925, 1973120.084001240553334 ], [ 756124.44891109620221, 1973130.02967427088879 ], [ 756124.320387486834079, 1973139.975347376195714 ], [ 756124.191863250453025, 1973149.921020556008443 ], [ 756114.666119575500488, 1973149.797924902988598 ], [ 756114.537599501898512, 1973159.743597619701177 ], [ 756105.011861132923514, 1973159.620506017003208 ], [ 756104.883345222449861, 1973169.56617827154696 ], [ 756104.754828684730455, 1973179.511850600829348 ], [ 756104.626311519416049, 1973189.457523004850373 ] ], [ [ 756104.626311519416049, 1973189.457523004850373 ], [ 756104.497793726972304, 1973199.403195484541357 ] ], [ [ 756104.497793726972304, 1973199.403195484541357 ], [ 756094.972075035446323, 1973199.280106317251921 ] ], [ [ 756094.972075035446323, 1973199.280106317251921 ], [ 756094.843561406130902, 1973209.225778334308416 ] ], [ [ 756094.843561406130902, 1973209.225778334308416 ], [ 756094.715047149453312, 1973219.171450425172225 ] ], [ [ 756094.715047149453312, 1973219.171450425172225 ], [ 756094.586532265297137, 1973229.117122592171654 ] ], [ [ 756094.586532265297137, 1973229.117122592171654 ], [ 756094.458016754011624, 1973239.062794833444059 ] ], [ [ 756094.458016754011624, 1973239.062794833444059 ], [ 756094.32950061513111, 1973249.008467150386423 ] ], [ [ 756094.32950061513111, 1973249.008467150386423 ], [ 756094.200983849121258, 1973258.954139541834593 ], [ 756103.598151612561196, 1973269.022904941812158 ] ], [ [ 756103.598151612561196, 1973269.022904941812158 ], [ 756103.469628800987266, 1973278.96857802150771 ] ], [ [ 756103.469628800987266, 1973278.96857802150771 ], [ 756103.341105362051167, 1973288.914251176640391 ] ], [ [ 756103.341105362051167, 1973288.914251176640391 ], [ 756103.212581295752898, 1973298.859924406511709 ] ], [ [ 756103.212581295752898, 1973298.859924406511709 ], [ 756103.08405660209246, 1973308.805597711587325 ] ], [ [ 756103.08405660209246, 1973308.805597711587325 ], [ 756102.955531280953437, 1973318.751271091867238 ], [ 756102.82700533256866, 1973328.69694454758428 ], [ 756112.22413089312613, 1973338.76571936532855 ] ], [ [ 756112.22413089312613, 1973338.76571936532855 ], [ 756112.09559889906086, 1973348.711393508594483 ] ], [ [ 756112.09559889906086, 1973348.711393508594483 ], [ 756121.492709347279742, 1973358.780174679355696 ] ], [ [ 756121.492709347279742, 1973358.780174679355696 ], [ 756130.889810101827607, 1973368.848961590090767 ] ], [ [ 756130.889810101827607, 1973368.848961590090767 ], [ 756140.286901162005961, 1973378.917754240799695 ], [ 756140.158352285274304, 1973388.863430298632011 ], [ 756140.029802781064063, 1973398.809106432134286 ], [ 756139.901252649491653, 1973408.754782639443874 ], [ 756139.772701890324242, 1973418.700458922656253 ], [ 756139.644150503678247, 1973428.646135280840099 ], [ 756139.515598489670083, 1973438.591811713995412 ], [ 756139.387045848183334, 1973448.537488222587854 ], [ 756139.258492579218, 1973458.483164806151763 ], [ 756139.129938682657667, 1973468.428841463988647 ], [ 756139.001384158851579, 1973478.374518198193982 ], [ 756138.872829007450491, 1973488.320195005973801 ], [ 756138.744273228687234, 1973498.26587188965641 ], [ 756138.615716822328977, 1973508.211548848543316 ], [ 756138.487159788608551, 1973518.157225882634521 ], [ 756138.358602127525955, 1973528.102902991231531 ], [ 756138.230043838731945, 1973538.048580175032839 ], [ 756138.10148492269218, 1973547.994257433805615 ], [ 756137.97292537917383, 1973557.939934767782688 ], [ 756137.844365208060481, 1973567.885612176964059 ], [ 756137.715804409584962, 1973577.831289660651237 ] ], [ [ 756137.715804409584962, 1973577.831289660651237 ], [ 756137.587242983630858, 1973587.776967220008373 ] ], [ [ 756137.587242983630858, 1973587.776967220008373 ], [ 756137.458680930314586, 1973597.722644854569808 ] ], [ [ 756137.458680930314586, 1973597.722644854569808 ], [ 756127.933151819510385, 1973597.599515810376033 ] ], [ [ 756127.933151819510385, 1973597.599515810376033 ], [ 756127.804593930253759, 1973607.545192981604487 ] ], [ [ 756127.804593930253759, 1973607.545192981604487 ], [ 756118.27907012659125, 1973607.422067989362404 ] ], [ [ 756118.27907012659125, 1973607.422067989362404 ], [ 756118.15051640139427, 1973617.367744697490707 ] ], [ [ 756118.15051640139427, 1973617.367744697490707 ], [ 756108.624997904524207, 1973617.244623755570501 ] ], [ [ 756108.624997904524207, 1973617.244623755570501 ], [ 756099.099479922791943, 1973617.121507403207943 ] ], [ [ 756099.099479922791943, 1973617.121507403207943 ], [ 756089.573962456546724, 1973616.99839563947171 ] ], [ [ 756089.573962456546724, 1973616.99839563947171 ], [ 756080.048445505439304, 1973616.875288465060294 ] ], [ [ 756080.048445505439304, 1973616.875288465060294 ], [ 756070.522929069586098, 1973616.752185880206525 ] ], [ [ 756070.522929069586098, 1973616.752185880206525 ], [ 756060.997413147706538, 1973616.629087883979082 ] ], [ [ 756060.997413147706538, 1973616.629087883979082 ], [ 756060.868887544493191, 1973626.57476143958047 ], [ 756051.343376930686645, 1973626.451667494839057 ], [ 756041.817866832017899, 1973626.328578139422461 ], [ 756032.292357248603366, 1973626.20549337239936 ], [ 756022.766848178813234, 1973626.082413195166737 ], [ 756013.241339625441469, 1973625.9593376070261 ], [ 756003.715831587323919, 1973625.83626660797745 ], [ 755994.190324065624736, 1973625.713200198020786 ], [ 755984.664817056269385, 1973625.59013837762177 ], [ 755975.139310563332401, 1973625.467081145849079 ], [ 755965.613804585300386, 1973625.344028503401205 ], [ 755956.088299122289754, 1973625.220980450278148 ], [ 755946.562794173019938, 1973625.097936985548586 ], [ 755937.165753052919172, 1973615.029231546679512 ] ], [ [ 755937.165753052919172, 1973615.029231546679512 ], [ 755927.640244343318045, 1973614.90619779843837 ], [ 755918.243189251283184, 1973604.837503225542605 ] ], [ [ 755918.243189251283184, 1973604.837503225542605 ], [ 755908.71767677878961, 1973604.714479193557054 ] ], [ [ 755908.71767677878961, 1973604.714479193557054 ], [ 755899.320607715053484, 1973594.645795486634597 ], [ 755889.795091483392753, 1973594.522781170206144 ], [ 755880.269575765356421, 1973594.399771442404017 ], [ 755870.744060560478829, 1973594.276766304159537 ] ], [ [ 755870.744060560478829, 1973594.276766304159537 ], [ 755861.218545872019604, 1973594.153765754774213 ] ], [ [ 755861.218545872019604, 1973594.153765754774213 ], [ 755851.693031698348932, 1973594.030769794480875 ] ], [ [ 755851.693031698348932, 1973594.030769794480875 ], [ 755842.167518039350398, 1973593.907778423046693 ] ], [ [ 755842.167518039350398, 1973593.907778423046693 ], [ 755832.642004893859848, 1973593.784791640937328 ] ], [ [ 755832.642004893859848, 1973593.784791640937328 ], [ 755832.513595541473478, 1973603.730452142190188 ], [ 755822.988087703473866, 1973603.607469411799684 ], [ 755822.859682515962049, 1973613.553129449719563 ], [ 755813.334179984172806, 1973613.430150771513581 ], [ 755813.205778961535543, 1973623.375810347963125 ], [ 755803.680281735956669, 1973623.252835720777512 ], [ 755803.55188487819396, 1973633.198494834592566 ], [ 755794.026392957661301, 1973633.075524259591475 ], [ 755793.898000264540315, 1973643.021182911470532 ], [ 755793.769606945104897, 1973652.966841637855396 ], [ 755784.244125125114806, 1973652.84387457720004 ], [ 755784.115735970670357, 1973662.789532842114568 ], [ 755774.590259455377236, 1973662.666569832945243 ], [ 755774.461874466156587, 1973672.612227635690942 ], [ 755774.333488850155845, 1973682.557885512709618 ], [ 755764.808022432844155, 1973682.434926018351689 ], [ 755764.679640982067212, 1973692.380583434132859 ], [ 755755.154179869685322, 1973692.257627991493791 ], [ 755755.025802584015764, 1973702.203284944640473 ], [ 755754.897424671798944, 1973712.148941972991452 ], [ 755745.371973659028299, 1973712.025990045396611 ], [ 755745.243599911918864, 1973721.971646611811593 ], [ 755735.718154205358587, 1973721.848698736168444 ], [ 755735.589784623705782, 1973731.794354839716107 ], [ 755726.064344223355874, 1973731.67141101625748 ], [ 755725.935978807043284, 1973741.617066659033298 ], [ 755716.410543711739592, 1973741.494126887293532 ], [ 755706.885109132272191, 1973741.371191705111414 ] ], [ [ 755706.885109132272191, 1973741.371191705111414 ], [ 755706.756752673070878, 1973751.316846348112449 ], [ 755697.231323399813846, 1973751.193915218580514 ] ], [ [ 755697.231323399813846, 1973751.193915218580514 ], [ 755697.102971106185578, 1973761.139569398714229 ] ], [ [ 755697.102971106185578, 1973761.139569398714229 ], [ 755687.57754713925533, 1973761.016642320901155 ] ], [ [ 755687.57754713925533, 1973761.016642320901155 ], [ 755687.449199011083692, 1973770.962296040030196 ] ], [ [ 755687.449199011083692, 1973770.962296040030196 ], [ 755677.923780351760797, 1973770.839373014634475 ] ], [ [ 755677.923780351760797, 1973770.839373014634475 ], [ 755677.79543638904579, 1973780.78502627206035 ], [ 755668.270023033488542, 1973780.66210729861632 ] ], [ [ 755668.270023033488542, 1973780.66210729861632 ], [ 755658.744610193534754, 1973780.53919291542843 ] ], [ [ 755658.744610193534754, 1973780.53919291542843 ], [ 755649.219197867903858, 1973780.416283121099696 ] ], [ [ 755649.219197867903858, 1973780.416283121099696 ], [ 755649.090867654653266, 1973790.36193484114483 ], [ 755639.565460634068586, 1973790.239029099233449 ], [ 755630.040054128970951, 1973790.116127946879715 ] ], [ [ 755630.040054128970951, 1973790.116127946879715 ], [ 755629.911732873413712, 1973800.06177866877988 ], [ 755620.386331674642861, 1973799.938881568843499 ] ], [ [ 755620.386331674642861, 1973799.938881568843499 ], [ 755610.860930990194902, 1973799.815989058464766 ] ], [ [ 755610.860930990194902, 1973799.815989058464766 ], [ 755610.732618692214601, 1973809.761638781288639 ], [ 755601.207223312696442, 1973809.638750323560089 ] ], [ [ 755601.207223312696442, 1973809.638750323560089 ], [ 755591.681828448548913, 1973809.515866455156356 ] ], [ [ 755591.681828448548913, 1973809.515866455156356 ], [ 755591.553525108494796, 1973819.461515179602429 ] ], [ [ 755591.553525108494796, 1973819.461515179602429 ], [ 755582.028135550790466, 1973819.33863536384888 ] ], [ [ 755582.028135550790466, 1973819.33863536384888 ], [ 755581.899836376309395, 1973829.284283625893295 ] ], [ [ 755581.899836376309395, 1973829.284283625893295 ], [ 755572.374452126096003, 1973829.161407862789929 ] ], [ [ 755572.374452126096003, 1973829.161407862789929 ], [ 755572.246157117770053, 1973839.107055663131177 ] ], [ [ 755572.246157117770053, 1973839.107055663131177 ], [ 755572.117861483246088, 1973849.052703539375216 ], [ 755562.592487329966389, 1973848.929831292014569 ] ], [ [ 755562.592487329966389, 1973848.929831292014569 ], [ 755562.464195861597545, 1973858.875478707253933 ], [ 755552.938827013014816, 1973858.752610512077808 ] ], [ [ 755552.938827013014816, 1973858.752610512077808 ], [ 755552.810539710684679, 1973868.698257464449853 ] ], [ [ 755552.810539710684679, 1973868.698257464449853 ], [ 755543.285176169709302, 1973868.575393322389573 ] ], [ [ 755543.285176169709302, 1973868.575393322389573 ], [ 755543.156893033417873, 1973878.521039813291281 ] ], [ [ 755543.156893033417873, 1973878.521039813291281 ], [ 755543.028609271044843, 1973888.466686379397288 ] ], [ [ 755543.028609271044843, 1973888.466686379397288 ], [ 755533.503255828516558, 1973888.343825753312558 ] ], [ [ 755533.503255828516558, 1973888.343825753312558 ], [ 755533.374976232182235, 1973898.289471857016906 ] ], [ [ 755533.374976232182235, 1973898.289471857016906 ], [ 755533.246696010231972, 1973908.235118037322536 ] ], [ [ 755533.246696010231972, 1973908.235118037322536 ], [ 755533.118415162083693, 1973918.18076429143548 ], [ 755523.593076608842239, 1973918.057906645117328 ] ], [ [ 755523.593076608842239, 1973918.057906645117328 ], [ 755523.464799926965497, 1973928.003552438691258 ] ], [ [ 755523.464799926965497, 1973928.003552438691258 ], [ 755523.336522619007155, 1973937.949198307003826 ], [ 755513.811194165609777, 1973937.826344176428393 ] ], [ [ 755513.811194165609777, 1973937.826344176428393 ], [ 755513.682921024039388, 1973947.771989582572132 ] ], [ [ 755513.682921024039388, 1973947.771989582572132 ], [ 755513.554647256736644, 1973957.717635064851493 ] ], [ [ 755513.554647256736644, 1973957.717635064851493 ], [ 755504.029328901786357, 1973957.594784450251609 ] ], [ [ 755504.029328901786357, 1973957.594784450251609 ], [ 755503.901059300871566, 1973967.540429470827803 ] ], [ [ 755503.901059300871566, 1973967.540429470827803 ], [ 755503.772789073875174, 1973977.486074566142634 ] ], [ [ 755503.772789073875174, 1973977.486074566142634 ], [ 755494.247480817837641, 1973977.363227467983961 ], [ 755494.119214757345617, 1973987.308872102061287 ] ], [ [ 755494.119214757345617, 1973987.308872102061287 ], [ 755493.990948071004823, 1973997.25451681134291 ] ], [ [ 755493.990948071004823, 1973997.25451681134291 ], [ 755493.862680758698843, 1974007.200161595130339 ] ], [ [ 755493.862680758698843, 1974007.200161595130339 ], [ 755484.337387392297387, 1974007.077317477436736 ], [ 755484.209124246612191, 1974017.02296179975383 ], [ 755484.080860475078225, 1974026.968606197973713 ] ], [ [ 755484.080860475078225, 1974026.968606197973713 ], [ 755483.952596077579074, 1974036.914250671397895 ] ], [ [ 755483.952596077579074, 1974036.914250671397895 ], [ 755483.824331054347567, 1974046.859895219560713 ] ], [ [ 755483.824331054347567, 1974046.859895219560713 ], [ 755483.696065405150875, 1974056.805539842694998 ] ], [ [ 755483.696065405150875, 1974056.805539842694998 ], [ 755483.567799130221829, 1974066.751184541266412 ] ], [ [ 755483.567799130221829, 1974066.751184541266412 ], [ 755483.439532229327597, 1974076.696829314809293 ] ], [ [ 755483.439532229327597, 1974076.696829314809293 ], [ 755483.31126470270101, 1974086.642474163789302 ] ], [ [ 755483.31126470270101, 1974086.642474163789302 ], [ 755483.182996550109237, 1974096.58811908797361 ], [ 755473.657746831770055, 1974096.465274729998782 ] ], [ [ 755473.657746831770055, 1974096.465274729998782 ], [ 755473.529482845915481, 1974106.410919192945585 ] ], [ [ 755473.529482845915481, 1974106.410919192945585 ], [ 755473.401218234328553, 1974116.356563730165362 ] ], [ [ 755473.401218234328553, 1974116.356563730165362 ], [ 755473.272952996892855, 1974126.30220834328793 ] ], [ [ 755473.272952996892855, 1974126.30220834328793 ], [ 755473.144687133724801, 1974136.247853030683473 ] ], [ [ 755473.144687133724801, 1974136.247853030683473 ], [ 755473.016420644591562, 1974146.193497794680297 ] ], [ [ 755473.016420644591562, 1974146.193497794680297 ], [ 755472.888153529725969, 1974156.139142632950097 ] ], [ [ 755472.888153529725969, 1974156.139142632950097 ], [ 755472.759885789011605, 1974166.084787546657026 ] ], [ [ 755472.759885789011605, 1974166.084787546657026 ], [ 755472.631617422448471, 1974176.030432535801083 ] ], [ [ 755472.631617422448471, 1974176.030432535801083 ], [ 755472.503348429920152, 1974185.976077599916607 ] ], [ [ 755472.503348429920152, 1974185.976077599916607 ], [ 755472.375078811775893, 1974195.921722738537937 ] ], [ [ 755472.375078811775893, 1974195.921722738537937 ], [ 755472.246808567666449, 1974205.867367952829227 ] ], [ [ 755472.246808567666449, 1974205.867367952829227 ], [ 755472.118537697941065, 1974215.813013242557645 ] ], [ [ 755472.118537697941065, 1974215.813013242557645 ], [ 755471.990266202017665, 1974225.758658606791869 ] ], [ [ 755471.990266202017665, 1974225.758658606791869 ], [ 755471.861994080594741, 1974235.704304047394544 ] ], [ [ 755471.861994080594741, 1974235.704304047394544 ], [ 755471.733721333323047, 1974245.649949561804533 ] ], [ [ 755471.733721333323047, 1974245.649949561804533 ], [ 755471.605447960086167, 1974255.595595152117312 ] ], [ [ 755471.605447960086167, 1974255.595595152117312 ], [ 755471.477173961116932, 1974265.541240817867219 ] ], [ [ 755471.477173961116932, 1974265.541240817867219 ], [ 755471.348899336298928, 1974275.486886557890102 ] ], [ [ 755471.348899336298928, 1974275.486886557890102 ], [ 755471.220624085748568, 1974285.432532373815775 ] ], [ [ 755471.220624085748568, 1974285.432532373815775 ], [ 755471.092348209233023, 1974295.378178264247254 ] ], [ [ 755471.092348209233023, 1974295.378178264247254 ], [ 755470.964071706868708, 1974305.323824230581522 ] ], [ [ 755470.964071706868708, 1974305.323824230581522 ], [ 755470.835794578888454, 1974315.269470271654427 ] ], [ [ 755470.835794578888454, 1974315.269470271654427 ], [ 755470.707516824826598, 1974325.215116388862953 ] ], [ [ 755470.707516824826598, 1974325.215116388862953 ], [ 755480.104373133741319, 1974335.283619817346334 ] ], [ [ 755480.104373133741319, 1974335.283619817346334 ], [ 755479.976089335046709, 1974345.229266620939597 ] ], [ [ 755479.976089335046709, 1974345.229266620939597 ], [ 755479.847804910386913, 1974355.174913499271497 ] ], [ [ 755479.847804910386913, 1974355.174913499271497 ], [ 755479.719519859994762, 1974365.120560453040525 ] ], [ [ 755479.719519859994762, 1974365.120560453040525 ], [ 755479.59123418352101, 1974375.066207482246682 ] ], [ [ 755479.59123418352101, 1974375.066207482246682 ], [ 755479.462947881547734, 1974385.011854585725814 ] ], [ [ 755479.462947881547734, 1974385.011854585725814 ], [ 755479.334660953376442, 1974394.957501765806228 ], [ 755479.206373399589211, 1974404.903149020159617 ], [ 755479.078085219953209, 1974414.848796349484473 ], [ 755478.949796414352022, 1974424.79444375471212 ], [ 755478.82150698301848, 1974434.740091234678403 ], [ 755478.693216925719753, 1974444.685738789616153 ], [ 755478.564926242805086, 1974454.631386419991031 ], [ 755487.961707824491896, 1974464.699902930064127 ], [ 755487.833411096245982, 1974474.645551247289404 ], [ 755487.705113742151298, 1974484.59119963995181 ], [ 755487.576815762207843, 1974494.536848107818514 ], [ 755496.973571385373361, 1974504.605372192338109 ], [ 755496.845267359982245, 1974514.551021346822381 ], [ 755496.716962708975188, 1974524.496670576976612 ], [ 755496.588657431770116, 1974534.44231988186948 ], [ 755505.985387097345665, 1974544.510851541534066 ], [ 755505.857075774925761, 1974554.456501533277333 ], [ 755505.728763826424256, 1974564.402151600923389 ], [ 755515.125472953426652, 1974574.470690223388374 ] ], [ [ 755515.125472953426652, 1974574.470690223388374 ], [ 755514.997154959477484, 1974584.416340977651998 ], [ 755524.393848968669772, 1974594.484885951504111 ] ], [ [ 755524.393848968669772, 1974594.484885951504111 ], [ 755524.265524928923696, 1974604.430537392385304 ] ], [ [ 755524.265524928923696, 1974604.430537392385304 ], [ 755524.13720026332885, 1974614.376188909169286 ], [ 755524.008874971652403, 1974624.321840501390398 ], [ 755523.880549054127187, 1974634.267492167651653 ], [ 755533.277211683103815, 1974644.336045329226181 ] ], [ [ 755533.277211683103815, 1974644.336045329226181 ], [ 755533.148879719665274, 1974654.281697683734819 ], [ 755533.020547130494379, 1974664.227350112283602 ], [ 755542.4171892197337, 1974674.29591023712419 ] ], [ [ 755542.4171892197337, 1974674.29591023712419 ], [ 755542.28885058441665, 1974684.241563353687525 ] ], [ [ 755542.28885058441665, 1974684.241563353687525 ], [ 755551.685477555147372, 1974694.31012982991524 ] ], [ [ 755551.685477555147372, 1974694.31012982991524 ], [ 755551.557132873916999, 1974704.255783633328974 ] ], [ [ 755551.557132873916999, 1974704.255783633328974 ], [ 755551.428787566488609, 1974714.201437511248514 ] ], [ [ 755551.428787566488609, 1974714.201437511248514 ], [ 755551.300441633095033, 1974724.147091465536505 ] ], [ [ 755551.300441633095033, 1974724.147091465536505 ], [ 755560.697042642044835, 1974734.215665517840534 ], [ 755570.093633949290961, 1974744.284245309187099 ], [ 755569.965276549570262, 1974754.22990056197159 ] ], [ [ 755569.965276549570262, 1974754.22990056197159 ], [ 755579.361852737725712, 1974764.29848670726642 ], [ 755588.758419225458056, 1974774.367078590905294 ], [ 755588.630050359060988, 1974784.312735142884776 ], [ 755588.501680866465904, 1974794.258391770999879 ], [ 755588.373310747789219, 1974804.204048472223803 ] ], [ [ 755588.373310747789219, 1974804.204048472223803 ], [ 755588.244940002914518, 1974814.149705249583349 ] ], [ [ 755588.244940002914518, 1974814.149705249583349 ], [ 755597.641475110081956, 1974824.218305322341621 ] ], [ [ 755597.641475110081956, 1974824.218305322341621 ], [ 755597.513098318595439, 1974834.163962786784396 ] ], [ [ 755597.513098318595439, 1974834.163962786784396 ], [ 755597.384720901143737, 1974844.10962032712996 ], [ 755606.781235465081409, 1974854.178227363852784 ] ], [ [ 755606.781235465081409, 1974854.178227363852784 ], [ 755616.177740328130312, 1974864.246840141247958 ], [ 755616.049351443187334, 1974874.192498980788514 ], [ 755625.445841184584424, 1974884.261118110734969 ], [ 755634.842321226373315, 1974894.329742981353775 ], [ 755634.713920874055475, 1974904.275403120322153 ], [ 755634.585519895423204, 1974914.221063333097845 ], [ 755634.457118290592916, 1974924.166723622009158 ] ], [ [ 755634.457118290592916, 1974924.166723622009158 ], [ 755634.328716059564613, 1974934.112383985193446 ] ], [ [ 755634.328716059564613, 1974934.112383985193446 ], [ 755643.725164715666324, 1974944.181017045397311 ] ], [ [ 755643.725164715666324, 1974944.181017045397311 ], [ 755643.596756437444128, 1974954.126678096828982 ] ], [ [ 755643.596756437444128, 1974954.126678096828982 ], [ 755652.993189971311949, 1974964.195317509118468 ], [ 755662.389613805222325, 1974974.263962662778795 ], [ 755662.261194058810361, 1974984.209625013405457 ], [ 755662.13277368620038, 1974994.155287438770756 ] ], [ [ 755662.13277368620038, 1974994.155287438770756 ], [ 755662.004352687275968, 1975004.100949939806014 ] ], [ [ 755662.004352687275968, 1975004.100949939806014 ], [ 755671.400750553701073, 1975014.169602670706809 ], [ 755680.797138719935901, 1975024.238261142279953 ], [ 755680.66870625235606, 1975034.183924942510203 ], [ 755690.065079295658506, 1975044.252589767565951 ], [ 755699.461442637024447, 1975054.321260334225371 ], [ 755708.857796277850866, 1975064.389936641324311 ], [ 755708.729346920270473, 1975074.335602353326976 ] ], [ [ 755708.729346920270473, 1975074.335602353326976 ], [ 755718.125685436534695, 1975084.404285014374182 ], [ 755727.522014250629582, 1975094.472973416792229 ], [ 755736.918333362671547, 1975104.541667560115457 ], [ 755736.789867114392109, 1975114.487335184123367 ], [ 755736.66140023956541, 1975124.433002883568406 ], [ 755736.532932738191448, 1975134.378670657752082 ] ], [ [ 755736.532932738191448, 1975134.378670657752082 ], [ 755745.929225884843618, 1975144.447372380178422 ], [ 755755.325509327696636, 1975154.516079843044281 ], [ 755764.721783068263903, 1975164.584793048212305 ], [ 755774.118047104915604, 1975174.653511995216832 ], [ 755783.51430144184269, 1975184.722236683825031 ], [ 755783.385806205682456, 1975194.667907594935969 ], [ 755792.782045416650362, 1975204.736638637958094 ], [ 755792.653544131899253, 1975214.682310236385092 ], [ 755792.525042220600881, 1975224.62798191071488 ], [ 755801.921260885079391, 1975234.696719920495525 ], [ 755801.792752925190143, 1975244.642392280744389 ], [ 755801.664244338637218, 1975254.588064717827365 ] ], [ [ 755801.664244338637218, 1975254.588064717827365 ], [ 755811.060442456393503, 1975264.656809693202376 ], [ 755820.456630872562528, 1975274.725560411810875 ], [ 755829.85280958423391, 1975284.794316872721538 ], [ 755829.724284104653634, 1975294.739991221344098 ] ], [ [ 755829.724284104653634, 1975294.739991221344098 ], [ 755839.120447691180743, 1975304.808754036435857 ] ], [ [ 755839.120447691180743, 1975304.808754036435857 ], [ 755848.516601574374363, 1975314.877522594295442 ], [ 755857.912745755864307, 1975324.946296893525869 ], [ 755857.784203382907435, 1975334.891973155084997 ] ], [ [ 755857.784203382907435, 1975334.891973155084997 ], [ 755867.180332437157631, 1975344.960753810359165 ], [ 755867.051784015027806, 1975354.906430758535862 ] ], [ [ 755867.051784015027806, 1975354.906430758535862 ], [ 755876.447897942154668, 1975364.975217767991126 ] ], [ [ 755876.447897942154668, 1975364.975217767991126 ], [ 755876.319343470735475, 1975374.920895405113697 ] ], [ [ 755876.319343470735475, 1975374.920895405113697 ], [ 755885.715442273416556, 1975384.98968877014704 ] ], [ [ 755885.715442273416556, 1975384.98968877014704 ], [ 755895.111531373579055, 1975395.058487877482548 ], [ 755894.982965430244803, 1975405.004166813567281 ] ], [ [ 755894.982965430244803, 1975405.004166813567281 ], [ 755904.379039402818307, 1975415.07297227694653 ] ], [ [ 755904.379039402818307, 1975415.07297227694653 ], [ 755913.775103671709076, 1975425.141783481929451 ], [ 755913.646526256226934, 1975435.08746371907182 ] ], [ [ 755913.646526256226934, 1975435.08746371907182 ], [ 755923.042575398460031, 1975445.156281280098483 ] ], [ [ 755923.042575398460031, 1975445.156281280098483 ], [ 755932.43861483829096, 1975455.225104583660141 ], [ 755941.834644572809339, 1975465.293933630222455 ], [ 755951.230664603062905, 1975475.362768419785425 ], [ 755960.626674929517321, 1975485.431608952349052 ], [ 755970.022675552987494, 1975495.500455227913335 ], [ 755979.418666469631717, 1975505.569307246478274 ], [ 755988.814647683408111, 1975515.638165008742362 ], [ 755988.686026257346384, 1975525.58385022263974 ] ], [ [ 755988.686026257346384, 1975525.58385022263974 ], [ 755998.081992343766615, 1975535.652714340714738 ], [ 756007.477948726853356, 1975545.721584202721715 ], [ 756007.349315827479586, 1975555.667270717443898 ] ], [ [ 756007.349315827479586, 1975555.667270717443898 ], [ 756016.745257081696764, 1975565.736146934796125 ] ], [ [ 756016.745257081696764, 1975565.736146934796125 ], [ 756016.616618131753057, 1975575.681834136601537 ], [ 756026.012544258031994, 1975585.750716710695997 ], [ 756035.408460679696873, 1975595.819605028256774 ] ], [ [ 756035.408460679696873, 1975595.819605028256774 ], [ 756044.804367397911847, 1975605.888499089982361 ] ], [ [ 756044.804367397911847, 1975605.888499089982361 ], [ 756054.200264409999363, 1975615.957398894941434 ] ], [ [ 756054.200264409999363, 1975615.957398894941434 ], [ 756054.071603139163926, 1975625.903088623890653 ], [ 756063.467485022963956, 1975635.971994785359129 ] ], [ [ 756063.467485022963956, 1975635.971994785359129 ], [ 756072.863357201684266, 1975646.040906690759584 ] ], [ [ 756072.863357201684266, 1975646.040906690759584 ], [ 756082.259219675557688, 1975656.109824340092018 ] ], [ [ 756082.259219675557688, 1975656.109824340092018 ], [ 756091.65507244435139, 1975666.178747733356431 ] ], [ [ 756091.65507244435139, 1975666.178747733356431 ], [ 756091.5263888516929, 1975676.124439988983795 ], [ 756100.922226491500624, 1975686.19336973852478 ], [ 756110.318054426228628, 1975696.262305233161896 ], [ 756119.71387265692465, 1975706.331246471730992 ], [ 756129.23838646907825, 1975706.454498746898025 ], [ 756138.634190711774863, 1975716.523450860753655 ], [ 756148.029985249042511, 1975726.592408718541265 ] ], [ [ 756148.029985249042511, 1975726.592408718541265 ], [ 756147.901269113179296, 1975736.538104651728645 ], [ 756157.297048522392288, 1975746.607068867888302 ] ], [ [ 756157.297048522392288, 1975746.607068867888302 ], [ 756166.692818224662915, 1975756.676038828212768 ] ], [ [ 756166.692818224662915, 1975756.676038828212768 ], [ 756176.088578221388161, 1975766.745014531770721 ] ], [ [ 756176.088578221388161, 1975766.745014531770721 ], [ 756185.484328511171043, 1975776.813995981123298 ], [ 756194.880069097969681, 1975786.882983174873516 ] ], [ [ 756194.880069097969681, 1975786.882983174873516 ], [ 756204.275799977593124, 1975796.951976113021374 ] ], [ [ 756204.275799977593124, 1975796.951976113021374 ], [ 756213.671521151438355, 1975807.020974796265364 ] ], [ [ 756213.671521151438355, 1975807.020974796265364 ], [ 756223.067232619505376, 1975817.089979223208502 ] ], [ [ 756223.067232619505376, 1975817.089979223208502 ], [ 756232.462934382958338, 1975827.158989395946264 ] ], [ [ 756232.462934382958338, 1975827.158989395946264 ], [ 756241.858626439003274, 1975837.228005313780159 ] ], [ [ 756241.858626439003274, 1975837.228005313780159 ], [ 756251.383084592176601, 1975837.351324297953397 ], [ 756260.907543260720558, 1975837.474647876108065 ], [ 756270.30321704922244, 1975847.543679801980034 ], [ 756279.698881130199879, 1975857.612717473413795 ], [ 756289.094535503769293, 1975867.681760889710858 ], [ 756298.618981843348593, 1975867.805104456609115 ], [ 756308.01462223182898, 1975877.874158749822527 ], [ 756307.88581513625104, 1975887.819864957360551 ], [ 756307.757007412728854, 1975897.765571240335703 ], [ 756317.152627244009636, 1975907.834632505662739 ], [ 756326.548237368813716, 1975917.903699516318738 ], [ 756336.072661785408854, 1975918.027064149500802 ], [ 756345.468257923610508, 1975928.096142037538812 ], [ 756354.86384435382206, 1975938.165225672069937 ], [ 756364.259421077556908, 1975948.234315051231533 ], [ 756373.654988094582222, 1975958.303410175954923 ], [ 756373.526142396265641, 1975968.249120752792805 ], [ 756382.921694282675162, 1975978.318222236819565 ], [ 756392.317236459814012, 1975988.387329467339441 ], [ 756401.712768931407481, 1975998.456442443653941 ] ], [ [ 756401.712768931407481, 1975998.456442443653941 ], [ 756411.108291696058586, 1976008.525561165530235 ] ], [ [ 756411.108291696058586, 1976008.525561165530235 ], [ 756420.632677579764277, 1976008.648971989518031 ], [ 756430.157063977909274, 1976008.772387407254428 ], [ 756439.552568472456187, 1976018.841522139962763 ], [ 756448.948063259711489, 1976028.910662619164214 ], [ 756458.343548341537826, 1976038.979808843927458 ], [ 756467.739023714791983, 1976049.048960815416649 ], [ 756477.134489380870946, 1976059.118118533398956 ], [ 756486.529945339541882, 1976069.187281996943057 ], [ 756495.925391591037624, 1976079.256451207911596 ], [ 756505.320828135241754, 1976089.325626164674759 ], [ 756514.716254971805029, 1976099.394806867698207 ], [ 756524.111672101076692, 1976109.463993318146095 ], [ 756533.507079524104483, 1976119.533185515087098 ], [ 756542.902477238327265, 1976129.602383458055556 ], [ 756552.297865244792774, 1976139.671587148914114 ], [ 756561.693243543501012, 1976149.740796585334465 ], [ 756571.088612135848962, 1976159.810011768946424 ], [ 756580.483971019042656, 1976169.879232700448483 ], [ 756589.879320194479078, 1976179.948459377512336 ], [ 756599.403634319314733, 1976180.071966647403315 ], [ 756608.798969506518915, 1976190.141204206040129 ], [ 756618.194294984219596, 1976200.210447510704398 ], [ 756627.589610754046589, 1976210.279696562793106 ], [ 756636.984916815767065, 1976220.348951363004744 ], [ 756646.380213170545176, 1976230.418211909942329 ], [ 756655.904506404418498, 1976230.541749440366402 ], [ 756665.299788768170401, 1976240.611020867945626 ], [ 756674.824078236357309, 1976240.734568126499653 ], [ 756684.219346611294895, 1976250.803850435186177 ], [ 756693.614605276845396, 1976260.873138492228463 ], [ 756703.009854232543148, 1976270.942432295298204 ], [ 756712.405093481065705, 1976281.011731847422197 ], [ 756721.929366340045817, 1976281.135304234456271 ], [ 756731.324591598473489, 1976291.204614667454734 ], [ 756740.719807148328982, 1976301.273930848808959 ], [ 756750.115012989612296, 1976311.343252777820453 ], [ 756759.63927351962775, 1976311.466845160815865 ], [ 756769.163534564781003, 1976311.590442138724029 ], [ 756778.687796126236208, 1976311.714043710846454 ], [ 756788.212058203760535, 1976311.837649877881631 ], [ 756797.607237211079337, 1976321.906998089980334 ], [ 756797.478152993833646, 1976331.852735615568236 ], [ 756797.349068147595972, 1976341.798473215894774 ], [ 756806.744226589333266, 1976351.867828404530883 ], [ 756806.615135686704889, 1976361.813566694501787 ], [ 756816.010278993519023, 1976371.882928246399388 ], [ 756825.405412591295317, 1976381.952295544790104 ], [ 756834.929643665906042, 1976382.075928460806608 ], [ 756844.324763272888958, 1976392.145306642632931 ], [ 756853.719873170717619, 1976402.214690573746338 ], [ 756853.590755131677724, 1976412.160431935219094 ], [ 756862.985849892953411, 1976422.229822229361162 ], [ 756872.380934946238995, 1976432.299218271393329 ], [ 756881.905144610675052, 1976432.422876858152449 ], [ 756891.300215671770275, 1976442.492283783387393 ], [ 756900.695277023129165, 1976452.561696457676589 ], [ 756910.090328665450215, 1976462.631114881020039 ], [ 756919.485370598034933, 1976472.700539052952081 ] ], [ [ 756919.485370598034933, 1976472.700539052952081 ], [ 756929.009563651867211, 1976472.824222771683708 ], [ 756938.533757222234271, 1976472.947911085328087 ], [ 756948.057951310649514, 1976473.07160399411805 ], [ 756957.45297068846412, 1976483.141049319179729 ], [ 756966.977161010494456, 1976483.264751957263798 ], [ 756976.50135184917599, 1976483.388459190959111 ], [ 756985.896352955140173, 1976493.457920533139259 ], [ 756995.420540028950199, 1976493.581637496361509 ], [ 757004.815527142258361, 1976503.651109723839909 ], [ 757014.210504544433206, 1976513.72058769967407 ], [ 757023.605472239665687, 1976523.790071425028145 ], [ 757033.000430223532021, 1976533.859560900367796 ], [ 757042.395378497545607, 1976543.929056124994531 ], [ 757051.790317061590031, 1976553.998557100072503 ], [ 757061.18524591694586, 1976564.068063823971897 ], [ 757070.709403535351157, 1976564.191821325570345 ], [ 757080.104318397585303, 1976574.261338934069499 ], [ 757089.499223549617454, 1976584.330862292321399 ], [ 757099.023373122909106, 1976584.454634659457952 ], [ 757108.418264282983728, 1976594.524168903706595 ], [ 757117.813145731575787, 1976604.593708897009492 ], [ 757127.208017471013591, 1976614.663254640996456 ], [ 757136.732154716039076, 1976614.78704700875096 ], [ 757146.127012463402934, 1976624.856603637570515 ], [ 757155.651145942392759, 1976624.980405735317618 ], [ 757165.045989697682671, 1976635.049973250366747 ], [ 757174.440823743818328, 1976645.119546515168622 ], [ 757174.311527444398962, 1976655.065308025572449 ], [ 757183.706346349674277, 1976665.134887656196952 ], [ 757193.101155544398353, 1976675.2044730365742 ], [ 757202.625267614726909, 1976675.328300812281668 ], [ 757212.020062818191946, 1976685.39789707842283 ], [ 757221.544171123881824, 1976685.521734584821388 ], [ 757231.068279945407994, 1976685.645576686132699 ], [ 757240.592389285331592, 1976685.769423383055255 ], [ 757250.116499144001864, 1976685.893274675356224 ], [ 757259.511267508612946, 1976695.962897235294804 ], [ 757269.035373601363972, 1976696.086758258752525 ], [ 757278.559480211348273, 1976696.21062387758866 ], [ 757287.954230303061195, 1976706.280262459535152 ], [ 757297.348970682593063, 1976716.34990679146722 ], [ 757297.219607585924678, 1976726.295675849542022 ], [ 757306.61433282517828, 1976736.365326547762379 ], [ 757316.009048353298567, 1976746.434982997830957 ], [ 757325.403754170169123, 1976756.504645199980587 ], [ 757325.274374155094847, 1976766.450416177278385 ] ], [ [ 757325.274374155094847, 1976766.450416177278385 ], [ 757325.144993509631604, 1976776.396187230478972 ], [ 757334.539678756380454, 1976786.465856413822621 ], [ 757343.934354291763157, 1976796.535531347617507 ], [ 757353.329020115663297, 1976806.605212033726275 ], [ 757362.723676229594275, 1976816.674898470519111 ], [ 757372.247730424162, 1976816.798816528869793 ], [ 757381.771785136079416, 1976816.922739183995873 ] ], [ [ 757381.771785136079416, 1976816.922739183995873 ], [ 757391.295840365812182, 1976817.046666433336213 ], [ 757400.819896114058793, 1976817.170598279451951 ], [ 757410.34395237872377, 1976817.294534720946103 ], [ 757419.868009160854854, 1976817.41847575828433 ], [ 757429.262629871373065, 1976827.488198763225228 ], [ 757429.133192651672289, 1976837.433976211352274 ], [ 757429.003754801233299, 1976847.379753733286634 ] ], [ [ 757429.003754801233299, 1976847.379753733286634 ], [ 757438.398354940349236, 1976857.449483722448349 ] ], [ [ 757438.398354940349236, 1976857.449483722448349 ], [ 757447.79294536751695, 1976867.519219462526962 ], [ 757457.316980223520659, 1976867.64318158547394 ] ], [ [ 757457.316980223520659, 1976867.64318158547394 ], [ 757466.841015597106889, 1976867.767148304497823 ] ], [ [ 757466.841015597106889, 1976867.767148304497823 ], [ 757476.365051489556208, 1976867.891119619132951 ] ], [ [ 757476.365051489556208, 1976867.891119619132951 ], [ 757485.88908789830748, 1976868.015095529844984 ], [ 757495.413124824874103, 1976868.139076036633924 ], [ 757504.937162269139662, 1976868.263061138568446 ], [ 757514.461200232617557, 1976868.387050837045535 ], [ 757523.855750976130366, 1976878.456828284077346 ], [ 757533.379785174271092, 1976878.58082771487534 ], [ 757542.774321922799572, 1976888.650616051396355 ], [ 757542.644823326147161, 1976898.596400436479598 ], [ 757552.0393449353287, 1976908.666195140918717 ], [ 757561.433856830815785, 1976918.735995597438887 ], [ 757570.828359014238231, 1976928.805801807902753 ], [ 757580.222851485479623, 1976938.875613769283518 ], [ 757589.617334245936945, 1976948.945431483909488 ], [ 757599.14133847237099, 1976949.069466872140765 ], [ 757608.535807237494737, 1976959.139295476023108 ], [ 757618.059807700221427, 1976959.263340596808121 ], [ 757627.583808682160452, 1976959.387390313204378 ], [ 757636.978259171592072, 1976969.457234944216907 ], [ 757646.372699947329238, 1976979.527085328474641 ], [ 757646.243142876075581, 1976989.472876337589696 ], [ 757655.637568509671837, 1976999.542733090464026 ], [ 757665.031984432134777, 1977009.612595596350729 ], [ 757674.426390640437603, 1977019.682463854784146 ] ], [ [ 757674.426390640437603, 1977019.682463854784146 ], [ 757683.820787136210129, 1977029.752337867161259 ] ], [ [ 757683.820787136210129, 1977029.752337867161259 ], [ 757693.344758145045489, 1977029.876423543551937 ], [ 757702.868729673326015, 1977030.000513816252351 ], [ 757712.392701718490571, 1977030.124608685029671 ], [ 757721.916674281819724, 1977030.248708150582388 ], [ 757731.440647363080643, 1977030.372812211280689 ], [ 757740.964620964135975, 1977030.496920869220048 ], [ 757750.488595080445521, 1977030.621034122537822 ], [ 757760.012569716316648, 1977030.745151972398162 ], [ 757769.406922246096656, 1977040.815072836354375 ], [ 757769.277298990287818, 1977050.760871328879148 ] ], [ [ 743662.724823037162423, 1957605.705419963691384 ], [ 743672.257279769517481, 1957605.821635587140918 ], [ 743681.789736995007843, 1957605.937855766387656 ], [ 743681.910987273324281, 1957595.99299661652185 ], [ 743691.443449741927907, 1957596.109220837242901 ], [ 743691.564704175689258, 1957586.164361250586808 ], [ 743691.685958012705669, 1957576.219501739600673 ], [ 743691.807211252627894, 1957566.274642304284498 ], [ 743691.92846389580518, 1957556.329782945569605 ], [ 743701.460945866187103, 1957556.446009668521583 ], [ 743701.582202664809301, 1957546.501149873482063 ], [ 743711.114689879585057, 1957546.617380638141185 ], [ 743711.235950833535753, 1957536.672520404681563 ], [ 743720.768443292705342, 1957536.788755211280659 ], [ 743720.889708401984535, 1957526.843894541496411 ], [ 743730.422206105664372, 1957526.96013339003548 ], [ 743730.543475370272063, 1957517.015272282995284 ], [ 743740.075978318229318, 1957517.131515173707157 ], [ 743749.608481758506969, 1957517.247762619517744 ], [ 743749.729759930633008, 1957507.302900560433045 ], [ 743759.26226861635223, 1957507.419152047717944 ], [ 743768.794777793227695, 1957507.535408090800047 ], [ 743768.916064872872084, 1957497.590545081300661 ], [ 743778.448579294024967, 1957497.706805165624246 ], [ 743778.569870528765023, 1957487.761941719334573 ], [ 743788.102390194428153, 1957487.87820584513247 ], [ 743788.223685584263876, 1957477.933341960888356 ], [ 743797.756210495601408, 1957478.049610128626227 ], [ 743797.877510040532798, 1957468.104745807126164 ], [ 743807.410040195100009, 1957468.221018016571179 ], [ 743816.942570841754787, 1957468.337294781114906 ], [ 743817.063879293738864, 1957458.392429508501664 ], [ 743826.596415183739737, 1957458.508710314519703 ], [ 743836.128951568622142, 1957458.624995675869286 ], [ 743845.661488444544375, 1957458.741285592317581 ], [ 743855.194025812787004, 1957458.857580063864589 ], [ 743864.605231460765935, 1957468.918746930779889 ], [ 743864.483898650621995, 1957478.863614848116413 ], [ 743864.362565243267454, 1957488.808482841355726 ], [ 743864.241231238469481, 1957498.753350910497829 ], [ 743864.119896636344492, 1957508.698219055542722 ], [ 743854.587382536730729, 1957508.581917460542172 ], [ 743854.466052089584991, 1957518.526785169029608 ], [ 743844.933543234597892, 1957518.410487615503371 ], [ 743844.812216942547821, 1957528.355354885337874 ], [ 743835.279713332187384, 1957528.239061373751611 ], [ 743835.158391195116565, 1957538.183928205864504 ], [ 743825.625892828102224, 1957538.067638735519722 ], [ 743816.093394956085831, 1957537.951353821204975 ], [ 743815.972081726416945, 1957547.896219702204689 ], [ 743806.439589097630233, 1957547.779938829829916 ], [ 743806.318280023173429, 1957557.724804272642359 ], [ 743796.785792639129795, 1957557.608527441509068 ], [ 743796.664487719768658, 1957567.553392447764054 ], [ 743787.132005578954704, 1957567.437119658105075 ], [ 743787.010704814922065, 1957577.381984227569774 ], [ 743777.478227920131758, 1957577.265715479850769 ], [ 743777.3569313113112, 1957587.210579611361027 ], [ 743767.824459661263973, 1957587.094314905116335 ], [ 743758.29198850330431, 1957586.978054754668847 ], [ 743758.170700802234933, 1957596.922917935531586 ], [ 743748.63823488750495, 1957596.806661826558411 ], [ 743748.516951341996901, 1957606.751524569699541 ], [ 743738.984490673290566, 1957606.635272503132001 ], [ 743738.863211283227429, 1957616.58013480855152 ], [ 743729.330755859147757, 1957616.463886784156784 ], [ 743719.798300927155651, 1957616.347643315093592 ], [ 743710.265846487367526, 1957616.23140440066345 ], [ 743700.733392539434135, 1957616.115170042263344 ], [ 743700.61213156231679, 1957626.06003037141636 ], [ 743691.079682859126478, 1957625.943800054956228 ], [ 743690.958426037686877, 1957635.888659946154803 ], [ 743690.837168619269505, 1957645.833519913488999 ], [ 743681.30472991312854, 1957645.717293126275763 ], [ 743681.183476650505327, 1957655.66215265635401 ], [ 743671.651043187594041, 1957655.545929910847917 ], [ 743662.118610217934474, 1957655.429711720440537 ] ], [ [ 743672.785776164615527, 1956780.282454679720104 ], [ 743682.197430689586326, 1956790.343480095500126 ], [ 743691.609075609943829, 1956800.404511167667806 ], [ 743701.020710923010483, 1956810.465547896921635 ], [ 743710.432336630066857, 1956820.52659028256312 ], [ 743719.843952730996534, 1956830.587638324126601 ], [ 743729.255559225799516, 1956840.648692023940384 ], [ 743738.667156114592217, 1956850.709751379908994 ] ], [ [ 743738.667156114592217, 1956850.709751379908994 ], [ 743748.078743397025391, 1956860.770816392498091 ], [ 743747.957508784369566, 1956870.71567299310118 ], [ 743747.836273574735969, 1956880.660529669141397 ] ], [ [ 743747.836273574735969, 1956880.660529669141397 ], [ 743747.715037768124603, 1956890.605386420851573 ] ], [ [ 743747.715037768124603, 1956890.605386420851573 ], [ 743757.126599400769919, 1956900.666458860039711 ], [ 743757.005357649177313, 1956910.611316277645528 ], [ 743756.884115300374106, 1956920.556173771386966 ], [ 743756.762872354593128, 1956930.501031341264024 ], [ 743756.64162881183438, 1956940.445888987742364 ], [ 743756.520384671865031, 1956950.390746709657833 ], [ 743746.987610389944166, 1956950.274528531357646 ] ], [ [ 743746.987610389944166, 1956950.274528531357646 ], [ 743746.86637040390633, 1956960.219385815784335 ] ], [ [ 743746.86637040390633, 1956960.219385815784335 ], [ 743737.33360136509873, 1956960.103171678492799 ] ], [ [ 743737.33360136509873, 1956960.103171678492799 ], [ 743737.212365532992408, 1956970.04802852589637 ] ], [ [ 743737.212365532992408, 1956970.04802852589637 ], [ 743727.679601737414487, 1956969.931818428914994 ] ], [ [ 743727.679601737414487, 1956969.931818428914994 ], [ 743727.558370059356093, 1956979.876674838364124 ], [ 743718.025611506775022, 1956979.760468781925738 ], [ 743708.49285344639793, 1956979.644267279887572 ], [ 743698.96009587822482, 1956979.528070332249627 ], [ 743689.42733880225569, 1956979.41187793854624 ], [ 743679.894582216977142, 1956979.295690098777413 ], [ 743670.361826125066727, 1956979.179506813874468 ] ], [ [ 743660.29988223570399, 1957804.602598409634084 ], [ 743669.710985853802413, 1957814.663684532977641 ] ], [ [ 743669.710985853802413, 1957814.663684532977641 ], [ 743679.24334327224642, 1957814.779915490886196 ] ], [ [ 743679.24334327224642, 1957814.779915490886196 ], [ 743688.654433018760756, 1957824.841012341435999 ] ], [ [ 743688.654433018760756, 1957824.841012341435999 ], [ 743698.065513154258952, 1957834.902114851167426 ] ], [ [ 743698.065513154258952, 1957834.902114851167426 ], [ 743707.476583678741008, 1957844.963223018916324 ] ], [ [ 743707.476583678741008, 1957844.963223018916324 ], [ 743716.887644592439756, 1957855.024336845148355 ] ], [ [ 743716.887644592439756, 1957855.024336845148355 ], [ 743726.298695894889534, 1957865.08545633056201 ] ], [ [ 743726.298695894889534, 1957865.08545633056201 ], [ 743735.709737586439587, 1957875.146581475157291 ] ], [ [ 743735.709737586439587, 1957875.146581475157291 ], [ 743745.120769666624255, 1957885.207712277304381 ] ], [ [ 743745.120769666624255, 1957885.207712277304381 ], [ 743754.531792137073353, 1957895.268848739564419 ] ], [ [ 743754.531792137073353, 1957895.268848739564419 ], [ 743763.942804994876496, 1957905.329990860307589 ] ], [ [ 743763.942804994876496, 1957905.329990860307589 ], [ 743773.475124554825015, 1957905.446271997643635 ] ], [ [ 743773.475124554825015, 1957905.446271997643635 ], [ 743783.0074446068611, 1957905.562557690544054 ] ], [ [ 743783.0074446068611, 1957905.562557690544054 ], [ 743792.539765152614564, 1957905.678847939707339 ] ], [ [ 743792.539765152614564, 1957905.678847939707339 ], [ 743802.072086189058609, 1957905.795142745133489 ] ], [ [ 743802.072086189058609, 1957905.795142745133489 ], [ 743802.193416164955124, 1957895.850274638039991 ] ], [ [ 743802.193416164955124, 1957895.850274638039991 ], [ 743811.725742446957156, 1957895.966573485406116 ] ], [ [ 743811.725742446957156, 1957895.966573485406116 ], [ 743811.847076578764245, 1957886.021704941056669 ] ], [ [ 743811.847076578764245, 1957886.021704941056669 ], [ 743821.379408104694448, 1957886.13800783129409 ] ], [ [ 743821.379408104694448, 1957886.13800783129409 ], [ 743821.500746392528526, 1957876.193138849688694 ] ], [ [ 743821.500746392528526, 1957876.193138849688694 ], [ 743821.622084083035588, 1957866.248269943520427 ] ], [ [ 743821.622084083035588, 1957866.248269943520427 ], [ 743831.154425610322505, 1957866.364576362073421 ] ], [ [ 743831.275767456856556, 1957856.419707018416375 ], [ 743831.397108706063591, 1957846.474837752059102 ] ], [ [ 743831.397108706063591, 1957846.474837752059102 ], [ 743840.929460230399854, 1957846.591147699626163 ] ], [ [ 743840.929460230399854, 1957846.591147699626163 ], [ 743841.050805635284632, 1957836.646277995081618 ] ], [ [ 743841.050805635284632, 1957836.646277995081618 ], [ 743841.17215044319164, 1957826.701408366207033 ] ], [ [ 743841.17215044319164, 1957826.701408366207033 ], [ 743841.293494653655216, 1957816.756538813700899 ] ], [ [ 743841.293494653655216, 1957816.756538813700899 ], [ 743850.825860929326154, 1957816.872851776191965 ] ], [ [ 743850.825860929326154, 1957816.872851776191965 ], [ 743850.947209295583889, 1957806.927981786197051 ] ], [ [ 743850.947209295583889, 1957806.927981786197051 ], [ 743860.479580816579983, 1957807.044298791093752 ] ], [ [ 743860.479580816579983, 1957807.044298791093752 ], [ 743870.011952831293456, 1957807.160620351554826 ] ], [ [ 743870.011952831293456, 1957807.160620351554826 ], [ 743879.544325336813927, 1957807.276946468278766 ] ], [ [ 743879.544325336813927, 1957807.276946468278766 ], [ 743879.665687364758924, 1957797.332075013546273 ] ], [ [ 743879.665687364758924, 1957797.332075013546273 ], [ 743889.198065115720965, 1957797.448405171977356 ] ], [ [ 743889.198065115720965, 1957797.448405171977356 ], [ 743889.319431299110875, 1957787.503533278824762 ] ], [ [ 743889.319431299110875, 1957787.503533278824762 ], [ 743889.440796884940937, 1957777.558661462273449 ] ], [ [ 743908.748321268940344, 1957757.901587932137772 ], [ 743918.280719508766197, 1957758.017929703230038 ] ], [ [ 743918.280719508766197, 1957758.017929703230038 ], [ 743918.402097561163828, 1957748.073056573746726 ] ], [ [ 743918.402097561163828, 1957748.073056573746726 ], [ 743927.934501045034267, 1957748.189402386778966 ] ], [ [ 743927.934501045034267, 1957748.189402386778966 ], [ 743928.055883252760395, 1957738.244528819341213 ] ], [ [ 743937.588291983352974, 1957738.360878674313426 ], [ 743947.120701207895763, 1957738.477233084850013 ] ], [ [ 743947.120701207895763, 1957738.477233084850013 ], [ 743956.65311092371121, 1957738.593592051183805 ] ], [ [ 743956.65311092371121, 1957738.593592051183805 ], [ 743956.774506792193279, 1957728.648717018309981 ] ], [ [ 743956.774506792193279, 1957728.648717018309981 ], [ 743966.306921753333881, 1957728.765080026816577 ] ], [ [ 743966.306921753333881, 1957728.765080026816577 ], [ 743966.428321777144447, 1957718.820204555988312 ] ], [ [ 743966.428321777144447, 1957718.820204555988312 ], [ 743966.549721203511581, 1957708.875329161528498 ] ], [ [ 743966.549721203511581, 1957708.875329161528498 ], [ 743976.082146162749268, 1957708.991695697652176 ] ], [ [ 743976.082146162749268, 1957708.991695697652176 ], [ 743976.203549744095653, 1957699.046819865470752 ] ], [ [ 743995.511235028039664, 1957679.389812083682045 ], [ 744005.043675723252818, 1957679.506190745159984 ] ], [ [ 744005.043675723252818, 1957679.506190745159984 ], [ 744005.165091770002618, 1957669.561313598882407 ] ], [ [ 744072.620907039847225, 1957610.706805315800011 ], [ 744072.742352170404047, 1957600.76192510407418 ] ], [ [ 744072.742352170404047, 1957600.76192510407418 ], [ 744082.274834828218445, 1957600.878336096880957 ] ], [ [ 744082.274834828218445, 1957600.878336096880957 ], [ 744082.396284113405272, 1957590.933455446502194 ] ], [ [ 744082.396284113405272, 1957590.933455446502194 ], [ 744091.928772016661242, 1957591.049870481016114 ] ], [ [ 744091.928772016661242, 1957591.049870481016114 ], [ 744101.461260413867421, 1957591.166290070163086 ] ], [ [ 744101.461260413867421, 1957591.166290070163086 ], [ 744101.582718606339768, 1957581.221408467972651 ] ], [ [ 744101.582718606339768, 1957581.221408467972651 ], [ 744111.115212247590534, 1957581.337832098361105 ] ], [ [ 744111.115212247590534, 1957581.337832098361105 ], [ 744120.647706381743774, 1957581.454260284546763 ] ], [ [ 744120.647706381743774, 1957581.454260284546763 ], [ 744130.180201008915901, 1957581.570693025831133 ] ], [ [ 744130.180201008915901, 1957581.570693025831133 ], [ 744139.712696128990501, 1957581.687130322679877 ] ], [ [ 744139.712696128990501, 1957581.687130322679877 ], [ 744149.245191741967574, 1957581.803572175092995 ] ], [ [ 744149.245191741967574, 1957581.803572175092995 ], [ 744158.777687847963534, 1957581.920018582604825 ] ], [ [ 744158.777687847963534, 1957581.920018582604825 ], [ 744168.310184446861967, 1957582.03646954568103 ] ], [ [ 744168.310184446861967, 1957582.03646954568103 ], [ 744177.842681540176272, 1957582.152925063855946 ] ], [ [ 744177.842681540176272, 1957582.152925063855946 ], [ 744187.253678160370328, 1957592.214271368226036 ] ], [ [ 744187.253678160370328, 1957592.214271368226036 ], [ 744187.132176597602665, 1957602.159157675458118 ] ], [ [ 744187.132176597602665, 1957602.159157675458118 ], [ 744187.01067443669308, 1957612.104044057894498 ] ], [ [ 744186.889171677641571, 1957622.048930516699329 ], [ 744196.300142635824159, 1957632.110284252325073 ] ], [ [ 744196.300142635824159, 1957632.110284252325073 ], [ 744205.711103983572684, 1957642.171643648529425 ] ], [ [ 744205.711103983572684, 1957642.171643648529425 ], [ 744215.122055722400546, 1957652.233008704846725 ] ], [ [ 744215.122055722400546, 1957652.233008704846725 ], [ 744224.532997849513777, 1957662.294379422208294 ] ], [ [ 744224.532997849513777, 1957662.294379422208294 ], [ 744224.411473089130595, 1957672.239268318982795 ] ], [ [ 744224.411473089130595, 1957672.239268318982795 ], [ 744233.822400254895911, 1957682.300645286915824 ] ], [ [ 744233.822400254895911, 1957682.300645286915824 ], [ 744243.233317808597349, 1957692.362027915194631 ] ], [ [ 744243.233317808597349, 1957692.362027915194631 ], [ 744252.644225754542276, 1957702.423416205216199 ] ], [ [ 744252.644225754542276, 1957702.423416205216199 ], [ 744262.055124088423327, 1957712.484810154419392 ] ], [ [ 744262.055124088423327, 1957712.484810154419392 ], [ 744271.466012811521068, 1957722.546209765598178 ] ], [ [ 744271.466012811521068, 1957722.546209765598178 ], [ 744280.876891923951916, 1957732.607615036889911 ] ], [ [ 744280.876891923951916, 1957732.607615036889911 ], [ 744290.287761426880024, 1957742.669025968527421 ] ], [ [ 744290.287761426880024, 1957742.669025968527421 ], [ 744299.698621317511424, 1957752.730442561907694 ] ], [ [ 744299.698621317511424, 1957752.730442561907694 ], [ 744309.231044517597184, 1957752.846970604499802 ] ], [ [ 744309.231044517597184, 1957752.846970604499802 ], [ 744318.641890537692234, 1957762.908397929510102 ] ], [ [ 744318.641890537692234, 1957762.908397929510102 ], [ 744328.052726948051713, 1957772.969830914633349 ] ], [ [ 744328.052726948051713, 1957772.969830914633349 ], [ 744337.463553746114485, 1957783.031269561499357 ] ], [ [ 744337.463553746114485, 1957783.031269561499357 ], [ 744346.874370931647718, 1957793.092713869409636 ] ], [ [ 744346.874370931647718, 1957793.092713869409636 ], [ 744356.406777586438693, 1957793.209266749210656 ] ], [ [ 744356.406777586438693, 1957793.209266749210656 ], [ 744365.939184735994786, 1957793.325824185507372 ] ], [ [ 744365.939184735994786, 1957793.325824185507372 ], [ 744375.471592377638444, 1957793.442386177135631 ] ], [ [ 744375.471592377638444, 1957793.442386177135631 ], [ 744385.004000512650236, 1957793.558952725026757 ] ], [ [ 744385.004000512650236, 1957793.558952725026757 ], [ 744394.536409140913747, 1957793.675523828715086 ] ], [ [ 744394.536409140913747, 1957793.675523828715086 ], [ 744394.658026633318514, 1957783.730624756775796 ] ], [ [ 744394.658026633318514, 1957783.730624756775796 ], [ 744404.190440509468317, 1957783.847199901239946 ] ], [ [ 744404.190440509468317, 1957783.847199901239946 ], [ 744413.722854877705686, 1957783.963779601966962 ] ], [ [ 744413.722854877705686, 1957783.963779601966962 ], [ 744413.844481277512386, 1957774.018879576353356 ] ], [ [ 744413.844481277512386, 1957774.018879576353356 ], [ 744423.376900892239064, 1957774.135463317856193 ] ], [ [ 744423.376900892239064, 1957774.135463317856193 ], [ 744432.909321000333875, 1957774.252051615156233 ] ], [ [ 744432.909321000333875, 1957774.252051615156233 ], [ 744433.03095630730968, 1957764.307150635868311 ] ], [ [ 744433.03095630730968, 1957764.307150635868311 ], [ 744442.563381663407199, 1957764.423742973944172 ] ], [ [ 744442.563381663407199, 1957764.423742973944172 ], [ 744442.685021124547347, 1957754.478841556003317 ] ], [ [ 744442.685021124547347, 1957754.478841556003317 ], [ 744452.217451724340208, 1957754.59543793532066 ] ], [ [ 744452.217451724340208, 1957754.59543793532066 ], [ 744461.749882819014601, 1957754.712038870202377 ] ], [ [ 744461.749882819014601, 1957754.712038870202377 ], [ 744471.282314407173544, 1957754.828644361114129 ] ], [ [ 744471.282314407173544, 1957754.828644361114129 ], [ 744480.814746490330435, 1957754.945254407124594 ] ], [ [ 744480.814746490330435, 1957754.945254407124594 ], [ 744490.347179065807723, 1957755.061869009397924 ] ], [ [ 744490.347179065807723, 1957755.061869009397924 ], [ 744499.879612134769559, 1957755.17848816816695 ] ], [ [ 744499.879612134769559, 1957755.17848816816695 ], [ 744509.41204569756519, 1957755.295111881336197 ] ], [ [ 744509.41204569756519, 1957755.295111881336197 ], [ 744518.944479755242355, 1957755.411740151233971 ] ], [ [ 744518.944479755242355, 1957755.411740151233971 ], [ 744528.476914305356331, 1957755.528372976928949 ] ], [ [ 744528.476914305356331, 1957755.528372976928949 ], [ 744538.009349349187687, 1957755.645010358188301 ] ], [ [ 744538.009349349187687, 1957755.645010358188301 ], [ 744547.541784886736423, 1957755.761652294779196 ] ], [ [ 744547.541784886736423, 1957755.761652294779196 ], [ 744557.074220917886123, 1957755.878298787865788 ] ], [ [ 744557.074220917886123, 1957755.878298787865788 ], [ 744566.606657442869619, 1957755.994949836749583 ] ], [ [ 744566.606657442869619, 1957755.994949836749583 ], [ 744576.139094461686909, 1957756.111605441197753 ] ], [ [ 744576.139094461686909, 1957756.111605441197753 ], [ 744585.67153197422158, 1957756.228265601675957 ] ], [ [ 744585.67153197422158, 1957756.228265601675957 ], [ 744595.203969981987029, 1957756.344930317485705 ] ], [ [ 744595.203969981987029, 1957756.344930317485705 ], [ 744604.736408482305706, 1957756.461599589325488 ] ], [ [ 744604.736408482305706, 1957756.461599589325488 ], [ 744614.268847476458177, 1957756.578273416962475 ] ], [ [ 744614.268847476458177, 1957756.578273416962475 ], [ 744623.801286964444444, 1957756.694951800629497 ] ], [ [ 744623.801286964444444, 1957756.694951800629497 ], [ 744633.211992427706718, 1957766.756546460092068 ] ], [ [ 744633.211992427706718, 1957766.756546460092068 ], [ 744633.090257308329456, 1957776.701458255760372 ] ], [ [ 744633.090257308329456, 1957776.701458255760372 ], [ 744632.968521590111777, 1957786.646370128029957 ] ], [ [ 744630.777176192728803, 1957965.654796816874295 ], [ 744640.187764994800091, 1957975.716408963315189 ] ], [ [ 744640.187764994800091, 1957975.716408963315189 ], [ 744649.598344184574671, 1957985.778026774059981 ] ], [ [ 744649.598344184574671, 1957985.778026774059981 ], [ 744649.476586375734769, 1957995.722941272426397 ] ], [ [ 744648.867788342526183, 1958045.447514903731644 ], [ 744639.335485217859969, 1958045.330807909136638 ] ], [ [ 744639.335485217859969, 1958045.330807909136638 ], [ 744639.213728567003272, 1958055.275722347898409 ] ], [ [ 744639.213728567003272, 1958055.275722347898409 ], [ 744629.68143068999052, 1958055.159019394312054 ] ], [ [ 744629.68143068999052, 1958055.159019394312054 ], [ 744620.149133305530995, 1958055.042320997221395 ] ], [ [ 744620.149133305530995, 1958055.042320997221395 ], [ 744610.616836416069418, 1958054.925627156160772 ] ], [ [ 744610.616836416069418, 1958054.925627156160772 ], [ 744601.084540020674467, 1958054.808937871828675 ] ], [ [ 744601.084540020674467, 1958054.808937871828675 ], [ 744591.552244118996896, 1958054.692253143759444 ] ], [ [ 744582.141676838742569, 1958044.630661624250934 ], [ 744572.731099947472103, 1958034.569075767416507 ] ], [ [ 744572.731099947472103, 1958034.569075767416507 ], [ 744572.852822124725208, 1958024.624165087472647 ] ], [ [ 744572.852822124725208, 1958024.624165087472647 ], [ 744572.974543702905066, 1958014.679254482733086 ] ], [ [ 744572.974543702905066, 1958014.679254482733086 ], [ 744573.096264682011679, 1958004.734343953663483 ] ], [ [ 744573.339704843005165, 1957984.844523125095293 ], [ 744563.929091576253995, 1957974.782945886719972 ] ], [ [ 744563.929091576253995, 1957974.782945886719972 ], [ 744564.050805405713618, 1957964.838036177447066 ] ], [ [ 744554.640177174471319, 1957954.776465192204341 ], [ 744554.761885052197613, 1957944.831556150689721 ] ], [ [ 744554.761885052197613, 1957944.831556150689721 ], [ 744554.883592331199907, 1957934.886647184379399 ] ], [ [ 744554.883592331199907, 1957934.886647184379399 ], [ 744555.005299011012539, 1957924.941738293971866 ] ], [ [ 744555.005299011012539, 1957924.941738293971866 ], [ 744545.594645110424608, 1957914.8801747453399 ] ], [ [ 744545.716345838969573, 1957904.935266521759331 ], [ 744545.838045968441293, 1957894.990358374780044 ] ], [ [ 744545.838045968441293, 1957894.990358374780044 ], [ 744536.427371751517057, 1957884.92880167090334 ] ], [ [ 744536.427371751517057, 1957884.92880167090334 ], [ 744526.894998497795314, 1957884.812157593667507 ] ], [ [ 744526.894998497795314, 1957884.812157593667507 ], [ 744517.36262573779095, 1957884.695518072461709 ] ], [ [ 744517.36262573779095, 1957884.695518072461709 ], [ 744507.830253469990566, 1957884.578883107285947 ] ], [ [ 744507.830253469990566, 1957884.578883107285947 ], [ 744498.297881697304547, 1957884.462252698140219 ] ], [ [ 744498.297881697304547, 1957884.462252698140219 ], [ 744498.176205932977609, 1957894.407158193644136 ] ], [ [ 744498.176205932977609, 1957894.407158193644136 ], [ 744488.643839407130145, 1957894.29053182573989 ] ], [ [ 744488.643839407130145, 1957894.29053182573989 ], [ 744488.522167797200382, 1957904.235436882590875 ] ], [ [ 744421.674010271788575, 1957913.364077800652012 ], [ 744412.141657200874761, 1957913.247486851643771 ] ], [ [ 744412.141657200874761, 1957913.247486851643771 ], [ 744412.020022419514135, 1957923.19238794175908 ] ], [ [ 744412.020022419514135, 1957923.19238794175908 ], [ 744402.48767459532246, 1957923.07580103375949 ] ], [ [ 744402.48767459532246, 1957923.07580103375949 ], [ 744402.36604396882467, 1957933.020701684523374 ] ], [ [ 744402.36604396882467, 1957933.020701684523374 ], [ 744402.244412743370049, 1957942.96560241212137 ] ], [ [ 744402.244412743370049, 1957942.96560241212137 ], [ 744402.122780919540673, 1957952.910503214458004 ] ], [ [ 744402.122780919540673, 1957952.910503214458004 ], [ 744392.590447847498581, 1957952.793919318821281 ] ], [ [ 744392.590447847498581, 1957952.793919318821281 ], [ 744392.468820178182796, 1957962.738819683669135 ] ], [ [ 744392.468820178182796, 1957962.738819683669135 ], [ 744382.936492354259826, 1957962.622239829041064 ] ], [ [ 744382.936492354259826, 1957962.622239829041064 ], [ 744373.404165023588575, 1957962.505664530675858 ] ], [ [ 744373.404165023588575, 1957962.505664530675858 ], [ 744363.871838186518289, 1957962.389093788806349 ] ], [ [ 744363.871838186518289, 1957962.389093788806349 ], [ 744354.339511841302738, 1957962.272527602501214 ] ], [ [ 744354.339511841302738, 1957962.272527602501214 ], [ 744344.807185990619473, 1957962.155965972924605 ] ], [ [ 744344.807185990619473, 1957962.155965972924605 ], [ 744344.685581489931792, 1957972.10086383880116 ] ], [ [ 744344.685581489931792, 1957972.10086383880116 ], [ 744335.153260887367651, 1957971.984306250233203 ] ], [ [ 744335.153260887367651, 1957971.984306250233203 ], [ 744335.031660541542806, 1957981.92920367908664 ] ], [ [ 744335.031660541542806, 1957981.92920367908664 ], [ 744334.910059597110376, 1957991.874101183610037 ] ], [ [ 744334.910059597110376, 1957991.874101183610037 ], [ 744325.377748993574642, 1957991.757547122659162 ] ], [ [ 744325.377748993574642, 1957991.757547122659162 ], [ 744325.256152204237878, 1958001.702444187365472 ] ], [ [ 744325.256152204237878, 1958001.702444187365472 ], [ 744315.7238468460273, 1958001.58589416812174 ] ], [ [ 744315.7238468460273, 1958001.58589416812174 ], [ 744306.191541982232593, 1958001.469348704442382 ] ], [ [ 744306.191541982232593, 1958001.469348704442382 ], [ 744296.659237611922435, 1958001.352807796793059 ] ], [ [ 744296.659237611922435, 1958001.352807796793059 ], [ 744287.126933734631166, 1958001.236271446570754 ] ], [ [ 744287.126933734631166, 1958001.236271446570754 ], [ 744277.594630349194631, 1958001.119739651679993 ] ], [ [ 744277.594630349194631, 1958001.119739651679993 ], [ 744277.473056728835218, 1958011.064634221140295 ] ], [ [ 744277.473056728835218, 1958011.064634221140295 ], [ 744267.940758591517806, 1958010.948106468189508 ] ], [ [ 744267.940758591517806, 1958010.948106468189508 ], [ 744267.819189126370475, 1958020.893000598531216 ] ], [ [ 744267.819189126370475, 1958020.893000598531216 ], [ 744267.697619062848389, 1958030.837894804542884 ] ], [ [ 744267.576048400951549, 1958040.782789086923003 ], [ 744258.043765017297119, 1958040.666264346567914 ] ], [ [ 744258.043765017297119, 1958040.666264346567914 ], [ 744257.922198510728776, 1958050.611158191226423 ] ], [ [ 744257.922198510728776, 1958050.611158191226423 ], [ 744248.389920373912901, 1958050.494637493276969 ] ], [ [ 744248.389920373912901, 1958050.494637493276969 ], [ 744238.857642728718929, 1958050.378121351124719 ] ], [ [ 744238.857642728718929, 1958050.378121351124719 ], [ 744229.325365579454228, 1958050.261609765933827 ] ], [ [ 744229.325365579454228, 1958050.261609765933827 ], [ 744219.793088921695016, 1958050.1451027370058 ] ], [ [ 744219.793088921695016, 1958050.1451027370058 ], [ 744219.67154083121568, 1958060.089994598645717 ] ], [ [ 744219.67154083121568, 1958060.089994598645717 ], [ 744210.139269420295022, 1958059.973491611657664 ] ], [ [ 744210.139269420295022, 1958059.973491611657664 ], [ 744200.606998500879854, 1958059.856993180932477 ] ], [ [ 744200.606998500879854, 1958059.856993180932477 ], [ 744191.074728075880557, 1958059.740499306702986 ] ], [ [ 744191.074728075880557, 1958059.740499306702986 ], [ 744181.542458144016564, 1958059.624009988503531 ] ], [ [ 744181.542458144016564, 1958059.624009988503531 ], [ 744172.010188704938628, 1958059.507525226799771 ] ], [ [ 744172.010188704938628, 1958059.507525226799771 ], [ 744171.888663784367964, 1958069.452414594125003 ] ], [ [ 744171.888663784367964, 1958069.452414594125003 ], [ 744162.356399590615183, 1958069.335933874594048 ] ], [ [ 744162.356399590615183, 1958069.335933874594048 ], [ 744162.234878825605847, 1958079.280822803499177 ] ], [ [ 744162.234878825605847, 1958079.280822803499177 ], [ 744152.702619879739359, 1958079.164346125675365 ] ], [ [ 744152.702619879739359, 1958079.164346125675365 ], [ 744152.581103270291351, 1958089.109234615927562 ] ], [ [ 744152.581103270291351, 1958089.109234615927562 ], [ 744143.048849571030587, 1958088.992761980276555 ] ], [ [ 744143.048849571030587, 1958088.992761980276555 ], [ 744133.51659636455588, 1958088.876293901819736 ] ], [ [ 744133.51659636455588, 1958088.876293901819736 ], [ 744123.984343651100062, 1958088.75983037892729 ] ], [ [ 744123.984343651100062, 1958088.75983037892729 ], [ 744114.452091430430301, 1958088.643371413694695 ] ], [ [ 744114.452091430430301, 1958088.643371413694695 ], [ 744104.919839702546597, 1958088.526917004026473 ] ], [ [ 744104.919839702546597, 1958088.526917004026473 ], [ 744095.38758846744895, 1958088.410467150621116 ] ], [ [ 744095.38758846744895, 1958088.410467150621116 ], [ 744085.855337723973207, 1958088.294021853944287 ] ], [ [ 744085.855337723973207, 1958088.294021853944287 ], [ 744076.323087474447675, 1958088.177581113995984 ] ], [ [ 744076.323087474447675, 1958088.177581113995984 ], [ 744076.201608296483755, 1958098.122465567197651 ] ], [ [ 744076.201608296483755, 1958098.122465567197651 ], [ 744066.669363293447532, 1958098.006028869422153 ] ], [ [ 744066.669363293447532, 1958098.006028869422153 ], [ 744066.54788827104494, 1958107.950912883970886 ] ], [ [ 744066.54788827104494, 1958107.950912883970886 ], [ 744066.426412650966085, 1958117.895796975120902 ] ], [ [ 744066.426412650966085, 1958117.895796975120902 ], [ 744075.837167175021023, 1958127.95711938245222 ] ], [ [ 744075.837167175021023, 1958127.95711938245222 ], [ 744085.247912086430006, 1958138.018447449896485 ] ], [ [ 744085.247912086430006, 1958138.018447449896485 ], [ 744094.658647386473604, 1958148.07978117861785 ] ], [ [ 744094.658647386473604, 1958148.07978117861785 ], [ 744104.069373072590679, 1958158.141120568616316 ] ], [ [ 744104.069373072590679, 1958158.141120568616316 ], [ 744113.480089145712554, 1958168.202465618262067 ] ], [ [ 744113.480089145712554, 1958168.202465618262067 ], [ 744122.890795606188476, 1958178.263816329650581 ] ], [ [ 744122.890795606188476, 1958178.263816329650581 ], [ 744132.301492453785613, 1958188.325172702781856 ] ], [ [ 744132.301492453785613, 1958188.325172702781856 ], [ 744141.712179688503966, 1958198.38653473672457 ] ], [ [ 744141.712179688503966, 1958198.38653473672457 ], [ 744151.122857309994288, 1958208.447902431245893 ] ], [ [ 744151.122857309994288, 1958208.447902431245893 ], [ 744160.655054456437938, 1958208.564385793404654 ] ], [ [ 744160.655054456437938, 1958208.564385793404654 ], [ 744170.06571820541285, 1958218.625764219788834 ] ], [ [ 744170.06571820541285, 1958218.625764219788834 ], [ 744179.597911583841778, 1958218.742257209960371 ] ], [ [ 744179.597911583841778, 1958218.742257209960371 ], [ 744189.13010545517318, 1958218.858754756860435 ] ], [ [ 744189.13010545517318, 1958218.858754756860435 ], [ 744198.540751067455858, 1958228.920148987555876 ] ], [ [ 744198.540751067455858, 1958228.920148987555876 ], [ 744207.95138706814032, 1958238.981548879528418 ] ], [ [ 744255.004422864876688, 1958289.28863326087594 ], [ 744264.415001183864661, 1958299.35006712237373 ] ], [ [ 744264.415001183864661, 1958299.35006712237373 ], [ 744273.947161460062489, 1958299.466609796043485 ] ], [ [ 744292.76828073663637, 1958319.589504646603018 ], [ 744302.178825953858905, 1958329.650960564846173 ] ], [ [ 744302.178825953858905, 1958329.650960564846173 ], [ 744311.710973940091208, 1958329.767523009097204 ] ], [ [ 744311.710973940091208, 1958329.767523009097204 ], [ 744321.121505283867009, 1958339.828989661298692 ] ], [ [ 744321.121505283867009, 1958339.828989661298692 ], [ 744330.532027012319304, 1958349.890461975941435 ] ], [ [ 744330.532027012319304, 1958349.890461975941435 ], [ 744339.942539125913754, 1958359.951939951628447 ] ], [ [ 744339.942539125913754, 1958359.951939951628447 ], [ 744349.474674822064117, 1958360.068522167857736 ] ], [ [ 744349.474674822064117, 1958360.068522167857736 ], [ 744359.006811012746766, 1958360.185108940815553 ] ], [ [ 744359.006811012746766, 1958360.185108940815553 ], [ 744368.538947695516981, 1958360.301700270967558 ] ], [ [ 744368.538947695516981, 1958360.301700270967558 ], [ 744378.071084871538915, 1958360.41829615784809 ] ], [ [ 744378.071084871538915, 1958360.41829615784809 ], [ 744378.192731731105596, 1958350.473393267253414 ] ], [ [ 744378.192731731105596, 1958350.473393267253414 ], [ 744387.724874154897407, 1958350.58999319630675 ] ], [ [ 744387.724874154897407, 1958350.58999319630675 ], [ 744387.846525170258246, 1958340.64508986659348 ] ], [ [ 744387.846525170258246, 1958340.64508986659348 ], [ 744387.968175587127917, 1958330.700186612783 ] ], [ [ 744387.968175587127917, 1958330.700186612783 ], [ 744397.500328014022671, 1958330.816790068987757 ] ], [ [ 744397.500328014022671, 1958330.816790068987757 ], [ 744397.621982586453669, 1958320.871886377688497 ] ], [ [ 744397.621982586453669, 1958320.871886377688497 ], [ 744397.743636560160667, 1958310.926982761360705 ] ], [ [ 744397.743636560160667, 1958310.926982761360705 ], [ 744397.86528993526008, 1958300.982079221401364 ] ], [ [ 744397.86528993526008, 1958300.982079221401364 ], [ 744407.397457116981968, 1958301.09868569066748 ] ], [ [ 744407.397457116981968, 1958301.09868569066748 ], [ 744407.519114647642709, 1958291.153781711589545 ] ], [ [ 744407.519114647642709, 1958291.153781711589545 ], [ 744417.05128707701806, 1958291.270392222562805 ] ], [ [ 744417.05128707701806, 1958291.270392222562805 ], [ 744426.583459999645129, 1958291.387007291661575 ] ], [ [ 744426.583459999645129, 1958291.387007291661575 ], [ 744436.115633417153731, 1958291.503626916091889 ] ], [ [ 744436.115633417153731, 1958291.503626916091889 ], [ 744436.23730461159721, 1958281.558721469016746 ] ], [ [ 744436.23730461159721, 1958281.558721469016746 ], [ 744445.769483274081722, 1958281.675345135852695 ] ], [ [ 744445.769483274081722, 1958281.675345135852695 ], [ 744445.891158623970114, 1958271.73043925082311 ] ], [ [ 744445.891158623970114, 1958271.73043925082311 ], [ 744446.012833375134505, 1958261.785533440764993 ] ], [ [ 744446.012833375134505, 1958261.785533440764993 ], [ 744455.545022040605545, 1958261.902160635218024 ] ], [ [ 744455.545022040605545, 1958261.902160635218024 ], [ 744455.666700947098434, 1958251.957254385342821 ] ], [ [ 744455.666700947098434, 1958251.957254385342821 ], [ 744465.19889486010652, 1958252.073885621968657 ] ], [ [ 744465.19889486010652, 1958252.073885621968657 ], [ 744465.320577922044322, 1958242.128978934837505 ] ], [ [ 744465.320577922044322, 1958242.128978934837505 ], [ 744474.852777084102854, 1958242.245614213170484 ] ], [ [ 744474.852777084102854, 1958242.245614213170484 ], [ 744474.974464301019907, 1958232.300707085989416 ] ], [ [ 744474.974464301019907, 1958232.300707085989416 ], [ 744484.506668709451333, 1958232.417346406029537 ] ], [ [ 744484.506668709451333, 1958232.417346406029537 ], [ 744484.628360081696883, 1958222.472438839962706 ] ], [ [ 744484.628360081696883, 1958222.472438839962706 ], [ 744494.16056973754894, 1958222.589082201942801 ] ], [ [ 744494.16056973754894, 1958222.589082201942801 ], [ 744503.692779887118377, 1958222.705730120651424 ] ], [ [ 744503.692779887118377, 1958222.705730120651424 ], [ 744513.224990531569347, 1958222.822382595855743 ] ], [ [ 744513.224990531569347, 1958222.822382595855743 ], [ 744522.757201668340713, 1958222.939039628021419 ] ], [ [ 744522.757201668340713, 1958222.939039628021419 ], [ 744532.289413298596628, 1958223.055701216682792 ] ], [ [ 744532.289413298596628, 1958223.055701216682792 ], [ 744541.821625422686338, 1958223.172367362305522 ] ], [ [ 744541.821625422686338, 1958223.172367362305522 ], [ 744551.353838040377013, 1958223.289038064656779 ] ], [ [ 744551.353838040377013, 1958223.289038064656779 ], [ 744560.886051151901484, 1958223.405713323736563 ] ], [ [ 744560.886051151901484, 1958223.405713323736563 ], [ 744570.296530598541722, 1958233.467305340338498 ] ], [ [ 744570.296530598541722, 1958233.467305340338498 ], [ 744570.174795840866864, 1958243.412217617733404 ] ], [ [ 744570.174795840866864, 1958243.412217617733404 ], [ 744570.05306048411876, 1958253.357129970099777 ] ], [ [ 744569.687850819667801, 1958283.19186748447828 ], [ 744560.155665739323013, 1958283.075184578076005 ] ], [ [ 744560.155665739323013, 1958283.075184578076005 ], [ 744560.033932740567252, 1958293.020096719963476 ] ], [ [ 744560.033932740567252, 1958293.020096719963476 ], [ 744559.91219914262183, 1958302.965008938219398 ] ], [ [ 744559.790464945952408, 1958312.909921231679618 ], [ 744550.258294621715322, 1958312.793241336476058 ] ], [ [ 744550.258294621715322, 1958312.793241336476058 ], [ 744550.136564580025151, 1958322.738153191516176 ] ], [ [ 744539.752305720583536, 1958392.235858844360337 ], [ 744539.630575641291216, 1958402.180770792067051 ] ], [ [ 744539.630575641291216, 1958402.180770792067051 ], [ 744549.040967250009999, 1958412.242363304831088 ] ], [ [ 744549.040967250009999, 1958412.242363304831088 ], [ 744548.919231218402274, 1958422.187275919131935 ] ], [ [ 744548.919231218402274, 1958422.187275919131935 ], [ 744558.329607859253883, 1958432.24887468572706 ] ], [ [ 744558.329607859253883, 1958432.24887468572706 ], [ 744558.207865874981508, 1958442.193787967553362 ] ], [ [ 744558.207865874981508, 1958442.193787967553362 ], [ 744558.086123291635886, 1958452.138701325980946 ] ], [ [ 744558.086123291635886, 1958452.138701325980946 ], [ 744557.964380109217018, 1958462.08361476007849 ] ], [ [ 744557.964380109217018, 1958462.08361476007849 ], [ 744557.842636327957734, 1958472.028528270078823 ] ], [ [ 744557.842636327957734, 1958472.028528270078823 ], [ 744548.310542074614204, 1958471.91184013383463 ] ], [ [ 744548.188802448799834, 1958481.856753205414861 ], [ 744538.656713443691842, 1958481.740069111343473 ] ], [ [ 744538.656713443691842, 1958481.740069111343473 ], [ 744538.534977973438799, 1958491.684981743339449 ] ], [ [ 744538.534977973438799, 1958491.684981743339449 ], [ 744529.002894216799177, 1958491.568301692837849 ] ], [ [ 744529.002894216799177, 1958491.568301692837849 ], [ 744528.881162902340293, 1958501.513213884783909 ] ], [ [ 744528.759430988808163, 1958511.458126154728234 ], [ 744528.637698476435617, 1958521.403038499876857 ] ], [ [ 744528.637698476435617, 1958521.403038499876857 ], [ 744528.51596536510624, 1958531.347950920462608 ] ], [ [ 744528.51596536510624, 1958531.347950920462608 ], [ 744528.394231654820032, 1958541.292863417649642 ] ], [ [ 744528.394231654820032, 1958541.292863417649642 ], [ 744528.272497345693409, 1958551.237775990273803 ] ], [ [ 744528.272497345693409, 1958551.237775990273803 ], [ 744528.150762437377125, 1958561.182688639499247 ] ], [ [ 744528.150762437377125, 1958561.182688639499247 ], [ 744537.561072648968548, 1958571.244285536929965 ] ], [ [ 744537.561072648968548, 1958571.244285536929965 ], [ 744546.97137324558571, 1958581.305888096569106 ] ], [ [ 744546.97137324558571, 1958581.305888096569106 ], [ 744556.381664226995781, 1958591.367496320977807 ] ], [ [ 744556.381664226995781, 1958591.367496320977807 ], [ 744565.791945593315177, 1958601.429110208293423 ] ], [ [ 744565.791945593315177, 1958601.429110208293423 ], [ 744575.202217344427481, 1958611.490729759214446 ] ], [ [ 744575.202217344427481, 1958611.490729759214446 ], [ 744584.734246513340622, 1958611.607438778271899 ] ], [ [ 744584.734246513340622, 1958611.607438778271899 ], [ 744594.144504387979396, 1958621.669069065945223 ] ], [ [ 744594.144504387979396, 1958621.669069065945223 ], [ 744603.676529788062908, 1958621.785787715576589 ] ], [ [ 744603.676529788062908, 1958621.785787715576589 ], [ 744613.08677378622815, 1958631.847428739769384 ] ], [ [ 744613.08677378622815, 1958631.847428739769384 ], [ 744622.618795420159586, 1958631.964157019276172 ] ], [ [ 744622.618795420159586, 1958631.964157019276172 ], [ 744632.150817546644248, 1958632.08088985667564 ] ], [ [ 744632.150817546644248, 1958632.08088985667564 ], [ 744641.561043406836689, 1958642.142546690069139 ] ], [ [ 744641.561043406836689, 1958642.142546690069139 ], [ 744651.093061764608137, 1958642.25928915780969 ] ], [ [ 744651.093061764608137, 1958642.25928915780969 ], [ 744660.625080618890934, 1958642.376036182511598 ] ], [ [ 744660.625080618890934, 1958642.376036182511598 ], [ 744670.157099965726957, 1958642.492787765804678 ] ], [ [ 744670.157099965726957, 1958642.492787765804678 ], [ 744679.68911980651319, 1958642.609543906291947 ] ], [ [ 744679.68911980651319, 1958642.609543906291947 ], [ 744689.221140141133219, 1958642.726304603740573 ] ], [ [ 744689.221140141133219, 1958642.726304603740573 ], [ 744698.753160970984027, 1958642.843069859780371 ] ], [ [ 744698.753160970984027, 1958642.843069859780371 ], [ 744708.285182293504477, 1958642.959839673247188 ] ], [ [ 744708.285182293504477, 1958642.959839673247188 ], [ 744717.817204109975137, 1958643.076614044373855 ] ], [ [ 744717.817204109975137, 1958643.076614044373855 ], [ 744717.939038910088129, 1958633.131690483307466 ] ], [ [ 744717.939038910088129, 1958633.131690483307466 ], [ 744727.47106597549282, 1958633.248468896374106 ] ], [ [ 744727.47106597549282, 1958633.248468896374106 ], [ 744737.003093536477536, 1958633.365251866867766 ] ], [ [ 744737.003093536477536, 1958633.365251866867766 ], [ 744746.535121590015478, 1958633.482039395021275 ] ], [ [ 744746.535121590015478, 1958633.482039395021275 ], [ 744746.656970055657439, 1958623.537114363862202 ] ], [ [ 744746.656970055657439, 1958623.537114363862202 ], [ 744756.189003356965259, 1958623.653905933955684 ] ], [ [ 744756.189003356965259, 1958623.653905933955684 ], [ 744765.721037153620273, 1958623.770702061709017 ] ], [ [ 744765.721037153620273, 1958623.770702061709017 ], [ 744775.253071445738897, 1958623.88750274758786 ] ], [ [ 744775.253071445738897, 1958623.88750274758786 ], [ 744784.785106230759993, 1958624.004307990893722 ] ], [ [ 744784.785106230759993, 1958624.004307990893722 ], [ 744794.317141509614885, 1958624.121117791160941 ] ], [ [ 744794.317141509614885, 1958624.121117791160941 ], [ 744803.727300287107937, 1958634.182860274566337 ] ], [ [ 744803.727300287107937, 1958634.182860274566337 ], [ 744803.605422691791318, 1958644.127788474783301 ] ], [ [ 744802.020959385437891, 1958773.411861998261884 ], [ 744811.431033580796793, 1958783.473618427990004 ] ], [ [ 744811.431033580796793, 1958783.473618427990004 ], [ 744820.841098158620298, 1958793.535380522953346 ] ], [ [ 744820.841098158620298, 1958793.535380522953346 ], [ 744830.373054576106369, 1958793.652217319933698 ] ], [ [ 744830.373054576106369, 1958793.652217319933698 ], [ 744839.905011487542652, 1958793.769058674108237 ] ], [ [ 744839.905011487542652, 1958793.769058674108237 ], [ 744849.436968894558959, 1958793.885904586641118 ] ], [ [ 744849.436968894558959, 1958793.885904586641118 ], [ 744858.96892679319717, 1958794.002755056833848 ] ], [ [ 744858.96892679319717, 1958794.002755056833848 ], [ 744868.500885187415406, 1958794.119610084919259 ] ], [ [ 744868.500885187415406, 1958794.119610084919259 ], [ 744878.032844075933099, 1958794.236469671363011 ] ], [ [ 744878.032844075933099, 1958794.236469671363011 ], [ 744887.564803459914401, 1958794.353333815699443 ] ], [ [ 744887.564803459914401, 1958794.353333815699443 ], [ 744896.974828593432903, 1958804.415137090021744 ] ], [ [ 744896.974828593432903, 1958804.415137090021744 ], [ 744896.852893249946646, 1958814.360071739181876 ] ], [ [ 744896.852893249946646, 1958814.360071739181876 ], [ 744896.730957306688651, 1958824.305006464710459 ] ], [ [ 744896.730957306688651, 1958824.305006464710459 ], [ 744896.609020763309672, 1958834.249941265676171 ] ], [ [ 744896.609020763309672, 1958834.249941265676171 ], [ 744896.487083620275371, 1958844.194876142777503 ] ], [ [ 744896.487083620275371, 1958844.194876142777503 ], [ 744886.955147520406172, 1958844.078004862181842 ] ], [ [ 744886.955147520406172, 1958844.078004862181842 ], [ 744886.833214533049613, 1958854.02293929993175 ] ], [ [ 744886.833214533049613, 1958854.02293929993175 ], [ 744886.711280945688486, 1958863.967873812653124 ] ], [ [ 744886.711280945688486, 1958863.967873812653124 ], [ 744877.179354849969968, 1958863.851006058510393 ] ], [ [ 744877.179354849969968, 1958863.851006058510393 ], [ 744877.057425418519415, 1958873.795940132578835 ] ], [ [ 744877.057425418519415, 1958873.795940132578835 ], [ 744876.935495387180708, 1958883.740874281618744 ] ], [ [ 744876.935495387180708, 1958883.740874281618744 ], [ 744876.813564756070264, 1958893.685808507027104 ] ], [ [ 744876.813564756070264, 1958893.685808507027104 ], [ 744876.69163352495525, 1958903.630742809036747 ] ], [ [ 744876.69163352495525, 1958903.630742809036747 ], [ 744886.101604011841118, 1958913.692547519225627 ] ], [ [ 744886.101604011841118, 1958913.692547519225627 ], [ 744895.511564880376682, 1958923.754357895581052 ] ], [ [ 744895.511564880376682, 1958923.754357895581052 ], [ 744895.389622338465415, 1958933.699293457204476 ] ], [ [ 744895.389622338465415, 1958933.699293457204476 ], [ 744904.799568234360777, 1958943.761110089952126 ] ], [ [ 744904.799568234360777, 1958943.761110089952126 ], [ 744914.209504513186403, 1958953.822932389331982 ] ], [ [ 744914.209504513186403, 1958953.822932389331982 ], [ 744923.619431176222861, 1958963.884760354179889 ] ], [ [ 744923.619431176222861, 1958963.884760354179889 ], [ 744933.029348220792599, 1958973.94659398519434 ] ], [ [ 744933.029348220792599, 1958973.94659398519434 ], [ 744942.43925564805977, 1958984.008433281676844 ] ], [ [ 744942.43925564805977, 1958984.008433281676844 ], [ 744951.849153458024375, 1958994.070278244558722 ] ], [ [ 744951.849153458024375, 1958994.070278244558722 ], [ 744961.259041649289429, 1959004.132128873607144 ] ], [ [ 744961.259041649289429, 1959004.132128873607144 ], [ 744970.668920225929469, 1959014.193985168356448 ] ], [ [ 744970.668920225929469, 1959014.193985168356448 ], [ 744980.200779927778058, 1959014.31090624188073 ] ], [ [ 744980.200779927778058, 1959014.31090624188073 ], [ 744989.610644624102861, 1959024.372773277107626 ] ], [ [ 744989.610644624102861, 1959024.372773277107626 ], [ 744999.142500560497865, 1959024.489703983534127 ] ], [ [ 744999.142500560497865, 1959024.489703983534127 ], [ 745008.552351377788, 1959034.551581759937108 ] ], [ [ 745008.552351377788, 1959034.551581759937108 ], [ 745018.084203545702621, 1959034.668522098800167 ] ], [ [ 745018.084203545702621, 1959034.668522098800167 ], [ 745027.494040484074503, 1959044.730410616146401 ] ], [ [ 745027.494040484074503, 1959044.730410616146401 ], [ 745037.02588888653554, 1959044.84736058791168 ] ], [ [ 745037.02588888653554, 1959044.84736058791168 ], [ 745046.557737782248296, 1959044.964315118733793 ] ], [ [ 745046.557737782248296, 1959044.964315118733793 ], [ 745055.967556580086239, 1959055.026219450403005 ] ], [ [ 745055.967556580086239, 1959055.026219450403005 ], [ 745065.499401707667857, 1959055.143183613894507 ] ], [ [ 745065.499401707667857, 1959055.143183613894507 ], [ 745074.909206626354717, 1959065.205098687671125 ] ], [ [ 745074.909206626354717, 1959065.205098687671125 ], [ 745084.44104798999615, 1959065.322072484064847 ] ], [ [ 745084.44104798999615, 1959065.322072484064847 ], [ 745093.850839029531926, 1959075.38399829948321 ] ], [ [ 745093.850839029531926, 1959075.38399829948321 ], [ 745103.382676624925807, 1959075.500981729477644 ] ], [ [ 745103.382676624925807, 1959075.500981729477644 ], [ 745112.914514716598205, 1959075.61796971783042 ] ], [ [ 745112.914514716598205, 1959075.61796971783042 ], [ 745122.324287615483627, 1959085.679911348270252 ] ], [ [ 745122.324287615483627, 1959085.679911348270252 ], [ 745131.734050896484405, 1959095.741858646972105 ] ], [ [ 745131.734050896484405, 1959095.741858646972105 ], [ 745141.265880958759226, 1959095.85886134323664 ] ], [ [ 745141.265880958759226, 1959095.85886134323664 ], [ 745150.675630361889489, 1959105.920819381950423 ] ], [ [ 745150.675630361889489, 1959105.920819381950423 ], [ 745160.085370145738125, 1959115.982783089391887 ] ], [ [ 745160.085370145738125, 1959115.982783089391887 ], [ 745169.495100309955887, 1959126.044752463931218 ] ], [ [ 745169.495100309955887, 1959126.044752463931218 ], [ 745179.026918082963675, 1959126.161774943815544 ] ], [ [ 745179.026918082963675, 1959126.161774943815544 ], [ 745188.436634369194508, 1959136.223755059530959 ] ], [ [ 745188.436634369194508, 1959136.223755059530959 ], [ 745197.846341038588434, 1959146.28574084257707 ] ], [ [ 745197.846341038588434, 1959146.28574084257707 ], [ 745207.378150783595629, 1959146.402778031071648 ] ], [ [ 745207.378150783595629, 1959146.402778031071648 ], [ 745216.787843572092243, 1959156.46477455762215 ] ], [ [ 745216.787843572092243, 1959156.46477455762215 ], [ 745226.319649552227929, 1959156.581821379018947 ] ], [ [ 745226.319649552227929, 1959156.581821379018947 ], [ 745235.729328460874967, 1959166.643828647676855 ] ], [ [ 745235.729328460874967, 1959166.643828647676855 ], [ 745245.138997751288116, 1959176.705841584363952 ] ], [ [ 745245.138997751288116, 1959176.705841584363952 ], [ 745254.670795702375472, 1959176.822903115535155 ] ], [ [ 745254.670795702375472, 1959176.822903115535155 ], [ 745264.080451114336029, 1959186.884926794562489 ] ], [ [ 745264.080451114336029, 1959186.884926794562489 ], [ 745273.490096905035898, 1959196.94695614092052 ] ], [ [ 745273.490096905035898, 1959196.94695614092052 ], [ 745283.021886828471906, 1959197.064032381400466 ] ], [ [ 745283.021886828471906, 1959197.064032381400466 ], [ 745292.431518740719184, 1959207.126072471495718 ] ], [ [ 745292.431518740719184, 1959207.126072471495718 ], [ 745301.841141034499742, 1959217.188118228223175 ] ], [ [ 745301.841141034499742, 1959217.188118228223175 ], [ 745311.250753710744902, 1959227.250169654609635 ] ], [ [ 745311.250753710744902, 1959227.250169654609635 ], [ 745320.660356767009944, 1959237.312226748326793 ] ], [ [ 745320.660356767009944, 1959237.312226748326793 ], [ 745330.192130140261725, 1959237.429327848600224 ] ], [ [ 745330.192130140261725, 1959237.429327848600224 ], [ 745339.601719317724928, 1959247.491395686520264 ] ], [ [ 745339.601719317724928, 1959247.491395686520264 ], [ 745349.011298875091597, 1959257.55346919153817 ] ], [ [ 745349.011298875091597, 1959257.55346919153817 ], [ 745358.543064220692031, 1959257.670585002284497 ] ], [ [ 745358.543064220692031, 1959257.670585002284497 ], [ 745367.952629897859879, 1959267.732669252203777 ] ], [ [ 745367.952629897859879, 1959267.732669252203777 ], [ 745377.362185954814777, 1959277.794759169686586 ] ], [ [ 745377.362185954814777, 1959277.794759169686586 ], [ 745386.893943274160847, 1959277.911889690207317 ] ], [ [ 745386.893943274160847, 1959277.911889690207317 ], [ 745396.425701087806374, 1959278.029024770949036 ] ], [ [ 745396.425701087806374, 1959278.029024770949036 ], [ 745405.957459396566264, 1959278.146164410049096 ] ], [ [ 745405.957459396566264, 1959278.146164410049096 ], [ 745415.366993051837198, 1959288.20827522338368 ] ], [ [ 745434.18603150639683, 1959308.3325138555374 ], [ 745443.717777526704594, 1959308.449673280818388 ] ], [ [ 745443.717777526704594, 1959308.449673280818388 ], [ 745453.127278064494021, 1959318.511806175811216 ] ], [ [ 745462.536768981837668, 1959328.573944739298895 ], [ 745472.068506974843331, 1959328.691118875518441 ] ], [ [ 745472.068506974843331, 1959328.691118875518441 ], [ 745481.477984010241926, 1959338.753268184140325 ] ], [ [ 745481.477984010241926, 1959338.753268184140325 ], [ 745490.887451427639462, 1959348.81542316195555 ] ], [ [ 745490.887451427639462, 1959348.81542316195555 ], [ 745500.296909226919524, 1959358.877583807799965 ] ], [ [ 745500.296909226919524, 1959358.877583807799965 ], [ 745509.706357405520976, 1959368.939750123769045 ] ], [ [ 745509.706357405520976, 1959368.939750123769045 ], [ 745519.115795964491554, 1959379.001922108465806 ] ], [ [ 745519.115795964491554, 1959379.001922108465806 ], [ 745528.525224903831258, 1959389.064099761657417 ] ], [ [ 745528.525224903831258, 1959389.064099761657417 ], [ 745537.934644224820659, 1959399.126283085206524 ] ], [ [ 745537.934644224820659, 1959399.126283085206524 ], [ 745547.344053925015032, 1959409.18847207701765 ] ], [ [ 745547.344053925015032, 1959409.18847207701765 ], [ 745556.753454005462117, 1959419.250666738254949 ] ], [ [ 745556.753454005462117, 1959419.250666738254949 ], [ 745566.285154143348336, 1959419.367891119560227 ] ], [ [ 745566.285154143348336, 1959419.367891119560227 ], [ 745575.694540342548862, 1959429.430096527095884 ] ], [ [ 745575.694540342548862, 1959429.430096527095884 ], [ 745585.1039169204887, 1959439.492307603592053 ] ], [ [ 745585.1039169204887, 1959439.492307603592053 ], [ 745594.513283880078234, 1959449.554524350212887 ] ], [ [ 745594.513283880078234, 1959449.554524350212887 ], [ 745603.922641219454817, 1959459.616746765794232 ] ], [ [ 745603.922641219454817, 1959459.616746765794232 ], [ 745613.331988940364681, 1959469.678974851034582 ] ], [ [ 745613.331988940364681, 1959469.678974851034582 ], [ 745622.741327039664611, 1959479.741208606865257 ] ], [ [ 745641.559974378091283, 1959499.865693127037957 ], [ 745651.091640920960344, 1959499.982962680049241 ] ], [ [ 745651.091640920960344, 1959499.982962680049241 ], [ 745660.623307958128862, 1959500.100236792583019 ] ], [ [ 745660.623307958128862, 1959500.100236792583019 ], [ 745670.032608674373478, 1959510.162497711135074 ] ], [ [ 745670.032608674373478, 1959510.162497711135074 ], [ 745679.564271947368979, 1959510.279781459597871 ] ], [ [ 745679.564271947368979, 1959510.279781459597871 ], [ 745688.973558780387975, 1959520.342053125146776 ] ], [ [ 745688.973558780387975, 1959520.342053125146776 ], [ 745698.38283599447459, 1959530.404330459656194 ] ], [ [ 745698.38283599447459, 1959530.404330459656194 ], [ 745707.914491239353083, 1959530.521628921618685 ] ], [ [ 745707.914491239353083, 1959530.521628921618685 ], [ 745717.323754571611062, 1959540.583917005220428 ] ], [ [ 745717.323754571611062, 1959540.583917005220428 ], [ 745726.733008284820244, 1959550.646210757084191 ] ], [ [ 745726.733008284820244, 1959550.646210757084191 ], [ 745736.142252376070246, 1959560.708510180702433 ] ], [ [ 745736.142252376070246, 1959560.708510180702433 ], [ 745745.673895332845859, 1959560.825828433036804 ] ], [ [ 745745.673895332845859, 1959560.825828433036804 ], [ 745755.083125542267226, 1959570.888138603651896 ] ], [ [ 745755.083125542267226, 1959570.888138603651896 ], [ 745764.492346132174134, 1959580.950454444158822 ] ], [ [ 745764.492346132174134, 1959580.950454444158822 ], [ 745774.023981062346138, 1959581.06778741045855 ] ], [ [ 745774.023981062346138, 1959581.06778741045855 ], [ 745783.433187768794596, 1959591.130114 ] ], [ [ 745783.433187768794596, 1959591.130114 ], [ 745783.310758447507396, 1959601.075103138806298 ] ], [ [ 745783.310758447507396, 1959601.075103138806298 ], [ 745792.719950172584504, 1959611.137435991549864 ] ], [ [ 745792.719950172584504, 1959611.137435991549864 ], [ 745802.129132279311307, 1959621.199774515116587 ] ], [ [ 745802.129132279311307, 1959621.199774515116587 ], [ 745811.53830476407893, 1959631.262118709972128 ] ], [ [ 745811.53830476407893, 1959631.262118709972128 ], [ 745821.069918387103826, 1959631.379477062728256 ] ], [ [ 745821.069918387103826, 1959631.379477062728256 ], [ 745830.601532506523654, 1959631.496839975239709 ] ], [ [ 745830.601532506523654, 1959631.496839975239709 ], [ 745840.010686848778278, 1959641.559199994662777 ] ], [ [ 745840.010686848778278, 1959641.559199994662777 ], [ 745849.542297202860937, 1959641.676572544267401 ] ], [ [ 745849.542297202860937, 1959641.676572544267401 ], [ 745859.073908053105697, 1959641.79394965316169 ] ], [ [ 745859.073908053105697, 1959641.79394965316169 ], [ 745868.605519399628974, 1959641.911331322509795 ] ], [ [ 745868.605519399628974, 1959641.911331322509795 ], [ 745878.014651336707175, 1959651.973712245933712 ] ], [ [ 745878.014651336707175, 1959651.973712245933712 ], [ 745887.423773651476949, 1959662.036098840879276 ] ], [ [ 745887.423773651476949, 1959662.036098840879276 ], [ 745896.955376970116049, 1959662.1534952246584 ] ], [ [ 745896.955376970116049, 1959662.1534952246584 ], [ 745906.364485402358696, 1959672.215892568230629 ] ], [ [ 745906.364485402358696, 1959672.215892568230629 ], [ 745915.89608495880384, 1959672.333298589335755 ] ], [ [ 745915.89608495880384, 1959672.333298589335755 ], [ 745925.427685010014102, 1959672.450709170429036 ] ], [ [ 745925.427685010014102, 1959672.450709170429036 ], [ 745934.959285557735711, 1959672.568124311743304 ] ], [ [ 745934.959285557735711, 1959672.568124311743304 ], [ 745944.490886601735838, 1959672.685544011648744 ] ], [ [ 745944.490886601735838, 1959672.685544011648744 ], [ 745954.02248814352788, 1959672.802968272473663 ] ], [ [ 745954.02248814352788, 1959672.802968272473663 ], [ 745963.431565648061223, 1959682.865396675420925 ] ], [ [ 745963.431565648061223, 1959682.865396675420925 ], [ 745963.3090405134717, 1959692.810396334854886 ] ], [ [ 745963.3090405134717, 1959692.810396334854886 ], [ 745972.718103036633693, 1959702.872831003507599 ] ], [ [ 745972.718103036633693, 1959702.872831003507599 ], [ 745982.127155938418582, 1959712.935271344147623 ] ], [ [ 745982.127155938418582, 1959712.935271344147623 ], [ 745991.658740435261279, 1959713.052715916186571 ] ], [ [ 745991.658740435261279, 1959713.052715916186571 ], [ 746001.067779452772811, 1959723.115167005686089 ] ], [ [ 746001.067779452772811, 1959723.115167005686089 ], [ 746010.599360183463432, 1959723.232621215516701 ] ], [ [ 746010.599360183463432, 1959723.232621215516701 ], [ 746020.008385319611989, 1959733.29508305597119 ] ], [ [ 746020.008385319611989, 1959733.29508305597119 ], [ 746029.417400835547596, 1959743.357550567714497 ] ], [ [ 746029.417400835547596, 1959743.357550567714497 ], [ 746038.948973540216684, 1959743.475019493373111 ] ], [ [ 746038.948973540216684, 1959743.475019493373111 ], [ 746048.480546741280705, 1959743.59249297901988 ] ], [ [ 746048.480546741280705, 1959743.59249297901988 ], [ 746057.889544111792929, 1959753.654976318590343 ] ], [ [ 746057.889544111792929, 1959753.654976318590343 ], [ 746067.421113549498841, 1959753.772459442727268 ] ], [ [ 746067.421113549498841, 1959753.772459442727268 ], [ 746076.830097037134692, 1959763.834953533252701 ] ], [ [ 746076.830097037134692, 1959763.834953533252701 ], [ 746086.239070902694948, 1959773.897453295299783 ] ], [ [ 746086.239070902694948, 1959773.897453295299783 ], [ 746095.64803514664527, 1959783.959958730265498 ] ], [ [ 746095.64803514664527, 1959783.959958730265498 ], [ 746105.056989768636413, 1959794.022469837684184 ] ], [ [ 746105.056989768636413, 1959794.022469837684184 ], [ 746114.588542656856589, 1959794.139977834420279 ] ], [ [ 746114.588542656856589, 1959794.139977834420279 ], [ 746123.997483395738527, 1959804.202499691862613 ] ], [ [ 746123.997483395738527, 1959804.202499691862613 ], [ 746133.406414512428455, 1959814.26502722222358 ] ], [ [ 746133.406414512428455, 1959814.26502722222358 ], [ 746142.937959376256913, 1959814.382549935718998 ] ], [ [ 746142.937959376256913, 1959814.382549935718998 ], [ 746152.346876609837636, 1959824.445088217733428 ] ], [ [ 746152.346876609837636, 1959824.445088217733428 ], [ 746161.755784221109934, 1959834.507632171735168 ] ], [ [ 746161.755784221109934, 1959834.507632171735168 ], [ 746171.164682210190222, 1959844.570181798189878 ] ], [ [ 746171.164682210190222, 1959844.570181798189878 ], [ 746180.573570578591898, 1959854.632737097563222 ] ], [ [ 746180.573570578591898, 1959854.632737097563222 ], [ 746190.10509889293462, 1959854.750284685986117 ] ], [ [ 746190.10509889293462, 1959854.750284685986117 ], [ 746199.513973376364447, 1959864.812850736547261 ] ], [ [ 746199.513973376364447, 1959864.812850736547261 ], [ 746209.045497925020754, 1959864.93040796299465 ] ], [ [ 746209.045497925020754, 1959864.93040796299465 ], [ 746218.454358526272699, 1959874.992984765674919 ] ], [ [ 746218.454358526272699, 1959874.992984765674919 ], [ 746227.985879311920144, 1959875.110551631310955 ] ], [ [ 746227.985879311920144, 1959875.110551631310955 ], [ 746237.394726028200239, 1959885.173139185877517 ] ], [ [ 746237.394726028200239, 1959885.173139185877517 ], [ 746246.803563121822663, 1959895.235732413129881 ] ], [ [ 746246.803563121822663, 1959895.235732413129881 ], [ 746256.335075883427635, 1959895.353313996689394 ] ], [ [ 746256.335075883427635, 1959895.353313996689394 ], [ 746265.743899093358777, 1959905.415917976060882 ] ], [ [ 746265.743899093358777, 1959905.415917976060882 ], [ 746275.152712680632249, 1959915.478527629049495 ] ], [ [ 746275.152712680632249, 1959915.478527629049495 ], [ 746284.684217415517196, 1959915.596123930299655 ] ], [ [ 746284.684217415517196, 1959915.596123930299655 ], [ 746294.093017120379955, 1959925.658744335640222 ] ], [ [ 746294.093017120379955, 1959925.658744335640222 ], [ 746303.501807201188058, 1959935.721370414597914 ] ], [ [ 746303.501807201188058, 1959935.721370414597914 ], [ 746312.910587657941505, 1959945.784002166707069 ] ], [ [ 746312.910587657941505, 1959945.784002166707069 ], [ 746322.442080106120557, 1959945.901618265081197 ] ], [ [ 746322.442080106120557, 1959945.901618265081197 ], [ 746331.973573052906431, 1959946.019238924607635 ] ], [ [ 746331.973573052906431, 1959946.019238924607635 ], [ 746341.382335365749896, 1959956.081886508734897 ] ], [ [ 746341.382335365749896, 1959956.081886508734897 ], [ 746350.791088055586442, 1959966.144539766246453 ] ], [ [ 746350.791088055586442, 1959966.144539766246453 ], [ 746360.199831122532487, 1959976.207198697375134 ] ], [ [ 746360.199831122532487, 1959976.207198697375134 ], [ 746369.731311782845296, 1959976.324839154956862 ] ], [ [ 746369.731311782845296, 1959976.324839154956862 ], [ 746379.262792939087376, 1959976.442484172061086 ] ], [ [ 746379.262792939087376, 1959976.442484172061086 ], [ 746388.671517860610038, 1959986.505158936604857 ] ], [ [ 746388.671517860610038, 1959986.505158936604857 ], [ 746398.080233159242198, 1959996.567839374067262 ] ], [ [ 746398.080233159242198, 1959996.567839374067262 ], [ 746407.611706291558221, 1959996.685499111190438 ] ], [ [ 746407.611706291558221, 1959996.685499111190438 ], [ 746417.020407704520039, 1960006.74819030216895 ] ], [ [ 746417.020407704520039, 1960006.74819030216895 ], [ 746426.551877071731724, 1960006.865859678480774 ] ], [ [ 746426.551877071731724, 1960006.865859678480774 ], [ 746435.960564601584338, 1960016.928561623208225 ] ], [ [ 746435.960564601584338, 1960016.928561623208225 ], [ 746445.369242509594187, 1960026.991269242251292 ] ], [ [ 746445.369242509594187, 1960026.991269242251292 ], [ 746454.777910792850889, 1960037.053982535144314 ] ], [ [ 746454.777910792850889, 1960037.053982535144314 ], [ 746464.309367873938754, 1960037.171671710908413 ] ], [ [ 746464.309367873938754, 1960037.171671710908413 ], [ 746473.718022272805683, 1960047.234395758248866 ] ], [ [ 746473.718022272805683, 1960047.234395758248866 ], [ 746483.249475591466762, 1960047.352094574132934 ] ], [ [ 746483.249475591466762, 1960047.352094574132934 ], [ 746492.658116105711088, 1960057.414829375920817 ] ], [ [ 746492.658116105711088, 1960057.414829375920817 ], [ 746502.189565659267828, 1960057.532537832390517 ] ], [ [ 746502.189565659267828, 1960057.532537832390517 ], [ 746511.59819228888955, 1960067.595283387228847 ] ], [ [ 746511.59819228888955, 1960067.595283387228847 ], [ 746521.006809294922277, 1960077.658034617779776 ] ], [ [ 746521.006809294922277, 1960077.658034617779776 ], [ 746530.538250823738053, 1960077.775757794035599 ] ], [ [ 746530.538250823738053, 1960077.775757794035599 ], [ 746539.946853945264593, 1960087.838519778335467 ] ], [ [ 746539.946853945264593, 1960087.838519778335467 ], [ 746549.478291710373014, 1960087.956252595642582 ] ], [ [ 746549.478291710373014, 1960087.956252595642582 ], [ 746559.009729974437505, 1960088.073989973403513 ] ], [ [ 746559.009729974437505, 1960088.073989973403513 ], [ 746568.418314949958585, 1960098.136767792282626 ] ], [ [ 746568.418314949958585, 1960098.136767792282626 ], [ 746577.949749449151568, 1960098.25451481109485 ] ], [ [ 746577.949749449151568, 1960098.25451481109485 ], [ 746587.358320539817214, 1960108.317303384421393 ] ], [ [ 746587.358320539817214, 1960108.317303384421393 ], [ 746596.889751276816241, 1960108.435060043819249 ] ], [ [ 746596.889751276816241, 1960108.435060043819249 ], [ 746606.298308482742868, 1960118.497859373223037 ] ], [ [ 746606.298308482742868, 1960118.497859373223037 ], [ 746615.706856064731255, 1960128.56066437670961 ] ], [ [ 746615.706856064731255, 1960128.56066437670961 ], [ 746625.238278774428181, 1960128.678435757057741 ] ], [ [ 746625.238278774428181, 1960128.678435757057741 ], [ 746634.646812472958118, 1960138.741251516155899 ] ], [ [ 746634.646812472958118, 1960138.741251516155899 ], [ 746644.178231420693919, 1960138.85903253685683 ] ], [ [ 746644.178231420693919, 1960138.85903253685683 ], [ 746653.586751232622191, 1960148.921859052265063 ] ], [ [ 746653.586751232622191, 1960148.921859052265063 ], [ 746663.118166417116299, 1960149.039649714250118 ] ], [ [ 746663.118166417116299, 1960149.039649714250118 ], [ 746672.52667234535329, 1960159.102486985269934 ] ], [ [ 746700.997983466368169, 1960169.40094525879249 ], [ 746710.52939162356779, 1960169.518759763799608 ] ], [ [ 746710.52939162356779, 1960169.518759763799608 ], [ 746719.937865519197658, 1960179.581623626872897 ] ], [ [ 746719.937865519197658, 1960179.581623626872897 ], [ 746729.469269910478033, 1960179.699447773629799 ] ], [ [ 746729.469269910478033, 1960179.699447773629799 ], [ 746738.877729920903221, 1960189.762322392547503 ] ], [ [ 746738.877729920903221, 1960189.762322392547503 ], [ 746748.286180308321491, 1960199.825202686944976 ] ], [ [ 746748.286180308321491, 1960199.825202686944976 ], [ 746757.694621070055291, 1960209.888088657287881 ] ], [ [ 746757.694621070055291, 1960209.888088657287881 ], [ 746767.226013177656569, 1960210.005932606756687 ] ], [ [ 746767.226013177656569, 1960210.005932606756687 ], [ 746776.757405783282593, 1960210.123781116912141 ] ], [ [ 746776.757405783282593, 1960210.123781116912141 ], [ 746786.288798888213933, 1960210.241634188452736 ] ], [ [ 746786.288798888213933, 1960210.241634188452736 ], [ 746795.820192489773035, 1960210.359491820679978 ] ], [ [ 746795.820192489773035, 1960210.359491820679978 ], [ 746805.351586589356884, 1960210.477354014059529 ] ], [ [ 746805.351586589356884, 1960210.477354014059529 ], [ 746814.88298118696548, 1960210.595220768125728 ] ], [ [ 746814.88298118696548, 1960210.595220768125728 ], [ 746824.414376283995807, 1960210.713092083577067 ] ], [ [ 746824.414376283995807, 1960210.713092083577067 ], [ 746833.945771876489744, 1960210.830967960180715 ] ], [ [ 746833.945771876489744, 1960210.830967960180715 ], [ 746843.477167968405411, 1960210.948848397703841 ] ], [ [ 746843.477167968405411, 1960210.948848397703841 ], [ 746853.008564558345824, 1960211.066733395913616 ] ], [ [ 746853.008564558345824, 1960211.066733395913616 ], [ 746862.41695308778435, 1960221.129675849340856 ] ], [ [ 746862.41695308778435, 1960221.129675849340856 ], [ 746871.948345915181562, 1960221.247570489533246 ] ], [ [ 746871.948345915181562, 1960221.247570489533246 ], [ 746881.479739240603521, 1960221.365469690877944 ] ], [ [ 746881.479739240603521, 1960221.365469690877944 ], [ 746890.888109622639604, 1960231.428427981911227 ] ], [ [ 746890.888109622639604, 1960231.428427981911227 ], [ 746900.296470381435938, 1960241.491391949588433 ] ], [ [ 746900.296470381435938, 1960241.491391949588433 ], [ 746900.173440970946103, 1960251.436447150306776 ] ], [ [ 746900.173440970946103, 1960251.436447150306776 ], [ 746900.050410955795087, 1960261.381502425763756 ] ], [ [ 746909.458751360885799, 1960271.44447326194495 ], [ 746918.867082140990533, 1960281.507449774071574 ] ], [ [ 746918.867082140990533, 1960281.507449774071574 ], [ 746928.398449403233826, 1960281.625374900177121 ] ], [ [ 746928.398449403233826, 1960281.625374900177121 ], [ 746937.806766297784634, 1960291.688362170476466 ] ], [ [ 746937.806766297784634, 1960291.688362170476466 ], [ 746947.338129797484726, 1960291.806296938331798 ] ], [ [ 746947.338129797484726, 1960291.806296938331798 ], [ 746956.869493795442395, 1960291.924236267805099 ] ], [ [ 746966.400858291657642, 1960292.04218015843071 ], [ 746975.93222328776028, 1960292.160128610674292 ] ], [ [ 746975.93222328776028, 1960292.160128610674292 ], [ 746985.340513514005579, 1960302.223141882568598 ] ], [ [ 746994.748794115148485, 1960312.286160830408335 ], [ 747004.157065091421828, 1960322.34918545675464 ] ], [ [ 747004.157065091421828, 1960322.34918545675464 ], [ 747013.565326443989761, 1960332.41221576044336 ] ], [ [ 747013.565326443989761, 1960332.41221576044336 ], [ 747023.096674893749878, 1960332.530189098324627 ] ], [ [ 747023.096674893749878, 1960332.530189098324627 ], [ 747032.504922359017655, 1960342.593230159953237 ] ], [ [ 747032.504922359017655, 1960342.593230159953237 ], [ 747042.036267045186833, 1960342.711213141214103 ] ], [ [ 747070.507182974601164, 1960353.010254770051688 ], [ 747080.038524896837771, 1960353.128256516298279 ] ], [ [ 747080.038524896837771, 1960353.128256516298279 ], [ 747089.446736069861799, 1960363.19132925895974 ] ], [ [ 747098.97807422990445, 1960363.309340648120269 ], [ 747108.50941288867034, 1960363.427356598898768 ] ], [ [ 747108.50941288867034, 1960363.427356598898768 ], [ 747118.040752046043053, 1960363.545377110596746 ] ], [ [ 747118.040752046043053, 1960363.545377110596746 ], [ 747127.572091703535989, 1960363.663402183912694 ] ], [ [ 747127.572091703535989, 1960363.663402183912694 ], [ 747137.103431858355179, 1960363.781431818613783 ] ], [ [ 747137.103431858355179, 1960363.781431818613783 ], [ 747146.634772510267794, 1960363.89946601470001 ] ], [ [ 747146.634772510267794, 1960363.89946601470001 ], [ 747156.042948492453434, 1960373.962574925506487 ] ], [ [ 747156.042948492453434, 1960373.962574925506487 ], [ 747165.574285385198891, 1960374.080618764506653 ] ], [ [ 747165.574285385198891, 1960374.080618764506653 ], [ 747175.105622775387019, 1960374.19866716535762 ] ], [ [ 747175.105622775387019, 1960374.19866716535762 ], [ 747184.513780610752292, 1960384.261791917029768 ] ], [ [ 747184.513780610752292, 1960384.261791917029768 ], [ 747194.04511423909571, 1960384.379849961027503 ] ], [ [ 747194.04511423909571, 1960384.379849961027503 ], [ 747203.453258189605549, 1960394.442985472036526 ] ], [ [ 747203.453258189605549, 1960394.442985472036526 ], [ 747212.984588056337088, 1960394.561053159181029 ] ], [ [ 747212.984588056337088, 1960394.561053159181029 ], [ 747222.392718119197525, 1960404.62419943138957 ] ], [ [ 747222.392718119197525, 1960404.62419943138957 ], [ 747231.924044224084355, 1960404.742276761680841 ] ], [ [ 747231.924044224084355, 1960404.742276761680841 ], [ 747241.455370829207823, 1960404.860358653590083 ] ], [ [ 747241.455370829207823, 1960404.860358653590083 ], [ 747250.863482743967324, 1960414.92352076806128 ] ], [ [ 747250.863482743967324, 1960414.92352076806128 ], [ 747260.271585034322925, 1960424.986688559642062 ] ], [ [ 747260.271585034322925, 1960424.986688559642062 ], [ 747269.679677699110471, 1960435.049862031126395 ] ], [ [ 747269.679677699110471, 1960435.049862031126395 ], [ 747279.210992021369748, 1960435.167963731102645 ] ], [ [ 747279.210992021369748, 1960435.167963731102645 ], [ 747288.742306841304526, 1960435.286069991998374 ] ], [ [ 747288.742306841304526, 1960435.286069991998374 ], [ 747298.273622160195373, 1960435.404180814744905 ] ], [ [ 747298.273622160195373, 1960435.404180814744905 ], [ 747307.681692417478189, 1960445.467375210486352 ] ], [ [ 747307.681692417478189, 1960445.467375210486352 ], [ 747317.089753050007857, 1960455.530575284967199 ] ], [ [ 747317.089753050007857, 1960455.530575284967199 ], [ 747326.497804055456072, 1960465.593781037954614 ] ], [ [ 747326.497804055456072, 1960465.593781037954614 ], [ 747326.374547158135101, 1960475.538861318491399 ] ], [ [ 747326.374547158135101, 1960475.538861318491399 ], [ 747335.782583171967417, 1960485.602073347428814 ] ], [ [ 747335.782583171967417, 1960485.602073347428814 ], [ 747345.190609559649602, 1960495.665291055105627 ] ], [ [ 747345.190609559649602, 1960495.665291055105627 ], [ 747354.598626319901086, 1960505.728514441289008 ] ], [ [ 747354.598626319901086, 1960505.728514441289008 ], [ 747364.12991181621328, 1960505.846660840325058 ] ], [ [ 747364.12991181621328, 1960505.846660840325058 ], [ 747373.66119781031739, 1960505.964811800979078 ] ], [ [ 747373.66119781031739, 1960505.964811800979078 ], [ 747383.192484303610399, 1960506.082967323251069 ] ], [ [ 747383.192484303610399, 1960506.082967323251069 ], [ 747392.600478658685461, 1960516.146211636252701 ] ], [ [ 747392.600478658685461, 1960516.146211636252701 ], [ 747402.131761390599422, 1960516.264376802835613 ] ], [ [ 747402.131761390599422, 1960516.264376802835613 ], [ 747411.663044621585868, 1960516.382546531502157 ] ], [ [ 747411.663044621585868, 1960516.382546531502157 ], [ 747421.194328351994045, 1960516.500720821786672 ] ], [ [ 747421.194328351994045, 1960516.500720821786672 ], [ 747430.602300299098715, 1960526.563986061373726 ] ], [ [ 747430.602300299098715, 1960526.563986061373726 ], [ 747440.01026261865627, 1960536.6272569806315 ] ], [ [ 747440.01026261865627, 1960536.6272569806315 ], [ 747449.418215311598033, 1960546.690533579559997 ] ], [ [ 747449.418215311598033, 1960546.690533579559997 ], [ 747458.82615837699268, 1960556.753815857460722 ] ], [ [ 747458.82615837699268, 1960556.753815857460722 ], [ 747468.357425564550795, 1960556.872015040600672 ] ], [ [ 747468.357425564550795, 1960556.872015040600672 ], [ 747477.765354745322838, 1960566.935308081097901 ] ], [ [ 747477.765354745322838, 1960566.935308081097901 ], [ 747487.296618171734735, 1960567.053516908083111 ] ], [ [ 747487.296618171734735, 1960567.053516908083111 ], [ 747496.827882097568363, 1960567.171730297151953 ] ], [ [ 747496.827882097568363, 1960567.171730297151953 ], [ 747506.359146523987874, 1960567.289948247838765 ] ], [ [ 747506.359146523987874, 1960567.289948247838765 ], [ 747515.890411448664963, 1960567.408170760376379 ] ], [ [ 747515.890411448664963, 1960567.408170760376379 ], [ 747525.421676872763783, 1960567.526397834997624 ] ], [ [ 747525.421676872763783, 1960567.526397834997624 ], [ 747534.952942796284333, 1960567.644629471702501 ] ], [ [ 747544.484209220507182, 1960567.762865669326857 ], [ 747554.015476142987609, 1960567.881106429500505 ] ], [ [ 747554.015476142987609, 1960567.881106429500505 ], [ 747563.546743563725613, 1960567.999351750826463 ] ], [ [ 747563.546743563725613, 1960567.999351750826463 ], [ 747573.078011485049501, 1960568.117601634701714 ] ], [ [ 747573.078011485049501, 1960568.117601634701714 ], [ 747582.609279906260781, 1960568.235856079729274 ] ], [ [ 747582.609279906260781, 1960568.235856079729274 ], [ 747592.14054882817436, 1960568.354115087073296 ] ], [ [ 747592.14054882817436, 1960568.354115087073296 ], [ 747601.671818248461932, 1960568.472378656035289 ] ], [ [ 747601.671818248461932, 1960568.472378656035289 ], [ 747611.20308816828765, 1960568.590646786848083 ] ], [ [ 747611.20308816828765, 1960568.590646786848083 ], [ 747620.734358589164913, 1960568.708919479744509 ] ], [ [ 747620.734358589164913, 1960568.708919479744509 ], [ 747630.14221423631534, 1960578.772294444963336 ] ], [ [ 747630.14221423631534, 1960578.772294444963336 ], [ 747639.550060256733559, 1960588.835675091017038 ] ], [ [ 747639.550060256733559, 1960588.835675091017038 ], [ 747649.08132265531458, 1960588.95396251231432 ] ], [ [ 747649.08132265531458, 1960588.95396251231432 ], [ 747658.612585555063561, 1960589.072254494763911 ] ], [ [ 747658.612585555063561, 1960589.072254494763911 ], [ 747668.020413426915184, 1960599.135650987736881 ] ], [ [ 747668.020413426915184, 1960599.135650987736881 ], [ 747677.428231673198752, 1960609.199053160846233 ] ], [ [ 747677.428231673198752, 1960609.199053160846233 ], [ 747686.836040292633697, 1960619.262461015023291 ] ], [ [ 747686.836040292633697, 1960619.262461015023291 ], [ 747696.367290909867734, 1960619.380772809963673 ] ], [ [ 747696.367290909867734, 1960619.380772809963673 ], [ 747705.898542028386146, 1960619.499089166289195 ] ], [ [ 747705.898542028386146, 1960619.499089166289195 ], [ 747715.429793645394966, 1960619.61741008493118 ] ], [ [ 747715.429793645394966, 1960619.61741008493118 ], [ 747724.961045762174763, 1960619.735735566122457 ] ], [ [ 747724.961045762174763, 1960619.735735566122457 ], [ 747734.49229838012252, 1960619.854065608466044 ] ], [ [ 747734.49229838012252, 1960619.854065608466044 ], [ 747744.023551496677101, 1960619.972400213126093 ] ], [ [ 747744.023551496677101, 1960619.972400213126093 ], [ 747753.554805113235489, 1960620.090739379171282 ] ], [ [ 747753.554805113235489, 1960620.090739379171282 ], [ 747763.086059229564853, 1960620.209083107765764 ] ], [ [ 747763.086059229564853, 1960620.209083107765764 ], [ 747772.617313844501041, 1960620.327431398211047 ] ], [ [ 747772.617313844501041, 1960620.327431398211047 ], [ 747782.025074496748857, 1960630.390890684444457 ] ], [ [ 747782.025074496748857, 1960630.390890684444457 ], [ 747791.432825520518236, 1960640.454355651978403 ] ], [ [ 747791.432825520518236, 1960640.454355651978403 ], [ 747800.840566917089745, 1960650.517826300347224 ] ], [ [ 747800.840566917089745, 1960650.517826300347224 ], [ 747800.717061110888608, 1960660.462934005307034 ] ], [ [ 747800.717061110888608, 1960660.462934005307034 ], [ 747810.124787513166666, 1960670.52641093195416 ] ], [ [ 747810.124787513166666, 1960670.52641093195416 ], [ 747819.532504289527424, 1960680.589893540367484 ] ], [ [ 747819.532504289527424, 1960680.589893540367484 ], [ 747829.063733345130458, 1960680.708272332791239 ] ], [ [ 747829.063733345130458, 1960680.708272332791239 ], [ 747838.594962900853716, 1960680.826655687997118 ] ], [ [ 747838.594962900853716, 1960680.826655687997118 ], [ 747848.002661529462785, 1960690.890154144726694 ] ], [ [ 747848.002661529462785, 1960690.890154144726694 ], [ 747847.879129494074732, 1960700.83526476053521 ] ], [ [ 747847.879129494074732, 1960700.83526476053521 ], [ 747857.286813126760535, 1960710.898769497172907 ] ], [ [ 747857.286813126760535, 1960710.898769497172907 ], [ 747866.694487131899223, 1960720.962279914878309 ] ], [ [ 747866.694487131899223, 1960720.962279914878309 ], [ 747876.225699645699933, 1960721.080683605512604 ] ], [ [ 747876.225699645699933, 1960721.080683605512604 ], [ 747885.756912660901435, 1960721.199091858230531 ] ], [ [ 747885.756912660901435, 1960721.199091858230531 ], [ 747895.288126177620143, 1960721.317504672799259 ] ], [ [ 747895.288126177620143, 1960721.317504672799259 ], [ 747904.819340193411335, 1960721.435922050150111 ] ], [ [ 747904.819340193411335, 1960721.435922050150111 ], [ 747914.350554709206335, 1960721.554343989118934 ] ], [ [ 747914.350554709206335, 1960721.554343989118934 ], [ 747923.881769725354388, 1960721.672770490637049 ] ], [ [ 747923.881769725354388, 1960721.672770490637049 ], [ 747933.412985243019648, 1960721.791201553773135 ] ], [ [ 747933.412985243019648, 1960721.791201553773135 ], [ 747942.944201259524561, 1960721.909637179924175 ] ], [ [ 747942.944201259524561, 1960721.909637179924175 ], [ 747952.475417776382528, 1960722.028077367460355 ] ], [ [ 747962.006634794874117, 1960722.146522117778659 ], [ 747971.537852312321775, 1960722.264971429947764 ] ], [ [ 747971.537852312321775, 1960722.264971429947764 ], [ 747971.661447445629165, 1960712.319853876717389 ] ], [ [ 747990.723893500864506, 1960712.556765143992379 ], [ 748000.255117279593833, 1960712.675227620638907 ] ], [ [ 748000.255117279593833, 1960712.675227620638907 ], [ 748009.786341560306028, 1960712.793694659369066 ] ], [ [ 748009.786341560306028, 1960712.793694659369066 ], [ 748019.317566339974292, 1960712.912166259950027 ] ], [ [ 748019.317566339974292, 1960712.912166259950027 ], [ 748028.725167925120331, 1960722.975763109046966 ] ], [ [ 748028.725167925120331, 1960722.975763109046966 ], [ 748028.601543622557074, 1960732.920883869985119 ] ], [ [ 748028.601543622557074, 1960732.920883869985119 ], [ 748028.477918712538667, 1960742.866004707058892 ] ], [ [ 748028.477918712538667, 1960742.866004707058892 ], [ 748028.354293195065111, 1960752.811125619569793 ] ], [ [ 748028.354293195065111, 1960752.811125619569793 ], [ 748028.230667069903575, 1960762.756246607983485 ] ], [ [ 748028.230667069903575, 1960762.756246607983485 ], [ 748037.638237555627711, 1960772.819851530017331 ] ], [ [ 748037.638237555627711, 1960772.819851530017331 ], [ 748047.04579841485247, 1960782.883462134981528 ] ], [ [ 748047.04579841485247, 1960782.883462134981528 ], [ 748056.453349644667469, 1960792.947078421479091 ] ], [ [ 748056.453349644667469, 1960792.947078421479091 ], [ 748056.329706807853654, 1960802.892201279522851 ] ], [ [ 748056.329706807853654, 1960802.892201279522851 ], [ 748056.20606336358469, 1960812.837324212538078 ] ], [ [ 748056.20606336358469, 1960812.837324212538078 ], [ 748056.082419311627746, 1960822.782447221921757 ] ], [ [ 748056.082419311627746, 1960822.782447221921757 ], [ 748065.489944808883592, 1960832.846070984611288 ] ], [ [ 748065.489944808883592, 1960832.846070984611288 ], [ 748074.897460679290816, 1960842.90970043069683 ] ], [ [ 748074.897460679290816, 1960842.90970043069683 ], [ 748084.30496691877488, 1960852.973335559247062 ] ], [ [ 748084.30496691877488, 1960852.973335559247062 ], [ 748093.836129056056961, 1960853.091850969940424 ] ], [ [ 748093.836129056056961, 1960853.091850969940424 ], [ 748103.2436214084737, 1960863.155496866209432 ] ], [ [ 748103.2436214084737, 1960863.155496866209432 ], [ 748112.651104132412001, 1960873.219148445175961 ] ], [ [ 748112.651104132412001, 1960873.219148445175961 ], [ 748122.182258251588792, 1960873.33767858799547 ] ], [ [ 748122.182258251588792, 1960873.33767858799547 ], [ 748131.713412870070897, 1960873.456213293131441 ] ], [ [ 748131.713412870070897, 1960873.456213293131441 ], [ 748141.244567989255302, 1960873.574752561049536 ] ], [ [ 748141.244567989255302, 1960873.574752561049536 ], [ 748150.775723609142005, 1960873.693296391516924 ] ], [ [ 748150.775723609142005, 1960873.693296391516924 ], [ 748160.183179665822536, 1960883.756973993498832 ] ], [ [ 748160.183179665822536, 1960883.756973993498832 ], [ 748169.714331526192836, 1960883.875527471071109 ] ], [ [ 748169.714331526192836, 1960883.875527471071109 ], [ 748179.245483887498267, 1960883.99408551142551 ] ], [ [ 748179.245483887498267, 1960883.99408551142551 ], [ 748188.776636748109013, 1960884.112648113863543 ] ], [ [ 748188.776636748109013, 1960884.112648113863543 ], [ 748198.30779011209961, 1960884.231215279782191 ] ], [ [ 748198.30779011209961, 1960884.231215279782191 ], [ 748207.838943975744769, 1960884.34978700755164 ] ], [ [ 748207.838943975744769, 1960884.34978700755164 ], [ 748217.370098340092227, 1960884.468363297870383 ] ], [ [ 748217.370098340092227, 1960884.468363297870383 ], [ 748226.777519207098521, 1960894.532077092910185 ] ], [ [ 748226.777519207098521, 1960894.532077092910185 ], [ 748226.653784601134248, 1960904.477210110984743 ] ], [ [ 748226.653784601134248, 1960904.477210110984743 ], [ 748236.061190472100861, 1960914.54093018732965 ] ], [ [ 748236.061190472100861, 1960914.54093018732965 ], [ 748235.93744988925755, 1960924.486063878750429 ] ], [ [ 748235.93744988925755, 1960924.486063878750429 ], [ 748235.813708698144183, 1960934.431197645608336 ] ], [ [ 748235.813708698144183, 1960934.431197645608336 ], [ 748245.221094201435335, 1960944.494924602564424 ] ], [ [ 748245.221094201435335, 1960944.494924602564424 ], [ 748254.628470075665973, 1960954.558657242450863 ] ], [ [ 748254.628470075665973, 1960954.558657242450863 ], [ 748264.035836320952512, 1960964.622395566897467 ] ], [ [ 748264.035836320952512, 1960964.622395566897467 ], [ 748273.566955605288967, 1960964.741003413684666 ] ], [ [ 748273.566955605288967, 1960964.741003413684666 ], [ 748283.098075389396399, 1960964.85961582348682 ] ], [ [ 748283.098075389396399, 1960964.85961582348682 ], [ 748292.505423484253697, 1960974.923370001604781 ] ], [ [ 748292.505423484253697, 1960974.923370001604781 ], [ 748301.91276195156388, 1960984.987129864282906 ] ], [ [ 748301.91276195156388, 1960984.987129864282906 ], [ 748311.443873717915267, 1960985.105757007142529 ] ], [ [ 748311.443873717915267, 1960985.105757007142529 ], [ 748320.851198295946233, 1960995.169527638936415 ] ], [ [ 748320.851198295946233, 1960995.169527638936415 ], [ 748320.72740999981761, 1961005.114666639594361 ] ], [ [ 748320.72740999981761, 1961005.114666639594361 ], [ 748330.134719579480588, 1961015.178443553857505 ] ], [ [ 748330.134719579480588, 1961015.178443553857505 ], [ 748339.542019529733807, 1961025.242226152215153 ] ], [ [ 748339.542019529733807, 1961025.242226152215153 ], [ 748349.073114256141707, 1961025.360873637720942 ] ], [ [ 748349.073114256141707, 1961025.360873637720942 ], [ 748358.480400317115709, 1961035.424667004495859 ] ], [ [ 748358.480400317115709, 1961035.424667004495859 ], [ 748367.887676748679951, 1961045.488466056762263 ] ], [ [ 748367.887676748679951, 1961045.488466056762263 ], [ 748377.418763454887085, 1961045.607128277420998 ] ], [ [ 748377.418763454887085, 1961045.607128277420998 ], [ 748386.826025998219848, 1961055.670938099501655 ] ], [ [ 748386.826025998219848, 1961055.670938099501655 ], [ 748396.357108944328502, 1961055.789609968429431 ] ], [ [ 748396.357108944328502, 1961055.789609968429431 ], [ 748405.88819239276927, 1961055.908286399906501 ] ], [ [ 748405.88819239276927, 1961055.908286399906501 ], [ 748415.295436785323545, 1961065.97211207728833 ] ], [ [ 748415.295436785323545, 1961065.97211207728833 ], [ 748415.171596619766206, 1961075.917256837012246 ] ], [ [ 748415.171596619766206, 1961075.917256837012246 ], [ 748424.578826014418155, 1961085.981088798260316 ] ], [ [ 748424.578826014418155, 1961085.981088798260316 ], [ 748433.986045777914114, 1961096.044926443370059 ] ], [ [ 748443.393255911767483, 1961106.108769775135443 ], [ 748452.80045641574543, 1961116.172618790064007 ] ], [ [ 748452.80045641574543, 1961116.172618790064007 ], [ 748462.331514305667952, 1961116.291325737023726 ] ], [ [ 748490.800809681182727, 1961126.592623278964311 ], [ 748500.331864813808352, 1961126.711349001619965 ] ], [ [ 748500.331864813808352, 1961126.711349001619965 ], [ 748509.739029018091969, 1961136.775229732040316 ] ], [ [ 748509.739029018091969, 1961136.775229732040316 ], [ 748519.270080392016098, 1961136.893965103663504 ] ], [ [ 748519.270080392016098, 1961136.893965103663504 ], [ 748528.801132267573848, 1961137.012705038767308 ] ], [ [ 748528.801132267573848, 1961137.012705038767308 ], [ 748538.20827832329087, 1961147.076601624954492 ] ], [ [ 748538.20827832329087, 1961147.076601624954492 ], [ 748538.084371391916648, 1961157.021753790089861 ] ], [ [ 748538.084371391916648, 1961157.021753790089861 ], [ 748537.960463851806708, 1961166.966906030662358 ] ], [ [ 748537.960463851806708, 1961166.966906030662358 ], [ 748537.836555702844635, 1961176.91205834550783 ] ], [ [ 748537.836555702844635, 1961176.91205834550783 ], [ 748537.712646945263259, 1961186.857210737420246 ] ], [ [ 748547.119761888636276, 1961196.921115405624732 ], [ 748556.52686720166821, 1961206.985025757458061 ] ], [ [ 748556.52686720166821, 1961206.985025757458061 ], [ 748565.933962884359062, 1961217.048941796645522 ] ], [ [ 748565.933962884359062, 1961217.048941796645522 ], [ 748565.810037406859919, 1961226.994096060283482 ] ], [ [ 748565.810037406859919, 1961226.994096060283482 ], [ 748575.21711809001863, 1961237.058018382871523 ] ], [ [ 748575.21711809001863, 1961237.058018382871523 ], [ 748584.624189141206443, 1961247.121946390951052 ] ], [ [ 748584.624189141206443, 1961247.121946390951052 ], [ 748594.031250561936758, 1961257.185880084754899 ] ], [ [ 748594.031250561936758, 1961257.185880084754899 ], [ 748603.438302350463346, 1961267.249819464283064 ] ], [ [ 748603.438302350463346, 1961267.249819464283064 ], [ 748603.314354782109149, 1961277.194976199185476 ] ], [ [ 748603.314354782109149, 1961277.194976199185476 ], [ 748612.721391572151333, 1961287.258921863045543 ] ], [ [ 748612.721391572151333, 1961287.258921863045543 ], [ 748622.128418729873374, 1961297.322873212629929 ] ], [ [ 748622.128418729873374, 1961297.322873212629929 ], [ 748631.535436257021502, 1961307.386830248637125 ] ], [ [ 748631.535436257021502, 1961307.386830248637125 ], [ 748640.942444153130054, 1961317.450792969437316 ] ], [ [ 748640.942444153130054, 1961317.450792969437316 ], [ 748650.349442419596016, 1961327.51476137759164 ] ], [ [ 748650.349442419596016, 1961327.51476137759164 ], [ 748650.225467388285324, 1961337.45992118306458 ] ], [ [ 748659.63245065161027, 1961347.523895875085145 ], [ 748669.039424283662811, 1961357.587876253994182 ] ], [ [ 748669.039424283662811, 1961357.587876253994182 ], [ 748678.570379428681917, 1961357.706700715702027 ] ], [ [ 748678.570379428681917, 1961357.706700715702027 ], [ 748688.10133507673163, 1961357.825529740890488 ] ], [ [ 748688.10133507673163, 1961357.825529740890488 ], [ 748697.508290557307191, 1961367.889525979291648 ] ], [ [ 748697.508290557307191, 1961367.889525979291648 ], [ 748706.915236405213363, 1961377.953527904348448 ] ], [ [ 748706.915236405213363, 1961377.953527904348448 ], [ 748716.446184033411555, 1961378.072371667250991 ] ], [ [ 748716.446184033411555, 1961378.072371667250991 ], [ 748725.977132164640352, 1961378.191219993634149 ] ], [ [ 748725.977132164640352, 1961378.191219993634149 ], [ 748735.508080796222202, 1961378.310072883730754 ] ], [ [ 748735.508080796222202, 1961378.310072883730754 ], [ 748745.039029929670505, 1961378.428930337540805 ] ], [ [ 748745.039029929670505, 1961378.428930337540805 ], [ 748754.445949107175693, 1961388.49295829795301 ] ], [ [ 748754.445949107175693, 1961388.49295829795301 ], [ 748754.321918040048331, 1961398.438124315813184 ] ], [ [ 748754.321918040048331, 1961398.438124315813184 ], [ 748763.728822216042317, 1961408.502158562419936 ] ], [ [ 748763.728822216042317, 1961408.502158562419936 ], [ 748763.604785168194212, 1961418.447325255721807 ] ], [ [ 748763.604785168194212, 1961418.447325255721807 ], [ 748763.480747511144727, 1961428.392492024693638 ] ], [ [ 748763.480747511144727, 1961428.392492024693638 ], [ 748763.356709244428203, 1961438.337658869102597 ] ], [ [ 748772.639543426106684, 1961458.346868118736893 ], [ 748782.046406851965003, 1961468.410916135646403 ] ], [ [ 748782.046406851965003, 1961468.410916135646403 ], [ 748781.92235662357416, 1961478.356084329774603 ] ], [ [ 748810.142872995231301, 1961508.548264298122376 ], [ 748819.673764236737043, 1961508.66716507030651 ] ], [ [ 748819.673764236737043, 1961508.66716507030651 ], [ 748829.204655980225652, 1961508.786070405971259 ] ], [ [ 748829.204655980225652, 1961508.786070405971259 ], [ 748838.611466987640597, 1961518.850151944439858 ] ], [ [ 748838.611466987640597, 1961518.850151944439858 ], [ 748838.48738513875287, 1961528.795323658967391 ] ], [ [ 748838.48738513875287, 1961528.795323658967391 ], [ 748847.894181140814908, 1961538.85941148432903 ] ], [ [ 748847.894181140814908, 1961538.85941148432903 ], [ 748857.300967510906048, 1961548.923504997044802 ] ], [ [ 748857.300967510906048, 1961548.923504997044802 ], [ 748866.70774424856063, 1961558.987604197580367 ] ], [ [ 748866.70774424856063, 1961558.987604197580367 ], [ 748866.583645674400032, 1961568.93277778592892 ] ], [ [ 748866.583645674400032, 1961568.93277778592892 ], [ 748875.990407409146428, 1961578.996883272659034 ] ], [ [ 748875.990407409146428, 1961578.996883272659034 ], [ 748875.866302853450179, 1961588.942057536449283 ] ], [ [ 748875.866302853450179, 1961588.942057536449283 ], [ 748885.273049582378007, 1961599.006169310305268 ] ], [ [ 748885.273049582378007, 1961599.006169310305268 ], [ 748885.148939044796862, 1961608.951344249537215 ] ], [ [ 748874.625223765615374, 1961688.393804334336892 ], [ 748865.094415234867483, 1961688.274866749998182 ] ], [ [ 748865.094415234867483, 1961688.274866749998182 ], [ 748864.970308735850267, 1961698.220041322056204 ] ], [ [ 748864.970308735850267, 1961698.220041322056204 ], [ 748855.43950547138229, 1961698.101107777561992 ] ], [ [ 748855.43950547138229, 1961698.101107777561992 ], [ 748855.315403125365265, 1961708.046281900489703 ] ], [ [ 748855.315403125365265, 1961708.046281900489703 ], [ 748845.784605125547387, 1961707.927352396771312 ] ], [ [ 748845.784605125547387, 1961707.927352396771312 ], [ 748845.660506932763383, 1961717.872526072431356 ] ], [ [ 748836.129714197595604, 1961717.753600608557463 ], [ 748836.005620158044621, 1961727.698773834854364 ] ], [ [ 748836.005620158044621, 1961727.698773834854364 ], [ 748835.881525508826599, 1961737.643947137752548 ] ], [ [ 748835.881525508826599, 1961737.643947137752548 ], [ 748835.757430250290781, 1961747.589120515855029 ] ], [ [ 748835.757430250290781, 1961747.589120515855029 ], [ 748826.226652304059826, 1961747.470198045251891 ] ], [ [ 748826.226652304059826, 1961747.470198045251891 ], [ 748826.102561198640615, 1961757.415370975621045 ] ], [ [ 748826.102561198640615, 1961757.415370975621045 ], [ 748816.571788518573157, 1961757.296452545560896 ] ], [ [ 748816.571788518573157, 1961757.296452545560896 ], [ 748816.447701566619799, 1961767.241625027731061 ] ], [ [ 748816.447701566619799, 1961767.241625027731061 ], [ 748806.91693415120244, 1961767.122710638446733 ] ], [ [ 748806.91693415120244, 1961767.122710638446733 ], [ 748806.792851352598518, 1961777.067882672185078 ] ], [ [ 748806.792851352598518, 1961777.067882672185078 ], [ 748797.262089203344658, 1961776.94897232321091 ] ], [ [ 748797.262089203344658, 1961776.94897232321091 ], [ 748787.731327553396113, 1961776.830066539114341 ] ], [ [ 748787.731327553396113, 1961776.830066539114341 ], [ 748787.607253670925274, 1961786.77523760125041 ] ], [ [ 748787.607253670925274, 1961786.77523760125041 ], [ 748778.076497287140228, 1961786.65633585723117 ] ], [ [ 748778.076497287140228, 1961786.65633585723117 ], [ 748777.952427558251657, 1961796.601506470935419 ] ], [ [ 748777.952427558251657, 1961796.601506470935419 ], [ 748768.421676439116709, 1961796.482608768157661 ] ], [ [ 748768.421676439116709, 1961796.482608768157661 ], [ 748758.890925821848214, 1961796.363715629791841 ] ], [ [ 748758.890925821848214, 1961796.363715629791841 ], [ 748749.360175704816356, 1961796.244827055605128 ] ], [ [ 748749.360175704816356, 1961796.244827055605128 ], [ 748739.829426091164351, 1961796.125943046063185 ] ], [ [ 748739.829426091164351, 1961796.125943046063185 ], [ 748730.298676979145966, 1961796.007063600933179 ] ], [ [ 748730.298676979145966, 1961796.007063600933179 ], [ 748720.767928368994035, 1961795.888188720680773 ] ], [ [ 748720.767928368994035, 1961795.888188720680773 ], [ 748711.237180259195156, 1961795.769318404141814 ] ], [ [ 748711.237180259195156, 1961795.769318404141814 ], [ 748701.706432652543299, 1961795.650452652480453 ] ], [ [ 748701.706432652543299, 1961795.650452652480453 ], [ 748692.299712411593646, 1961785.586425563553348 ] ], [ [ 748692.299712411593646, 1961785.586425563553348 ], [ 748682.76896104530897, 1961785.467569463886321 ] ], [ [ 748682.76896104530897, 1961785.467569463886321 ], [ 748673.238210179377347, 1961785.348717929096892 ] ], [ [ 748663.707459816359915, 1961785.229870958253741 ], [ 748654.17670995509252, 1961785.111028552055359 ] ], [ [ 748654.17670995509252, 1961785.111028552055359 ], [ 748644.645960595342331, 1961784.992190710268915 ] ], [ [ 748644.645960595342331, 1961784.992190710268915 ], [ 748644.521957546938211, 1961794.937353994231671 ] ], [ [ 748644.521957546938211, 1961794.937353994231671 ], [ 748634.991213450324722, 1961794.818520193453878 ] ], [ [ 748634.991213450324722, 1961794.818520193453878 ], [ 748634.8672145557357, 1961804.763683030381799 ] ], [ [ 748634.8672145557357, 1961804.763683030381799 ], [ 748634.743215052294545, 1961814.708845942281187 ] ], [ [ 748634.743215052294545, 1961814.708845942281187 ], [ 748625.21248098439537, 1961814.590015659341589 ] ], [ [ 748625.21248098439537, 1961814.590015659341589 ], [ 748625.088485634769313, 1961824.535178124438971 ] ], [ [ 748624.964489676174708, 1961834.480340664274991 ], [ 748615.433765635709278, 1961834.361513898940757 ] ], [ [ 748615.433765635709278, 1961834.361513898940757 ], [ 748615.309773831046186, 1961844.30667599174194 ] ], [ [ 748605.407090276479721, 1961874.023338429396972 ], [ 748595.87638628971763, 1961873.904518699739128 ] ], [ [ 748595.87638628971763, 1961873.904518699739128 ], [ 748595.752401575329714, 1961883.849680048413575 ] ], [ [ 748595.752401575329714, 1961883.849680048413575 ], [ 748586.221702856011689, 1961883.730864360230044 ] ], [ [ 748586.221702856011689, 1961883.730864360230044 ], [ 748586.097722295671701, 1961893.67602526047267 ] ], [ [ 748586.097722295671701, 1961893.67602526047267 ], [ 748576.567028839606792, 1961893.557213613996282 ] ], [ [ 748576.567028839606792, 1961893.557213613996282 ], [ 748576.443052433547564, 1961903.502374067669734 ] ], [ [ 748576.443052433547564, 1961903.502374067669734 ], [ 748566.912364241899922, 1961903.383566461736336 ] ], [ [ 748566.912364241899922, 1961903.383566461736336 ], [ 748566.788391990121454, 1961913.328726467909291 ] ], [ [ 748566.788391990121454, 1961913.328726467909291 ], [ 748566.664419129490852, 1961923.273886548588052 ] ], [ [ 748566.540445660008118, 1961933.219046705635265 ], [ 748557.009772257995792, 1961933.100242095533758 ] ], [ [ 748557.009772257995792, 1961933.100242095533758 ], [ 748556.885802942793816, 1961943.045401805313304 ] ], [ [ 748556.885802942793816, 1961943.045401805313304 ], [ 748547.355134806712158, 1961942.926601236220449 ] ], [ [ 748547.355134806712158, 1961942.926601236220449 ], [ 748547.231169645907357, 1961952.871760498499498 ] ], [ [ 748547.231169645907357, 1961952.871760498499498 ], [ 748537.700506774475798, 1961952.752963970648125 ] ], [ [ 748537.700506774475798, 1961952.752963970648125 ], [ 748537.576545768184587, 1961962.698122785426676 ] ], [ [ 748537.576545768184587, 1961962.698122785426676 ], [ 748537.452584153041244, 1961972.643281675176695 ] ], [ [ 748537.452584153041244, 1961972.643281675176695 ], [ 748537.328621929045767, 1961982.588440640829504 ] ], [ [ 748537.328621929045767, 1961982.588440640829504 ], [ 748527.797973848879337, 1961982.469647108810022 ] ], [ [ 748527.797973848879337, 1961982.469647108810022 ], [ 748527.674015779513866, 1961992.414805627195165 ] ], [ [ 748527.674015779513866, 1961992.414805627195165 ], [ 748527.550057101296261, 1962002.359964220784605 ] ], [ [ 748527.17817741422914, 1962032.195440456504002 ], [ 748527.054216300952248, 1962042.14059935300611 ] ], [ [ 748527.054216300952248, 1962042.14059935300611 ], [ 748526.930254578823224, 1962052.085758324945346 ] ], [ [ 748526.930254578823224, 1962052.085758324945346 ], [ 748526.806292248191312, 1962062.030917372554541 ] ], [ [ 748526.806292248191312, 1962062.030917372554541 ], [ 748526.682329308590852, 1962071.976076496299356 ] ], [ [ 748526.682329308590852, 1962071.976076496299356 ], [ 748526.558365760254674, 1962081.921235695714131 ] ], [ [ 748526.558365760254674, 1962081.921235695714131 ], [ 748526.434401603182778, 1962091.866394970566034 ] ], [ [ 748526.434401603182778, 1962091.866394970566034 ], [ 748526.310436837258749, 1962101.811554320622236 ] ], [ [ 748526.310436837258749, 1962101.811554320622236 ], [ 748526.186471462715417, 1962111.756713746814057 ] ], [ [ 748526.186471462715417, 1962111.756713746814057 ], [ 748526.062505479203537, 1962121.701873248210177 ] ], [ [ 748526.062505479203537, 1962121.701873248210177 ], [ 748525.938538886955939, 1962131.647032825974748 ] ], [ [ 748525.938538886955939, 1962131.647032825974748 ], [ 748525.814571686089039, 1962141.592192478943616 ] ], [ [ 748525.814571686089039, 1962141.592192478943616 ], [ 748525.690603876370005, 1962151.537352207582444 ] ], [ [ 748525.690603876370005, 1962151.537352207582444 ], [ 748525.566635457798839, 1962161.482512011891231 ] ], [ [ 748525.566635457798839, 1962161.482512011891231 ], [ 748525.442666430491954, 1962171.427671892102808 ] ], [ [ 748525.442666430491954, 1962171.427671892102808 ], [ 748525.318696794449352, 1962181.372831848217174 ] ], [ [ 748524.078966951812617, 1962280.824435565620661 ], [ 748523.954990619327873, 1962290.769596353871748 ] ], [ [ 748523.954990619327873, 1962290.769596353871748 ], [ 748523.831013678107411, 1962300.714757217559963 ] ], [ [ 748523.831013678107411, 1962300.714757217559963 ], [ 748523.707036128034815, 1962310.659918156918138 ] ], [ [ 748523.707036128034815, 1962310.659918156918138 ], [ 748523.583057969342917, 1962320.605079171946272 ] ], [ [ 748523.583057969342917, 1962320.605079171946272 ], [ 748523.459079201798886, 1962330.550240262178704 ] ], [ [ 748523.459079201798886, 1962330.550240262178704 ], [ 748523.335099825402722, 1962340.495401428779587 ] ], [ [ 748523.335099825402722, 1962340.495401428779587 ], [ 748523.211119840387255, 1962350.440562671050429 ] ], [ [ 748523.211119840387255, 1962350.440562671050429 ], [ 748523.08713924663607, 1962360.385723987827078 ] ], [ [ 748523.08713924663607, 1962360.385723987827078 ], [ 748522.963158043916337, 1962370.330885381205007 ] ], [ [ 748522.963158043916337, 1962370.330885381205007 ], [ 748522.839176232577302, 1962380.276046850020066 ] ], [ [ 748522.839176232577302, 1962380.276046850020066 ], [ 748522.715193812386133, 1962390.221208395203575 ] ], [ [ 748522.715193812386133, 1962390.221208395203575 ], [ 748522.591210783575661, 1962400.166370015125722 ] ], [ [ 748522.591210783575661, 1962400.166370015125722 ], [ 748513.060763283399865, 1962400.047559077618644 ] ], [ [ 748513.060763283399865, 1962400.047559077618644 ], [ 748512.936784410150722, 1962409.992720250738785 ] ], [ [ 748512.936784410150722, 1962409.992720250738785 ], [ 748512.812804928049445, 1962419.937881499761716 ] ], [ [ 748512.812804928049445, 1962419.937881499761716 ], [ 748512.688824837328866, 1962429.883042823290452 ] ], [ [ 748512.688824837328866, 1962429.883042823290452 ], [ 748512.564844137756154, 1962439.828204223420471 ] ], [ [ 748512.564844137756154, 1962439.828204223420471 ], [ 748503.034416197799146, 1962439.70939575927332 ] ], [ [ 748503.034416197799146, 1962439.70939575927332 ], [ 748502.910439653787762, 1962449.654556711902842 ] ], [ [ 748502.910439653787762, 1962449.654556711902842 ], [ 748502.78646250127349, 1962459.599717740435153 ] ], [ [ 748502.78646250127349, 1962459.599717740435153 ], [ 748502.662484739907086, 1962469.544878843938932 ] ], [ [ 748502.662484739907086, 1962469.544878843938932 ], [ 748502.538506369804963, 1962479.490040023811162 ] ], [ [ 748502.538506369804963, 1962479.490040023811162 ], [ 748502.414527391199954, 1962489.435201278887689 ] ], [ [ 748502.414527391199954, 1962489.435201278887689 ], [ 748492.884123774478212, 1962489.316394765861332 ] ], [ [ 748492.388220830704086, 1962529.097038451116532 ], [ 748501.794623366789892, 1962539.161008690018207 ] ], [ [ 748501.794623366789892, 1962539.161008690018207 ], [ 748501.670640735770576, 1962549.10617039911449 ] ], [ [ 748501.670640735770576, 1962549.10617039911449 ], [ 748501.546657496131957, 1962559.051332184579223 ] ], [ [ 748501.546657496131957, 1962559.051332184579223 ], [ 748501.422673647641204, 1962568.996494044549763 ] ], [ [ 748501.422673647641204, 1962568.996494044549763 ], [ 748501.298689190414734, 1962578.941655980888754 ] ], [ [ 748500.926732166903093, 1962608.777142243459821 ], [ 748510.333087451988831, 1962618.841122361132875 ] ], [ [ 748510.333087451988831, 1962618.841122361132875 ], [ 748519.739433101378381, 1962628.905108165927231 ] ], [ [ 748519.739433101378381, 1962628.905108165927231 ], [ 748519.615435462328605, 1962638.850271602161229 ] ], [ [ 748519.615435462328605, 1962638.850271602161229 ], [ 748519.491437214426696, 1962648.795435114065185 ] ], [ [ 748519.491437214426696, 1962648.795435114065185 ], [ 748519.367438357789069, 1962658.740598701871932 ] ], [ [ 748519.119438818423077, 1962678.630926104029641 ], [ 748528.52574796078261, 1962688.694920591078699 ] ], [ [ 748528.52574796078261, 1962688.694920591078699 ], [ 748528.401741904206574, 1962698.640085004270077 ] ], [ [ 748528.153727964614518, 1962718.530414058128372 ], [ 748537.560011348221451, 1962728.594416029052809 ] ], [ [ 748537.560011348221451, 1962728.594416029052809 ], [ 748537.435998091241345, 1962738.539581268327311 ] ], [ [ 748546.470206917962059, 1962778.439087494043633 ], [ 748555.876449531409889, 1962788.503103236900643 ] ], [ [ 748555.876449531409889, 1962788.503103236900643 ], [ 748555.752423091325909, 1962798.44826997583732 ] ], [ [ 748555.752423091325909, 1962798.44826997583732 ], [ 748555.628396042389795, 1962808.393436791142449 ] ], [ [ 748555.628396042389795, 1962808.393436791142449 ], [ 748565.034618268255144, 1962818.457459419034421 ] ], [ [ 748565.034618268255144, 1962818.457459419034421 ], [ 748564.910585236269981, 1962828.402626908849925 ] ], [ [ 748564.910585236269981, 1962828.402626908849925 ], [ 748574.316792449681088, 1962838.46665582456626 ] ], [ [ 748574.316792449681088, 1962838.46665582456626 ], [ 748574.19275343476329, 1962848.411823988426477 ] ], [ [ 748574.19275343476329, 1962848.411823988426477 ], [ 748574.068713810993358, 1962858.356992227956653 ] ], [ [ 748574.068713810993358, 1962858.356992227956653 ], [ 748583.474900636239909, 1962868.421028029872105 ] ], [ [ 748583.474900636239909, 1962868.421028029872105 ], [ 748583.350855029188097, 1962878.366196944378316 ] ], [ [ 748583.350855029188097, 1962878.366196944378316 ], [ 748592.757026844425127, 1962888.430239033186808 ] ], [ [ 748592.757026844425127, 1962888.430239033186808 ], [ 748592.632975253975019, 1962898.375408622203395 ] ], [ [ 748592.508923054672778, 1962908.320578286191449 ], [ 748601.915074481163174, 1962918.38462726213038 ] ], [ [ 748601.915074481163174, 1962918.38462726213038 ], [ 748601.791016298229806, 1962928.329797600395977 ] ], [ [ 748601.791016298229806, 1962928.329797600395977 ], [ 748611.197152711683884, 1962938.39385286392644 ] ], [ [ 748611.197152711683884, 1962938.39385286392644 ], [ 748611.073088545352221, 1962948.339023877633736 ] ], [ [ 748611.073088545352221, 1962948.339023877633736 ], [ 748620.479209945304319, 1962958.4030854285229 ] ], [ [ 748620.479209945304319, 1962958.4030854285229 ], [ 748629.885321707814001, 1962968.46715266793035 ] ], [ [ 748629.885321707814001, 1962968.46715266793035 ], [ 748639.291423829854466, 1962978.531225596787408 ] ], [ [ 748639.291423829854466, 1962978.531225596787408 ], [ 748639.167342930682935, 1962988.476398482453078 ] ], [ [ 748648.449343156069517, 1963008.485651260009035 ], [ 748657.855415250523947, 1963018.549736764514819 ] ], [ [ 748657.855415250523947, 1963018.549736764514819 ], [ 748657.731322383624502, 1963028.49491099989973 ] ], [ [ 748657.731322383624502, 1963028.49491099989973 ], [ 748667.137379465391859, 1963038.559002792229876 ] ], [ [ 748667.137379465391859, 1963038.559002792229876 ], [ 748676.543426906690001, 1963048.623100274708122 ] ], [ [ 748676.543426906690001, 1963048.623100274708122 ], [ 748676.419322680681944, 1963058.568275783676654 ] ], [ [ 748676.419322680681944, 1963058.568275783676654 ], [ 748685.825355106033385, 1963068.632379553979263 ] ], [ [ 748685.825355106033385, 1963068.632379553979263 ], [ 748695.231377893360332, 1963078.696489014197141 ] ], [ [ 748695.231377893360332, 1963078.696489014197141 ], [ 748695.107262308010831, 1963088.641665796749294 ] ], [ [ 748695.107262308010831, 1963088.641665796749294 ], [ 748704.513270082185045, 1963098.705781545257196 ] ], [ [ 748704.513270082185045, 1963098.705781545257196 ], [ 748713.919268215307966, 1963108.769902982749045 ] ], [ [ 748713.919268215307966, 1963108.769902982749045 ], [ 748723.325256708776578, 1963118.834030110156164 ] ], [ [ 748723.325256708776578, 1963118.834030110156164 ], [ 748723.201124388724566, 1963128.779208765598014 ] ], [ [ 748723.201124388724566, 1963128.779208765598014 ], [ 748723.076991459471174, 1963138.724387496709824 ] ], [ [ 748723.076991459471174, 1963138.724387496709824 ], [ 748732.482959562563337, 1963148.788521511945873 ] ], [ [ 748732.482959562563337, 1963148.788521511945873 ], [ 748741.888918027165346, 1963158.852661217330024 ] ], [ [ 748741.888918027165346, 1963158.852661217330024 ], [ 748741.764773737872019, 1963168.797841222491115 ] ], [ [ 748741.764773737872019, 1963168.797841222491115 ], [ 748751.170717185828835, 1963178.861987216165289 ] ], [ [ 748751.170717185828835, 1963178.861987216165289 ], [ 748760.57665099366568, 1963188.926138900453225 ] ], [ [ 748760.57665099366568, 1963188.926138900453225 ], [ 748769.982575161615387, 1963198.990296274190769 ] ], [ [ 748769.982575161615387, 1963198.990296274190769 ], [ 748779.388489690609276, 1963209.054459337610751 ] ], [ [ 748779.388489690609276, 1963209.054459337610751 ], [ 748788.794394576922059, 1963219.118628091644496 ] ], [ [ 748788.794394576922059, 1963219.118628091644496 ], [ 748798.20028982416261, 1963229.182802536292002 ] ], [ [ 748798.20028982416261, 1963229.182802536292002 ], [ 748807.606175431283191, 1963239.246982669923455 ] ], [ [ 748807.606175431283191, 1963239.246982669923455 ], [ 748807.481992903281935, 1963249.192166945198551 ] ], [ [ 748807.481992903281935, 1963249.192166945198551 ], [ 748816.887863495387137, 1963259.256353368284181 ] ], [ [ 748816.887863495387137, 1963259.256353368284181 ], [ 748826.293724445975386, 1963269.320545482449234 ] ], [ [ 748826.293724445975386, 1963269.320545482449234 ], [ 748835.699575755861588, 1963279.384743286762387 ] ], [ [ 748835.699575755861588, 1963279.384743286762387 ], [ 748845.105417425278574, 1963289.44894678122364 ] ], [ [ 748845.105417425278574, 1963289.44894678122364 ], [ 748844.981212784303352, 1963299.394133528927341 ] ], [ [ 748844.981212784303352, 1963299.394133528927341 ], [ 748854.387039438355714, 1963309.458343313774094 ] ], [ [ 748854.387039438355714, 1963309.458343313774094 ], [ 748863.792856450541876, 1963319.522558789234608 ] ], [ [ 748863.792856450541876, 1963319.522558789234608 ], [ 748863.66864044778049, 1963329.467746811453253 ] ], [ [ 748901.29179058293812, 1963369.724668016191572 ], [ 748910.697554014390334, 1963379.788912544259802 ] ], [ [ 748910.697554014390334, 1963379.788912544259802 ], [ 748920.103307804558426, 1963389.853162763640285 ] ], [ [ 748920.103307804558426, 1963389.853162763640285 ], [ 748929.509051955188625, 1963399.917418673401698 ] ], [ [ 748929.509051955188625, 1963399.917418673401698 ], [ 748939.039045476354659, 1963400.036487456178293 ] ], [ [ 748939.039045476354659, 1963400.036487456178293 ], [ 748948.569039499619976, 1963400.155560807557777 ] ], [ [ 748948.569039499619976, 1963400.155560807557777 ], [ 748957.974765478051268, 1963410.219832591712475 ] ], [ [ 748957.974765478051268, 1963410.219832591712475 ], [ 748967.380481816711836, 1963420.284110067645088 ] ], [ [ 748967.380481816711836, 1963420.284110067645088 ], [ 748976.786188512691297, 1963430.348393234424293 ] ], [ [ 748976.786188512691297, 1963430.348393234424293 ], [ 748986.191885567270219, 1963440.41268209181726 ] ], [ [ 748986.191885567270219, 1963440.41268209181726 ], [ 748995.59757297905162, 1963450.476976641220972 ] ], [ [ 748995.59757297905162, 1963450.476976641220972 ], [ 749005.003250752110034, 1963460.541276881936938 ] ], [ [ 749005.003250752110034, 1963460.541276881936938 ], [ 749014.533219689154066, 1963460.660385351162404 ] ], [ [ 749014.533219689154066, 1963460.660385351162404 ], [ 749023.938883554539643, 1963470.7246963751968 ] ], [ [ 749023.938883554539643, 1963470.7246963751968 ], [ 749033.344537778291851, 1963480.78901309100911 ] ], [ [ 749033.344537778291851, 1963480.78901309100911 ], [ 749042.874498689430766, 1963480.908136311220005 ] ], [ [ 749042.874498689430766, 1963480.908136311220005 ], [ 749052.28013900690712, 1963490.972463809885085 ] ], [ [ 749052.28013900690712, 1963490.972463809885085 ], [ 749061.685769682517275, 1963501.036797001259401 ] ], [ [ 749061.685769682517275, 1963501.036797001259401 ], [ 749071.091390716494061, 1963511.101135883945972 ] ], [ [ 749071.091390716494061, 1963511.101135883945972 ], [ 749080.497002109885216, 1963521.165480459341779 ] ], [ [ 749080.497002109885216, 1963521.165480459341779 ], [ 749089.902603860246018, 1963531.229830725351349 ] ], [ [ 749089.902603860246018, 1963531.229830725351349 ], [ 749099.432543947244994, 1963531.348983973963186 ] ], [ [ 749099.432543947244994, 1963531.348983973963186 ], [ 749108.838131790864281, 1963541.413345024455339 ] ], [ [ 749108.838131790864281, 1963541.413345024455339 ], [ 749118.243709993781522, 1963551.477711766958237 ] ], [ [ 749118.243709993781522, 1963551.477711766958237 ], [ 749127.773642054875381, 1963551.596879768418148 ] ], [ [ 749127.773642054875381, 1963551.596879768418148 ], [ 749137.179206349654123, 1963561.66125729563646 ] ], [ [ 749137.179206349654123, 1963561.66125729563646 ], [ 749146.709134648437612, 1963561.780434957239777 ] ], [ [ 749146.709134648437612, 1963561.780434957239777 ], [ 749156.114685037755407, 1963571.844823268707842 ] ], [ [ 749156.114685037755407, 1963571.844823268707842 ], [ 749165.644609574228525, 1963571.964010590454563 ] ], [ [ 749165.644609574228525, 1963571.964010590454563 ], [ 749175.174534613150172, 1963572.083202480804175 ] ], [ [ 749175.174534613150172, 1963572.083202480804175 ], [ 749184.704460154520348, 1963572.202398938592523 ] ], [ [ 749184.704460154520348, 1963572.202398938592523 ], [ 749194.234386199852452, 1963572.321599964750931 ] ], [ [ 749194.234386199852452, 1963572.321599964750931 ], [ 749203.639909885358065, 1963582.386014339048415 ] ], [ [ 749203.639909885358065, 1963582.386014339048415 ], [ 749203.515506415627897, 1963592.331223194254562 ] ], [ [ 749203.515506415627897, 1963592.331223194254562 ], [ 749203.391102335532196, 1963602.276432124199346 ] ], [ [ 749203.391102335532196, 1963602.276432124199346 ], [ 749203.266697644954547, 1963612.22164113051258 ] ], [ [ 749203.266697644954547, 1963612.22164113051258 ], [ 749203.142292343894951, 1963622.166850212961435 ] ], [ [ 749203.142292343894951, 1963622.166850212961435 ], [ 749203.017886432469822, 1963632.112059369683266 ] ], [ [ 749203.017886432469822, 1963632.112059369683266 ], [ 749202.893479910446331, 1963642.05726860370487 ] ], [ [ 749202.893479910446331, 1963642.05726860370487 ], [ 749212.298961689230055, 1963652.121692269807681 ] ], [ [ 749212.298961689230055, 1963652.121692269807681 ], [ 749221.704433825332671, 1963662.186121628852561 ] ], [ [ 749221.704433825332671, 1963662.186121628852561 ], [ 749231.10989632003475, 1963672.25055668130517 ] ], [ [ 749231.10989632003475, 1963672.25055668130517 ], [ 749240.639777203788981, 1963672.369785792427137 ] ], [ [ 749240.639777203788981, 1963672.369785792427137 ], [ 749250.169658590340987, 1963672.489019471686333 ] ], [ [ 749250.169658590340987, 1963672.489019471686333 ], [ 749259.57510291133076, 1963682.553470402490348 ] ], [ [ 749259.57510291133076, 1963682.553470402490348 ], [ 749268.980537590919994, 1963692.617927025072277 ] ], [ [ 749268.980537590919994, 1963692.617927025072277 ], [ 749268.856094034388661, 1963702.563140383455902 ] ], [ [ 749268.856094034388661, 1963702.563140383455902 ], [ 749268.731649867258966, 1963712.508353817276657 ] ], [ [ 749268.731649867258966, 1963712.508353817276657 ], [ 749268.607205089530908, 1963722.453567327233031 ] ], [ [ 749268.607205089530908, 1963722.453567327233031 ], [ 749268.482759701204486, 1963732.39878091099672 ] ], [ [ 749268.482759701204486, 1963732.39878091099672 ], [ 749268.358313702279702, 1963742.343994571827352 ] ], [ [ 749268.358313702279702, 1963742.343994571827352 ], [ 749268.233867092756554, 1963752.289208308327943 ] ], [ [ 749268.233867092756554, 1963752.289208308327943 ], [ 749268.109419872751459, 1963762.234422120032832 ] ], [ [ 749268.109419872751459, 1963762.234422120032832 ], [ 749267.984972042031586, 1963772.17963600740768 ] ], [ [ 749267.984972042031586, 1963772.17963600740768 ], [ 749277.390354052302428, 1963782.244103125296533 ] ], [ [ 749277.390354052302428, 1963782.244103125296533 ], [ 749277.265900232829154, 1963792.189317687880248 ] ], [ [ 749277.265900232829154, 1963792.189317687880248 ], [ 749277.141445802641101, 1963802.134532327065244 ] ], [ [ 749277.141445802641101, 1963802.134532327065244 ], [ 749277.016990761854686, 1963812.079747041687369 ] ], [ [ 749277.016990761854686, 1963812.079747041687369 ], [ 749276.892535110469908, 1963822.024961831513792 ] ], [ [ 749276.892535110469908, 1963822.024961831513792 ], [ 749276.768078848486766, 1963831.970176697475836 ] ], [ [ 749276.768078848486766, 1963831.970176697475836 ], [ 749286.173424323904328, 1963842.034652508096769 ] ], [ [ 749286.173424323904328, 1963842.034652508096769 ], [ 749286.04896207281854, 1963851.979868050431833 ] ], [ [ 749286.04896207281854, 1963851.979868050431833 ], [ 749285.924499211134389, 1963861.925083667738363 ] ], [ [ 749285.924499211134389, 1963861.925083667738363 ], [ 749285.800035738851875, 1963871.87029935978353 ] ], [ [ 749285.800035738851875, 1963871.87029935978353 ], [ 749285.675571655970998, 1963881.815515128197148 ] ], [ [ 749285.675571655970998, 1963881.815515128197148 ], [ 749285.551106962491758, 1963891.760730972746387 ] ], [ [ 749285.551106962491758, 1963891.760730972746387 ], [ 749285.42664165829774, 1963901.705946892034262 ] ], [ [ 749285.42664165829774, 1963901.705946892034262 ], [ 749275.896867917384952, 1963901.586682874709368 ] ], [ [ 749275.896867917384952, 1963901.586682874709368 ], [ 749275.772406770498492, 1963911.531898345099762 ] ], [ [ 749275.772406770498492, 1963911.531898345099762 ], [ 749275.647945013130084, 1963921.477113891858608 ] ], [ [ 749275.647945013130084, 1963921.477113891858608 ], [ 749266.118181310710497, 1963921.357853394234553 ] ], [ [ 749266.118181310710497, 1963921.357853394234553 ], [ 749265.993723710533231, 1963931.303068490931764 ] ], [ [ 749265.993723710533231, 1963931.303068490931764 ], [ 749265.869265499874018, 1963941.248283663997427 ] ], [ [ 749265.869265499874018, 1963941.248283663997427 ], [ 749256.33951183478348, 1963941.129026686074212 ] ], [ [ 749256.33951183478348, 1963941.129026686074212 ], [ 749256.215057781431824, 1963951.074241410475224 ] ], [ [ 749256.215057781431824, 1963951.074241410475224 ], [ 749246.685309388209134, 1963950.954988476587459 ] ], [ [ 749246.685309388209134, 1963950.954988476587459 ], [ 749246.560859492514282, 1963960.90020275185816 ] ], [ [ 749246.560859492514282, 1963960.90020275185816 ], [ 749237.031116369878873, 1963960.780953862471506 ] ], [ [ 749237.031116369878873, 1963960.780953862471506 ], [ 749236.906670631607994, 1963970.726167689543217 ] ], [ [ 749236.906670631607994, 1963970.726167689543217 ], [ 749236.782224282855168, 1963980.671381591120735 ] ], [ [ 749236.782224282855168, 1963980.671381591120735 ], [ 749236.657777323620394, 1963990.616595569066703 ] ], [ [ 749236.657777323620394, 1963990.616595569066703 ], [ 749227.128049007849768, 1963990.497349675279111 ] ], [ [ 749227.128049007849768, 1963990.497349675279111 ], [ 749227.003606206155382, 1964000.442563203861937 ] ], [ [ 749227.003606206155382, 1964000.442563203861937 ], [ 749217.473883159691468, 1964000.323321354808286 ] ], [ [ 749217.473883159691468, 1964000.323321354808286 ], [ 749217.349444515537471, 1964010.268534435424954 ] ], [ [ 749217.349444515537471, 1964010.268534435424954 ], [ 749207.819726741174236, 1964010.149296630639583 ] ], [ [ 749207.695292254793458, 1964020.094509262125939 ], [ 749207.570857158163562, 1964030.039721969049424 ] ], [ [ 749207.570857158163562, 1964030.039721969049424 ], [ 749207.446421450935304, 1964039.984934752108529 ] ], [ [ 749207.446421450935304, 1964039.984934752108529 ], [ 749207.321985133341514, 1964049.930147610837594 ] ], [ [ 749207.321985133341514, 1964049.930147610837594 ], [ 749216.727242138469592, 1964059.994600970530882 ] ], [ [ 749216.727242138469592, 1964059.994600970530882 ], [ 749216.602799831656739, 1964069.939814504468814 ] ], [ [ 749216.602799831656739, 1964069.939814504468814 ], [ 749216.478356914478354, 1964079.885028114775196 ] ], [ [ 749216.478356914478354, 1964079.885028114775196 ], [ 749225.88359351886902, 1964089.949488368118182 ] ], [ [ 749225.88359351886902, 1964089.949488368118182 ], [ 749225.759144612238742, 1964099.894702653866261 ] ], [ [ 749225.759144612238742, 1964099.894702653866261 ], [ 749225.634695095126517, 1964109.839917015051469 ] ], [ [ 749225.634695095126517, 1964109.839917015051469 ], [ 749225.510244967532344, 1964119.785131450742483 ] ], [ [ 749225.510244967532344, 1964119.785131450742483 ], [ 749234.91545578930527, 1964129.849599198438227 ] ], [ [ 749234.91545578930527, 1964129.849599198438227 ], [ 749234.790999672259204, 1964139.794814311200753 ] ], [ [ 749234.790999672259204, 1964139.794814311200753 ], [ 749234.666542944731191, 1964149.740029499167576 ] ], [ [ 749234.666542944731191, 1964149.740029499167576 ], [ 749244.071733363438398, 1964159.804504140047356 ] ], [ [ 749244.071733363438398, 1964159.804504140047356 ], [ 749243.947270646342076, 1964169.749720003455877 ] ], [ [ 749243.947270646342076, 1964169.749720003455877 ], [ 749243.822807318647392, 1964179.694935943000019 ] ], [ [ 749243.822807318647392, 1964179.694935943000019 ], [ 749253.227977334172465, 1964189.759417478460819 ] ], [ [ 749253.227977334172465, 1964189.759417478460819 ], [ 749253.103508016793057, 1964199.704634093446657 ] ], [ [ 749253.103508016793057, 1964199.704634093446657 ], [ 749262.508663009037264, 1964209.769121922785416 ] ], [ [ 749262.508663009037264, 1964209.769121922785416 ], [ 749262.384187701973133, 1964219.714339213212952 ] ], [ [ 749262.384187701973133, 1964219.714339213212952 ], [ 749271.789327668375336, 1964229.778833336895332 ] ], [ [ 749271.789327668375336, 1964229.778833336895332 ], [ 749271.664846371393651, 1964239.724051303463057 ] ], [ [ 749309.160784839536063, 1964289.927307581761852 ], [ 749318.565865819226019, 1964299.991831376682967 ] ], [ [ 749318.565865819226019, 1964299.991831376682967 ], [ 749327.97093715320807, 1964310.056360865011811 ] ], [ [ 749327.97093715320807, 1964310.056360865011811 ], [ 749337.375998842529953, 1964320.120896048378199 ] ], [ [ 749337.375998842529953, 1964320.120896048378199 ], [ 749346.781050884746946, 1964330.185436926782131 ] ], [ [ 749346.781050884746946, 1964330.185436926782131 ], [ 749346.656525330268778, 1964340.130659845890477 ] ], [ [ 749346.656525330268778, 1964340.130659845890477 ], [ 749356.061562346643768, 1964350.19520701887086 ] ], [ [ 749356.061562346643768, 1964350.19520701887086 ], [ 749365.466589717078023, 1964360.259759885957465 ] ], [ [ 749365.466589717078023, 1964360.259759885957465 ], [ 749374.871607442619279, 1964370.324318447383121 ] ], [ [ 749374.871607442619279, 1964370.324318447383121 ], [ 749374.747065138071775, 1964380.269543243339285 ] ], [ [ 749374.747065138071775, 1964380.269543243339285 ], [ 749384.152067836141214, 1964390.334108100039884 ] ], [ [ 749384.152067836141214, 1964390.334108100039884 ], [ 749393.557060888037086, 1964400.398678652476519 ] ], [ [ 749431.05236143595539, 1964450.602246282389387 ], [ 749440.457300875452347, 1964460.666845909319818 ] ], [ [ 749440.457300875452347, 1964460.666845909319818 ], [ 749449.86223066970706, 1964470.731451231520623 ] ], [ [ 749449.86223066970706, 1964470.731451231520623 ], [ 749459.267150815925561, 1964480.796062249457464 ] ], [ [ 749459.267150815925561, 1964480.796062249457464 ], [ 749468.672061315388419, 1964490.860678962199017 ] ], [ [ 749468.672061315388419, 1964490.860678962199017 ], [ 749478.076962167979218, 1964500.925301370443776 ] ], [ [ 749478.076962167979218, 1964500.925301370443776 ], [ 749477.952359459246509, 1964510.870532922213897 ] ], [ [ 749477.952359459246509, 1964510.870532922213897 ], [ 749487.357245285762474, 1964520.935161626432091 ] ], [ [ 749487.357245285762474, 1964520.935161626432091 ], [ 749496.762121464125812, 1964530.999796025687829 ] ], [ [ 749496.762121464125812, 1964530.999796025687829 ], [ 749506.166987993987277, 1964541.064436120213941 ] ], [ [ 749506.166987993987277, 1964541.064436120213941 ], [ 749515.571844878257252, 1964551.129081912105903 ] ], [ [ 749515.571844878257252, 1964551.129081912105903 ], [ 749524.976692116586491, 1964561.193733398104087 ] ], [ [ 749524.976692116586491, 1964561.193733398104087 ], [ 749534.381529706530273, 1964571.258390580071136 ] ], [ [ 749534.381529706530273, 1964571.258390580071136 ], [ 749543.786357649136335, 1964581.323053458239883 ] ], [ [ 749543.786357649136335, 1964581.323053458239883 ], [ 749553.315821698866785, 1964581.442485675681382 ] ], [ [ 749581.156247319770046, 1964641.472238471731544 ], [ 749590.561016263207421, 1964651.536931030685082 ] ], [ [ 749590.561016263207421, 1964651.536931030685082 ], [ 749599.965775560354814, 1964661.601629286073148 ] ], [ [ 749599.965775560354814, 1964661.601629286073148 ], [ 749609.495204470236786, 1964661.721093125641346 ] ], [ [ 749609.495204470236786, 1964661.721093125641346 ], [ 749618.899949851911515, 1964671.785802172729746 ] ], [ [ 749618.899949851911515, 1964671.785802172729746 ], [ 749628.304685585782863, 1964681.850516916252673 ] ], [ [ 749628.304685585782863, 1964681.850516916252673 ], [ 749637.834106468362734, 1964681.969995517749339 ] ], [ [ 749637.834106468362734, 1964681.969995517749339 ], [ 749647.363527852925472, 1964682.089478688547388 ] ], [ [ 749647.363527852925472, 1964682.089478688547388 ], [ 749656.892949740751646, 1964682.208966430742294 ] ], [ [ 749656.892949740751646, 1964682.208966430742294 ], [ 749666.422372131957673, 1964682.328458742704242 ] ], [ [ 749666.422372131957673, 1964682.328458742704242 ], [ 749675.951795027824119, 1964682.447955625131726 ] ], [ [ 749675.951795027824119, 1964682.447955625131726 ], [ 749685.356499781250022, 1964692.512701542815194 ] ], [ [ 749685.356499781250022, 1964692.512701542815194 ], [ 749685.231780525180511, 1964702.457946083042771 ] ], [ [ 749685.231780525180511, 1964702.457946083042771 ], [ 749685.107060657581314, 1964712.403190699405968 ] ], [ [ 749685.107060657581314, 1964712.403190699405968 ], [ 749684.982340178219602, 1964722.348435391206294 ] ], [ [ 749684.982340178219602, 1964722.348435391206294 ], [ 749675.452935859793797, 1964722.228931836783886 ] ], [ [ 749675.452935859793797, 1964722.228931836783886 ], [ 749675.32821953878738, 1964732.174176078988239 ] ], [ [ 749675.32821953878738, 1964732.174176078988239 ], [ 749665.798820492229424, 1964732.054676569765434 ] ], [ [ 749665.798820492229424, 1964732.054676569765434 ], [ 749665.674108329694718, 1964741.999920362140983 ] ], [ [ 749665.674108329694718, 1964741.999920362140983 ], [ 749656.144714557798579, 1964741.880424898350611 ] ], [ [ 749656.144714557798579, 1964741.880424898350611 ], [ 749656.020006553502753, 1964751.825668240897357 ] ], [ [ 749656.020006553502753, 1964751.825668240897357 ], [ 749655.895297937677242, 1964761.770911659114063 ] ], [ [ 749655.895297937677242, 1964761.770911659114063 ], [ 749655.770588710322045, 1964771.716155153466389 ] ], [ [ 749655.770588710322045, 1964771.716155153466389 ], [ 749655.645878871437162, 1964781.661398722790182 ] ], [ [ 749655.645878871437162, 1964781.661398722790182 ], [ 749665.05053834291175, 1964791.726140458369628 ] ], [ [ 749665.05053834291175, 1964791.726140458369628 ], [ 749664.925822510849684, 1964801.671384703600779 ] ], [ [ 749664.925822510849684, 1964801.671384703600779 ], [ 749674.330466953571886, 1964811.736132736317813 ] ], [ [ 749674.330466953571886, 1964811.736132736317813 ], [ 749683.735101746628061, 1964821.800886466400698 ] ], [ [ 749683.735101746628061, 1964821.800886466400698 ], [ 749693.139726890949532, 1964831.865645892219618 ] ], [ [ 749693.139726890949532, 1964831.865645892219618 ], [ 749702.544342386769131, 1964841.93041101610288 ] ], [ [ 749702.544342386769131, 1964841.93041101610288 ], [ 749711.948948233854026, 1964851.99518183618784 ] ], [ [ 749711.948948233854026, 1964851.99518183618784 ], [ 749721.353544432320632, 1964862.059958353638649 ] ], [ [ 749721.353544432320632, 1964862.059958353638649 ], [ 749730.758130981936119, 1964872.124740568455309 ] ], [ [ 749730.758130981936119, 1964872.124740568455309 ], [ 749740.162707882816903, 1964882.189528479706496 ] ], [ [ 749740.162707882816903, 1964882.189528479706496 ], [ 749749.567275136010721, 1964892.254322088789195 ] ], [ [ 749749.567275136010721, 1964892.254322088789195 ], [ 749759.096602390054613, 1964892.373871139483526 ] ], [ [ 749759.096602390054613, 1964892.373871139483526 ], [ 749768.501155726145953, 1964902.438675541663542 ] ], [ [ 749768.501155726145953, 1964902.438675541663542 ], [ 749768.376380693167448, 1964912.383926398353651 ] ], [ [ 749768.376380693167448, 1964912.383926398353651 ], [ 749777.780918998178095, 1964922.448737099533901 ] ], [ [ 749777.780918998178095, 1964922.448737099533901 ], [ 749777.6561379712075, 1964932.393988632364199 ] ], [ [ 749777.6561379712075, 1964932.393988632364199 ], [ 749787.060661246185191, 1964942.458805632311851 ] ], [ [ 749787.060661246185191, 1964942.458805632311851 ], [ 749796.465174870681949, 1964952.523628328694031 ] ], [ [ 749796.465174870681949, 1964952.523628328694031 ], [ 749805.869678845978342, 1964962.588456723373383 ] ], [ [ 749805.869678845978342, 1964962.588456723373383 ], [ 749815.274173170444556, 1964972.653290815418586 ] ], [ [ 749815.274173170444556, 1964972.653290815418586 ], [ 749824.678657848387957, 1964982.718130605760962 ] ], [ [ 749824.678657848387957, 1964982.718130605760962 ], [ 749824.553849297575653, 1964992.663385220337659 ] ], [ [ 749824.553849297575653, 1964992.663385220337659 ], [ 749833.95831894222647, 1965002.728231308748946 ] ], [ [ 749833.95831894222647, 1965002.728231308748946 ], [ 749843.362778937327676, 1965012.793083095690235 ] ], [ [ 749852.892053981428035, 1965012.912684161681682 ], [ 749862.296500061289407, 1965022.977546743117273 ] ], [ [ 749862.296500061289407, 1965022.977546743117273 ], [ 749871.700936490204185, 1965033.042415022384375 ] ], [ [ 749871.700936490204185, 1965033.042415022384375 ], [ 749881.105363269569352, 1965043.107289 ] ], [ [ 749881.105363269569352, 1965043.107289 ], [ 749890.509780399035662, 1965053.172168674413115 ] ], [ [ 749899.914187880116515, 1965063.237054048571736 ], [ 749909.443442092975602, 1965063.356685170438141 ] ], [ [ 749909.443442092975602, 1965063.356685170438141 ], [ 749918.847835654625669, 1965073.421581339789554 ] ], [ [ 749918.847835654625669, 1965073.421581339789554 ], [ 749928.252219567541033, 1965083.486483206506819 ] ], [ [ 749928.252219567541033, 1965083.486483206506819 ], [ 749937.781465751584619, 1965083.60612909286283 ] ], [ [ 749937.781465751584619, 1965083.60612909286283 ], [ 749947.185835747746751, 1965093.671041755238548 ] ], [ [ 749947.185835747746751, 1965093.671041755238548 ], [ 749956.590196093777195, 1965103.735960117075592 ] ], [ [ 749956.590196093777195, 1965103.735960117075592 ], [ 749966.119434246444143, 1965103.855620768852532 ] ], [ [ 749966.119434246444143, 1965103.855620768852532 ], [ 749975.523780676652677, 1965113.920549925882369 ] ], [ [ 749975.523780676652677, 1965113.920549925882369 ], [ 749984.928117455448955, 1965123.985484780976549 ] ], [ [ 749984.928117455448955, 1965123.985484780976549 ], [ 749994.332444584229961, 1965134.050425335299224 ] ], [ [ 749994.332444584229961, 1965134.050425335299224 ], [ 750003.736762062413618, 1965144.115371587919071 ] ], [ [ 750031.949656595475972, 1965174.310244539519772 ], [ 750041.353935472201556, 1965184.375213587889448 ] ], [ [ 750041.353935472201556, 1965184.375213587889448 ], [ 750050.883139994461089, 1965184.494919589953497 ] ], [ [ 750069.816605711472221, 1965194.679615105502307 ], [ 750079.345806973404251, 1965194.799335348187014 ] ], [ [ 750079.345806973404251, 1965194.799335348187014 ], [ 750088.750053749303333, 1965204.864331087330356 ] ], [ [ 750088.750053749303333, 1965204.864331087330356 ], [ 750098.154290873440914, 1965214.929332525935024 ] ], [ [ 750098.154290873440914, 1965214.929332525935024 ], [ 750107.558518346748315, 1965224.994339663768187 ] ], [ [ 750107.558518346748315, 1965224.994339663768187 ], [ 750116.962736169341952, 1965235.059352501062676 ] ], [ [ 750116.962736169341952, 1965235.059352501062676 ], [ 750126.366944339708425, 1965245.124371038051322 ] ], [ [ 750145.175331731792539, 1965265.254425209481269 ], [ 750154.579510950716212, 1965275.319460845086724 ] ], [ [ 750154.579510950716212, 1965275.319460845086724 ], [ 750163.983680519857444, 1965285.384502180619165 ] ], [ [ 750163.983680519857444, 1965285.384502180619165 ], [ 750173.512843883130699, 1965285.504272874444723 ] ], [ [ 750173.512843883130699, 1965285.504272874444723 ], [ 750182.916999532841146, 1965295.569325006799772 ] ], [ [ 750182.916999532841146, 1965295.569325006799772 ], [ 750192.321145531488582, 1965305.63438283931464 ] ], [ [ 750192.321145531488582, 1965305.63438283931464 ], [ 750201.725281880237162, 1965315.699446372222155 ] ], [ [ 750201.725281880237162, 1965315.699446372222155 ], [ 750211.129408576292917, 1965325.764515604590997 ] ], [ [ 750211.129408576292917, 1965325.764515604590997 ], [ 750220.533525621052831, 1965335.829590537585318 ] ], [ [ 750220.533525621052831, 1965335.829590537585318 ], [ 750229.937633013236336, 1965345.894671170273796 ] ], [ [ 750229.937633013236336, 1965345.894671170273796 ], [ 750239.466771278413944, 1965346.01447702338919 ] ], [ [ 750239.466771278413944, 1965346.01447702338919 ], [ 750248.99591004953254, 1965346.134287448832765 ] ], [ [ 750248.99591004953254, 1965346.134287448832765 ], [ 750258.399999257409945, 1965356.1993839784991 ] ], [ [ 750258.399999257409945, 1965356.1993839784991 ], [ 750267.804078813875094, 1965366.264486208325252 ] ], [ [ 750267.804078813875094, 1965366.264486208325252 ], [ 750277.20814872009214, 1965376.329594138544053 ] ], [ [ 750277.20814872009214, 1965376.329594138544053 ], [ 750286.612208973383531, 1965386.394707768689841 ] ], [ [ 750286.612208973383531, 1965386.394707768689841 ], [ 750296.141331179300323, 1965386.514543159166351 ] ], [ [ 750296.141331179300323, 1965386.514543159166351 ], [ 750305.545377513859421, 1965396.579667587997392 ] ], [ [ 750305.545377513859421, 1965396.579667587997392 ], [ 750314.949414198170416, 1965406.644797718152404 ] ], [ [ 750314.949414198170416, 1965406.644797718152404 ], [ 750324.353441229090095, 1965416.709933548467234 ] ], [ [ 750324.353441229090095, 1965416.709933548467234 ], [ 750333.882551137241535, 1965416.829788806149736 ] ], [ [ 750333.882551137241535, 1965416.829788806149736 ], [ 750343.28656424942892, 1965426.894935435848311 ] ], [ [ 750343.28656424942892, 1965426.894935435848311 ], [ 750352.690567709738389, 1965436.960087766638026 ] ], [ [ 750352.690567709738389, 1965436.960087766638026 ], [ 750362.094561519334093, 1965447.025245797121897 ] ], [ [ 750362.094561519334093, 1965447.025245797121897 ], [ 750371.498545675654896, 1965457.090409530326724 ] ], [ [ 750371.498545675654896, 1965457.090409530326724 ], [ 750380.902520179981366, 1965467.155578963225707 ] ], [ [ 750380.902520179981366, 1965467.155578963225707 ], [ 750390.431609260151163, 1965467.275464286096394 ] ], [ [ 750390.431609260151163, 1965467.275464286096394 ], [ 750399.960698843817227, 1965467.395354180829599 ] ], [ [ 750399.960698843817227, 1965467.395354180829599 ], [ 750409.489788932027295, 1965467.515248647890985 ] ], [ [ 750409.489788932027295, 1965467.515248647890985 ], [ 750418.893740983214229, 1965477.580439078388736 ] ], [ [ 750418.893740983214229, 1965477.580439078388736 ], [ 750428.422827310510911, 1965477.700343217002228 ] ], [ [ 750456.6346127478173, 1965507.895964012481272 ], [ 750466.163686777465045, 1965508.015888019232079 ] ], [ [ 750466.163686777465045, 1965508.015888019232079 ], [ 750475.567591686849482, 1965518.081111453007907 ] ], [ [ 750475.567591686849482, 1965518.081111453007907 ], [ 750485.096661954419687, 1965518.201045130845159 ] ], [ [ 750485.096661954419687, 1965518.201045130845159 ], [ 750494.50055294285994, 1965528.266279365168884 ] ], [ [ 750503.904434280237183, 1965538.331519301282242 ], [ 750513.433496518759057, 1965538.451467749895528 ] ], [ [ 750513.433496518759057, 1965538.451467749895528 ], [ 750522.962559262290597, 1965538.571420770371333 ] ], [ [ 750522.962559262290597, 1965538.571420770371333 ], [ 750532.366422411752865, 1965548.636676606722176 ] ], [ [ 750532.366422411752865, 1965548.636676606722176 ], [ 750541.770275909919292, 1965558.70193814416416 ] ], [ [ 750541.770275909919292, 1965558.70193814416416 ], [ 750551.174119752715342, 1965568.767205383395776 ] ], [ [ 750579.510820396360941, 1965589.017740058247 ], [ 750588.914631016668864, 1965599.083029503235593 ] ], [ [ 750588.914631016668864, 1965599.083029503235593 ], [ 750598.443669168278575, 1965599.203022264642641 ] ], [ [ 750598.443669168278575, 1965599.203022264642641 ], [ 750607.847465867293067, 1965609.268322511110455 ] ], [ [ 750607.847465867293067, 1965609.268322511110455 ], [ 750617.376500258455053, 1965609.38832494453527 ] ], [ [ 750617.376500258455053, 1965609.38832494453527 ], [ 750626.905535153346136, 1965609.508331949822605 ] ], [ [ 750626.905535153346136, 1965609.508331949822605 ], [ 750636.309313665376976, 1965619.573648097459227 ] ], [ [ 750636.309313665376976, 1965619.573648097459227 ], [ 750645.713082524482161, 1965629.638969947583973 ] ], [ [ 750645.713082524482161, 1965629.638969947583973 ], [ 750655.116841729148291, 1965639.704297500196844 ] ], [ [ 750655.116841729148291, 1965639.704297500196844 ], [ 750664.645864329766482, 1965639.824324377113953 ] ], [ [ 750683.703911043936387, 1965640.064391848398373 ], [ 750693.232935158885084, 1965640.184432442067191 ] ], [ [ 750693.232935158885084, 1965640.184432442067191 ], [ 750702.761959780473262, 1965640.304477608762681 ] ], [ [ 750702.761959780473262, 1965640.304477608762681 ], [ 750712.290984906023368, 1965640.424527347553521 ] ], [ [ 750712.290984906023368, 1965640.424527347553521 ], [ 750721.694708857336082, 1965650.489891201723367 ] ], [ [ 750721.694708857336082, 1965650.489891201723367 ], [ 750731.098423157003708, 1965660.555260758614168 ] ], [ [ 750731.098423157003708, 1965660.555260758614168 ], [ 750740.502127801766619, 1965670.620636017993093 ] ], [ [ 750759.434831355465576, 1965680.806091691367328 ], [ 750768.838512426707894, 1965690.871483456809074 ] ], [ [ 750768.838512426707894, 1965690.871483456809074 ], [ 750778.36751723010093, 1965690.991567840101197 ] ], [ [ 750778.36751723010093, 1965690.991567840101197 ], [ 750787.896522537455894, 1965691.111656796419993 ] ], [ [ 750787.896522537455894, 1965691.111656796419993 ], [ 750797.300185421714559, 1965701.177064464660361 ] ], [ [ 750797.300185421714559, 1965701.177064464660361 ], [ 750806.82918696757406, 1965701.297163093462586 ] ], [ [ 750806.82918696757406, 1965701.297163093462586 ], [ 750816.232835932751186, 1965711.362581565976143 ] ], [ [ 750816.232835932751186, 1965711.362581565976143 ], [ 750825.761833717464469, 1965711.482689867261797 ] ], [ [ 750825.761833717464469, 1965711.482689867261797 ], [ 750835.290832007769495, 1965711.602802741574124 ] ], [ [ 750835.290832007769495, 1965711.602802741574124 ], [ 750844.694462785730138, 1965721.668237117584795 ] ], [ [ 750844.694462785730138, 1965721.668237117584795 ], [ 750854.098083908669651, 1965731.733677196782082 ] ], [ [ 750854.098083908669651, 1965731.733677196782082 ], [ 750863.501695376355201, 1965741.799122979398817 ] ], [ [ 750863.501695376355201, 1965741.799122979398817 ], [ 750873.030681371805258, 1965741.919255726970732 ] ], [ [ 750901.366844784002751, 1965762.170322124613449 ], [ 750910.895823257276788, 1965762.290474218549207 ] ], [ [ 750910.895823257276788, 1965762.290474218549207 ], [ 750920.424802236026153, 1965762.410630884580314 ] ], [ [ 750920.424802236026153, 1965762.410630884580314 ], [ 750929.95378172211349, 1965762.530792124103755 ] ], [ [ 750929.95378172211349, 1965762.530792124103755 ], [ 750939.482761712512001, 1965762.650957936188206 ] ], [ [ 750939.482761712512001, 1965762.650957936188206 ], [ 750948.886318619479425, 1965772.716451433021575 ] ], [ [ 750948.886318619479425, 1965772.716451433021575 ], [ 750958.289865873986855, 1965782.781950633274391 ] ], [ [ 750958.289865873986855, 1965782.781950633274391 ], [ 750967.693403471726924, 1965792.847455538343638 ] ], [ [ 750967.693403471726924, 1965792.847455538343638 ], [ 750977.096931416541338, 1965802.912966147065163 ] ], [ [ 750977.096931416541338, 1965802.912966147065163 ], [ 750986.500449707382359, 1965812.978482459904626 ] ], [ [ 750986.500449707382359, 1965812.978482459904626 ], [ 750996.029408869799227, 1965813.098678347654641 ] ], [ [ 750996.029408869799227, 1965813.098678347654641 ], [ 751005.558368539554067, 1965813.218878808664158 ] ], [ [ 751005.558368539554067, 1965813.218878808664158 ], [ 751014.961868642829359, 1965823.284411027561873 ] ], [ [ 751043.548737884615548, 1965823.645055149449036 ], [ 751053.077695309999399, 1965823.765279002487659 ] ], [ [ 751053.077695309999399, 1965823.765279002487659 ], [ 751062.606653241207823, 1965823.885507428320125 ] ], [ [ 751062.606653241207823, 1965823.885507428320125 ], [ 751072.010122355306521, 1965833.951070856070146 ] ], [ [ 751072.010122355306521, 1965833.951070856070146 ], [ 751081.413581817760132, 1965844.016639987472445 ] ], [ [ 751081.413581817760132, 1965844.016639987472445 ], [ 751081.288086493150331, 1965853.961971095763147 ] ], [ [ 751081.288086493150331, 1965853.961971095763147 ], [ 751090.69153091206681, 1965864.027546536410227 ] ], [ [ 751090.69153091206681, 1965864.027546536410227 ], [ 751100.094965676427819, 1965874.093127682106569 ] ], [ [ 751100.094965676427819, 1965874.093127682106569 ], [ 751109.623902274528518, 1965874.213381612906232 ] ], [ [ 751109.623902274528518, 1965874.213381612906232 ], [ 751119.15283937996719, 1965874.333640116732568 ] ], [ [ 751119.15283937996719, 1965874.333640116732568 ], [ 751128.556255956413224, 1965884.399237168952823 ] ], [ [ 751128.556255956413224, 1965884.399237168952823 ], [ 751138.085189300123602, 1965884.519505347358063 ] ], [ [ 751138.085189300123602, 1965884.519505347358063 ], [ 751147.488591955276206, 1965894.58511320524849 ] ], [ [ 751147.488591955276206, 1965894.58511320524849 ], [ 751157.017521539703012, 1965894.705391058232635 ] ], [ [ 751157.017521539703012, 1965894.705391058232635 ], [ 751166.546451629139483, 1965894.825673483544961 ] ], [ [ 751166.546451629139483, 1965894.825673483544961 ], [ 751176.075382223236375, 1965894.945960482116789 ] ], [ [ 751176.075382223236375, 1965894.945960482116789 ], [ 751185.604313324904069, 1965895.066252053016797 ] ], [ [ 751185.604313324904069, 1965895.066252053016797 ], [ 751195.007689260412008, 1965905.13188602286391 ] ], [ [ 751195.007689260412008, 1965905.13188602286391 ], [ 751204.411055539618246, 1965915.1975256963633 ] ], [ [ 751204.411055539618246, 1965915.1975256963633 ], [ 751213.814412164036185, 1965925.263171076076105 ] ], [ [ 751213.814412164036185, 1965925.263171076076105 ], [ 751223.34333097236231, 1965925.383482524659485 ] ], [ [ 751223.34333097236231, 1965925.383482524659485 ], [ 751232.746673676650971, 1965935.449138711439446 ] ], [ [ 751232.746673676650971, 1965935.449138711439446 ], [ 751242.275588724529371, 1965935.56945983460173 ] ], [ [ 751242.275588724529371, 1965935.56945983460173 ], [ 751251.678917506011203, 1965945.635126827983186 ] ], [ [ 751251.678917506011203, 1965945.635126827983186 ], [ 751261.082236632471904, 1965955.700799526646733 ] ], [ [ 751261.082236632471904, 1965955.700799526646733 ], [ 751270.485546105192043, 1965965.766477931756526 ] ], [ [ 751270.485546105192043, 1965965.766477931756526 ], [ 751280.01444885856472, 1965965.886818933300674 ] ], [ [ 751280.01444885856472, 1965965.886818933300674 ], [ 751289.417744408128783, 1965975.952508145477623 ] ], [ [ 751289.417744408128783, 1965975.952508145477623 ], [ 751298.946643402567133, 1965976.072858821600676 ] ], [ [ 751298.946643402567133, 1965976.072858821600676 ], [ 751308.475542904925533, 1965976.1932140707504 ] ], [ [ 751308.475542904925533, 1965976.1932140707504 ], [ 751317.878820266341791, 1965986.258919191546738 ] ], [ [ 751317.878820266341791, 1965986.258919191546738 ], [ 751327.282087972387671, 1965996.324630019720644 ] ], [ [ 751327.282087972387671, 1965996.324630019720644 ], [ 751336.810979446629062, 1965996.44500004616566 ] ], [ [ 751336.810979446629062, 1965996.44500004616566 ], [ 751346.339871428906918, 1965996.565374645870179 ] ], [ [ 751355.743120946688578, 1966006.631101382663473 ], [ 751365.14636080909986, 1966016.696833825670183 ] ], [ [ 751365.14636080909986, 1966016.696833825670183 ], [ 751374.549591016024351, 1966026.762571975123137 ] ], [ [ 751374.549591016024351, 1966026.762571975123137 ], [ 751384.078470703680068, 1966026.882966453908011 ] ], [ [ 751384.078470703680068, 1966026.882966453908011 ], [ 751393.607350898440927, 1966027.003365505952388 ] ], [ [ 751393.607350898440927, 1966027.003365505952388 ], [ 751403.136231599375606, 1966027.123769131023437 ] ], [ [ 751403.136231599375606, 1966027.123769131023437 ], [ 751412.539439351297915, 1966037.189528292510659 ] ], [ [ 751412.539439351297915, 1966037.189528292510659 ], [ 751421.942637449130416, 1966047.255293161375448 ] ], [ [ 751421.942637449130416, 1966047.255293161375448 ], [ 751431.345825889729895, 1966057.321063736453652 ] ], [ [ 751516.602744876523502, 1966098.186468406813219 ], [ 751526.005863705882803, 1966108.252293028170243 ] ], [ [ 751526.005863705882803, 1966108.252293028170243 ], [ 751535.408972880686633, 1966118.318123355042189 ] ], [ [ 751535.408972880686633, 1966118.318123355042189 ], [ 751544.812072398024611, 1966128.383959389757365 ] ], [ [ 751544.812072398024611, 1966128.383959389757365 ], [ 751554.21516225929372, 1966138.449801131151617 ] ], [ [ 751554.21516225929372, 1966138.449801131151617 ], [ 751563.743999070022255, 1966138.570288322400302 ] ], [ [ 751563.743999070022255, 1966138.570288322400302 ], [ 751573.147075010114349, 1966148.636140874354169 ] ], [ [ 751573.147075010114349, 1966148.636140874354169 ], [ 751582.675908061326481, 1966148.756637742277235 ] ], [ [ 751582.675908061326481, 1966148.756637742277235 ], [ 751592.204741618130356, 1966148.877139183925465 ] ], [ [ 751592.204741618130356, 1966148.877139183925465 ], [ 751601.733575683319941, 1966148.997645198833197 ] ], [ [ 751601.733575683319941, 1966148.997645198833197 ], [ 751611.262410257128067, 1966149.118155788164586 ] ], [ [ 751611.262410257128067, 1966149.118155788164586 ], [ 751620.791245336527936, 1966149.238670950289816 ] ], [ [ 751620.791245336527936, 1966149.238670950289816 ], [ 751620.917030582786538, 1966139.293307518120855 ] ], [ [ 751630.445870942785405, 1966139.413826724980026 ], [ 751630.571660346118733, 1966129.468462839024141 ] ], [ [ 751630.571660346118733, 1966129.468462839024141 ], [ 751640.100505986833014, 1966129.588986090384424 ] ], [ [ 751640.100505986833014, 1966129.588986090384424 ], [ 751640.226299547124654, 1966119.643621749943122 ] ], [ [ 751640.226299547124654, 1966119.643621749943122 ], [ 751649.755150469718501, 1966119.764149044873193 ] ], [ [ 751649.755150469718501, 1966119.764149044873193 ], [ 751659.284001897904091, 1966119.884680913994089 ] ], [ [ 751659.284001897904091, 1966119.884680913994089 ], [ 751668.812853833427653, 1966120.005217355675995 ] ], [ [ 751668.812853833427653, 1966120.005217355675995 ], [ 751678.215893621905707, 1966130.071124829351902 ] ], [ [ 751678.215893621905707, 1966130.071124829351902 ], [ 751678.090080351335928, 1966140.016491361195222 ] ], [ [ 751678.090080351335928, 1966140.016491361195222 ], [ 751677.964266464230604, 1966149.961857969174162 ] ], [ [ 751677.964266464230604, 1966149.961857969174162 ], [ 751677.838451960473321, 1966159.907224653055891 ] ], [ [ 751677.838451960473321, 1966159.907224653055891 ], [ 751677.712636840296909, 1966169.852591412141919 ] ], [ [ 751677.712636840296909, 1966169.852591412141919 ], [ 751677.586821103701368, 1966179.797958246199414 ] ], [ [ 751677.586821103701368, 1966179.797958246199414 ], [ 751686.989824287244119, 1966189.863874450558797 ] ], [ [ 751686.989824287244119, 1966189.863874450558797 ], [ 751686.864002543850802, 1966199.809241964947432 ] ], [ [ 751686.864002543850802, 1966199.809241964947432 ], [ 751696.266990678152069, 1966209.875164482044056 ] ], [ [ 751696.266990678152069, 1966209.875164482044056 ], [ 751705.669969157199375, 1966219.941092707915232 ] ], [ [ 751705.669969157199375, 1966219.941092707915232 ], [ 751715.1987758934265, 1966220.061657311860472 ] ], [ [ 751715.1987758934265, 1966220.061657311860472 ], [ 751724.727583138272166, 1966220.182226489530876 ] ], [ [ 751724.727583138272166, 1966220.182226489530876 ], [ 751734.256390889175236, 1966220.302800240926445 ] ], [ [ 751734.256390889175236, 1966220.302800240926445 ], [ 751743.785199147299863, 1966220.423378566512838 ] ], [ [ 751743.785199147299863, 1966220.423378566512838 ], [ 751753.314007912878878, 1966220.543961465358734 ] ], [ [ 751753.314007912878878, 1966220.543961465358734 ], [ 751762.716955404612236, 1966230.609920914517716 ] ], [ [ 751762.716955404612236, 1966230.609920914517716 ], [ 751772.11989323864691, 1966240.675886071752757 ] ], [ [ 751772.11989323864691, 1966240.675886071752757 ], [ 751781.522821415681392, 1966250.741856938228011 ] ], [ [ 751781.522821415681392, 1966250.741856938228011 ], [ 751791.051617889665067, 1966250.862459720578045 ] ], [ [ 751791.051617889665067, 1966250.862459720578045 ], [ 751800.45453214365989, 1966260.928441397845745 ] ], [ [ 751800.45453214365989, 1966260.928441397845745 ], [ 751809.983324858709238, 1966261.049053857801482 ] ], [ [ 751809.983324858709238, 1966261.049053857801482 ], [ 751819.38622518943157, 1966271.115046347491443 ] ], [ [ 751819.38622518943157, 1966271.115046347491443 ], [ 751828.915014145779423, 1966271.235668485052884 ] ], [ [ 751828.915014145779423, 1966271.235668485052884 ], [ 751838.317900554626249, 1966281.301671786932275 ] ], [ [ 751838.317900554626249, 1966281.301671786932275 ], [ 751847.846685752156191, 1966281.422303601400927 ] ], [ [ 751847.846685752156191, 1966281.422303601400927 ], [ 751857.37547145714052, 1966281.542939990060404 ] ], [ [ 751857.37547145714052, 1966281.542939990060404 ], [ 751866.904257669695653, 1966281.663580952445045 ] ], [ [ 751866.904257669695653, 1966281.663580952445045 ], [ 751876.30712162272539, 1966291.729605272877961 ] ], [ [ 751876.30712162272539, 1966291.729605272877961 ], [ 751876.181198237231001, 1966301.674984133336693 ] ], [ [ 751876.181198237231001, 1966301.674984133336693 ], [ 751885.584047141019255, 1966311.741014767903835 ] ], [ [ 751885.584047141019255, 1966311.741014767903835 ], [ 751894.986886387574486, 1966321.80705111217685 ] ], [ [ 751894.986886387574486, 1966321.80705111217685 ], [ 751904.389715975499712, 1966331.873093165224418 ] ], [ [ 751904.389715975499712, 1966331.873093165224418 ], [ 751913.918480858206749, 1966331.993759646546096 ] ], [ [ 751913.918480858206749, 1966331.993759646546096 ], [ 751923.447246247087605, 1966332.114430701127276 ] ], [ [ 751923.447246247087605, 1966332.114430701127276 ], [ 751932.850057646515779, 1966342.180488670011982 ] ], [ [ 751932.850057646515779, 1966342.180488670011982 ], [ 751942.252859388710931, 1966352.246552349533886 ] ], [ [ 751942.252859388710931, 1966352.246552349533886 ], [ 751951.781616754131392, 1966352.36723818606697 ] ], [ [ 751951.781616754131392, 1966352.36723818606697 ], [ 751961.184404572471976, 1966362.433312678011134 ] ], [ [ 751961.184404572471976, 1966362.433312678011134 ], [ 751970.587182733463123, 1966372.499392878962681 ] ], [ [ 751970.587182733463123, 1966372.499392878962681 ], [ 751979.989951236872002, 1966382.565478790085763 ] ], [ [ 751979.989951236872002, 1966382.565478790085763 ], [ 751989.518696311162785, 1966382.686184512451291 ] ], [ [ 751989.518696311162785, 1966382.686184512451291 ], [ 751998.921450890717097, 1966392.752281236462295 ] ], [ [ 751998.921450890717097, 1966392.752281236462295 ], [ 751998.795459272107109, 1966402.697667739354074 ] ], [ [ 751998.795459272107109, 1966402.697667739354074 ], [ 752008.198198801255785, 1966412.763770778663456 ] ], [ [ 752008.198198801255785, 1966412.763770778663456 ], [ 752017.60092867386993, 1966422.829879527445883 ] ], [ [ 752017.60092867386993, 1966422.829879527445883 ], [ 752027.003648890065961, 1966432.895993986399844 ] ], [ [ 752027.003648890065961, 1966432.895993986399844 ], [ 752026.877640479709953, 1966442.841382381040603 ] ], [ [ 752026.877640479709953, 1966442.841382381040603 ], [ 752026.751631451887079, 1966452.786770850652829 ] ], [ [ 752026.751631451887079, 1966452.786770850652829 ], [ 752036.154331225785427, 1966462.852892230032012 ] ], [ [ 752036.154331225785427, 1966462.852892230032012 ], [ 752045.55702134151943, 1966472.919019319117069 ] ], [ [ 752045.55702134151943, 1966472.919019319117069 ], [ 752054.959701799089089, 1966482.985152118140832 ] ], [ [ 752054.959701799089089, 1966482.985152118140832 ], [ 752064.488403194700368, 1966483.105899734655395 ] ], [ [ 752064.488403194700368, 1966483.105899734655395 ], [ 752073.891069727833383, 1966493.172043348196894 ] ], [ [ 752073.891069727833383, 1966493.172043348196894 ], [ 752083.293726602918468, 1966503.238192671444267 ] ], [ [ 752083.293726602918468, 1966503.238192671444267 ], [ 752092.696373819722794, 1966513.304347704863176 ] ], [ [ 752092.696373819722794, 1966513.304347704863176 ], [ 752102.099011379526928, 1966523.370508448919281 ] ], [ [ 752102.099011379526928, 1966523.370508448919281 ], [ 752111.50163927837275, 1966533.436674901982769 ] ], [ [ 752111.50163927837275, 1966533.436674901982769 ], [ 752120.904257520101964, 1966543.502847066381946 ] ], [ [ 752120.904257520101964, 1966543.502847066381946 ], [ 752130.432933823904023, 1966543.623629885027185 ] ], [ [ 752130.432933823904023, 1966543.623629885027185 ], [ 752139.835538142127916, 1966553.689812865108252 ] ], [ [ 752139.835538142127916, 1966553.689812865108252 ], [ 752149.364210687577724, 1966553.810605362756178 ] ], [ [ 752149.364210687577724, 1966553.810605362756178 ], [ 752158.766801079618745, 1966563.876799156656489 ] ], [ [ 752158.766801079618745, 1966563.876799156656489 ], [ 752168.169381812913343, 1966573.942998661193997 ] ], [ [ 752168.169381812913343, 1966573.942998661193997 ], [ 752177.698046335252002, 1966574.063805943354964 ] ], [ [ 752177.698046335252002, 1966574.063805943354964 ], [ 752187.226711364462972, 1966574.184617799706757 ] ], [ [ 752187.226711364462972, 1966574.184617799706757 ], [ 752196.755376901710406, 1966574.305434230947867 ] ], [ [ 752196.755376901710406, 1966574.305434230947867 ], [ 752206.284042947227135, 1966574.426255236612633 ] ], [ [ 752206.284042947227135, 1966574.426255236612633 ], [ 752215.81270950101316, 1966574.547080816468224 ] ], [ [ 752215.81270950101316, 1966574.547080816468224 ], [ 752225.341376562952064, 1966574.667910970980301 ] ], [ [ 752225.341376562952064, 1966574.667910970980301 ], [ 752234.870044133160263, 1966574.788745699916035 ] ], [ [ 752234.870044133160263, 1966574.788745699916035 ], [ 752244.272585343802348, 1966584.854986650170758 ] ], [ [ 752244.272585343802348, 1966584.854986650170758 ], [ 752253.801249157404527, 1966584.975831059040502 ] ], [ [ 752253.801249157404527, 1966584.975831059040502 ], [ 752263.203776442795061, 1966595.042082824744284 ] ], [ [ 752263.203776442795061, 1966595.042082824744284 ], [ 752263.077638789545745, 1966604.987485683290288 ] ], [ [ 752263.077638789545745, 1966604.987485683290288 ], [ 752262.951500518480316, 1966614.932888617739081 ] ], [ [ 752262.951500518480316, 1966614.932888617739081 ], [ 752262.825361629482359, 1966624.87829162646085 ] ], [ [ 752262.825361629482359, 1966624.87829162646085 ], [ 752262.699222122319043, 1966634.82369471131824 ] ], [ [ 752262.699222122319043, 1966634.82369471131824 ], [ 752262.573081997572444, 1966644.769097869982943 ] ], [ [ 752262.573081997572444, 1966644.769097869982943 ], [ 752262.446941254544072, 1966654.714501105714589 ] ], [ [ 752262.446941254544072, 1966654.714501105714589 ], [ 752262.320799893816002, 1966664.659904416417703 ] ], [ [ 752262.320799893816002, 1966664.659904416417703 ], [ 752271.723279771860689, 1966674.72616613516584 ] ], [ [ 752271.723279771860689, 1966674.72616613516584 ], [ 752281.125749990576878, 1966684.792433564318344 ] ], [ [ 752281.125749990576878, 1966684.792433564318344 ], [ 752290.528210551594384, 1966694.858706705737859 ] ], [ [ 752290.528210551594384, 1966694.858706705737859 ], [ 752299.930661451769993, 1966704.924985558260232 ] ], [ [ 752299.930661451769993, 1966704.924985558260232 ], [ 752309.459271017694846, 1966705.045863781357184 ] ], [ [ 752309.459271017694846, 1966705.045863781357184 ], [ 752318.861707990872674, 1966715.112153451191261 ] ], [ [ 752318.861707990872674, 1966715.112153451191261 ], [ 752318.735534272971563, 1966725.057560397777706 ] ], [ [ 752318.735534272971563, 1966725.057560397777706 ], [ 752328.137956196325831, 1966735.123856384307146 ] ], [ [ 752328.137956196325831, 1966735.123856384307146 ], [ 752337.540368458954617, 1966745.190158082405105 ] ], [ [ 752337.540368458954617, 1966745.190158082405105 ], [ 752346.942771061789244, 1966755.256465492304415 ] ], [ [ 752346.942771061789244, 1966755.256465492304415 ], [ 752356.47135929542128, 1966755.377369243651628 ] ], [ [ 752356.47135929542128, 1966755.377369243651628 ], [ 752365.873747973586433, 1966765.443687471095473 ] ], [ [ 752365.873747973586433, 1966765.443687471095473 ], [ 752375.276126990793273, 1966775.510011410340667 ] ], [ [ 752375.276126990793273, 1966775.510011410340667 ], [ 752384.678496348089539, 1966785.576341060688719 ] ], [ [ 752384.678496348089539, 1966785.576341060688719 ], [ 752394.207072290591896, 1966785.697264704154804 ] ], [ [ 752394.207072290591896, 1966785.697264704154804 ], [ 752403.609427722985856, 1966795.763605172745883 ] ], [ [ 752403.609427722985856, 1966795.763605172745883 ], [ 752403.483206084580161, 1966805.70901749888435 ] ], [ [ 752403.483206084580161, 1966805.70901749888435 ], [ 752412.885546462377533, 1966815.775364285102114 ] ], [ [ 752412.885546462377533, 1966815.775364285102114 ], [ 752422.287877178983763, 1966825.84171678381972 ] ], [ [ 752422.287877178983763, 1966825.84171678381972 ], [ 752431.816436055582017, 1966825.962660850724205 ] ], [ [ 752431.816436055582017, 1966825.962660850724205 ], [ 752441.344995442195795, 1966826.083609491819516 ] ], [ [ 752479.332976376637816, 1966836.51286660740152 ], [ 752488.735266441944987, 1966846.579256060533226 ] ], [ [ 752488.735266441944987, 1966846.579256060533226 ], [ 752488.608998735086061, 1966856.524673541774973 ] ], [ [ 752488.608998735086061, 1966856.524673541774973 ], [ 752498.01127374637872, 1966866.591069312999025 ] ], [ [ 752498.01127374637872, 1966866.591069312999025 ], [ 752497.885000027250499, 1966876.536487475968897 ] ], [ [ 752497.885000027250499, 1966876.536487475968897 ], [ 752507.287259984528646, 1966886.602889567380771 ] ], [ [ 752507.287259984528646, 1966886.602889567380771 ], [ 752507.160980253014714, 1966896.548308411613107 ] ], [ [ 752507.160980253014714, 1966896.548308411613107 ], [ 752516.563225157326087, 1966906.614716820884496 ] ], [ [ 752516.563225157326087, 1966906.614716820884496 ], [ 752525.965460398467258, 1966916.681130944052711 ] ], [ [ 752525.965460398467258, 1966916.681130944052711 ], [ 752535.493981893756427, 1966916.802130115916952 ] ], [ [ 752535.493981893756427, 1966916.802130115916952 ], [ 752544.896203209180385, 1966926.868555057328194 ] ], [ [ 752544.896203209180385, 1966926.868555057328194 ], [ 752554.29841486539226, 1966936.934985712403432 ] ], [ [ 752554.29841486539226, 1966936.934985712403432 ], [ 752563.826928336522542, 1966937.055999672273174 ] ], [ [ 752563.826928336522542, 1966937.055999672273174 ], [ 752573.355442316504195, 1966937.177018207032233 ] ], [ [ 752573.355442316504195, 1966937.177018207032233 ], [ 752582.883956805570051, 1966937.298041317379102 ] ], [ [ 752582.883956805570051, 1966937.298041317379102 ], [ 752592.28614600142464, 1966947.36449300381355 ] ], [ [ 752592.28614600142464, 1966947.36449300381355 ], [ 752601.688325535389595, 1966957.430950403213501 ] ], [ [ 752601.688325535389595, 1966957.430950403213501 ], [ 752611.216832000296563, 1966957.551988302031532 ] ], [ [ 752611.216832000296563, 1966957.551988302031532 ], [ 752620.745338974171318, 1966957.673030775506049 ] ], [ [ 752677.916391509235837, 1966958.399381700670347 ], [ 752687.444902046583593, 1966958.520456202095374 ] ], [ [ 752687.444902046583593, 1966958.520456202095374 ], [ 752696.847033521975391, 1966968.586965275695547 ] ], [ [ 752696.847033521975391, 1966968.586965275695547 ], [ 752696.720653331489302, 1966978.532395347487181 ] ], [ [ 752696.720653331489302, 1966978.532395347487181 ], [ 752706.122769752633758, 1966988.598910741508007 ] ], [ [ 752706.122769752633758, 1966988.598910741508007 ], [ 752715.524876511306502, 1966998.665431848028675 ] ], [ [ 752715.524876511306502, 1966998.665431848028675 ], [ 752724.926973609020934, 1967008.731958668678999 ] ], [ [ 752724.926973609020934, 1967008.731958668678999 ], [ 752734.455462813260965, 1967008.853058703942224 ] ], [ [ 752734.455462813260965, 1967008.853058703942224 ], [ 752743.857545983511955, 1967018.919596345862374 ] ], [ [ 752743.857545983511955, 1967018.919596345862374 ], [ 752753.386031433357857, 1967019.040706063155085 ] ], [ [ 752753.386031433357857, 1967019.040706063155085 ], [ 752762.788100675912574, 1967029.107254525413737 ] ], [ [ 752781.718637683894485, 1967039.294933208962902 ], [ 752791.120683337561786, 1967049.361498206388205 ] ], [ [ 752791.120683337561786, 1967049.361498206388205 ], [ 752800.649157005595043, 1967049.482632396742702 ] ], [ [ 752838.510142595041543, 1967069.858092282898724 ], [ 752838.383684577653185, 1967079.803531081415713 ] ], [ [ 752838.383684577653185, 1967079.803531081415713 ], [ 752847.785683052963577, 1967089.870129150804132 ] ], [ [ 752847.785683052963577, 1967089.870129150804132 ], [ 752857.187671866617166, 1967099.936732933856547 ] ], [ [ 752857.187671866617166, 1967099.936732933856547 ], [ 752866.716125223087147, 1967100.057901811553165 ] ], [ [ 752866.716125223087147, 1967100.057901811553165 ], [ 752876.244579087710008, 1967100.179075264604762 ] ], [ [ 752876.244579087710008, 1967100.179075264604762 ], [ 752885.646549706929363, 1967110.245694977464154 ] ], [ [ 752885.393580338917673, 1967130.136578570585698 ], [ 752894.795530507108197, 1967140.203205212019384 ] ], [ [ 752894.795530507108197, 1967140.203205212019384 ], [ 752904.197471012128517, 1967150.269837567815557 ] ], [ [ 752904.197471012128517, 1967150.269837567815557 ], [ 752913.725903035257943, 1967150.391031982610002 ] ], [ [ 752913.725903035257943, 1967150.391031982610002 ], [ 752923.127829611883499, 1967160.457675161305815 ] ], [ [ 752923.127829611883499, 1967160.457675161305815 ], [ 752932.529746527899988, 1967170.524324055295438 ] ], [ [ 752932.529746527899988, 1967170.524324055295438 ], [ 752941.931653779232875, 1967180.590978662949055 ] ], [ [ 752941.931653779232875, 1967180.590978662949055 ], [ 752941.805136412149295, 1967190.536424140911549 ] ], [ [ 752941.805136412149295, 1967190.536424140911549 ], [ 752951.207028607139364, 1967200.603085071314126 ] ], [ [ 752951.207028607139364, 1967200.603085071314126 ], [ 752951.08050522475969, 1967210.548531230306253 ] ], [ [ 752951.08050522475969, 1967210.548531230306253 ], [ 752960.482382361660711, 1967220.615198482992128 ] ], [ [ 752960.482382361660711, 1967220.615198482992128 ], [ 752969.884249836322851, 1967230.681871450971812 ] ], [ [ 752969.884249836322851, 1967230.681871450971812 ], [ 752979.412647219724022, 1967230.803102152422071 ] ], [ [ 752979.412647219724022, 1967230.803102152422071 ], [ 752988.941045111394487, 1967230.924337429925799 ] ], [ [ 752988.941045111394487, 1967230.924337429925799 ], [ 752998.469443512847647, 1967231.045577283250168 ] ], [ [ 752998.469443512847647, 1967231.045577283250168 ], [ 753007.997842425480485, 1967231.166821712395176 ] ], [ [ 753007.997842425480485, 1967231.166821712395176 ], [ 753017.399683171999641, 1967241.233520827023312 ] ], [ [ 753017.399683171999641, 1967241.233520827023312 ], [ 753017.27312387758866, 1967251.178971012122929 ] ], [ [ 753017.27312387758866, 1967251.178971012122929 ], [ 753017.14656396349892, 1967261.124421272659674 ] ], [ [ 753017.14656396349892, 1967261.124421272659674 ], [ 753017.020003429614007, 1967271.069871608633548 ] ], [ [ 753017.020003429614007, 1967271.069871608633548 ], [ 753026.421818325296044, 1967281.136578261386603 ] ], [ [ 753026.421818325296044, 1967281.136578261386603 ], [ 753035.823623558622785, 1967291.203290628967807 ] ], [ [ 753035.823623558622785, 1967291.203290628967807 ], [ 753045.225419127847999, 1967301.270008712774143 ] ], [ [ 753045.225419127847999, 1967301.270008712774143 ], [ 753054.627205036929809, 1967311.336732511874288 ] ], [ [ 753054.627205036929809, 1967311.336732511874288 ], [ 753064.028981282026507, 1967321.403462026733905 ] ], [ [ 753064.028981282026507, 1967321.403462026733905 ], [ 753073.430747864185832, 1967331.470197256887332 ] ], [ [ 753073.430747864185832, 1967331.470197256887332 ], [ 753082.832504783407785, 1967341.536938203731552 ] ], [ [ 753082.832504783407785, 1967341.536938203731552 ], [ 753092.234252041205764, 1967351.603684865869582 ] ], [ [ 753092.234252041205764, 1967351.603684865869582 ], [ 753092.107647717231885, 1967361.549140136456117 ] ], [ [ 753092.107647717231885, 1967361.549140136456117 ], [ 753091.981042773346417, 1967371.494595481781289 ] ], [ [ 753091.981042773346417, 1967371.494595481781289 ], [ 753091.854437209432945, 1967381.440050903474912 ] ], [ [ 753091.854437209432945, 1967381.440050903474912 ], [ 753101.256158613134176, 1967391.506805103970692 ] ], [ [ 753101.256158613134176, 1967391.506805103970692 ], [ 753110.657870353665203, 1967401.573565020691603 ] ], [ [ 753110.657870353665203, 1967401.573565020691603 ], [ 753120.05957243242301, 1967411.640330653171986 ] ], [ [ 753120.05957243242301, 1967411.640330653171986 ], [ 753119.932950058719143, 1967421.585787972901016 ] ], [ [ 753119.932950058719143, 1967421.585787972901016 ], [ 753119.806327064987272, 1967431.531245366670191 ] ], [ [ 753119.806327064987272, 1967431.531245366670191 ], [ 753119.679703451110981, 1967441.476702835876495 ] ], [ [ 753119.679703451110981, 1967441.476702835876495 ], [ 753119.553079217323102, 1967451.422160380519927 ] ], [ [ 753119.553079217323102, 1967451.422160380519927 ], [ 753119.426454363390803, 1967461.367618000833318 ] ], [ [ 753119.426454363390803, 1967461.367618000833318 ], [ 753119.299828889314085, 1967471.313075695419684 ] ], [ [ 753119.299828889314085, 1967471.313075695419684 ], [ 753119.173202795442194, 1967481.25853346590884 ] ], [ [ 753119.173202795442194, 1967481.25853346590884 ], [ 753119.046576081309468, 1967491.203991311369464 ] ], [ [ 753119.046576081309468, 1967491.203991311369464 ], [ 753118.919948747381568, 1967501.149449232732877 ] ], [ [ 753118.919948747381568, 1967501.149449232732877 ], [ 753109.391672682249919, 1967501.028135520406067 ] ], [ [ 753109.391672682249919, 1967501.028135520406067 ], [ 753109.265049504931085, 1967510.973592984257266 ] ], [ [ 753109.265049504931085, 1967510.973592984257266 ], [ 753099.736778727965429, 1967510.852283315733075 ] ], [ [ 753099.736778727965429, 1967510.852283315733075 ], [ 753090.208508460782468, 1967510.730978224426508 ] ], [ [ 753090.208508460782468, 1967510.730978224426508 ], [ 753080.680238702218048, 1967510.609677709173411 ] ], [ [ 753080.680238702218048, 1967510.609677709173411 ], [ 753071.278573524905369, 1967500.542926435591653 ] ], [ [ 753071.278573524905369, 1967500.542926435591653 ], [ 753061.876898683840409, 1967490.476180878700688 ] ], [ [ 753061.876898683840409, 1967490.476180878700688 ], [ 753052.348620902514085, 1967490.354895157041028 ] ], [ [ 753052.348620902514085, 1967490.354895157041028 ], [ 753042.820343629922718, 1967490.23361401213333 ] ], [ [ 752975.742748099262826, 1967519.221124179428443 ], [ 752975.616190558183007, 1967529.166574344504625 ] ], [ [ 752975.616190558183007, 1967529.166574344504625 ], [ 752966.08793647098355, 1967529.045327683212236 ] ], [ [ 752966.08793647098355, 1967529.045327683212236 ], [ 752965.961383087094873, 1967538.990777390310541 ] ], [ [ 752965.961383087094873, 1967538.990777390310541 ], [ 752956.433134287595749, 1967538.869534773286432 ] ], [ [ 752956.433134287595749, 1967538.869534773286432 ], [ 752956.30658506101463, 1967548.814984024502337 ] ], [ [ 752956.30658506101463, 1967548.814984024502337 ], [ 752956.180035214871168, 1967558.760433350224048 ] ], [ [ 752956.180035214871168, 1967558.760433350224048 ], [ 752946.651796479010954, 1967558.639194246381521 ] ], [ [ 752946.651796479010954, 1967558.639194246381521 ], [ 752946.525250790058635, 1967568.584643116453663 ] ], [ [ 752946.525250790058635, 1967568.584643116453663 ], [ 752936.997017340734601, 1967568.463408057112247 ] ], [ [ 752936.997017340734601, 1967568.463408057112247 ], [ 752936.870475809206255, 1967578.408856470137835 ] ], [ [ 752936.870475809206255, 1967578.408856470137835 ], [ 752936.74393365799915, 1967588.354304958600551 ] ], [ [ 752936.74393365799915, 1967588.354304958600551 ], [ 752927.215710273594595, 1967588.233073411742225 ] ], [ [ 752927.215710273594595, 1967588.233073411742225 ], [ 752927.08917227992788, 1967598.178521443391219 ] ], [ [ 752927.08917227992788, 1967598.178521443391219 ], [ 752917.560954179381952, 1967598.057293940801173 ] ], [ [ 752917.434420343139209, 1967608.002741516334936 ], [ 752917.307885887450539, 1967617.948189166374505 ] ], [ [ 752917.307885887450539, 1967617.948189166374505 ], [ 752907.779677851940505, 1967617.826965177198872 ] ], [ [ 752907.400085098925047, 1967647.66330698505044 ], [ 752907.273552942089736, 1967657.608754405518994 ] ], [ [ 752907.273552942089736, 1967657.608754405518994 ], [ 752897.745364524540491, 1967657.487532865256071 ] ], [ [ 752897.6188365254784, 1967667.432979828445241 ], [ 752897.492307906970382, 1967677.378426867071539 ] ], [ [ 752897.492307906970382, 1967677.378426867071539 ], [ 752897.365778668783605, 1967687.323873980669305 ] ], [ [ 752897.365778668783605, 1967687.323873980669305 ], [ 752897.239248811267316, 1967697.269321169937029 ] ], [ [ 752897.239248811267316, 1967697.269321169937029 ], [ 752897.112718334072269, 1967707.214768435107544 ] ], [ [ 752897.112718334072269, 1967707.214768435107544 ], [ 752896.986187237547711, 1967717.160215774318203 ] ], [ [ 752896.986187237547711, 1967717.160215774318203 ], [ 752896.859655521460809, 1967727.105663189198822 ] ], [ [ 752896.859655521460809, 1967727.105663189198822 ], [ 752896.73312318592798, 1967737.051110679516569 ] ], [ [ 752896.73312318592798, 1967737.051110679516569 ], [ 752896.606590230716392, 1967746.996558245504275 ] ], [ [ 752896.606590230716392, 1967746.996558245504275 ], [ 752896.480056656175293, 1967756.942005885997787 ] ], [ [ 752896.480056656175293, 1967756.942005885997787 ], [ 752896.353522462188266, 1967766.88745360262692 ] ], [ [ 752896.353522462188266, 1967766.88745360262692 ], [ 752896.226987648522481, 1967776.832901393529028 ] ], [ [ 752896.226987648522481, 1967776.832901393529028 ], [ 752896.100452215410769, 1967786.778349261032417 ] ], [ [ 752896.100452215410769, 1967786.778349261032417 ], [ 752905.502037697588094, 1967796.845026188530028 ] ], [ [ 752905.502037697588094, 1967796.845026188530028 ], [ 752905.375496248132549, 1967806.790474737295881 ] ], [ [ 752905.375496248132549, 1967806.790474737295881 ], [ 752905.248954178998247, 1967816.735923361964524 ] ], [ [ 752905.248954178998247, 1967816.735923361964524 ], [ 752905.122411490301602, 1967826.681372062303126 ] ], [ [ 752905.122411490301602, 1967826.681372062303126 ], [ 752914.523971116170287, 1967836.74805652606301 ] ], [ [ 752914.523971116170287, 1967836.74805652606301 ], [ 752914.397422410896979, 1967846.693505908595398 ] ], [ [ 752914.397422410896979, 1967846.693505908595398 ], [ 752914.270873086061329, 1967856.638955366564915 ] ], [ [ 752914.270873086061329, 1967856.638955366564915 ], [ 752914.144323141663335, 1967866.584404898341745 ] ], [ [ 752914.144323141663335, 1967866.584404898341745 ], [ 752914.017772577819414, 1967876.529854507418349 ] ], [ [ 752932.06143849377986, 1967956.335951958084479 ], [ 752931.934872798272409, 1967966.281403307337314 ] ], [ [ 752931.934872798272409, 1967966.281403307337314 ], [ 752941.336344056995586, 1967976.3481115992181 ] ], [ [ 752941.336344056995586, 1967976.3481115992181 ], [ 752941.209772344329394, 1967986.293563631130382 ] ], [ [ 752941.209772344329394, 1967986.293563631130382 ], [ 752950.611228539608419, 1967996.36027824669145 ] ], [ [ 752969.287523408187553, 1968026.439178556902334 ], [ 752969.160934263374656, 1968036.384632561122999 ] ], [ [ 752969.160934263374656, 1968036.384632561122999 ], [ 752978.562350664753467, 1968046.451365541666746 ] ], [ [ 752987.837156839901581, 1968066.463559531141073 ], [ 752987.710555659956299, 1968076.409014900913462 ] ], [ [ 752987.710555659956299, 1968076.409014900913462 ], [ 752987.583953860332258, 1968086.354470345191658 ] ], [ [ 752987.583953860332258, 1968086.354470345191658 ], [ 752987.457351440796629, 1968096.299925864906982 ] ], [ [ 752987.457351440796629, 1968096.299925864906982 ], [ 752996.858726919512264, 1968106.36667270748876 ] ], [ [ 752996.858726919512264, 1968106.36667270748876 ], [ 753006.260092730168253, 1968116.433425266994163 ] ], [ [ 753006.260092730168253, 1968116.433425266994163 ], [ 753006.133478895062581, 1968126.378882076358423 ] ], [ [ 753006.133478895062581, 1968126.378882076358423 ], [ 753015.534829640993848, 1968136.445640960242599 ] ], [ [ 753015.534829640993848, 1968136.445640960242599 ], [ 753024.936170720262453, 1968146.512405561283231 ] ], [ [ 753024.936170720262453, 1968146.512405561283231 ], [ 753024.809545469121076, 1968156.457863661227748 ] ], [ [ 753024.809545469121076, 1968156.457863661227748 ], [ 753024.682919598184526, 1968166.40332183544524 ] ], [ [ 753024.682919598184526, 1968166.40332183544524 ], [ 753034.084240212803707, 1968176.470093368086964 ] ], [ [ 753034.084240212803707, 1968176.470093368086964 ], [ 753033.957608323777094, 1968186.415552226360887 ] ], [ [ 753033.957608323777094, 1968186.415552226360887 ], [ 753033.830975815071724, 1968196.361011159140617 ] ], [ [ 753033.830975815071724, 1968196.361011159140617 ], [ 753043.232275968999602, 1968206.427789623150602 ] ], [ [ 753043.232275968999602, 1968206.427789623150602 ], [ 753052.633566454285756, 1968216.494573805481195 ] ], [ [ 753052.633566454285756, 1968216.494573805481195 ], [ 753052.506922528962605, 1968226.440034027677029 ] ], [ [ 753052.506922528962605, 1968226.440034027677029 ], [ 753061.90819794870913, 1968236.506824534852058 ] ], [ [ 753061.90819794870913, 1968236.506824534852058 ], [ 753071.309463701327331, 1968246.573620758485049 ] ], [ [ 753071.309463701327331, 1968246.573620758485049 ], [ 753080.710719787864946, 1968256.640422700205818 ] ], [ [ 753080.710719787864946, 1968256.640422700205818 ], [ 753090.111966205877252, 1968266.707230359548703 ] ], [ [ 753090.111966205877252, 1968266.707230359548703 ], [ 753099.513202956295572, 1968276.774043736280873 ] ], [ [ 753099.513202956295572, 1968276.774043736280873 ], [ 753108.914430040633306, 1968286.840862831100821 ] ], [ [ 753108.914430040633306, 1968286.840862831100821 ], [ 753118.315647456212901, 1968296.907687642844394 ] ], [ [ 753118.315647456212901, 1968296.907687642844394 ], [ 753127.716855204082094, 1968306.974518172675744 ] ], [ [ 753127.716855204082094, 1968306.974518172675744 ], [ 753137.118053282960318, 1968317.04135442036204 ] ], [ [ 753137.118053282960318, 1968317.04135442036204 ], [ 753146.645939607406035, 1968317.162730088923126 ] ], [ [ 753146.645939607406035, 1968317.162730088923126 ], [ 753156.17382644303143, 1968317.284110335633159 ] ], [ [ 753156.17382644303143, 1968317.284110335633159 ], [ 753165.701713787158951, 1968317.405495160026476 ] ], [ [ 753165.701713787158951, 1968317.405495160026476 ], [ 753175.102889393339865, 1968327.472352456534281 ] ], [ [ 753175.102889393339865, 1968327.472352456534281 ], [ 753174.976176525233313, 1968337.417820426402614 ] ], [ [ 753174.976176525233313, 1968337.417820426402614 ], [ 753174.849463036749512, 1968347.363288471708074 ] ], [ [ 753174.722748928004876, 1968357.308756591519341 ], [ 753174.596034199232236, 1968367.254224787931889 ] ], [ [ 753174.596034199232236, 1968367.254224787931889 ], [ 753183.997178541496396, 1968377.321090232813731 ] ], [ [ 753193.398313216865063, 1968387.387961396249011 ], [ 753202.926169149344787, 1968387.509368260158226 ] ], [ [ 753202.926169149344787, 1968387.509368260158226 ], [ 753212.454025591723621, 1968387.630779702449217 ] ], [ [ 753212.454025591723621, 1968387.630779702449217 ], [ 753221.981882545398548, 1968387.752195722423494 ] ], [ [ 753221.981882545398548, 1968387.752195722423494 ], [ 753231.509740007808432, 1968387.873616320779547 ] ], [ [ 753231.509740007808432, 1968387.873616320779547 ], [ 753240.910847937106155, 1968397.940513645997271 ] ], [ [ 753240.910847937106155, 1968397.940513645997271 ], [ 753250.311946199508384, 1968408.007416689302772 ] ], [ [ 753250.311946199508384, 1968408.007416689302772 ], [ 753259.839795634499751, 1968408.12885208777152 ] ], [ [ 753259.839795634499751, 1968408.12885208777152 ], [ 753269.240879961289465, 1968418.195765960263088 ] ], [ [ 753269.240879961289465, 1968418.195765960263088 ], [ 753278.641954618506134, 1968428.262685551773757 ] ], [ [ 753278.641954618506134, 1968428.262685551773757 ], [ 753288.043019607313909, 1968438.329610861837864 ] ], [ [ 753288.043019607313909, 1968438.329610861837864 ], [ 753287.916242568287998, 1968448.275086048990488 ] ], [ [ 753287.916242568287998, 1968448.275086048990488 ], [ 753297.317292489227839, 1968458.342017685761675 ] ], [ [ 753297.317292489227839, 1968458.342017685761675 ], [ 753306.718332742922939, 1968468.40895504062064 ] ], [ [ 753306.718332742922939, 1968468.40895504062064 ], [ 753306.59154428425245, 1968478.354431519517675 ] ], [ [ 753306.59154428425245, 1968478.354431519517675 ], [ 753306.464755205088295, 1968488.299908073153347 ] ], [ [ 753306.464755205088295, 1968488.299908073153347 ], [ 753306.337965505430475, 1968498.245384701527655 ] ], [ [ 753306.337965505430475, 1968498.245384701527655 ], [ 753315.738979890244082, 1968508.312329599866644 ] ], [ [ 753315.738979890244082, 1968508.312329599866644 ], [ 753315.612184170167893, 1968518.257806911831722 ] ], [ [ 753315.612184170167893, 1968518.257806911831722 ], [ 753325.013183486647904, 1968528.32475813687779 ] ], [ [ 753325.013183486647904, 1968528.32475813687779 ], [ 753324.886381746269763, 1968538.270236131735146 ] ], [ [ 753324.886381746269763, 1968538.270236131735146 ], [ 753334.287365995231085, 1968548.337193683953956 ] ], [ [ 753334.287365995231085, 1968548.337193683953956 ], [ 753334.16055823455099, 1968558.28267236193642 ] ], [ [ 753334.16055823455099, 1968558.28267236193642 ], [ 753334.033749853260815, 1968568.228151115588844 ] ], [ [ 753334.033749853260815, 1968568.228151115588844 ], [ 753333.906940851360559, 1968578.173629943979904 ] ], [ [ 753333.906940851360559, 1968578.173629943979904 ], [ 753333.780131228966638, 1968588.119108848040923 ] ], [ [ 753333.780131228966638, 1968588.119108848040923 ], [ 753333.653320985846221, 1968598.064587827306241 ] ], [ [ 753333.653320985846221, 1968598.064587827306241 ], [ 753333.52651012246497, 1968608.010066881543025 ] ], [ [ 753333.52651012246497, 1968608.010066881543025 ], [ 753342.927452299743891, 1968618.077033800538629 ] ], [ [ 753342.927452299743891, 1968618.077033800538629 ], [ 753342.800635415595025, 1968628.022513538133353 ] ], [ [ 753342.800635415595025, 1968628.022513538133353 ], [ 753342.673817910719663, 1968637.967993351165205 ] ], [ [ 753342.673817910719663, 1968637.967993351165205 ], [ 753352.074739619973116, 1968648.034967205254361 ] ], [ [ 753352.074739619973116, 1968648.034967205254361 ], [ 753361.475651659653522, 1968658.101946778362617 ] ], [ [ 753361.475651659653522, 1968658.101946778362617 ], [ 753370.876554029993713, 1968668.168932071421295 ] ], [ [ 753370.876554029993713, 1968668.168932071421295 ], [ 753380.404285837663338, 1968668.290440839249641 ] ], [ [ 753380.404285837663338, 1968668.290440839249641 ], [ 753389.93201815453358, 1968668.411954185459763 ] ], [ [ 753389.93201815453358, 1968668.411954185459763 ], [ 753399.459750981535763, 1968668.533472110982984 ] ], [ [ 753399.459750981535763, 1968668.533472110982984 ], [ 753408.86063087452203, 1968678.600478458683938 ] ], [ [ 753408.86063087452203, 1968678.600478458683938 ], [ 753408.733776809298433, 1968688.545962376752868 ] ], [ [ 753408.733776809298433, 1968688.545962376752868 ], [ 753408.60692212334834, 1968698.491446370491758 ] ], [ [ 753408.60692212334834, 1968698.491446370491758 ], [ 753408.480066816555336, 1968708.436930439667776 ] ], [ [ 753408.480066816555336, 1968708.436930439667776 ], [ 753408.353210888919421, 1968718.38241458311677 ] ], [ [ 753408.353210888919421, 1968718.38241458311677 ], [ 753408.226354340557009, 1968728.327898803167045 ] ], [ [ 753408.226354340557009, 1968728.327898803167045 ], [ 753408.099497171584517, 1968738.273383097490296 ] ], [ [ 753408.099497171584517, 1968738.273383097490296 ], [ 753407.972639381652698, 1968748.218867467716336 ] ], [ [ 753407.972639381652698, 1968748.218867467716336 ], [ 753407.845780971110798, 1968758.164351912681013 ] ], [ [ 753407.845780971110798, 1968758.164351912681013 ], [ 753417.246607991750352, 1968768.231368843698874 ] ], [ [ 753426.64742534107063, 1968778.298391495831311 ], [ 753436.048233020119369, 1968788.365419867681339 ] ], [ [ 753436.048233020119369, 1968788.365419867681339 ], [ 753445.449031027732417, 1968798.432453959481791 ] ], [ [ 753445.449031027732417, 1968798.432453959481791 ], [ 753454.976704782107845, 1968798.554006284801289 ] ], [ [ 753454.976704782107845, 1968798.554006284801289 ], [ 753464.504379045334645, 1968798.67556319013238 ] ], [ [ 753464.504379045334645, 1968798.67556319013238 ], [ 753473.905158845125698, 1968808.742613225709647 ] ], [ [ 753473.905158845125698, 1968808.742613225709647 ], [ 753483.305928974761628, 1968818.809668981702998 ] ], [ [ 753483.305928974761628, 1968818.809668981702998 ], [ 753492.706689435406588, 1968828.876730458345264 ] ], [ [ 753492.706689435406588, 1968828.876730458345264 ], [ 753502.107440224266611, 1968838.943797654705122 ] ], [ [ 753502.107440224266611, 1968838.943797654705122 ], [ 753501.980528426589444, 1968848.889288106234744 ] ], [ [ 753501.980528426589444, 1968848.889288106234744 ], [ 753511.381264144089073, 1968858.956361631629989 ] ], [ [ 753511.381264144089073, 1968858.956361631629989 ], [ 753520.781990190851502, 1968869.023440877208486 ] ], [ [ 753520.781990190851502, 1968869.023440877208486 ], [ 753520.655066970037296, 1968878.968932620482519 ] ], [ [ 753539.456479250802658, 1968899.103109490359202 ], [ 753548.984110307646915, 1968899.22471293900162 ] ], [ [ 753548.984110307646915, 1968899.22471293900162 ], [ 753558.384797671693377, 1968909.291815066244453 ] ], [ [ 753558.384797671693377, 1968909.291815066244453 ], [ 753567.785475366283208, 1968919.358922915998846 ] ], [ [ 753567.785475366283208, 1968919.358922915998846 ], [ 753577.186143388738856, 1968929.426036486402154 ] ], [ [ 753577.186143388738856, 1968929.426036486402154 ], [ 753586.586801740108058, 1968939.493155776755884 ] ], [ [ 753586.586801740108058, 1968939.493155776755884 ], [ 753595.987450420623645, 1968949.560280788922682 ] ], [ [ 753595.987450420623645, 1968949.560280788922682 ], [ 753595.860483989003114, 1968959.505777398124337 ] ], [ [ 753595.860483989003114, 1968959.505777398124337 ], [ 753595.733516936423257, 1968969.451274083228782 ] ], [ [ 753595.733516936423257, 1968969.451274083228782 ], [ 753595.606549262418412, 1968979.396770843537524 ] ], [ [ 753595.606549262418412, 1968979.396770843537524 ], [ 753605.00717206846457, 1968989.463903402211145 ] ], [ [ 753605.00717206846457, 1968989.463903402211145 ], [ 753614.407785201910883, 1968999.531041681068018 ] ], [ [ 753614.407785201910883, 1968999.531041681068018 ], [ 753623.808388664154336, 1969009.598185681505129 ] ], [ [ 753623.808388664154336, 1969009.598185681505129 ], [ 753633.208982454845682, 1969019.665335403056815 ] ], [ [ 753633.208982454845682, 1969019.665335403056815 ], [ 753642.609566575614735, 1969029.732490847120062 ] ], [ [ 753642.609566575614735, 1969029.732490847120062 ], [ 753652.010141022270545, 1969039.7996520109009 ] ], [ [ 753652.010141022270545, 1969039.7996520109009 ], [ 753661.410705798654817, 1969049.866818896960467 ] ], [ [ 753661.410705798654817, 1969049.866818896960467 ], [ 753661.283699691179208, 1969059.812319991644472 ] ], [ [ 753661.283699691179208, 1969059.812319991644472 ], [ 753670.68424939410761, 1969069.879493207903579 ] ], [ [ 753670.68424939410761, 1969069.879493207903579 ], [ 753680.084789426648058, 1969079.9466721448116 ] ], [ [ 753680.084789426648058, 1969079.9466721448116 ], [ 753689.485319786123, 1969090.013856803998351 ] ], [ [ 753689.485319786123, 1969090.013856803998351 ], [ 753699.012868189369328, 1969090.135543655604124 ] ], [ [ 753699.012868189369328, 1969090.135543655604124 ], [ 753708.41338460741099, 1969100.202739149564877 ] ], [ [ 753708.41338460741099, 1969100.202739149564877 ], [ 753717.940929253352806, 1969100.324435694143176 ] ], [ [ 753717.940929253352806, 1969100.324435694143176 ], [ 753727.468474408960901, 1969100.446136818034574 ] ], [ [ 753727.468474408960901, 1969100.446136818034574 ], [ 753736.868972615804523, 1969110.513348259730265 ] ], [ [ 753736.868972615804523, 1969110.513348259730265 ], [ 753736.741924534435384, 1969120.458854073425755 ] ], [ [ 753736.741924534435384, 1969120.458854073425755 ], [ 753746.142407667124644, 1969130.526071845553815 ] ], [ [ 753746.142407667124644, 1969130.526071845553815 ], [ 753746.015353561728261, 1969140.471578343305737 ] ], [ [ 753746.015353561728261, 1969140.471578343305737 ], [ 753755.415821620030329, 1969150.538802446098998 ] ], [ [ 753755.415821620030329, 1969150.538802446098998 ], [ 753764.816280006198213, 1969160.606032271869481 ] ], [ [ 753764.816280006198213, 1969160.606032271869481 ], [ 753774.216728719999082, 1969170.673267819453031 ] ], [ [ 753793.017597132595256, 1969190.807756080524996 ], [ 753802.418016829760745, 1969200.875008794711903 ] ], [ [ 753802.418016829760745, 1969200.875008794711903 ], [ 753811.81842685432639, 1969210.942267231410369 ] ], [ [ 753811.81842685432639, 1969210.942267231410369 ], [ 753821.345924532040954, 1969211.064020023215562 ] ], [ [ 753821.345924532040954, 1969211.064020023215562 ], [ 753830.873422722215764, 1969211.185777394799516 ] ], [ [ 753830.873422722215764, 1969211.185777394799516 ], [ 753840.273814535001293, 1969221.253051781328395 ] ], [ [ 753840.273814535001293, 1969221.253051781328395 ], [ 753849.674196675186977, 1969231.320331889903173 ] ], [ [ 753849.674196675186977, 1969231.320331889903173 ], [ 753859.201686834450811, 1969231.442104068817571 ] ], [ [ 753859.201686834450811, 1969231.442104068817571 ], [ 753868.602055033668876, 1969241.509395013097674 ] ], [ [ 753868.602055033668876, 1969241.509395013097674 ], [ 753878.002413558890112, 1969251.576691681053489 ] ], [ [ 753878.002413558890112, 1969251.576691681053489 ], [ 753887.529895691317506, 1969251.698478667763993 ] ], [ [ 753887.529895691317506, 1969251.698478667763993 ], [ 753897.057378335157409, 1969251.820270234253258 ] ], [ [ 753897.057378335157409, 1969251.820270234253258 ], [ 753906.584861491573974, 1969251.942066381452605 ] ], [ [ 753906.584861491573974, 1969251.942066381452605 ], [ 753916.112345157889649, 1969252.063867108430713 ] ], [ [ 753916.112345157889649, 1969252.063867108430713 ], [ 753925.512676931684837, 1969262.131189954699948 ] ], [ [ 753925.512676931684837, 1969262.131189954699948 ], [ 753925.385523905511945, 1969272.07670756871812 ] ], [ [ 753925.385523905511945, 1969272.07670756871812 ], [ 753925.258370257448405, 1969282.022225258406252 ] ], [ [ 753925.258370257448405, 1969282.022225258406252 ], [ 753934.658681552275084, 1969292.089555045822635 ] ], [ [ 753934.658681552275084, 1969292.089555045822635 ], [ 753944.05898317520041, 1969302.156890555983409 ] ], [ [ 753944.05898317520041, 1969302.156890555983409 ], [ 753953.459275124012493, 1969312.224231789354235 ] ], [ [ 753953.459275124012493, 1969312.224231789354235 ], [ 753962.986732659512199, 1969312.346058620139956 ] ], [ [ 753962.986732659512199, 1969312.346058620139956 ], [ 753972.514190707588568, 1969312.467890030704439 ] ], [ [ 753972.514190707588568, 1969312.467890030704439 ], [ 753982.04164926870726, 1969312.589726021979004 ] ], [ [ 753982.04164926870726, 1969312.589726021979004 ], [ 753991.441918735392392, 1969322.657088321633637 ] ], [ [ 753991.441918735392392, 1969322.657088321633637 ], [ 754000.969373536878265, 1969322.778934006812051 ] ], [ [ 754000.969373536878265, 1969322.778934006812051 ], [ 754010.496828850009479, 1969322.900784273166209 ] ], [ [ 754010.496828850009479, 1969322.900784273166209 ], [ 754019.897080105380155, 1969332.968162523349747 ] ], [ [ 754019.897080105380155, 1969332.968162523349747 ], [ 754029.297321686404757, 1969343.03554649790749 ] ], [ [ 754029.297321686404757, 1969343.03554649790749 ], [ 754029.170111090061255, 1969352.9810705864802 ] ], [ [ 754038.570337594021112, 1969363.048460894497111 ], [ 754047.970554424915463, 1969373.115856925491244 ] ], [ [ 754047.970554424915463, 1969373.115856925491244 ], [ 754057.497988390852697, 1969373.237732762936503 ] ], [ [ 754057.497988390852697, 1969373.237732762936503 ], [ 754067.025422865874134, 1969373.359613180626184 ] ], [ [ 754067.025422865874134, 1969373.359613180626184 ], [ 754076.552857853705063, 1969373.481498179025948 ] ], [ [ 754076.552857853705063, 1969373.481498179025948 ], [ 754086.080293353297748, 1969373.603387757204473 ] ], [ [ 754086.080293353297748, 1969373.603387757204473 ], [ 754095.60772936604917, 1969373.725281916325912 ] ], [ [ 754095.60772936604917, 1969373.725281916325912 ], [ 754105.007915174937807, 1969383.79270924301818 ] ], [ [ 754105.007915174937807, 1969383.79270924301818 ], [ 754104.880663838470355, 1969393.738237906014547 ] ], [ [ 754104.880663838470355, 1969393.738237906014547 ], [ 754104.753411879530177, 1969403.683766645612195 ] ], [ [ 754104.753411879530177, 1969403.683766645612195 ], [ 754104.626159298117273, 1969413.629295458551496 ] ], [ [ 754104.626159298117273, 1969413.629295458551496 ], [ 754114.02631922182627, 1969423.696730337804183 ] ], [ [ 754114.02631922182627, 1969423.696730337804183 ], [ 754123.426469472004101, 1969433.764170941663906 ] ], [ [ 754123.426469472004101, 1969433.764170941663906 ], [ 754132.953878843225539, 1969433.886086627375335 ] ], [ [ 754132.953878843225539, 1969433.886086627375335 ], [ 754142.481288724695332, 1969434.008006894029677 ] ], [ [ 754142.481288724695332, 1969434.008006894029677 ], [ 754152.008699118043296, 1969434.12993174046278 ] ], [ [ 754152.008699118043296, 1969434.12993174046278 ], [ 754161.408826885395683, 1969444.197393411770463 ] ], [ [ 754161.408826885395683, 1969444.197393411770463 ], [ 754170.936233520740643, 1969444.319327953504398 ] ], [ [ 754170.936233520740643, 1969444.319327953504398 ], [ 754180.463640668429434, 1969444.441267075948417 ] ], [ [ 754180.463640668429434, 1969444.441267075948417 ], [ 754189.863750222488306, 1969454.508744702441618 ] ], [ [ 754189.863750222488306, 1969454.508744702441618 ], [ 754199.263850102783181, 1969464.576228052377701 ] ], [ [ 754199.263850102783181, 1969464.576228052377701 ], [ 754199.136545970686711, 1969474.521762660006061 ] ], [ [ 754199.136545970686711, 1969474.521762660006061 ], [ 754199.009241216001101, 1969484.46729734307155 ] ], [ [ 754199.009241216001101, 1969484.46729734307155 ], [ 754198.881935838609934, 1969494.412832100875676 ] ], [ [ 754198.881935838609934, 1969494.412832100875676 ], [ 754198.75462983828038, 1969504.358366933884099 ] ], [ [ 754198.75462983828038, 1969504.358366933884099 ], [ 754198.6273232154781, 1969514.303901842562482 ] ], [ [ 754198.6273232154781, 1969514.303901842562482 ], [ 754189.0999485157663, 1969514.181949818506837 ] ], [ [ 754189.0999485157663, 1969514.181949818506837 ], [ 754188.972646051901393, 1969524.12748426781036 ] ], [ [ 754188.972646051901393, 1969524.12748426781036 ], [ 754188.845342965330929, 1969534.07301879231818 ] ], [ [ 754188.845342965330929, 1969534.07301879231818 ], [ 754188.718039256171323, 1969544.018553392030299 ] ], [ [ 754188.718039256171323, 1969544.018553392030299 ], [ 754188.590734924306162, 1969553.964088066481054 ] ], [ [ 754188.590734924306162, 1969553.964088066481054 ], [ 754188.463429969735444, 1969563.909622816834599 ] ], [ [ 754188.463429969735444, 1969563.909622816834599 ], [ 754197.86347040196415, 1969573.977112872293219 ] ], [ [ 754197.86347040196415, 1969573.977112872293219 ], [ 754197.736159420222975, 1969583.922648306703195 ] ], [ [ 754197.736159420222975, 1969583.922648306703195 ], [ 754197.608847815776244, 1969593.8681838165503 ] ], [ [ 754197.608847815776244, 1969593.8681838165503 ], [ 754197.481535588740371, 1969603.813719401368871 ] ], [ [ 754197.481535588740371, 1969603.813719401368871 ], [ 754197.354222738998942, 1969613.759255062555894 ] ], [ [ 754197.354222738998942, 1969613.759255062555894 ], [ 754206.754231879604049, 1969623.826753281056881 ] ], [ [ 754206.754231879604049, 1969623.826753281056881 ], [ 754216.154231344116852, 1969633.894257223932073 ] ], [ [ 754216.154231344116852, 1969633.894257223932073 ], [ 754225.554221133934334, 1969643.961766892112792 ] ], [ [ 754225.554221133934334, 1969643.961766892112792 ], [ 754234.95420124894008, 1969654.02928228629753 ] ], [ [ 754234.95420124894008, 1969654.02928228629753 ], [ 754244.35417169041466, 1969664.096803404157981 ] ], [ [ 754244.35417169041466, 1969664.096803404157981 ], [ 754253.754132455564104, 1969674.16433024732396 ] ], [ [ 754253.754132455564104, 1969674.16433024732396 ], [ 754263.154083545901813, 1969684.231862815795466 ] ], [ [ 754263.154083545901813, 1969684.231862815795466 ], [ 754272.554024959681556, 1969694.299401109339669 ] ], [ [ 754272.554024959681556, 1969694.299401109339669 ], [ 754281.953956701094285, 1969704.36694512842223 ] ], [ [ 754281.953956701094285, 1969704.36694512842223 ], [ 754291.481245664414018, 1969704.488953116582707 ] ], [ [ 754291.481245664414018, 1969704.488953116582707 ], [ 754300.881163459271193, 1969714.556507975095883 ] ], [ [ 754300.881163459271193, 1969714.556507975095883 ], [ 754310.281071578967385, 1969724.624068561010063 ] ], [ [ 754310.281071578967385, 1969724.624068561010063 ], [ 754319.680970024783164, 1969734.691634871996939 ] ], [ [ 754319.680970024783164, 1969734.691634871996939 ], [ 754329.20824668975547, 1969734.813662787899375 ] ], [ [ 754329.20824668975547, 1969734.813662787899375 ], [ 754338.608131188782863, 1969744.881239939248189 ] ], [ [ 754338.608131188782863, 1969744.881239939248189 ], [ 754348.00800601253286, 1969754.948822817299515 ] ], [ [ 754348.00800601253286, 1969754.948822817299515 ], [ 754357.407871162053198, 1969765.016411421122029 ] ], [ [ 754357.407871162053198, 1969765.016411421122029 ], [ 754366.93513552902732, 1969765.138459265232086 ] ], [ [ 754366.93513552902732, 1969765.138459265232086 ], [ 754376.334986730362289, 1969775.206058709416538 ] ], [ [ 754376.334986730362289, 1969775.206058709416538 ], [ 754385.734828257467598, 1969785.273663880303502 ] ], [ [ 754385.734828257467598, 1969785.273663880303502 ], [ 754395.134660110110417, 1969795.341274776728824 ] ], [ [ 754395.134660110110417, 1969795.341274776728824 ], [ 754404.534482286078855, 1969805.408891400089487 ] ], [ [ 754404.534482286078855, 1969805.408891400089487 ], [ 754413.93429478618782, 1969815.476513748290017 ] ], [ [ 754413.93429478618782, 1969815.476513748290017 ], [ 754423.461538314935751, 1969815.598591753048822 ] ], [ [ 754423.461538314935751, 1969815.598591753048822 ], [ 754432.861336870701052, 1969825.666224944405258 ] ], [ [ 754432.861336870701052, 1969825.666224944405258 ], [ 754442.38857664167881, 1969825.788312647258863 ] ], [ [ 754442.38857664167881, 1969825.788312647258863 ], [ 754451.788361250073649, 1969835.855956680607051 ] ], [ [ 754451.788361250073649, 1969835.855956680607051 ], [ 754461.188136182376184, 1969845.923606439726427 ] ], [ [ 754461.188136182376184, 1969845.923606439726427 ], [ 754470.715367926983163, 1969846.045708956196904 ] ], [ [ 754470.715367926983163, 1969846.045708956196904 ], [ 754480.115128912148066, 1969856.113369558472186 ] ], [ [ 754480.115128912148066, 1969856.113369558472186 ], [ 754489.514880222384818, 1969866.181035887217149 ] ], [ [ 754489.514880222384818, 1969866.181035887217149 ], [ 754499.042103937943466, 1969866.303153217770159 ] ], [ [ 754499.042103937943466, 1969866.303153217770159 ], [ 754508.569328167242929, 1969866.425275129266083 ] ], [ [ 754508.569328167242929, 1969866.425275129266083 ], [ 754517.969061261508614, 1969876.492957417154685 ] ], [ [ 754517.969061261508614, 1969876.492957417154685 ], [ 754527.368784679449163, 1969886.560645431512967 ] ], [ [ 754527.368784679449163, 1969886.560645431512967 ], [ 754536.768498421413824, 1969896.628339173039421 ] ], [ [ 754536.768498421413824, 1969896.628339173039421 ], [ 754546.168202488333918, 1969906.696038640569896 ] ], [ [ 754546.168202488333918, 1969906.696038640569896 ], [ 754555.695410148589872, 1969906.818185599986464 ] ], [ [ 754555.695410148589872, 1969906.818185599986464 ], [ 754565.095100267790258, 1969916.885895911371335 ] ], [ [ 754565.095100267790258, 1969916.885895911371335 ], [ 754574.494780710665509, 1969926.953611949691549 ] ], [ [ 754574.494780710665509, 1969926.953611949691549 ], [ 754574.36725662718527, 1969936.899171405704692 ] ], [ [ 754574.36725662718527, 1969936.899171405704692 ], [ 754583.766921987058595, 1969946.966893780510873 ] ], [ [ 754583.766921987058595, 1969946.966893780510873 ], [ 754593.294112566974945, 1969947.089061206672341 ] ], [ [ 754593.294112566974945, 1969947.089061206672341 ], [ 754602.693763980525546, 1969957.156794425565749 ] ], [ [ 754602.693763980525546, 1969957.156794425565749 ], [ 754612.093405717401765, 1969967.224533371860161 ] ], [ [ 754612.093405717401765, 1969967.224533371860161 ], [ 754621.493037779000588, 1969977.292278045788407 ] ], [ [ 754621.493037779000588, 1969977.292278045788407 ], [ 754630.892660162528045, 1969987.360028446186334 ] ], [ [ 754630.892660162528045, 1969987.360028446186334 ], [ 754640.292272869381122, 1969997.427784574683756 ] ], [ [ 754640.292272869381122, 1969997.427784574683756 ], [ 754649.691875899443403, 1970007.495546429418027 ] ], [ [ 754649.691875899443403, 1970007.495546429418027 ], [ 754659.091469253995456, 1970017.563314012251794 ] ], [ [ 754687.672954396344721, 1970017.929951234254986 ], [ 754697.200117137865163, 1970018.052172805182636 ] ], [ [ 754697.200117137865163, 1970018.052172805182636 ], [ 754706.599683733773418, 1970028.119966584490612 ] ], [ [ 754706.599683733773418, 1970028.119966584490612 ], [ 754715.999240652658045, 1970038.1877660905011 ] ], [ [ 754715.999240652658045, 1970038.1877660905011 ], [ 754715.871637964388356, 1970048.133334401994944 ] ], [ [ 754715.871637964388356, 1970048.133334401994944 ], [ 754715.744034652248956, 1970058.078902789624408 ] ], [ [ 754715.744034652248956, 1970058.078902789624408 ], [ 754715.616430716123432, 1970068.024471251294017 ] ], [ [ 754715.616430716123432, 1970068.024471251294017 ], [ 754725.01596173690632, 1970078.092278316849843 ] ], [ [ 754725.01596173690632, 1970078.092278316849843 ], [ 754734.415483081713319, 1970088.160091111203656 ] ], [ [ 754734.415483081713319, 1970088.160091111203656 ], [ 754743.814994747983292, 1970098.227909632725641 ] ], [ [ 754743.814994747983292, 1970098.227909632725641 ], [ 754753.342122301459312, 1970098.3501629778184 ] ], [ [ 754753.342122301459312, 1970098.3501629778184 ], [ 754762.741620020009577, 1970108.417992344358936 ] ], [ [ 754762.741620020009577, 1970108.417992344358936 ], [ 754772.268743817694485, 1970108.54025538940914 ] ], [ [ 754772.268743817694485, 1970108.54025538940914 ], [ 754781.668227588641457, 1970118.608095601433888 ] ], [ [ 754781.668227588641457, 1970118.608095601433888 ], [ 754791.067701681051403, 1970128.675941542256624 ] ], [ [ 754791.067701681051403, 1970128.675941542256624 ], [ 754800.467166097136214, 1970138.743793210946023 ] ], [ [ 754800.467166097136214, 1970138.743793210946023 ], [ 754809.994277597172186, 1970138.866076190024614 ] ], [ [ 754809.994277597172186, 1970138.866076190024614 ], [ 754819.521389608969912, 1970138.98836375051178 ] ], [ [ 754819.521389608969912, 1970138.98836375051178 ], [ 754829.048502133926377, 1970139.110655894037336 ] ], [ [ 754829.048502133926377, 1970139.110655894037336 ], [ 754838.575615171925165, 1970139.232952618738636 ] ], [ [ 754838.575615171925165, 1970139.232952618738636 ], [ 754848.10272872436326, 1970139.355253925547004 ] ], [ [ 754848.10272872436326, 1970139.355253925547004 ], [ 754857.50216211238876, 1970149.42313691158779 ] ], [ [ 754866.90158582245931, 1970159.491025625029579 ], [ 754876.300999854924157, 1970169.558920068200678 ] ], [ [ 754876.300999854924157, 1970169.558920068200678 ], [ 754885.700404210947454, 1970179.626820239704102 ] ], [ [ 754885.700404210947454, 1970179.626820239704102 ], [ 754885.572706687147729, 1970189.572399244178087 ] ], [ [ 754885.572706687147729, 1970189.572399244178087 ], [ 754894.972095954697579, 1970199.640305754495785 ] ], [ [ 754894.972095954697579, 1970199.640305754495785 ], [ 754904.371475545922294, 1970209.708217994775623 ] ], [ [ 754904.371475545922294, 1970209.708217994775623 ], [ 754913.770845459075645, 1970219.776135963387787 ] ], [ [ 754913.770845459075645, 1970219.776135963387787 ], [ 754923.170205695554614, 1970229.844059661496431 ] ], [ [ 754923.170205695554614, 1970229.844059661496431 ], [ 754923.042485915939324, 1970239.789641184033826 ] ], [ [ 754923.042485915939324, 1970239.789641184033826 ], [ 754932.441831064876169, 1970249.857571221655235 ] ], [ [ 754932.441831064876169, 1970249.857571221655235 ], [ 754932.314105252968147, 1970259.803153431275859 ] ], [ [ 754932.314105252968147, 1970259.803153431275859 ], [ 754941.713435315527022, 1970269.871089808642864 ] ], [ [ 754941.713435315527022, 1970269.871089808642864 ], [ 754951.240492328186519, 1970269.993448484223336 ] ], [ [ 754951.240492328186519, 1970269.993448484223336 ], [ 754960.639808443607762, 1970280.061395709170029 ] ], [ [ 754960.639808443607762, 1970280.061395709170029 ], [ 754970.166861699428409, 1970280.183764084940776 ] ], [ [ 754970.166861699428409, 1970280.183764084940776 ], [ 754979.566163865034468, 1970290.251722157234326 ] ], [ [ 754979.566163865034468, 1970290.251722157234326 ], [ 754989.093213363899849, 1970290.374100233661011 ] ], [ [ 754989.093213363899849, 1970290.374100233661011 ], [ 754998.492501579574309, 1970300.442069153534248 ] ], [ [ 754998.492501579574309, 1970300.442069153534248 ], [ 755007.891780119389296, 1970310.510043803136796 ] ], [ [ 755007.891780119389296, 1970310.510043803136796 ], [ 755007.764012290979736, 1970320.455630750861019 ] ], [ [ 755007.764012290979736, 1970320.455630750861019 ], [ 755017.16327574243769, 1970330.523611740674824 ] ], [ [ 755017.16327574243769, 1970330.523611740674824 ], [ 755026.562529515475035, 1970340.591598460450768 ] ], [ [ 755026.562529515475035, 1970340.591598460450768 ], [ 755035.961773610906675, 1970350.659590909257531 ] ], [ [ 755035.961773610906675, 1970350.659590909257531 ], [ 755045.488797488622367, 1970350.781999695580453 ] ], [ [ 755045.488797488622367, 1970350.781999695580453 ], [ 755054.888027633773163, 1970360.850002993363887 ] ], [ [ 755054.888027633773163, 1970360.850002993363887 ], [ 755064.287248100037687, 1970370.918012020876631 ] ], [ [ 755064.287248100037687, 1970370.918012020876631 ], [ 755064.159447820624337, 1970380.863602635217831 ] ], [ [ 755064.159447820624337, 1970380.863602635217831 ], [ 755073.55865320074372, 1970390.931618003407493 ] ], [ [ 755073.55865320074372, 1970390.931618003407493 ], [ 755082.957848900696263, 1970400.999639102024958 ] ], [ [ 755082.957848900696263, 1970400.999639102024958 ], [ 755092.357034921413288, 1970411.06766592990607 ] ], [ [ 755092.357034921413288, 1970411.06766592990607 ], [ 755092.229217790998518, 1970421.013258453225717 ] ], [ [ 755092.229217790998518, 1970421.013258453225717 ], [ 755101.628388722310774, 1970431.081291623413563 ] ], [ [ 755101.628388722310774, 1970431.081291623413563 ], [ 755111.027549976017326, 1970441.149330522865057 ] ], [ [ 755111.027549976017326, 1970441.149330522865057 ], [ 755120.554534908849746, 1970441.271780794719234 ] ], [ [ 755120.554534908849746, 1970441.271780794719234 ], [ 755129.953682212973945, 1970451.339830544544384 ] ], [ [ 755129.953682212973945, 1970451.339830544544384 ], [ 755139.352819837629795, 1970461.407886022469029 ] ], [ [ 755139.352819837629795, 1970461.407886022469029 ], [ 755139.224975662655197, 1970471.353481602855027 ] ], [ [ 755139.224975662655197, 1970471.353481602855027 ], [ 755148.624098200351, 1970481.421543423784897 ] ], [ [ 755148.624098200351, 1970481.421543423784897 ], [ 755158.02321105718147, 1970491.489610974444076 ] ], [ [ 755158.02321105718147, 1970491.489610974444076 ], [ 755167.422314234543592, 1970501.557684255996719 ] ], [ [ 755167.422314234543592, 1970501.557684255996719 ], [ 755176.821407732320949, 1970511.625763268675655 ] ], [ [ 755176.821407732320949, 1970511.625763268675655 ], [ 755186.220491551794112, 1970521.693848010385409 ] ], [ [ 755186.220491551794112, 1970521.693848010385409 ], [ 755195.619565690169111, 1970531.761938483919948 ] ], [ [ 755195.619565690169111, 1970531.761938483919948 ], [ 755205.14651218696963, 1970531.88443482783623 ] ], [ [ 755205.14651218696963, 1970531.88443482783623 ], [ 755214.545572375296615, 1970541.952536151511595 ] ], [ [ 755214.545572375296615, 1970541.952536151511595 ], [ 755223.94462288368959, 1970552.020643204916269 ] ], [ [ 755223.94462288368959, 1970552.020643204916269 ], [ 755233.343663713661954, 1970562.088755989680067 ] ], [ [ 755233.343663713661954, 1970562.088755989680067 ], [ 755242.742694862419739, 1970572.156874505337328 ] ], [ [ 755242.742694862419739, 1970572.156874505337328 ], [ 755252.1417163311271, 1970582.224998751888052 ] ], [ [ 755252.1417163311271, 1970582.224998751888052 ], [ 755252.013807244016789, 1970592.170601669698954 ] ], [ [ 755252.013807244016789, 1970592.170601669698954 ], [ 755261.412813624483533, 1970602.238732259254903 ] ], [ [ 755261.412813624483533, 1970602.238732259254903 ], [ 755270.811810323270038, 1970612.306868579937145 ] ], [ [ 755270.811810323270038, 1970612.306868579937145 ], [ 755280.210797342006117, 1970622.375010631512851 ] ], [ [ 755280.210797342006117, 1970622.375010631512851 ], [ 755289.609774680575356, 1970632.443158413283527 ] ], [ [ 755289.609774680575356, 1970632.443158413283527 ], [ 755299.136678476002999, 1970632.565705951303244 ] ], [ [ 755299.136678476002999, 1970632.565705951303244 ], [ 755308.535641862312332, 1970642.633864584844559 ] ], [ [ 755308.535641862312332, 1970642.633864584844559 ], [ 755317.934595569735393, 1970652.702028950210661 ] ], [ [ 755317.934595569735393, 1970652.702028950210661 ], [ 755327.333539596758783, 1970662.770199046935886 ] ], [ [ 755365.057192281354219, 1970693.097326565068215 ], [ 755374.456093317014165, 1970703.165524707641453 ] ], [ [ 755374.456093317014165, 1970703.165524707641453 ], [ 755383.854984670644626, 1970713.233728582039475 ] ], [ [ 755383.854984670644626, 1970713.233728582039475 ], [ 755383.727000469574705, 1970723.179339988389984 ] ], [ [ 755478.09944049268961, 1970794.024847758933902 ], [ 755477.971403438365087, 1970803.970465134363621 ] ], [ [ 755477.971403438365087, 1970803.970465134363621 ], [ 755487.370193712878972, 1970814.038731450680643 ] ], [ [ 755487.370193712878972, 1970814.038731450680643 ], [ 755487.242150621837936, 1970823.984349513659254 ] ], [ [ 755487.242150621837936, 1970823.984349513659254 ], [ 755496.640925802988932, 1970834.052622173679993 ] ], [ [ 755496.640925802988932, 1970834.052622173679993 ], [ 755496.512876675347798, 1970843.998240923974663 ] ], [ [ 755496.512876675347798, 1970843.998240923974663 ], [ 755496.384826921857893, 1970853.943859748775139 ] ], [ [ 755496.384826921857893, 1970853.943859748775139 ], [ 755496.256776542402804, 1970863.889478649944067 ] ], [ [ 755496.256776542402804, 1970863.889478649944067 ], [ 755496.128725537098944, 1970873.835097625618801 ] ], [ [ 755496.128725537098944, 1970873.835097625618801 ], [ 755496.000673905946314, 1970883.780716675100848 ] ], [ [ 755496.000673905946314, 1970883.780716675100848 ], [ 755495.872621648944914, 1970893.726335800951347 ] ], [ [ 755495.872621648944914, 1970893.726335800951347 ], [ 755495.744568766094744, 1970903.671955002238974 ] ], [ [ 755495.744568766094744, 1970903.671955002238974 ], [ 755505.143296389142051, 1970913.740237678866833 ] ], [ [ 755505.143296389142051, 1970913.740237678866833 ], [ 755514.54201432899572, 1970923.808526088483632 ] ], [ [ 755514.54201432899572, 1970923.808526088483632 ], [ 755523.940722588566132, 1970933.876820230856538 ] ], [ [ 755523.940722588566132, 1970933.876820230856538 ], [ 755533.339421167271212, 1970943.945120106916875 ] ], [ [ 755533.339421167271212, 1970943.945120106916875 ], [ 755533.211346014169976, 1970953.890741830924526 ] ], [ [ 755533.211346014169976, 1970953.890741830924526 ], [ 755533.083270235103555, 1970963.836363629903644 ] ], [ [ 755533.083270235103555, 1970963.836363629903644 ], [ 755532.955193829955533, 1970973.781985504087061 ] ], [ [ 755532.955193829955533, 1970973.781985504087061 ], [ 755542.353866491699591, 1970983.850292948773131 ] ], [ [ 755542.353866491699591, 1970983.850292948773131 ], [ 755542.225784049369395, 1970993.795915510505438 ] ], [ [ 755551.624441617634147, 1971003.864229299593717 ], [ 755561.023089503752999, 1971013.932548823067918 ] ], [ [ 755561.023089503752999, 1971013.932548823067918 ], [ 755570.421727708773687, 1971024.000874078599736 ] ], [ [ 755570.421727708773687, 1971024.000874078599736 ], [ 755579.820356230251491, 1971034.069205067586154 ] ], [ [ 755579.820356230251491, 1971034.069205067586154 ], [ 755579.692251516040415, 1971044.014830152969807 ] ], [ [ 755579.692251516040415, 1971044.014830152969807 ], [ 755589.090864943573251, 1971054.083167487522587 ] ], [ [ 755589.090864943573251, 1971054.083167487522587 ], [ 755588.962754191714339, 1971064.028793260222301 ] ], [ [ 755588.706530809868127, 1971083.920045030303299 ], [ 755588.578418179647997, 1971093.865671028150246 ] ], [ [ 755588.578418179647997, 1971093.865671028150246 ], [ 755588.450304923462681, 1971103.811297100502998 ] ], [ [ 755588.450304923462681, 1971103.811297100502998 ], [ 755588.32219104107935, 1971113.756923248525709 ] ], [ [ 755588.32219104107935, 1971113.756923248525709 ], [ 755597.72076231718529, 1971123.825269990134984 ] ], [ [ 755597.336400678148493, 1971153.662150719668716 ], [ 755606.734946034615859, 1971163.730505031067878 ] ], [ [ 755606.734946034615859, 1971163.730505031067878 ], [ 755606.606818824191578, 1971173.676132703898475 ] ], [ [ 755606.606818824191578, 1971173.676132703898475 ], [ 755606.47869098756928, 1971183.621760451467708 ] ], [ [ 755606.47869098756928, 1971183.621760451467708 ], [ 755615.877215835731477, 1971193.690121720544994 ] ], [ [ 755615.877215835731477, 1971193.690121720544994 ], [ 755615.749081960879266, 1971203.63575015636161 ] ], [ [ 755615.749081960879266, 1971203.63575015636161 ], [ 755625.147591715212911, 1971213.704117771470919 ] ], [ [ 755625.147591715212911, 1971213.704117771470919 ], [ 755625.019451802130789, 1971223.649746893672273 ] ], [ [ 755625.019451802130789, 1971223.649746893672273 ], [ 755634.417946461006068, 1971233.718120855744928 ] ], [ [ 755634.417946461006068, 1971233.718120855744928 ], [ 755634.289800509694032, 1971243.66375066479668 ] ], [ [ 755634.289800509694032, 1971243.66375066479668 ], [ 755643.688280074391514, 1971253.732130972668529 ] ], [ [ 755643.688280074391514, 1971253.732130972668529 ], [ 755643.560128084616736, 1971263.677761470200494 ] ], [ [ 755643.560128084616736, 1971263.677761470200494 ], [ 755652.958592552226037, 1971273.746148123871535 ] ], [ [ 755652.958592552226037, 1971273.746148123871535 ], [ 755652.830434523988515, 1971283.691779308253899 ] ], [ [ 755652.830434523988515, 1971283.691779308253899 ], [ 755652.702275869436562, 1971293.6374105673749 ] ], [ [ 755652.702275869436562, 1971293.6374105673749 ], [ 755662.100719828624278, 1971303.705804180586711 ] ], [ [ 755662.100719828624278, 1971303.705804180586711 ], [ 755661.972555135609582, 1971313.651436127023771 ] ], [ [ 755661.972555135609582, 1971313.651436127023771 ], [ 755671.37098399864044, 1971323.719836086733267 ] ], [ [ 755671.37098399864044, 1971323.719836086733267 ], [ 755680.769403179176152, 1971333.788241780363023 ] ], [ [ 755699.438025516225025, 1971363.870704840868711 ], [ 755708.836410232121125, 1971373.939128349302337 ] ], [ [ 755708.836410232121125, 1971373.939128349302337 ], [ 755708.708217223873362, 1971383.884763508336619 ] ], [ [ 755708.708217223873362, 1971383.884763508336619 ], [ 755708.580023589078337, 1971393.83039874327369 ] ], [ [ 755708.580023589078337, 1971393.83039874327369 ], [ 755708.451829327968881, 1971403.776034051785246 ] ], [ [ 755708.451829327968881, 1971403.776034051785246 ], [ 755717.850188118871301, 1971413.844465132104233 ] ], [ [ 755717.850188118871301, 1971413.844465132104233 ], [ 755717.721987818484195, 1971423.790101128397509 ] ], [ [ 755717.721987818484195, 1971423.790101128397509 ], [ 755727.120331513695419, 1971433.858538555912673 ] ], [ [ 755727.120331513695419, 1971433.858538555912673 ], [ 755726.992125174030662, 1971443.804175240453333 ] ], [ [ 755726.992125174030662, 1971443.804175240453333 ], [ 755736.390453771920875, 1971453.872619015164673 ] ], [ [ 755736.262241393094882, 1971463.818256386788562 ], [ 755745.660554893314838, 1971473.886706508230418 ] ], [ [ 755745.660554893314838, 1971473.886706508230418 ], [ 755745.532336474978365, 1971483.832344566704705 ] ], [ [ 755745.532336474978365, 1971483.832344566704705 ], [ 755754.930634879041463, 1971493.900801036506891 ] ], [ [ 755754.930634879041463, 1971493.900801036506891 ], [ 755754.802410421194509, 1971503.846439783228561 ] ], [ [ 755754.802410421194509, 1971503.846439783228561 ], [ 755764.200693725957535, 1971513.914902599528432 ] ], [ [ 755764.200693725957535, 1971513.914902599528432 ], [ 755764.072463228367269, 1971523.860542033798993 ] ], [ [ 755764.072463228367269, 1971523.860542033798993 ], [ 755773.470731435227208, 1971533.929011198226362 ] ], [ [ 755773.470731435227208, 1971533.929011198226362 ], [ 755773.342494898010045, 1971543.874651319812983 ] ], [ [ 755773.342494898010045, 1971543.874651319812983 ], [ 755782.740748006501235, 1971553.943126830738038 ] ], [ [ 755782.740748006501235, 1971553.943126830738038 ], [ 755782.612505429540761, 1971563.888767640572041 ] ], [ [ 755791.882494824239984, 1971583.902890996774659 ], [ 755801.280717735877261, 1971593.971379203721881 ] ], [ [ 755801.280717735877261, 1971593.971379203721881 ], [ 755810.678930962225422, 1971604.039873145753518 ] ], [ [ 755810.678930962225422, 1971604.039873145753518 ], [ 755820.077134502003901, 1971614.10837282333523 ] ], [ [ 755820.077134502003901, 1971614.10837282333523 ], [ 755829.475328359170817, 1971624.176878235768527 ] ], [ [ 755829.475328359170817, 1971624.176878235768527 ], [ 755829.347057461622171, 1971634.122522258432582 ] ], [ [ 755829.347057461622171, 1971634.122522258432582 ], [ 755829.218785937642679, 1971644.068166356533766 ] ], [ [ 755829.218785937642679, 1971644.068166356533766 ], [ 755829.090513786766678, 1971654.013810528675094 ] ], [ [ 755829.090513786766678, 1971654.013810528675094 ], [ 755838.488681716262363, 1971664.082323514623567 ] ], [ [ 755838.488681716262363, 1971664.082323514623567 ], [ 755838.360403524944559, 1971674.027968375943601 ] ], [ [ 755838.360403524944559, 1971674.027968375943601 ], [ 755847.758556355256587, 1971684.096487709786743 ] ], [ [ 755847.758556355256587, 1971684.096487709786743 ], [ 755847.630272123613395, 1971694.042133258190006 ] ], [ [ 755847.630272123613395, 1971694.042133258190006 ], [ 755857.028409854276106, 1971704.110658940626308 ] ], [ [ 755857.028409854276106, 1971704.110658940626308 ], [ 755866.426537900348194, 1971714.179190358379856 ] ], [ [ 755866.426537900348194, 1971714.179190358379856 ], [ 755866.298242214368656, 1971724.124837207840756 ] ], [ [ 755866.298242214368656, 1971724.124837207840756 ], [ 755875.696355159278028, 1971734.193374974187464 ] ], [ [ 755875.696355159278028, 1971734.193374974187464 ], [ 755885.094458418316208, 1971744.261918476549909 ] ], [ [ 755885.094458418316208, 1971744.261918476549909 ], [ 755894.492551991133951, 1971754.33046771469526 ] ], [ [ 755894.492551991133951, 1971754.33046771469526 ], [ 755894.36423943657428, 1971764.276116476859897 ] ], [ [ 755894.36423943657428, 1971764.276116476859897 ], [ 755903.762317910674028, 1971774.34467206383124 ] ], [ [ 755903.762317910674028, 1971774.34467206383124 ], [ 755913.16038669727277, 1971784.41323338681832 ] ], [ [ 755913.16038669727277, 1971784.41323338681832 ], [ 755913.032062687445432, 1971794.358883450040594 ] ], [ [ 755922.430116372299381, 1971804.427451121388003 ], [ 755931.828160372097045, 1971814.496024529449642 ] ], [ [ 755931.828160372097045, 1971814.496024529449642 ], [ 755931.699824907002039, 1971824.441675893031061 ] ], [ [ 755978.433145583607256, 1971894.675941121997312 ], [ 755978.304781165439636, 1971904.621595775475726 ] ], [ [ 755978.304781165439636, 1971904.621595775475726 ], [ 755987.702745387563482, 1971914.690206052968279 ] ], [ [ 755987.574374927673489, 1971924.635861393995583 ], [ 755996.972324048168957, 1971934.704478020314127 ] ], [ [ 755996.972324048168957, 1971934.704478020314127 ], [ 755996.843947546440177, 1971944.650134050287306 ] ], [ [ 756006.241881565074436, 1971954.718757027061656 ], [ 756015.639805898070335, 1971964.787385740550235 ] ], [ [ 756015.639805898070335, 1971964.787385740550235 ], [ 756015.511417939560488, 1971974.733043070649728 ] ], [ [ 756015.511417939560488, 1971974.733043070649728 ], [ 756015.383029354037717, 1971984.678700476419181 ] ], [ [ 756015.383029354037717, 1971984.678700476419181 ], [ 756024.780933167319745, 1971994.747336152475327 ] ], [ [ 756024.780933167319745, 1971994.747336152475327 ], [ 756024.652538539725356, 1972004.692994246259332 ] ], [ [ 756043.319900191971101, 1972034.775943429209292 ], [ 756043.191493480000645, 1972044.7216028990224 ] ], [ [ 756043.191493480000645, 1972044.7216028990224 ], [ 756052.589351988397539, 1972054.790257626213133 ] ], [ [ 756052.589351988397539, 1972054.790257626213133 ], [ 756052.460939234006219, 1972064.73591778264381 ] ], [ [ 756052.460939234006219, 1972064.73591778264381 ], [ 756061.858782638330013, 1972074.804578860057518 ] ], [ [ 756061.858782638330013, 1972074.804578860057518 ], [ 756071.256616354803555, 1972084.873245673952624 ] ], [ [ 756071.256616354803555, 1972084.873245673952624 ], [ 756080.65444038354326, 1972094.94191822456196 ] ], [ [ 756080.65444038354326, 1972094.94191822456196 ], [ 756090.180689141154289, 1972095.06493390374817 ] ], [ [ 756109.233188199810684, 1972095.310979018453509 ], [ 756118.759438502369449, 1972095.434008455136791 ] ], [ [ 756118.759438502369449, 1972095.434008455136791 ], [ 756128.157235753023997, 1972105.502707241103053 ] ], [ [ 756128.157235753023997, 1972105.502707241103053 ], [ 756137.683482298627496, 1972105.625746387988329 ] ], [ [ 756137.683482298627496, 1972105.625746387988329 ], [ 756147.081265588640235, 1972115.694456035504118 ] ], [ [ 756147.081265588640235, 1972115.694456035504118 ], [ 756156.479039191035554, 1972125.763171420199797 ] ], [ [ 756156.479039191035554, 1972125.763171420199797 ], [ 756156.350569377187639, 1972135.708838022779673 ] ], [ [ 756156.350569377187639, 1972135.708838022779673 ], [ 756156.22209893562831, 1972145.654504699399695 ] ], [ [ 756156.22209893562831, 1972145.654504699399695 ], [ 756156.093627866823226, 1972155.600171452388167 ] ], [ [ 756156.093627866823226, 1972155.600171452388167 ], [ 756155.965156170539558, 1972165.545838280580938 ] ], [ [ 756155.965156170539558, 1972165.545838280580938 ], [ 756155.836683846544474, 1972175.491505182581022 ] ], [ [ 756155.836683846544474, 1972175.491505182581022 ], [ 756155.708210895070806, 1972185.437172160483897 ] ], [ [ 756155.708210895070806, 1972185.437172160483897 ], [ 756155.579737316118553, 1972195.382839213358238 ] ], [ [ 756155.579737316118553, 1972195.382839213358238 ], [ 756155.451263109804131, 1972205.328506340039894 ] ], [ [ 756155.451263109804131, 1972205.328506340039894 ], [ 756155.322788275778294, 1972215.274173543090001 ] ], [ [ 756155.322788275778294, 1972215.274173543090001 ], [ 756155.194312814506702, 1972225.219840821344405 ] ], [ [ 756155.194312814506702, 1972225.219840821344405 ], [ 756155.065836725523695, 1972235.165508173638955 ] ], [ [ 756155.065836725523695, 1972235.165508173638955 ], [ 756164.463541068136692, 1972245.234236042480916 ] ], [ [ 756164.463541068136692, 1972245.234236042480916 ], [ 756164.335058935801499, 1972255.179904083022848 ] ], [ [ 756164.335058935801499, 1972255.179904083022848 ], [ 756164.20657617598772, 1972265.125572199234739 ] ], [ [ 756164.20657617598772, 1972265.125572199234739 ], [ 756164.078092788811773, 1972275.071240390883759 ] ], [ [ 756164.078092788811773, 1972275.071240390883759 ], [ 756163.94960877392441, 1972285.016908656805754 ] ], [ [ 756163.94960877392441, 1972285.016908656805754 ], [ 756163.821124131558463, 1972294.962576997699216 ] ], [ [ 756163.821124131558463, 1972294.962576997699216 ], [ 756163.692638861597516, 1972304.908245414029807 ] ], [ [ 756163.692638861597516, 1972304.908245414029807 ], [ 756163.564152964157984, 1972314.853913905564696 ] ], [ [ 756163.564152964157984, 1972314.853913905564696 ], [ 756154.038005424430594, 1972314.730849696090445 ] ], [ [ 756153.267105593695305, 1972374.40485898964107 ], [ 756153.138620092300698, 1972384.350527467671782 ] ], [ [ 756153.138620092300698, 1972384.350527467671782 ], [ 756153.010133963427506, 1972394.29619602067396 ] ], [ [ 756153.010133963427506, 1972394.29619602067396 ], [ 756152.88164720707573, 1972404.24186464981176 ] ], [ [ 756152.88164720707573, 1972404.24186464981176 ], [ 756152.753159823361784, 1972414.187533352756873 ] ], [ [ 756152.753159823361784, 1972414.187533352756873 ], [ 756143.227060686447658, 1972414.064468347467482 ] ], [ [ 756132.673117026221007, 1972493.506751645822078 ], [ 756142.070689094485715, 1972503.575485209235922 ] ], [ [ 756142.070689094485715, 1972503.575485209235922 ], [ 756141.942200224613771, 1972513.521154124522582 ] ], [ [ 756141.942200224613771, 1972513.521154124522582 ], [ 756141.813710727379657, 1972523.466823114780709 ] ], [ [ 756141.813710727379657, 1972523.466823114780709 ], [ 756141.685220602666959, 1972533.412492180708796 ] ], [ [ 756141.685220602666959, 1972533.412492180708796 ], [ 756141.556729850592092, 1972543.358161321142688 ] ], [ [ 756141.556729850592092, 1972543.358161321142688 ], [ 756141.428238470805809, 1972553.303830536548048 ] ], [ [ 756141.428238470805809, 1972553.303830536548048 ], [ 756141.299746463773772, 1972563.249499827157706 ] ], [ [ 756141.299746463773772, 1972563.249499827157706 ], [ 756141.171253829146735, 1972573.195169193204492 ] ], [ [ 756141.171253829146735, 1972573.195169193204492 ], [ 756141.042760567157529, 1972583.140838633757085 ] ], [ [ 756141.042760567157529, 1972583.140838633757085 ], [ 756140.914266677573323, 1972593.086508148815483 ] ], [ [ 756140.914266677573323, 1972593.086508148815483 ], [ 756140.785772160626948, 1972603.032177740009502 ] ], [ [ 756140.657277016201988, 1972612.977847405243665 ], [ 756131.131274174433202, 1972612.854776224121451 ] ], [ [ 756131.131274174433202, 1972612.854776224121451 ], [ 756131.002783191855997, 1972622.800445426953956 ] ], [ [ 756131.002783191855997, 1972622.800445426953956 ], [ 756130.874291581683792, 1972632.746114704525098 ] ], [ [ 756130.874291581683792, 1972632.746114704525098 ], [ 756130.745799344149418, 1972642.691784056602046 ] ], [ [ 756130.745799344149418, 1972642.691784056602046 ], [ 756130.61730647913646, 1972652.637453484814614 ] ], [ [ 756130.61730647913646, 1972652.637453484814614 ], [ 756130.488812986644916, 1972662.583122987532988 ] ], [ [ 756130.488812986644916, 1972662.583122987532988 ], [ 756130.360318866791204, 1972672.528792564989999 ] ], [ [ 756130.360318866791204, 1972672.528792564989999 ], [ 756130.231824119458906, 1972682.474462217651308 ] ], [ [ 756130.231824119458906, 1972682.474462217651308 ], [ 756130.10332874476444, 1972692.420131945749745 ] ], [ [ 756130.10332874476444, 1972692.420131945749745 ], [ 756129.974832742474973, 1972702.36580174905248 ] ], [ [ 756129.717838855925947, 1972722.257141579641029 ], [ 756120.191889212350361, 1972722.13406906533055 ] ], [ [ 756120.191889212350361, 1972722.13406906533055 ], [ 756120.063396117300726, 1972732.079738555941731 ] ], [ [ 756120.063396117300726, 1972732.079738555941731 ], [ 756119.934902394772507, 1972742.025408120593056 ] ], [ [ 756119.549417463014834, 1972771.862417265539989 ], [ 756119.420921230921522, 1972781.808087131706998 ] ], [ [ 756119.420921230921522, 1972781.808087131706998 ], [ 756119.292424371466041, 1972791.753757070982829 ] ], [ [ 756119.292424371466041, 1972791.753757070982829 ], [ 756119.163926884531975, 1972801.699427086859941 ] ], [ [ 756119.163926884531975, 1972801.699427086859941 ], [ 756119.035428770119324, 1972811.64509717701003 ] ], [ [ 756119.035428770119324, 1972811.64509717701003 ], [ 756118.90693002846092, 1972821.590767342131585 ] ], [ [ 756118.90693002846092, 1972821.590767342131585 ], [ 756118.778430659323931, 1972831.536437582457438 ] ], [ [ 756118.778430659323931, 1972831.536437582457438 ], [ 756109.252534216735512, 1972831.413363737054169 ] ], [ [ 756109.252534216735512, 1972831.413363737054169 ], [ 756109.12403900991194, 1972841.359033514279872 ] ], [ [ 756109.12403900991194, 1972841.359033514279872 ], [ 756099.598147872369736, 1972841.235963717335835 ] ], [ [ 756099.341165156103671, 1972861.127302421024069 ], [ 756099.212672856869176, 1972871.072971885558218 ] ], [ [ 756099.212672856869176, 1972871.072971885558218 ], [ 756099.084179930388927, 1972881.018641425296664 ] ], [ [ 756099.084179930388927, 1972881.018641425296664 ], [ 756089.558308467501774, 1972880.895574064226821 ] ], [ [ 756089.558308467501774, 1972880.895574064226821 ], [ 756089.429819703451358, 1972890.841243140166625 ] ], [ [ 756089.429819703451358, 1972890.841243140166625 ], [ 756089.301330312155187, 1972900.786912291776389 ] ], [ [ 756089.301330312155187, 1972900.786912291776389 ], [ 756089.172840293264017, 1972910.732581518823281 ] ], [ [ 756089.172840293264017, 1972910.732581518823281 ], [ 756089.044349647243507, 1972920.678250820143148 ] ], [ [ 756089.044349647243507, 1972920.678250820143148 ], [ 756088.915858373860829, 1972930.623920197132975 ] ], [ [ 756088.915858373860829, 1972930.623920197132975 ], [ 756098.313209196552634, 1972940.692660237662494 ] ], [ [ 756098.313209196552634, 1972940.692660237662494 ], [ 756098.184711878420785, 1972950.638330302899703 ] ], [ [ 756098.184711878420785, 1972950.638330302899703 ], [ 756098.056213933043182, 1972960.584000442409888 ] ], [ [ 756098.056213933043182, 1972960.584000442409888 ], [ 756107.453544229152612, 1972970.652747449232265 ] ], [ [ 756107.453544229152612, 1972970.652747449232265 ], [ 756107.325040238909423, 1972980.598418276989833 ] ], [ [ 756107.325040238909423, 1972980.598418276989833 ], [ 756107.196535621304065, 1972990.544089180417359 ] ], [ [ 756106.939524503890425, 1973010.435431211721152 ], [ 756116.336823437828571, 1973020.504186409525573 ] ], [ [ 756116.336823437828571, 1973020.504186409525573 ], [ 756116.208311520516872, 1973030.449858150910586 ] ], [ [ 756116.208311520516872, 1973030.449858150910586 ], [ 756125.605595344561152, 1973040.518619701964781 ] ], [ [ 756125.605595344561152, 1973040.518619701964781 ], [ 756135.002869475865737, 1973050.587386990897357 ] ], [ [ 756135.002869475865737, 1973050.587386990897357 ], [ 756134.87434609583579, 1973060.53306003427133 ] ], [ [ 756134.87434609583579, 1973060.53306003427133 ], [ 756134.745822088327259, 1973070.478733152383938 ] ], [ [ 756134.745822088327259, 1973070.478733152383938 ], [ 756134.617297453572974, 1973080.424406344769523 ] ], [ [ 756134.617297453572974, 1973080.424406344769523 ], [ 756134.488772191107273, 1973090.370079612825066 ] ], [ [ 756134.488772191107273, 1973090.370079612825066 ], [ 756134.360246301279403, 1973100.315752956317738 ] ], [ [ 756134.360246301279403, 1973100.315752956317738 ], [ 756134.231719783972949, 1973110.261426374083385 ] ], [ [ 756134.231719783972949, 1973110.261426374083385 ], [ 756134.103192639304325, 1973120.20709986705333 ] ], [ [ 756134.103192639304325, 1973120.20709986705333 ], [ 756133.974664867157117, 1973130.152773435926065 ] ], [ [ 756133.974664867157117, 1973130.152773435926065 ], [ 756133.846136467647739, 1973140.098447078838944 ] ], [ [ 756133.846136467647739, 1973140.098447078838944 ], [ 756133.717607440426946, 1973150.044120797421783 ] ], [ [ 756133.717607440426946, 1973150.044120797421783 ], [ 756133.589077786076814, 1973159.989794590044767 ] ], [ [ 756133.589077786076814, 1973159.989794590044767 ], [ 756133.460547504131682, 1973169.935468459036201 ] ], [ [ 756133.460547504131682, 1973169.935468459036201 ], [ 756123.934812894905917, 1973169.812367141246796 ] ], [ [ 756123.934812894905917, 1973169.812367141246796 ], [ 756123.806286775972694, 1973179.758040547603741 ] ], [ [ 756123.806286775972694, 1973179.758040547603741 ], [ 756114.280557472724468, 1973179.634943279903382 ] ], [ [ 756114.280557472724468, 1973179.634943279903382 ], [ 756114.152035516919568, 1973189.580616221530363 ] ], [ [ 756114.152035516919568, 1973189.580616221530363 ], [ 756104.626311519416049, 1973189.457523004850373 ] ], [ [ 756094.32950061513111, 1973249.008467150386423 ], [ 756103.726673796656542, 1973259.077231936855242 ] ], [ [ 756103.726673796656542, 1973259.077231936855242 ], [ 756103.598151612561196, 1973269.022904941812158 ] ], [ [ 756103.08405660209246, 1973308.805597711587325 ], [ 756112.481192999053746, 1973318.874371303245425 ] ], [ [ 756112.481192999053746, 1973318.874371303245425 ], [ 756112.352662259829231, 1973328.820045296801254 ] ], [ [ 756112.352662259829231, 1973328.820045296801254 ], [ 756112.22413089312613, 1973338.76571936532855 ] ], [ [ 756130.889810101827607, 1973368.848961590090767 ], [ 756140.415449411259033, 1973368.972078257706016 ] ], [ [ 756140.415449411259033, 1973368.972078257706016 ], [ 756149.812536197248846, 1973379.040876035578549 ] ], [ [ 756149.812536197248846, 1973379.040876035578549 ], [ 756159.209613287821412, 1973389.10967955342494 ] ], [ [ 756159.209613287821412, 1973389.10967955342494 ], [ 756159.081054201582447, 1973399.055356762371957 ] ], [ [ 756159.081054201582447, 1973399.055356762371957 ], [ 756158.952494487632066, 1973409.001034046523273 ] ], [ [ 756158.952494487632066, 1973409.001034046523273 ], [ 756158.823934146435931, 1973418.946711406111717 ] ], [ [ 756158.823934146435931, 1973418.946711406111717 ], [ 756158.695373177644797, 1973428.892388840438798 ] ], [ [ 756158.695373177644797, 1973428.892388840438798 ], [ 756158.566811581258662, 1973438.838066349970177 ] ], [ [ 756158.566811581258662, 1973438.838066349970177 ], [ 756158.438249357393943, 1973448.783743934705853 ] ], [ [ 756158.438249357393943, 1973448.783743934705853 ], [ 756158.309686506050639, 1973458.729421594180167 ] ], [ [ 756158.309686506050639, 1973458.729421594180167 ], [ 756148.784089285414666, 1973458.606290905736387 ] ], [ [ 756148.784089285414666, 1973458.606290905736387 ], [ 756148.655530597898178, 1973468.551968101644889 ] ], [ [ 756148.655530597898178, 1973468.551968101644889 ], [ 756148.52697128278669, 1973478.497645373689011 ] ], [ [ 756148.52697128278669, 1973478.497645373689011 ], [ 756148.398411340080202, 1973488.443322719773278 ] ], [ [ 756148.398411340080202, 1973488.443322719773278 ], [ 756148.26985077012796, 1973498.389000141993165 ] ], [ [ 756148.26985077012796, 1973498.389000141993165 ], [ 756148.141289572464302, 1973508.334677638486028 ] ], [ [ 756148.141289572464302, 1973508.334677638486028 ], [ 756148.012727747438475, 1973518.280355210416019 ] ], [ [ 756148.012727747438475, 1973518.280355210416019 ], [ 756147.884165294934064, 1973528.226032857550308 ] ], [ [ 756147.884165294934064, 1973528.226032857550308 ], [ 756147.755602214834653, 1973538.171710580121726 ] ], [ [ 756147.755602214834653, 1973538.171710580121726 ], [ 756147.627038507373072, 1973548.117388376500458 ] ], [ [ 756147.627038507373072, 1973548.117388376500458 ], [ 756147.498474172316492, 1973558.063066248316318 ] ], [ [ 756147.498474172316492, 1973558.063066248316318 ], [ 756147.369909209897742, 1973568.008744195569307 ] ], [ [ 756147.369909209897742, 1973568.008744195569307 ], [ 756147.241343620000407, 1973577.954422217560932 ] ], [ [ 756147.241343620000407, 1973577.954422217560932 ], [ 756137.715804409584962, 1973577.831289660651237 ] ], [ [ 756060.997413147706538, 1973616.629087883979082 ], [ 756051.471897742245346, 1973616.505994477076456 ] ], [ [ 756051.471897742245346, 1973616.505994477076456 ], [ 756041.946382852038369, 1973616.382905659498647 ] ], [ [ 756041.946382852038369, 1973616.382905659498647 ], [ 756032.42086847696919, 1973616.259821430779994 ] ], [ [ 756032.42086847696919, 1973616.259821430779994 ], [ 756022.895354615640827, 1973616.136741791386157 ] ], [ [ 756022.895354615640827, 1973616.136741791386157 ], [ 756013.369841270847246, 1973616.013666740618646 ] ], [ [ 756013.369841270847246, 1973616.013666740618646 ], [ 756003.844328441075049, 1973615.890596279641613 ] ], [ [ 756003.844328441075049, 1973615.890596279641613 ], [ 755994.318816127837636, 1973615.767530407523736 ] ], [ [ 755994.318816127837636, 1973615.767530407523736 ], [ 755984.793304326827638, 1973615.644469124265015 ] ], [ [ 755984.793304326827638, 1973615.644469124265015 ], [ 755975.267793042352423, 1973615.521412430563942 ] ], [ [ 755975.267793042352423, 1973615.521412430563942 ], [ 755965.742282272782177, 1973615.398360325954854 ] ], [ [ 755965.742282272782177, 1973615.398360325954854 ], [ 755956.216772018233314, 1973615.275312810670584 ] ], [ [ 755956.216772018233314, 1973615.275312810670584 ], [ 755946.691262277425267, 1973615.152269883779809 ] ], [ [ 755946.691262277425267, 1973615.152269883779809 ], [ 755937.165753052919172, 1973615.029231546679512 ] ], [ [ 755937.165753052919172, 1973615.029231546679512 ], [ 755927.768702237633988, 1973604.960531847085804 ] ], [ [ 755927.768702237633988, 1973604.960531847085804 ], [ 755918.243189251283184, 1973604.837503225542605 ] ], [ [ 755908.71767677878961, 1973604.714479193557054 ], [ 755899.192164822365157, 1973604.591459750197828 ] ], [ [ 755899.192164822365157, 1973604.591459750197828 ], [ 755889.666653382126242, 1973604.468444895930588 ] ], [ [ 755889.666653382126242, 1973604.468444895930588 ], [ 755880.141142455395311, 1973604.345434630988166 ] ], [ [ 755880.141142455395311, 1973604.345434630988166 ], [ 755870.744060560478829, 1973594.276766304159537 ] ], [ [ 755832.642004893859848, 1973593.784791640937328 ], [ 755823.116492264322005, 1973593.66180944791995 ] ], [ [ 755823.116492264322005, 1973593.66180944791995 ], [ 755813.590980149572715, 1973593.538831844460219 ] ], [ [ 755813.590980149572715, 1973593.538831844460219 ], [ 755813.462580380146392, 1973603.484491270268336 ] ], [ [ 755813.462580380146392, 1973603.484491270268336 ], [ 755803.937073571723886, 1973603.361517717828974 ] ], [ [ 755803.937073571723886, 1973603.361517717828974 ], [ 755803.808677967055701, 1973613.307176681933925 ] ], [ [ 755803.808677967055701, 1973613.307176681933925 ], [ 755794.283176463330165, 1973613.184207180980593 ] ], [ [ 755794.283176463330165, 1973613.184207180980593 ], [ 755794.154785023769364, 1973623.129865682451054 ] ], [ [ 755794.154785023769364, 1973623.129865682451054 ], [ 755784.629288828931749, 1973623.006900233682245 ] ], [ [ 755784.629288828931749, 1973623.006900233682245 ], [ 755784.500901554245502, 1973632.95255827344954 ] ], [ [ 755784.500901554245502, 1973632.95255827344954 ], [ 755774.975410664337687, 1973632.82959687593393 ] ], [ [ 755774.975410664337687, 1973632.82959687593393 ], [ 755774.847027554642409, 1973642.775254453532398 ] ], [ [ 755774.847027554642409, 1973642.775254453532398 ], [ 755765.321541970828548, 1973642.65229710820131 ] ], [ [ 755765.321541970828548, 1973642.65229710820131 ], [ 755765.193163026124239, 1973652.597954222699627 ] ], [ [ 755765.193163026124239, 1973652.597954222699627 ], [ 755765.064783454872668, 1973662.543611413333565 ] ], [ [ 755765.064783454872668, 1973662.543611413333565 ], [ 755755.539307967526838, 1973662.420657582581043 ] ], [ [ 755755.539307967526838, 1973662.420657582581043 ], [ 755755.410932561499067, 1973672.366314310813323 ] ], [ [ 755755.410932561499067, 1973672.366314310813323 ], [ 755745.885462381877005, 1973672.243364532012492 ] ], [ [ 755745.885462381877005, 1973672.243364532012492 ], [ 755745.757091140840203, 1973682.189020797144622 ] ], [ [ 755745.757091140840203, 1973682.189020797144622 ], [ 755736.231626267312095, 1973682.066075070295483 ] ], [ [ 755736.231626267312095, 1973682.066075070295483 ], [ 755736.103259191499092, 1973692.011730874422938 ] ], [ [ 755736.103259191499092, 1973692.011730874422938 ], [ 755735.974891489255242, 1973701.957386753289029 ] ], [ [ 755735.974891489255242, 1973701.957386753289029 ], [ 755735.846523160580546, 1973711.903042707126588 ] ], [ [ 755735.846523160580546, 1973711.903042707126588 ], [ 755726.32107317680493, 1973711.78009995771572 ] ], [ [ 755726.32107317680493, 1973711.78009995771572 ], [ 755726.192709013237618, 1973721.725755450082943 ] ], [ [ 755726.192709013237618, 1973721.725755450082943 ], [ 755716.667264334275387, 1973721.602816752856597 ] ], [ [ 755716.667264334275387, 1973721.602816752856597 ], [ 755716.538904336281121, 1973731.548471781658009 ] ], [ [ 755716.538904336281121, 1973731.548471781658009 ], [ 755707.013464964926243, 1973731.425537137081847 ] ], [ [ 755707.013464964926243, 1973731.425537137081847 ], [ 755706.885109132272191, 1973741.371191705111414 ] ], [ [ 755706.885109132272191, 1973741.371191705111414 ], [ 755697.359675067127682, 1973741.248261112486944 ] ], [ [ 755697.359675067127682, 1973741.248261112486944 ], [ 755697.231323399813846, 1973751.193915218580514 ] ], [ [ 755677.923780351760797, 1973770.839373014634475 ], [ 755668.398362204199657, 1973770.716454579029232 ] ], [ [ 755668.398362204199657, 1973770.716454579029232 ], [ 755668.270023033488542, 1973780.66210729861632 ] ], [ [ 755649.219197867903858, 1973780.416283121099696 ], [ 755639.693786055431701, 1973780.293377916328609 ] ], [ [ 755639.693786055431701, 1973780.293377916328609 ], [ 755630.168374758446589, 1973780.170477300882339 ] ], [ [ 755630.168374758446589, 1973780.170477300882339 ], [ 755630.040054128970951, 1973790.116127946879715 ] ], [ [ 755630.040054128970951, 1973790.116127946879715 ], [ 755620.514648138429038, 1973789.993231383617967 ] ], [ [ 755620.514648138429038, 1973789.993231383617967 ], [ 755620.386331674642861, 1973799.938881568843499 ] ], [ [ 755610.860930990194902, 1973799.815989058464766 ], [ 755601.335530818672851, 1973799.693101137178019 ] ], [ [ 755601.335530818672851, 1973799.693101137178019 ], [ 755601.207223312696442, 1973809.638750323560089 ] ], [ [ 755572.246157117770053, 1973839.107055663131177 ], [ 755562.720778172370046, 1973838.984183952677995 ] ], [ [ 755562.720778172370046, 1973838.984183952677995 ], [ 755562.592487329966389, 1973848.929831292014569 ] ], [ [ 755562.592487329966389, 1973848.929831292014569 ], [ 755553.067113689379767, 1973848.80696363421157 ] ], [ [ 755553.067113689379767, 1973848.80696363421157 ], [ 755552.938827013014816, 1973858.752610512077808 ] ], [ [ 755533.246696010231972, 1973908.235118037322536 ], [ 755523.721352664753795, 1973908.112260926980525 ] ], [ [ 755523.721352664753795, 1973908.112260926980525 ], [ 755523.593076608842239, 1973918.057906645117328 ] ], [ [ 755523.464799926965497, 1973928.003552438691258 ], [ 755513.939466681331396, 1973927.880698845023289 ] ], [ [ 755513.939466681331396, 1973927.880698845023289 ], [ 755513.811194165609777, 1973937.826344176428393 ] ], [ [ 755503.772789073875174, 1973977.486074566142634 ], [ 755503.644518221030012, 1973987.431719736894593 ] ], [ [ 755503.644518221030012, 1973987.431719736894593 ], [ 755494.119214757345617, 1973987.308872102061287 ] ], [ [ 755493.862680758698843, 1974007.200161595130339 ], [ 755493.734412820544094, 1974017.145806454587728 ] ], [ [ 755493.734412820544094, 1974017.145806454587728 ], [ 755493.606144256424159, 1974027.091451389715075 ] ], [ [ 755493.606144256424159, 1974027.091451389715075 ], [ 755484.080860475078225, 1974026.968606197973713 ] ], [ [ 755483.31126470270101, 1974086.642474163789302 ], [ 755473.786010191659443, 1974086.519630342489108 ] ], [ [ 755473.786010191659443, 1974086.519630342489108 ], [ 755473.657746831770055, 1974096.465274729998782 ] ], [ [ 755479.462947881547734, 1974385.011854585725814 ], [ 755488.859767397865653, 1974395.080366813344881 ] ], [ [ 755488.859767397865653, 1974395.080366813344881 ], [ 755488.731475050793961, 1974405.026014604605734 ] ], [ [ 755488.731475050793961, 1974405.026014604605734 ], [ 755488.603182077757083, 1974414.971662470605224 ] ], [ [ 755488.603182077757083, 1974414.971662470605224 ], [ 755488.47488847875502, 1974424.917310412041843 ] ], [ [ 755488.47488847875502, 1974424.917310412041843 ], [ 755497.871682037599385, 1974434.98583021434024 ] ], [ [ 755497.871682037599385, 1974434.98583021434024 ], [ 755497.743382393498905, 1974444.931478842394426 ] ], [ [ 755497.743382393498905, 1974444.931478842394426 ], [ 755497.615082123549655, 1974454.877127545885742 ] ], [ [ 755497.615082123549655, 1974454.877127545885742 ], [ 755497.48678122763522, 1974464.822776324814186 ] ], [ [ 755497.48678122763522, 1974464.822776324814186 ], [ 755497.358479705872014, 1974474.768425178946927 ] ], [ [ 755497.358479705872014, 1974474.768425178946927 ], [ 755497.230177558260038, 1974484.714074108283967 ] ], [ [ 755497.230177558260038, 1974484.714074108283967 ], [ 755497.101874784799293, 1974494.659723112359643 ] ], [ [ 755497.101874784799293, 1974494.659723112359643 ], [ 755506.49862612830475, 1974504.728252324741334 ] ], [ [ 755506.49862612830475, 1974504.728252324741334 ], [ 755506.370317309512757, 1974514.673902015667409 ] ], [ [ 755506.370317309512757, 1974514.673902015667409 ], [ 755515.767053534509614, 1974524.742437578737736 ] ], [ [ 755515.767053534509614, 1974524.742437578737736 ], [ 755515.638738670153543, 1974534.688087957678363 ] ], [ [ 755515.638738670153543, 1974534.688087957678363 ], [ 755515.510423179832287, 1974544.633738411823288 ] ], [ [ 755515.510423179832287, 1974544.633738411823288 ], [ 755515.382107063662261, 1974554.579388939775527 ] ], [ [ 755515.382107063662261, 1974554.579388939775527 ], [ 755515.253790321527049, 1974564.525039544096217 ] ], [ [ 755515.253790321527049, 1974564.525039544096217 ], [ 755515.125472953426652, 1974574.470690223388374 ] ], [ [ 755515.125472953426652, 1974574.470690223388374 ], [ 755524.522172382334247, 1974584.539234585128725 ] ], [ [ 755524.522172382334247, 1974584.539234585128725 ], [ 755524.393848968669772, 1974594.484885951504111 ] ], [ [ 755524.265524928923696, 1974604.430537392385304 ], [ 755533.662203817395493, 1974614.499088718090206 ] ], [ [ 755533.662203817395493, 1974614.499088718090206 ], [ 755533.533873731968924, 1974624.444740847451612 ] ], [ [ 755533.533873731968924, 1974624.444740847451612 ], [ 755533.40554302057717, 1974634.390393050853163 ] ], [ [ 755533.40554302057717, 1974634.390393050853163 ], [ 755533.277211683103815, 1974644.336045329226181 ] ], [ [ 755533.277211683103815, 1974644.336045329226181 ], [ 755542.673864612355828, 1974654.404604230308905 ] ], [ [ 755542.673864612355828, 1974654.404604230308905 ], [ 755542.545527229085565, 1974664.350257195997983 ] ], [ [ 755542.545527229085565, 1974664.350257195997983 ], [ 755542.4171892197337, 1974674.29591023712419 ] ], [ [ 755551.300441633095033, 1974724.147091465536505 ], [ 755551.172095073619857, 1974734.092745494330302 ] ], [ [ 755551.172095073619857, 1974734.092745494330302 ], [ 755560.568690662505105, 1974744.161320157814771 ] ], [ [ 755560.568690662505105, 1974744.161320157814771 ], [ 755569.965276549570262, 1974754.22990056197159 ] ], [ [ 755569.965276549570262, 1974754.22990056197159 ], [ 755569.836918523767963, 1974764.175555890891701 ] ], [ [ 755569.836918523767963, 1974764.175555890891701 ], [ 755579.233489291626029, 1974774.244142646202818 ] ], [ [ 755579.233489291626029, 1974774.244142646202818 ], [ 755579.105125219328329, 1974784.189798661740497 ] ], [ [ 755579.105125219328329, 1974784.189798661740497 ], [ 755578.976760521065444, 1974794.135454752715304 ] ], [ [ 755578.976760521065444, 1974794.135454752715304 ], [ 755588.373310747789219, 1974804.204048472223803 ] ], [ [ 755597.513098318595439, 1974834.163962786784396 ], [ 755606.909618303063326, 1974844.232569212093949 ] ], [ [ 755606.909618303063326, 1974844.232569212093949 ], [ 755606.781235465081409, 1974854.178227363852784 ] ], [ [ 755606.781235465081409, 1974854.178227363852784 ], [ 755606.65285200078506, 1974864.123885590815917 ] ], [ [ 755606.65285200078506, 1974864.123885590815917 ], [ 755606.524467910523526, 1974874.069543892983347 ] ], [ [ 755606.524467910523526, 1974874.069543892983347 ], [ 755615.92096193227917, 1974884.138157894602045 ] ], [ [ 755615.92096193227917, 1974884.138157894602045 ], [ 755615.792571795056574, 1974894.083816883852705 ] ], [ [ 755615.792571795056574, 1974894.083816883852705 ], [ 755625.189050695160404, 1974904.152437238954008 ] ], [ [ 755625.189050695160404, 1974904.152437238954008 ], [ 755625.060654510976747, 1974914.098096915055066 ] ], [ [ 755625.060654510976747, 1974914.098096915055066 ], [ 755634.457118290592916, 1974924.166723622009158 ] ], [ [ 755643.596756437444128, 1974954.126678096828982 ], [ 755643.468347533023916, 1974964.072339222300798 ] ], [ [ 755643.468347533023916, 1974964.072339222300798 ], [ 755652.864775646012276, 1974974.140979248099029 ] ], [ [ 755652.864775646012276, 1974974.140979248099029 ], [ 755652.736360694281757, 1974984.086641061352566 ] ], [ [ 755652.736360694281757, 1974984.086641061352566 ], [ 755662.13277368620038, 1974994.155287438770756 ] ], [ [ 755662.004352687275968, 1975004.100949939806014 ], [ 755661.875931062037125, 1975014.04661251581274 ] ], [ [ 755661.875931062037125, 1975014.04661251581274 ], [ 755671.272323507349938, 1975024.115265858592466 ] ], [ [ 755671.272323507349938, 1975024.115265858592466 ], [ 755671.143895834800787, 1975034.06092912168242 ] ], [ [ 755671.143895834800787, 1975034.06092912168242 ], [ 755680.540273158694617, 1975044.12958881771192 ] ], [ [ 755680.540273158694617, 1975044.12958881771192 ], [ 755689.936640780651942, 1975054.198254255345091 ] ], [ [ 755689.936640780651942, 1975054.198254255345091 ], [ 755699.332998700672761, 1975064.266925433417782 ] ], [ [ 755699.332998700672761, 1975064.266925433417782 ], [ 755708.729346920270473, 1975074.335602353326976 ] ], [ [ 755708.729346920270473, 1975074.335602353326976 ], [ 755708.600896936375648, 1975084.281268140533939 ] ], [ [ 755708.600896936375648, 1975084.281268140533939 ], [ 755717.997230031061918, 1975094.349951413692906 ] ], [ [ 755717.997230031061918, 1975094.349951413692906 ], [ 755717.868773999158293, 1975104.29561788844876 ] ], [ [ 755717.868773999158293, 1975104.29561788844876 ], [ 755717.740317340940237, 1975114.241284438176081 ] ], [ [ 755717.740317340940237, 1975114.241284438176081 ], [ 755727.136629890766926, 1975124.309974677395076 ] ], [ [ 755727.136629890766926, 1975124.309974677395076 ], [ 755736.532932738191448, 1975134.378670657752082 ] ], [ [ 755736.532932738191448, 1975134.378670657752082 ], [ 755736.40446461038664, 1975144.324338507605717 ] ], [ [ 755736.40446461038664, 1975144.324338507605717 ], [ 755736.275995856150985, 1975154.270006431499496 ] ], [ [ 755736.275995856150985, 1975154.270006431499496 ], [ 755745.672278159530833, 1975164.33870937814936 ] ], [ [ 755745.672278159530833, 1975164.33870937814936 ], [ 755755.068550759111531, 1975174.407418066402897 ] ], [ [ 755755.068550759111531, 1975174.407418066402897 ], [ 755764.464813656290062, 1975184.476132496260107 ] ], [ [ 755764.464813656290062, 1975184.476132496260107 ], [ 755764.33632801042404, 1975194.421802332624793 ] ], [ [ 755764.33632801042404, 1975194.421802332624793 ], [ 755773.732575781759806, 1975204.49052311712876 ] ], [ [ 755773.732575781759806, 1975204.49052311712876 ], [ 755783.128813853254542, 1975214.559249642770737 ] ], [ [ 755783.128813853254542, 1975214.559249642770737 ], [ 755783.000316737219691, 1975224.504920779727399 ] ], [ [ 755783.000316737219691, 1975224.504920779727399 ], [ 755792.396539682638831, 1975234.573653659783304 ] ], [ [ 755792.396539682638831, 1975234.573653659783304 ], [ 755792.268036518013105, 1975244.519325482659042 ] ], [ [ 755792.268036518013105, 1975244.519325482659042 ], [ 755801.664244338637218, 1975254.588064717827365 ] ], [ [ 755801.664244338637218, 1975254.588064717827365 ], [ 755801.535735125420615, 1975264.533737228950486 ] ], [ [ 755801.535735125420615, 1975264.533737228950486 ], [ 755810.931927821133286, 1975274.602482817601413 ] ], [ [ 755810.931927821133286, 1975274.602482817601413 ], [ 755820.328110815025866, 1975284.671234148787335 ] ], [ [ 755820.328110815025866, 1975284.671234148787335 ], [ 755829.724284104653634, 1975294.739991221344098 ] ], [ [ 755839.120447691180743, 1975304.808754036435857 ], [ 755838.991916162776761, 1975314.754429073538631 ] ], [ [ 755838.991916162776761, 1975314.754429073538631 ], [ 755848.388064623693936, 1975324.823198243044317 ] ], [ [ 755848.388064623693936, 1975324.823198243044317 ], [ 755857.784203382907435, 1975334.891973155084997 ] ], [ [ 755857.784203382907435, 1975334.891973155084997 ], [ 755857.65566038293764, 1975344.837649491615593 ] ], [ [ 755857.65566038293764, 1975344.837649491615593 ], [ 755867.051784015027806, 1975354.906430758535862 ] ], [ [ 755885.715442273416556, 1975384.98968877014704 ], [ 755885.586881752475165, 1975394.935367094352841 ] ], [ [ 755885.586881752475165, 1975394.935367094352841 ], [ 755894.982965430244803, 1975405.004166813567281 ] ], [ [ 755904.379039402818307, 1975415.07297227694653 ], [ 755904.250467410078272, 1975425.018651901511475 ] ], [ [ 755904.250467410078272, 1975425.018651901511475 ], [ 755913.646526256226934, 1975435.08746371907182 ] ], [ [ 755923.042575398460031, 1975445.156281280098483 ], [ 755922.91399193322286, 1975455.101962205022573 ] ], [ [ 755922.91399193322286, 1975455.101962205022573 ], [ 755932.310025950195268, 1975465.170786121161655 ] ], [ [ 755932.310025950195268, 1975465.170786121161655 ], [ 755941.706050261855125, 1975475.239615780534223 ] ], [ [ 755941.706050261855125, 1975475.239615780534223 ], [ 755941.577455323887989, 1975485.185298005584627 ] ], [ [ 755941.577455323887989, 1975485.185298005584627 ], [ 755950.973464508424513, 1975495.254134021000937 ] ], [ [ 755950.973464508424513, 1975495.254134021000937 ], [ 755960.36946398881264, 1975505.32297577848658 ] ], [ [ 755960.36946398881264, 1975505.32297577848658 ], [ 755969.765453766332939, 1975515.39182327943854 ] ], [ [ 755969.765453766332939, 1975515.39182327943854 ], [ 755979.290050466661341, 1975515.514991847798228 ] ], [ [ 755979.290050466661341, 1975515.514991847798228 ], [ 755988.686026257346384, 1975525.58385022263974 ] ], [ [ 755988.686026257346384, 1975525.58385022263974 ], [ 755988.557404204271734, 1975535.529535511741415 ] ], [ [ 755988.557404204271734, 1975535.529535511741415 ], [ 755997.953364867484197, 1975545.598400242626667 ] ], [ [ 755997.953364867484197, 1975545.598400242626667 ], [ 756007.349315827479586, 1975555.667270717443898 ] ], [ [ 756016.745257081696764, 1975565.736146934796125 ], [ 756026.141188631183468, 1975575.805028895847499 ] ], [ [ 756026.141188631183468, 1975575.805028895847499 ], [ 756035.537110476288944, 1975585.873916600365192 ] ], [ [ 756035.537110476288944, 1975585.873916600365192 ], [ 756035.408460679696873, 1975595.819605028256774 ] ], [ [ 756054.200264409999363, 1975615.957398894941434 ], [ 756063.596151717239991, 1975626.026304442901164 ] ], [ [ 756063.596151717239991, 1975626.026304442901164 ], [ 756063.467485022963956, 1975635.971994785359129 ] ], [ [ 756091.65507244435139, 1975666.178747733356431 ], [ 756101.050915507832542, 1975676.247676870319992 ] ], [ [ 756101.050915507832542, 1975676.247676870319992 ], [ 756110.44674886635039, 1975686.316611751215532 ] ], [ [ 756110.44674886635039, 1975686.316611751215532 ], [ 756119.842572520952672, 1975696.385552376974374 ] ], [ [ 756119.842572520952672, 1975696.385552376974374 ], [ 756129.367091129650362, 1975696.508804114535451 ] ], [ [ 756129.367091129650362, 1975696.508804114535451 ], [ 756138.762900796253234, 1975706.577755615580827 ] ], [ [ 756138.762900796253234, 1975706.577755615580827 ], [ 756148.158700757543556, 1975716.646712860558182 ] ], [ [ 756148.158700757543556, 1975716.646712860558182 ], [ 756148.029985249042511, 1975726.592408718541265 ] ], [ [ 756148.029985249042511, 1975726.592408718541265 ], [ 756157.425770082278177, 1975736.661372320959345 ] ], [ [ 756157.425770082278177, 1975736.661372320959345 ], [ 756157.297048522392288, 1975746.607068867888302 ] ], [ [ 756176.088578221388161, 1975766.745014531770721 ], [ 756185.613066343590617, 1975766.868297594832256 ] ], [ [ 756185.613066343590617, 1975766.868297594832256 ], [ 756195.00881235464476, 1975776.93728417577222 ] ], [ [ 756195.00881235464476, 1975776.93728417577222 ], [ 756194.880069097969681, 1975786.882983174873516 ] ], [ [ 756241.858626439003274, 1975837.228005313780159 ], [ 756251.254308789037168, 1975847.297026976244524 ] ], [ [ 756251.254308789037168, 1975847.297026976244524 ], [ 756260.64998143306002, 1975857.366054383805022 ] ], [ [ 756260.64998143306002, 1975857.366054383805022 ], [ 756270.045644372352399, 1975867.435087536228821 ] ], [ [ 756270.045644372352399, 1975867.435087536228821 ], [ 756279.441297604003921, 1975877.504126433748752 ] ], [ [ 756279.441297604003921, 1975877.504126433748752 ], [ 756288.836941128131002, 1975887.573171076597646 ] ], [ [ 756288.836941128131002, 1975887.573171076597646 ], [ 756298.232574947178364, 1975897.642221464309841 ] ], [ [ 756298.232574947178364, 1975897.642221464309841 ], [ 756307.628199061262421, 1975907.711277598282322 ] ], [ [ 756307.628199061262421, 1975907.711277598282322 ], [ 756317.023813467822038, 1975917.780339476652443 ] ], [ [ 756317.023813467822038, 1975917.780339476652443 ], [ 756326.419418167788535, 1975927.849407100584358 ] ], [ [ 756326.419418167788535, 1975927.849407100584358 ], [ 756335.815013161161914, 1975937.918480470543727 ] ], [ [ 756335.815013161161914, 1975937.918480470543727 ], [ 756345.210598449339159, 1975947.98755958606489 ] ], [ [ 756345.210598449339159, 1975947.98755958606489 ], [ 756354.606174029409885, 1975958.056644445518032 ] ], [ [ 756354.606174029409885, 1975958.056644445518032 ], [ 756364.001739903003909, 1975968.125735052628443 ] ], [ [ 756364.001739903003909, 1975968.125735052628443 ], [ 756373.397296069771983, 1975978.194831404602155 ] ], [ [ 756373.397296069771983, 1975978.194831404602155 ], [ 756382.792842531111091, 1975988.263933502137661 ] ], [ [ 756382.792842531111091, 1975988.263933502137661 ], [ 756392.188379282946698, 1975998.333041346399114 ] ], [ [ 756392.188379282946698, 1975998.333041346399114 ], [ 756401.712768931407481, 1975998.456442443653941 ] ], [ [ 756411.108291696058586, 1976008.525561165530235 ], [ 756410.979423668468371, 1976018.471274270908907 ] ], [ [ 756410.979423668468371, 1976018.471274270908907 ], [ 756410.850555012701079, 1976028.416987451724708 ] ], [ [ 756410.850555012701079, 1976028.416987451724708 ], [ 756420.246057220967487, 1976038.486113146645948 ] ], [ [ 756420.246057220967487, 1976038.486113146645948 ], [ 756429.641549720661715, 1976048.555244588525966 ] ], [ [ 756429.641549720661715, 1976048.555244588525966 ], [ 756439.165917445207015, 1976048.678666753927246 ] ], [ [ 756439.165917445207015, 1976048.678666753927246 ], [ 756448.561395956203341, 1976058.747809073654935 ] ], [ [ 756448.561395956203341, 1976058.747809073654935 ], [ 756457.956864761305042, 1976068.816957139410079 ] ], [ [ 756457.956864761305042, 1976068.816957139410079 ], [ 756467.481224438291974, 1976068.940394164761528 ] ], [ [ 756467.481224438291974, 1976068.940394164761528 ], [ 756476.876679253065959, 1976079.009553110226989 ] ], [ [ 756476.876679253065959, 1976079.009553110226989 ], [ 756476.747773246723227, 1976088.955270510865375 ] ], [ [ 756476.747773246723227, 1976088.955270510865375 ], [ 756486.143212928436697, 1976099.024435815634206 ] ], [ [ 756486.143212928436697, 1976099.024435815634206 ], [ 756495.538642902625725, 1976109.093606867361814 ] ], [ [ 756495.538642902625725, 1976109.093606867361814 ], [ 756505.062985452939756, 1976109.217064423719421 ] ], [ [ 756505.062985452939756, 1976109.217064423719421 ], [ 756514.458401437965222, 1976119.286246354458854 ] ], [ [ 756514.458401437965222, 1976119.286246354458854 ], [ 756514.329473728430457, 1976129.231966209830716 ] ], [ [ 756514.329473728430457, 1976129.231966209830716 ], [ 756523.724874579929747, 1976139.301154501736164 ] ], [ [ 756523.724874579929747, 1976139.301154501736164 ], [ 756533.120265725185163, 1976149.370348539203405 ] ], [ [ 756533.120265725185163, 1976149.370348539203405 ], [ 756542.51564716140274, 1976159.439548323862255 ] ], [ [ 756542.51564716140274, 1976159.439548323862255 ], [ 756552.039968303171918, 1976159.563031545141712 ] ], [ [ 756552.039968303171918, 1976159.563031545141712 ], [ 756561.43533574976027, 1976169.632242209976539 ] ], [ [ 756561.43533574976027, 1976169.632242209976539 ], [ 756570.830693489871919, 1976179.701458621071652 ] ], [ [ 756570.830693489871919, 1976179.701458621071652 ], [ 756580.226041520829313, 1976189.770680779591203 ] ], [ [ 756580.226041520829313, 1976189.770680779591203 ], [ 756589.621379843680188, 1976199.839908685069531 ] ], [ [ 756589.621379843680188, 1976199.839908685069531 ], [ 756599.145684373332188, 1976199.963417032500729 ] ], [ [ 756599.145684373332188, 1976199.963417032500729 ], [ 756608.66998942149803, 1976200.086929974146187 ] ], [ [ 756608.66998942149803, 1976200.086929974146187 ], [ 756618.06530947284773, 1976210.156173893017694 ] ], [ [ 756618.06530947284773, 1976210.156173893017694 ], [ 756627.460619816323742, 1976220.225423559779301 ] ], [ [ 756627.460619816323742, 1976220.225423559779301 ], [ 756636.855920451576822, 1976230.294678973499686 ] ], [ [ 756636.855920451576822, 1976230.294678973499686 ], [ 756646.251211380003951, 1976240.363940134178847 ] ], [ [ 756646.251211380003951, 1976240.363940134178847 ], [ 756655.775499816052616, 1976240.487478203838691 ] ], [ [ 756655.775499816052616, 1976240.487478203838691 ], [ 756665.170776753220707, 1976250.556750245625153 ] ], [ [ 756665.170776753220707, 1976250.556750245625153 ], [ 756674.56604398204945, 1976260.626028034836054 ] ], [ [ 756674.56604398204945, 1976260.626028034836054 ], [ 756674.437025911640376, 1976270.571758101461455 ] ], [ [ 756674.437025911640376, 1976270.571758101461455 ], [ 756683.832278006710112, 1976280.641042252769694 ] ], [ [ 756683.832278006710112, 1976280.641042252769694 ], [ 756693.227520392043516, 1976290.71033215103671 ] ], [ [ 756693.227520392043516, 1976290.71033215103671 ], [ 756702.622753067524172, 1976300.779627797426656 ] ], [ [ 756702.622753067524172, 1976300.779627797426656 ], [ 756712.147015813156031, 1976300.903196667786688 ] ], [ [ 756712.147015813156031, 1976300.903196667786688 ], [ 756721.542234500986524, 1976310.972503195516765 ] ], [ [ 756721.542234500986524, 1976310.972503195516765 ], [ 756730.937443478731439, 1976321.041815470904112 ] ], [ [ 756730.937443478731439, 1976321.041815470904112 ], [ 756740.461698177037761, 1976321.165399203775451 ] ], [ [ 756740.461698177037761, 1976321.165399203775451 ], [ 756749.856893164338544, 1976331.23472236120142 ] ], [ [ 756749.856893164338544, 1976331.23472236120142 ], [ 756759.381144098588265, 1976331.358315823134035 ] ], [ [ 756759.381144098588265, 1976331.358315823134035 ], [ 756768.776325095444918, 1976341.427649861667305 ] ], [ [ 756768.776325095444918, 1976341.427649861667305 ], [ 756778.17149638349656, 1976351.496989648556337 ] ], [ [ 756778.17149638349656, 1976351.496989648556337 ], [ 756787.566657962743193, 1976361.566335183801129 ] ], [ [ 756787.566657962743193, 1976361.566335183801129 ], [ 756796.961809834348969, 1976371.635686467634514 ] ], [ [ 756796.961809834348969, 1976371.635686467634514 ], [ 756806.356951994355768, 1976381.705043498659506 ] ], [ [ 756806.356951994355768, 1976381.705043498659506 ], [ 756815.752084446605295, 1976391.774406279204413 ] ], [ [ 756815.752084446605295, 1976391.774406279204413 ], [ 756825.147207189933397, 1976401.843774806940928 ] ], [ [ 756825.147207189933397, 1976401.843774806940928 ], [ 756834.671428667963482, 1976401.967408800963312 ] ], [ [ 756834.671428667963482, 1976401.967408800963312 ], [ 756844.066537420265377, 1976412.036788212135434 ] ], [ [ 756844.066537420265377, 1976412.036788212135434 ], [ 756853.4616364632966, 1976422.106173372128978 ] ], [ [ 756853.4616364632966, 1976422.106173372128978 ], [ 756862.856725797057152, 1976432.175564279779792 ] ], [ [ 756862.856725797057152, 1976432.175564279779792 ], [ 756872.251805423060432, 1976442.244960936717689 ] ], [ [ 756872.251805423060432, 1976442.244960936717689 ], [ 756881.646875338163227, 1976452.314363342709839 ] ], [ [ 756881.646875338163227, 1976452.314363342709839 ], [ 756891.171075922437012, 1976452.438027602853253 ] ], [ [ 756891.171075922437012, 1976452.438027602853253 ], [ 756900.566131846397184, 1976462.507440891349688 ] ], [ [ 756900.566131846397184, 1976462.507440891349688 ], [ 756909.961178060853854, 1976472.576859928900376 ] ], [ [ 756909.961178060853854, 1976472.576859928900376 ], [ 756919.485370598034933, 1976472.700539052952081 ] ], [ [ 756919.485370598034933, 1976472.700539052952081 ], [ 756928.880402821116149, 1976482.769968974171206 ] ], [ [ 756928.880402821116149, 1976482.769968974171206 ], [ 756938.275425334693864, 1976492.839404643746093 ] ], [ [ 756938.275425334693864, 1976492.839404643746093 ], [ 756947.67043813993223, 1976502.908846063306555 ] ], [ [ 756947.67043813993223, 1976502.908846063306555 ], [ 756957.194618348265067, 1976503.032545185647905 ] ], [ [ 756957.194618348265067, 1976503.032545185647905 ], [ 756966.58961716061458, 1976513.101997487945482 ] ], [ [ 756966.58961716061458, 1976513.101997487945482 ], [ 756975.984606263227761, 1976523.171455539530143 ] ], [ [ 756975.984606263227761, 1976523.171455539530143 ], [ 756985.379585657268763, 1976533.240919341798872 ] ], [ [ 756985.379585657268763, 1976533.240919341798872 ], [ 756994.903753536986187, 1976533.364638463128358 ] ], [ [ 756994.903753536986187, 1976533.364638463128358 ], [ 757004.427921933587641, 1976533.488362180069089 ] ], [ [ 757004.427921933587641, 1976533.488362180069089 ], [ 757013.822883051470853, 1976543.557841999689117 ] ], [ [ 757013.822883051470853, 1976543.557841999689117 ], [ 757023.217834462062456, 1976553.627327569760382 ] ], [ [ 757023.217834462062456, 1976553.627327569760382 ], [ 757032.612776161404327, 1976563.696818889351562 ] ], [ [ 757032.612776161404327, 1976563.696818889351562 ], [ 757042.007708150660619, 1976573.766315958229825 ] ], [ [ 757042.007708150660619, 1976573.766315958229825 ], [ 757051.402630429831333, 1976583.835818776860833 ] ], [ [ 757051.402630429831333, 1976583.835818776860833 ], [ 757060.926777935354039, 1976583.959572763182223 ] ], [ [ 757060.926777935354039, 1976583.959572763182223 ], [ 757070.450925956713036, 1976584.083331344416365 ] ], [ [ 757070.450925956713036, 1976584.083331344416365 ], [ 757079.845829962054268, 1976594.152850183192641 ] ], [ [ 757079.845829962054268, 1976594.152850183192641 ], [ 757089.36997421819251, 1976594.276618494652212 ] ], [ [ 757089.36997421819251, 1976594.276618494652212 ], [ 757098.764864232973196, 1976604.346148218028247 ] ], [ [ 757098.764864232973196, 1976604.346148218028247 ], [ 757108.289004724472761, 1976604.469926260178909 ] ], [ [ 757108.289004724472761, 1976604.469926260178909 ], [ 757117.683880744385533, 1976614.539466868387535 ] ], [ [ 757117.683880744385533, 1976614.539466868387535 ], [ 757117.554615127388388, 1976624.485224914271384 ] ], [ [ 757117.554615127388388, 1976624.485224914271384 ], [ 757126.949476009700447, 1976634.554771887836978 ] ], [ [ 757126.949476009700447, 1976634.554771887836978 ], [ 757136.344327182858251, 1976644.624324611853808 ] ], [ [ 757136.344327182858251, 1976644.624324611853808 ], [ 757145.868450547219254, 1976644.748123194556683 ] ], [ [ 757145.868450547219254, 1976644.748123194556683 ], [ 757155.263287726673298, 1976654.817686803173274 ] ], [ [ 757155.263287726673298, 1976654.817686803173274 ], [ 757164.658115195576102, 1976664.887256163172424 ] ], [ [ 757164.658115195576102, 1976664.887256163172424 ], [ 757174.182230514707044, 1976665.011069612111896 ] ], [ [ 757174.182230514707044, 1976665.011069612111896 ], [ 757183.577043991303071, 1976675.080649856710806 ] ], [ [ 757183.577043991303071, 1976675.080649856710806 ], [ 757192.971847757115029, 1976685.150235852459446 ] ], [ [ 757192.971847757115029, 1976685.150235852459446 ], [ 757202.366641812026501, 1976695.219827598892152 ] ], [ [ 757202.366641812026501, 1976695.219827598892152 ], [ 757211.890744803007692, 1976695.343661049380898 ] ], [ [ 757211.890744803007692, 1976695.343661049380898 ], [ 757221.414848309708759, 1976695.46749909571372 ] ], [ [ 757221.414848309708759, 1976695.46749909571372 ], [ 757230.809624089044519, 1976705.537106863455847 ] ], [ [ 757230.809624089044519, 1976705.537106863455847 ], [ 757240.204390158760361, 1976715.606720381882042 ] ], [ [ 757240.204390158760361, 1976715.606720381882042 ], [ 757249.599146518972702, 1976725.676339651457965 ] ], [ [ 757249.599146518972702, 1976725.676339651457965 ], [ 757258.993893166887574, 1976735.745964671019465 ] ], [ [ 757258.993893166887574, 1976735.745964671019465 ], [ 757268.517980063799769, 1976735.869827855378389 ] ], [ [ 757268.517980063799769, 1976735.869827855378389 ], [ 757278.042067477828823, 1976735.993695635115728 ] ], [ [ 757278.042067477828823, 1976735.993695635115728 ], [ 757287.566155410488136, 1976736.11756801023148 ] ], [ [ 757287.566155410488136, 1976736.11756801023148 ], [ 757297.090243859216571, 1976736.241444981191307 ] ], [ [ 757297.090243859216571, 1976736.241444981191307 ], [ 757306.484963668859564, 1976746.311096295248717 ] ], [ [ 757306.484963668859564, 1976746.311096295248717 ], [ 757315.879673767602071, 1976756.380753361620009 ] ], [ [ 757315.879673767602071, 1976756.380753361620009 ], [ 757325.274374155094847, 1976766.450416177278385 ] ], [ [ 757325.274374155094847, 1976766.450416177278385 ], [ 757334.669064831337892, 1976776.520084745017812 ] ], [ [ 757334.669064831337892, 1976776.520084745017812 ], [ 757344.193136670393869, 1976776.643986855167896 ] ], [ [ 757344.193136670393869, 1976776.643986855167896 ], [ 757353.58781335351523, 1976786.713666310301051 ] ], [ [ 757353.58781335351523, 1976786.713666310301051 ], [ 757362.982480326900259, 1976796.783351516351104 ] ], [ [ 757362.982480326900259, 1976796.783351516351104 ], [ 757372.377137587172911, 1976806.853042474249378 ] ], [ [ 757372.377137587172911, 1976806.853042474249378 ], [ 757381.771785136079416, 1976816.922739183995873 ] ], [ [ 757381.771785136079416, 1976816.922739183995873 ], [ 757391.166422973619774, 1976826.992441644193605 ] ], [ [ 757391.166422973619774, 1976826.992441644193605 ], [ 757400.690473922761157, 1976827.116374030243605 ] ], [ [ 757400.690473922761157, 1976827.116374030243605 ], [ 757410.085097766947001, 1976837.186087378999218 ] ], [ [ 757410.085097766947001, 1976837.186087378999218 ], [ 757419.479711899533868, 1976847.25580647890456 ] ], [ [ 757419.479711899533868, 1976847.25580647890456 ], [ 757429.003754801233299, 1976847.379753733286634 ] ], [ [ 757438.398354940349236, 1976857.449483722448349 ], [ 757447.922394077992067, 1976857.573440708452836 ] ], [ [ 757447.922394077992067, 1976857.573440708452836 ], [ 757457.316980223520659, 1976867.64318158547394 ] ], [ [ 757476.365051489556208, 1976867.891119619132951 ], [ 757485.759619359858334, 1976877.960876520257443 ] ], [ [ 757485.759619359858334, 1976877.960876520257443 ], [ 757495.154177518212236, 1976888.03063917462714 ] ], [ [ 757495.154177518212236, 1976888.03063917462714 ], [ 757495.024702918715775, 1976897.976420855848119 ] ], [ [ 757495.024702918715775, 1976897.976420855848119 ], [ 757504.419245934812352, 1976908.046189876971766 ] ], [ [ 757504.419245934812352, 1976908.046189876971766 ], [ 757513.81377924035769, 1976918.115964651107788 ] ], [ [ 757513.81377924035769, 1976918.115964651107788 ], [ 757523.337793722981587, 1976918.239961648359895 ] ], [ [ 757523.337793722981587, 1976918.239961648359895 ], [ 757532.73231303319335, 1976928.309747311286628 ] ], [ [ 757532.73231303319335, 1976928.309747311286628 ], [ 757542.256323750363663, 1976928.433754041790962 ] ], [ [ 757542.256323750363663, 1976928.433754041790962 ], [ 757551.650829068152234, 1976938.503550593042746 ] ], [ [ 757551.650829068152234, 1976938.503550593042746 ], [ 757561.174836022779346, 1976938.627567055867985 ] ], [ [ 757561.174836022779346, 1976938.627567055867985 ], [ 757570.569327345234342, 1976948.697374496608973 ] ], [ [ 757570.569327345234342, 1976948.697374496608973 ], [ 757579.963808955391869, 1976958.767187690362334 ] ], [ [ 757579.963808955391869, 1976958.767187690362334 ], [ 757589.487807865836658, 1976958.891219022683799 ] ], [ [ 757589.487807865836658, 1976958.891219022683799 ], [ 757599.011807292699814, 1976959.015254951547831 ] ], [ [ 757599.011807292699814, 1976959.015254951547831 ], [ 757608.406270627165213, 1976969.085084171732888 ] ], [ [ 757608.406270627165213, 1976969.085084171732888 ], [ 757617.800724249100313, 1976979.154919144464657 ] ], [ [ 757617.800724249100313, 1976979.154919144464657 ], [ 757627.195168159902096, 1976989.224759869743139 ] ], [ [ 757627.195168159902096, 1976989.224759869743139 ], [ 757636.589602357009426, 1976999.294606348732486 ] ], [ [ 757636.589602357009426, 1976999.294606348732486 ], [ 757646.113585173618048, 1976999.418667421443388 ] ], [ [ 757646.113585173618048, 1976999.418667421443388 ], [ 757655.508005376439542, 1977009.488524790387601 ] ], [ [ 757655.508005376439542, 1977009.488524790387601 ], [ 757664.902415867894888, 1977019.558387911878526 ] ], [ [ 757664.902415867894888, 1977019.558387911878526 ], [ 757674.426390640437603, 1977019.682463854784146 ] ], [ [ 757683.820787136210129, 1977029.752337867161259 ], [ 757693.215173919103108, 1977039.822217632317916 ] ], [ [ 757693.215173919103108, 1977039.822217632317916 ], [ 757702.609550990629941, 1977049.892103150719777 ] ], [ [ 757702.609550990629941, 1977049.892103150719777 ], [ 757712.133513436070643, 1977050.01619910215959 ] ], [ [ 757712.133513436070643, 1977050.01619910215959 ], [ 757721.657476399675943, 1977050.140299648977816 ] ], [ [ 757721.657476399675943, 1977050.140299648977816 ], [ 757731.18143988144584, 1977050.26440479257144 ] ], [ [ 757731.18143988144584, 1977050.26440479257144 ], [ 757740.705403882660903, 1977050.38851453200914 ] ], [ [ 757740.705403882660903, 1977050.38851453200914 ], [ 757750.229368399479426, 1977050.512628868222237 ] ], [ [ 743673.14934807899408, 1956750.447899484541267 ], [ 743682.561018646229059, 1956760.508923131041229 ] ], [ [ 743682.561018646229059, 1956760.508923131041229 ], [ 743682.439823257504031, 1956770.453775376081467 ] ], [ [ 743682.439823257504031, 1956770.453775376081467 ], [ 743691.851478872820735, 1956780.514805270126089 ] ], [ [ 743691.851478872820735, 1956780.514805270126089 ], [ 743701.263124880730174, 1956790.575840819859877 ] ], [ [ 743701.263124880730174, 1956790.575840819859877 ], [ 743710.674761282862164, 1956800.636882026912645 ] ], [ [ 743710.674761282862164, 1956800.636882026912645 ], [ 743720.086388079100288, 1956810.697928890120238 ] ], [ [ 743720.086388079100288, 1956810.697928890120238 ], [ 743729.498005269095302, 1956820.758981410646811 ] ], [ [ 743729.498005269095302, 1956820.758981410646811 ], [ 743738.909612853312865, 1956830.82003958732821 ] ], [ [ 743738.909612853312865, 1956830.82003958732821 ], [ 743738.788384782383218, 1956840.764895445667207 ] ], [ [ 743738.788384782383218, 1956840.764895445667207 ], [ 743738.667156114592217, 1956850.709751379908994 ] ], [ [ 743738.667156114592217, 1956850.709751379908994 ], [ 743738.54592684970703, 1956860.654607390286401 ] ], [ [ 743738.54592684970703, 1956860.654607390286401 ], [ 743738.424696987844072, 1956870.599463477032259 ] ], [ [ 743738.424696987844072, 1956870.599463477032259 ], [ 743747.836273574735969, 1956880.660529669141397 ] ], [ [ 743747.715037768124603, 1956890.605386420851573 ], [ 743747.593801364302635, 1956900.550243249628693 ] ], [ [ 743747.593801364302635, 1956900.550243249628693 ], [ 743747.472564363502897, 1956910.49510015361011 ] ], [ [ 743747.472564363502897, 1956910.49510015361011 ], [ 743747.351326765725389, 1956920.439957134192809 ] ], [ [ 743747.351326765725389, 1956920.439957134192809 ], [ 743747.23008857073728, 1956930.384814189979807 ] ], [ [ 743747.23008857073728, 1956930.384814189979807 ], [ 743747.108849778887816, 1956940.329671323299408 ] ], [ [ 743747.108849778887816, 1956940.329671323299408 ], [ 743746.987610389944166, 1956950.274528531357646 ] ], [ [ 743727.679601737414487, 1956969.931818428914994 ], [ 743718.146838433924131, 1956969.815612886566669 ] ], [ [ 743718.146838433924131, 1956969.815612886566669 ], [ 743708.614075622521341, 1956969.699411898152903 ] ], [ [ 743708.614075622521341, 1956969.699411898152903 ], [ 743699.081313303322531, 1956969.583215463440865 ] ], [ [ 743699.081313303322531, 1956969.583215463440865 ], [ 743689.548551476327702, 1956969.467023582663387 ] ], [ [ 743689.548551476327702, 1956969.467023582663387 ], [ 743680.015790140023455, 1956969.35083625651896 ] ], [ [ 743680.015790140023455, 1956969.35083625651896 ], [ 743670.483029297087342, 1956969.234653485007584 ] ] ] } }
]
}
