{
"type": "FeatureCollection",
"name": "predicted_shoreline_points_2025",
"crs": { "type": "name", "properties": { "name": "urn:ogc:def:crs:EPSG::32644" } },
"features": [
{ "type": "Feature", "properties": { "Transect": 0 }, "geometry": { "type": "Point", "coordinates": [ 743674.157562737236731, 1957801.471622138516977 ] } },
{ "type": "Feature", "properties": { "Transect": 1 }, "geometry": { "type": "Point", "coordinates": [ 743730.177785838837735, 1957878.192140237195417 ] } },
{ "type": "Feature", "properties": { "Transect": 2 }, "geometry": { "type": "Point", "coordinates": [ 744637.090345504577272, 1957876.198164851637557 ] } },
{ "type": "Feature", "properties": { "Transect": 3 }, "geometry": { "type": "Point", "coordinates": [ 743831.600431911065243, 1957865.252215718850493 ] } },
{ "type": "Feature", "properties": { "Transect": 4 }, "geometry": { "type": "Point", "coordinates": [ 743841.254216924891807, 1957855.426406098529696 ] } },
{ "type": "Feature", "properties": { "Transect": 5 }, "geometry": { "type": "Point", "coordinates": [ 744637.777533368440345, 1957820.780993252294138 ] } },
{ "type": "Feature", "properties": { "Transect": 6 }, "geometry": { "type": "Point", "coordinates": [ 744638.194309805170633, 1957786.69628173019737 ] } },
{ "type": "Feature", "properties": { "Transect": 7 }, "geometry": { "type": "Point", "coordinates": [ 743888.173139083548449, 1957881.430941558210179 ] } },
{ "type": "Feature", "properties": { "Transect": 8 }, "geometry": { "type": "Point", "coordinates": [ 744777.828059066669084, 1957778.454356602625921 ] } },
{ "type": "Feature", "properties": { "Transect": 9 }, "geometry": { "type": "Point", "coordinates": [ 743898.036023633787408, 1957854.463471988914534 ] } },
{ "type": "Feature", "properties": { "Transect": 10 }, "geometry": { "type": "Point", "coordinates": [ 744781.099446160951629, 1957773.319702126318589 ] } },
{ "type": "Feature", "properties": { "Transect": 11 }, "geometry": { "type": "Point", "coordinates": [ 744783.411380206583999, 1957763.361727817216888 ] } },
{ "type": "Feature", "properties": { "Transect": 12 }, "geometry": { "type": "Point", "coordinates": [ 743927.254247916862369, 1957803.921582536306232 ] } },
{ "type": "Feature", "properties": { "Transect": 13 }, "geometry": { "type": "Point", "coordinates": [ 744426.233902268344536, 1957746.997866890626028 ] } },
{ "type": "Feature", "properties": { "Transect": 14 }, "geometry": { "type": "Point", "coordinates": [ 744409.578268254641443, 1957716.706508299568668 ] } },
{ "type": "Feature", "properties": { "Transect": 15 }, "geometry": { "type": "Point", "coordinates": [ 744441.772497956175357, 1957704.730295547749847 ] } },
{ "type": "Feature", "properties": { "Transect": 16 }, "geometry": { "type": "Point", "coordinates": [ 743975.053296576137654, 1957793.269452416570857 ] } },
{ "type": "Feature", "properties": { "Transect": 17 }, "geometry": { "type": "Point", "coordinates": [ 744484.563596666324884, 1957695.306524100480601 ] } },
{ "type": "Feature", "properties": { "Transect": 18 }, "geometry": { "type": "Point", "coordinates": [ 743984.886457932647318, 1957768.748979927971959 ] } },
{ "type": "Feature", "properties": { "Transect": 19 }, "geometry": { "type": "Point", "coordinates": [ 744474.791441469220445, 1957687.862321462715045 ] } },
{ "type": "Feature", "properties": { "Transect": 20 }, "geometry": { "type": "Point", "coordinates": [ 744004.119156398694031, 1957755.229734864551574 ] } },
{ "type": "Feature", "properties": { "Transect": 21 }, "geometry": { "type": "Point", "coordinates": [ 744490.37658531172201, 1957675.485414433525875 ] } },
{ "type": "Feature", "properties": { "Transect": 22 }, "geometry": { "type": "Point", "coordinates": [ 744014.313768238760531, 1957701.109488835558295 ] } },
{ "type": "Feature", "properties": { "Transect": 23 }, "geometry": { "type": "Point", "coordinates": [ 744497.491817508707754, 1957665.626125957351178 ] } },
{ "type": "Feature", "properties": { "Transect": 24 }, "geometry": { "type": "Point", "coordinates": [ 744024.046164494240656, 1957684.848702734103426 ] } },
{ "type": "Feature", "properties": { "Transect": 25 }, "geometry": { "type": "Point", "coordinates": [ 744493.716132060042582, 1957655.633859048597515 ] } },
{ "type": "Feature", "properties": { "Transect": 26 }, "geometry": { "type": "Point", "coordinates": [ 744033.676799980807118, 1957676.923096276586875 ] } },
{ "type": "Feature", "properties": { "Transect": 27 }, "geometry": { "type": "Point", "coordinates": [ 744490.247401957050897, 1957645.645332522923127 ] } },
{ "type": "Feature", "properties": { "Transect": 28 }, "geometry": { "type": "Point", "coordinates": [ 744043.759959834162146, 1957631.938722163671628 ] } },
{ "type": "Feature", "properties": { "Transect": 29 }, "geometry": { "type": "Point", "coordinates": [ 744493.107509491732344, 1957635.734079906949773 ] } },
{ "type": "Feature", "properties": { "Transect": 30 }, "geometry": { "type": "Point", "coordinates": [ 744053.42573602986522, 1957621.137924479320645 ] } },
{ "type": "Feature", "properties": { "Transect": 31 }, "geometry": { "type": "Point", "coordinates": [ 744483.072576554026455, 1957625.665358505910262 ] } },
{ "type": "Feature", "properties": { "Transect": 32 }, "geometry": { "type": "Point", "coordinates": [ 744063.189176322310232, 1957602.340327550889924 ] } },
{ "type": "Feature", "properties": { "Transect": 33 }, "geometry": { "type": "Point", "coordinates": [ 744088.925998459919356, 1958054.589248053729534 ] } },
{ "type": "Feature", "properties": { "Transect": 34 }, "geometry": { "type": "Point", "coordinates": [ 744077.134807664668187, 1958021.759685877943411 ] } },
{ "type": "Feature", "properties": { "Transect": 35 }, "geometry": { "type": "Point", "coordinates": [ 743890.052440821193159, 1957608.475923731224611 ] } },
{ "type": "Feature", "properties": { "Transect": 36 }, "geometry": { "type": "Point", "coordinates": [ 743905.946894769906066, 1957619.675190678564832 ] } },
{ "type": "Feature", "properties": { "Transect": 37 }, "geometry": { "type": "Point", "coordinates": [ 744594.293488480849192, 1957370.336135270539671 ] } },
{ "type": "Feature", "properties": { "Transect": 38 }, "geometry": { "type": "Point", "coordinates": [ 744572.671832875232212, 1957570.765522699803114 ] } },
{ "type": "Feature", "properties": { "Transect": 39 }, "geometry": { "type": "Point", "coordinates": [ 744426.793374817701988, 1958274.27982964203693 ] } },
{ "type": "Feature", "properties": { "Transect": 40 }, "geometry": { "type": "Point", "coordinates": [ 744524.736404373426922, 1958442.792675899807364 ] } },
{ "type": "Feature", "properties": { "Transect": 41 }, "geometry": { "type": "Point", "coordinates": [ 743985.200254506897181, 1957778.716996400151402 ] } },
{ "type": "Feature", "properties": { "Transect": 42 }, "geometry": { "type": "Point", "coordinates": [ 743970.01183358556591, 1957788.477436194894835 ] } },
{ "type": "Feature", "properties": { "Transect": 43 }, "geometry": { "type": "Point", "coordinates": [ 743964.597555444110185, 1957798.357521372381598 ] } },
{ "type": "Feature", "properties": { "Transect": 44 }, "geometry": { "type": "Point", "coordinates": [ 743632.678226470481604, 1957804.240777378901839 ] } },
{ "type": "Feature", "properties": { "Transect": 45 }, "geometry": { "type": "Point", "coordinates": [ 743632.556489091715775, 1957814.185629399493337 ] } },
{ "type": "Feature", "properties": { "Transect": 46 }, "geometry": { "type": "Point", "coordinates": [ 743697.079134207800962, 1957824.921817063353956 ] } },
{ "type": "Feature", "properties": { "Transect": 47 }, "geometry": { "type": "Point", "coordinates": [ 743702.26903210405726, 1957834.931695154169574 ] } },
{ "type": "Feature", "properties": { "Transect": 48 }, "geometry": { "type": "Point", "coordinates": [ 743699.007133223931305, 1957844.838111388031393 ] } },
{ "type": "Feature", "properties": { "Transect": 49 }, "geometry": { "type": "Point", "coordinates": [ 743708.385038074338809, 1957854.899258087389171 ] } },
{ "type": "Feature", "properties": { "Transect": 50 }, "geometry": { "type": "Point", "coordinates": [ 743717.79531546018552, 1957864.960802304558456 ] } },
{ "type": "Feature", "properties": { "Transect": 51 }, "geometry": { "type": "Point", "coordinates": [ 743727.219395872671157, 1957875.022516723023728 ] } },
{ "type": "Feature", "properties": { "Transect": 52 }, "geometry": { "type": "Point", "coordinates": [ 743736.629647357622162, 1957885.084063083864748 ] } },
{ "type": "Feature", "properties": { "Transect": 53 }, "geometry": { "type": "Point", "coordinates": [ 743746.03807982779108, 1957895.145588397048414 ] } },
{ "type": "Feature", "properties": { "Transect": 54 }, "geometry": { "type": "Point", "coordinates": [ 743755.460784735507332, 1957905.207289681071416 ] } },
{ "type": "Feature", "properties": { "Transect": 55 }, "geometry": { "type": "Point", "coordinates": [ 744858.142239355132915, 1957928.652564821997657 ] } },
{ "type": "Feature", "properties": { "Transect": 56 }, "geometry": { "type": "Point", "coordinates": [ 744435.000584742403589, 1957933.418895364739001 ] } },
{ "type": "Feature", "properties": { "Transect": 57 }, "geometry": { "type": "Point", "coordinates": [ 744407.914303983328864, 1957943.033696058671921 ] } },
{ "type": "Feature", "properties": { "Transect": 58 }, "geometry": { "type": "Point", "coordinates": [ 744405.993593119666912, 1957952.956572710769251 ] } },
{ "type": "Feature", "properties": { "Transect": 59 }, "geometry": { "type": "Point", "coordinates": [ 744335.832755060284398, 1957963.154911990044639 ] } },
{ "type": "Feature", "properties": { "Transect": 60 }, "geometry": { "type": "Point", "coordinates": [ 744315.19398758513853, 1957991.630224654451013 ] } },
{ "type": "Feature", "properties": { "Transect": 61 }, "geometry": { "type": "Point", "coordinates": [ 744319.631287340424024, 1958001.630937238456681 ] } },
{ "type": "Feature", "properties": { "Transect": 62 }, "geometry": { "type": "Point", "coordinates": [ 744276.777304830262437, 1958011.052644182695076 ] } },
{ "type": "Feature", "properties": { "Transect": 63 }, "geometry": { "type": "Point", "coordinates": [ 744282.564929831307381, 1958021.069887840654701 ] } },
{ "type": "Feature", "properties": { "Transect": 64 }, "geometry": { "type": "Point", "coordinates": [ 744289.916086216806434, 1958031.106275422731414 ] } },
{ "type": "Feature", "properties": { "Transect": 65 }, "geometry": { "type": "Point", "coordinates": [ 744263.689759891247377, 1958038.626618392765522 ] } },
{ "type": "Feature", "properties": { "Transect": 66 }, "geometry": { "type": "Point", "coordinates": [ 744252.706023685866967, 1958048.431421445216984 ] } },
{ "type": "Feature", "properties": { "Transect": 67 }, "geometry": { "type": "Point", "coordinates": [ 744649.417225791024975, 1958000.571361619280651 ] } },
{ "type": "Feature", "properties": { "Transect": 68 }, "geometry": { "type": "Point", "coordinates": [ 744650.66974390600808, 1958045.469457656145096 ] } },
{ "type": "Feature", "properties": { "Transect": 69 }, "geometry": { "type": "Point", "coordinates": [ 744649.354829777963459, 1958005.66770796617493 ] } },
{ "type": "Feature", "properties": { "Transect": 70 }, "geometry": { "type": "Point", "coordinates": [ 744649.476651085657068, 1957995.722794162807986 ] } },
{ "type": "Feature", "properties": { "Transect": 71 }, "geometry": { "type": "Point", "coordinates": [ 744653.696485391585156, 1957985.525365459499881 ] } },
{ "type": "Feature", "properties": { "Transect": 72 }, "geometry": { "type": "Point", "coordinates": [ 744636.84145430859644, 1957896.75664644758217 ] } },
{ "type": "Feature", "properties": { "Transect": 73 }, "geometry": { "type": "Point", "coordinates": [ 744637.077812028233893, 1957877.672088139457628 ] } },
{ "type": "Feature", "properties": { "Transect": 74 }, "geometry": { "type": "Point", "coordinates": [ 744636.608299923012964, 1957915.993953560478985 ] } },
{ "type": "Feature", "properties": { "Transect": 75 }, "geometry": { "type": "Point", "coordinates": [ 744637.799091968918219, 1957818.809410796500742 ] } },
{ "type": "Feature", "properties": { "Transect": 76 }, "geometry": { "type": "Point", "coordinates": [ 743732.675031732185744, 1957880.85706886742264 ] } },
{ "type": "Feature", "properties": { "Transect": 77 }, "geometry": { "type": "Point", "coordinates": [ 744496.098994261701591, 1957284.928233997663483 ] } },
{ "type": "Feature", "properties": { "Transect": 78 }, "geometry": { "type": "Point", "coordinates": [ 743746.035208813613281, 1957895.151738012442365 ] } },
{ "type": "Feature", "properties": { "Transect": 79 }, "geometry": { "type": "Point", "coordinates": [ 744486.33958213229198, 1957303.349414111115038 ] } },
{ "type": "Feature", "properties": { "Transect": 80 }, "geometry": { "type": "Point", "coordinates": [ 744476.692135128891096, 1957312.616844268748537 ] } },
{ "type": "Feature", "properties": { "Transect": 81 }, "geometry": { "type": "Point", "coordinates": [ 744467.009699452552013, 1957324.745248201768845 ] } },
{ "type": "Feature", "properties": { "Transect": 82 }, "geometry": { "type": "Point", "coordinates": [ 744457.100173379061744, 1957355.439147140597925 ] } },
{ "type": "Feature", "properties": { "Transect": 83 }, "geometry": { "type": "Point", "coordinates": [ 744447.331959585426375, 1957374.582855325657874 ] } },
{ "type": "Feature", "properties": { "Transect": 84 }, "geometry": { "type": "Point", "coordinates": [ 744437.655250423238613, 1957386.247082458809018 ] } },
{ "type": "Feature", "properties": { "Transect": 85 }, "geometry": { "type": "Point", "coordinates": [ 743751.999867356498726, 1957901.512394854566082 ] } },
{ "type": "Feature", "properties": { "Transect": 86 }, "geometry": { "type": "Point", "coordinates": [ 744873.173976445803419, 1957928.832729355664924 ] } },
{ "type": "Feature", "properties": { "Transect": 87 }, "geometry": { "type": "Point", "coordinates": [ 744319.426975048962049, 1957991.684781283373013 ] } },
{ "type": "Feature", "properties": { "Transect": 88 }, "geometry": { "type": "Point", "coordinates": [ 744294.142277289764024, 1958031.1611656723544 ] } },
{ "type": "Feature", "properties": { "Transect": 89 }, "geometry": { "type": "Point", "coordinates": [ 744246.741785338614136, 1958040.528100842610002 ] } },
{ "type": "Feature", "properties": { "Transect": 90 }, "geometry": { "type": "Point", "coordinates": [ 743953.946240438730456, 1957678.951428044820204 ] } },
{ "type": "Feature", "properties": { "Transect": 91 }, "geometry": { "type": "Point", "coordinates": [ 744090.580910608754493, 1958148.045332063920796 ] } },
{ "type": "Feature", "properties": { "Transect": 92 }, "geometry": { "type": "Point", "coordinates": [ 744207.283351792837493, 1958239.606375138275325 ] } },
{ "type": "Feature", "properties": { "Transect": 93 }, "geometry": { "type": "Point", "coordinates": [ 744214.326512046041898, 1958251.88211286184378 ] } },
{ "type": "Feature", "properties": { "Transect": 94 }, "geometry": { "type": "Point", "coordinates": [ 744224.042907927301712, 1958261.657519395463169 ] } },
{ "type": "Feature", "properties": { "Transect": 95 }, "geometry": { "type": "Point", "coordinates": [ 744229.739543943782337, 1958275.192664454458281 ] } },
{ "type": "Feature", "properties": { "Transect": 96 }, "geometry": { "type": "Point", "coordinates": [ 744248.874777823220938, 1958276.158495434327051 ] } },
{ "type": "Feature", "properties": { "Transect": 97 }, "geometry": { "type": "Point", "coordinates": [ 744255.281780211254954, 1958283.318883010884747 ] } },
{ "type": "Feature", "properties": { "Transect": 98 }, "geometry": { "type": "Point", "coordinates": [ 744277.350196006940678, 1958296.283719345694408 ] } },
{ "type": "Feature", "properties": { "Transect": 99 }, "geometry": { "type": "Point", "coordinates": [ 744289.721327679930255, 1958303.576126796193421 ] } },
{ "type": "Feature", "properties": { "Transect": 100 }, "geometry": { "type": "Point", "coordinates": [ 744293.336228546104394, 1958307.365972339641303 ] } },
{ "type": "Feature", "properties": { "Transect": 101 }, "geometry": { "type": "Point", "coordinates": [ 744312.709139918792062, 1958308.285314050735906 ] } },
{ "type": "Feature", "properties": { "Transect": 102 }, "geometry": { "type": "Point", "coordinates": [ 744386.078799603856169, 1958292.541494121775031 ] } },
{ "type": "Feature", "properties": { "Transect": 103 }, "geometry": { "type": "Point", "coordinates": [ 744396.450343761127442, 1958302.243693979689851 ] } },
{ "type": "Feature", "properties": { "Transect": 104 }, "geometry": { "type": "Point", "coordinates": [ 744560.955750670284033, 1958299.544368048198521 ] } },
{ "type": "Feature", "properties": { "Transect": 105 }, "geometry": { "type": "Point", "coordinates": [ 744211.60786068555899, 1958248.969392095692456 ] } },
{ "type": "Feature", "properties": { "Transect": 106 }, "geometry": { "type": "Point", "coordinates": [ 744214.559827361837961, 1958258.951908423332497 ] } },
{ "type": "Feature", "properties": { "Transect": 107 }, "geometry": { "type": "Point", "coordinates": [ 744223.986337352893315, 1958269.013681059936062 ] } },
{ "type": "Feature", "properties": { "Transect": 108 }, "geometry": { "type": "Point", "coordinates": [ 744267.230190615053289, 1958279.48942 ] } },
{ "type": "Feature", "properties": { "Transect": 109 }, "geometry": { "type": "Point", "coordinates": [ 744277.475079664145596, 1958299.507738040760159 ] } },
{ "type": "Feature", "properties": { "Transect": 110 }, "geometry": { "type": "Point", "coordinates": [ 744730.200968740391545, 1958315.927217659074813 ] } },
{ "type": "Feature", "properties": { "Transect": 111 }, "geometry": { "type": "Point", "coordinates": [ 744706.91004145774059, 1958324.657138084759936 ] } },
{ "type": "Feature", "properties": { "Transect": 112 }, "geometry": { "type": "Point", "coordinates": [ 744433.756468592328019, 1958331.259998237714171 ] } },
{ "type": "Feature", "properties": { "Transect": 113 }, "geometry": { "type": "Point", "coordinates": [ 744442.198095103027299, 1958341.309724017512053 ] } },
{ "type": "Feature", "properties": { "Transect": 114 }, "geometry": { "type": "Point", "coordinates": [ 744553.445756855537184, 1958052.387916908133775 ] } },
{ "type": "Feature", "properties": { "Transect": 115 }, "geometry": { "type": "Point", "coordinates": [ 744344.998230006080121, 1958350.066423521377146 ] } },
{ "type": "Feature", "properties": { "Transect": 116 }, "geometry": { "type": "Point", "coordinates": [ 744353.194242581143044, 1958360.11313470848836 ] } },
{ "type": "Feature", "properties": { "Transect": 117 }, "geometry": { "type": "Point", "coordinates": [ 744539.995764082064852, 1958372.346035176422447 ] } },
{ "type": "Feature", "properties": { "Transect": 118 }, "geometry": { "type": "Point", "coordinates": [ 744539.874035200802609, 1958382.290946973254904 ] } },
{ "type": "Feature", "properties": { "Transect": 119 }, "geometry": { "type": "Point", "coordinates": [ 744525.500434763380326, 1958004.351087275426835 ] } },
{ "type": "Feature", "properties": { "Transect": 120 }, "geometry": { "type": "Point", "coordinates": [ 744548.310542074614204, 1958471.91184013383463 ] } },
{ "type": "Feature", "properties": { "Transect": 121 }, "geometry": { "type": "Point", "coordinates": [ 744548.188802448799834, 1958481.856753205414861 ] } },
{ "type": "Feature", "properties": { "Transect": 122 }, "geometry": { "type": "Point", "coordinates": [ 744538.534977973438799, 1958491.684981743339449 ] } },
{ "type": "Feature", "properties": { "Transect": 123 }, "geometry": { "type": "Point", "coordinates": [ 744523.156533914618194, 1958501.443140864372253 ] } },
{ "type": "Feature", "properties": { "Transect": 124 }, "geometry": { "type": "Point", "coordinates": [ 744511.263738510431722, 1958035.366944575449452 ] } },
{ "type": "Feature", "properties": { "Transect": 125 }, "geometry": { "type": "Point", "coordinates": [ 744546.298138706712052, 1958590.958328826585785 ] } },
{ "type": "Feature", "properties": { "Transect": 126 }, "geometry": { "type": "Point", "coordinates": [ 744613.295504103181884, 1958653.156656533014029 ] } },
{ "type": "Feature", "properties": { "Transect": 127 }, "geometry": { "type": "Point", "coordinates": [ 744746.478912886348553, 1958638.069524824619293 ] } },
{ "type": "Feature", "properties": { "Transect": 128 }, "geometry": { "type": "Point", "coordinates": [ 744482.26796743273735, 1958640.189697824651375 ] } },
{ "type": "Feature", "properties": { "Transect": 129 }, "geometry": { "type": "Point", "coordinates": [ 744879.462316924589686, 1958655.003864856436849 ] } },
{ "type": "Feature", "properties": { "Transect": 130 }, "geometry": { "type": "Point", "coordinates": [ 744803.361665702192113, 1958664.01764510339126 ] } },
{ "type": "Feature", "properties": { "Transect": 131 }, "geometry": { "type": "Point", "coordinates": [ 744803.239786307793111, 1958673.962573532015085 ] } },
{ "type": "Feature", "properties": { "Transect": 132 }, "geometry": { "type": "Point", "coordinates": [ 744803.117906314088032, 1958683.907502036774531 ] } },
{ "type": "Feature", "properties": { "Transect": 133 }, "geometry": { "type": "Point", "coordinates": [ 744802.996025720378384, 1958693.852430617436767 ] } },
{ "type": "Feature", "properties": { "Transect": 134 }, "geometry": { "type": "Point", "coordinates": [ 744802.87414452736266, 1958703.797359274001792 ] } },
{ "type": "Feature", "properties": { "Transect": 135 }, "geometry": { "type": "Point", "coordinates": [ 744802.752262734575197, 1958713.742288007168099 ] } },
{ "type": "Feature", "properties": { "Transect": 136 }, "geometry": { "type": "Point", "coordinates": [ 744802.630380342015997, 1958723.687216815538704 ] } },
{ "type": "Feature", "properties": { "Transect": 137 }, "geometry": { "type": "Point", "coordinates": [ 744802.508497350034304, 1958733.63214570004493 ] } },
{ "type": "Feature", "properties": { "Transect": 138 }, "geometry": { "type": "Point", "coordinates": [ 744802.386613758397289, 1958743.577074660686776 ] } },
{ "type": "Feature", "properties": { "Transect": 139 }, "geometry": { "type": "Point", "coordinates": [ 744802.264729566988535, 1958753.52200369653292 ] } },
{ "type": "Feature", "properties": { "Transect": 140 }, "geometry": { "type": "Point", "coordinates": [ 744802.142844775924459, 1958763.466932809911668 ] } },
{ "type": "Feature", "properties": { "Transect": 141 }, "geometry": { "type": "Point", "coordinates": [ 744803.821282129967585, 1958773.433926924131811 ] } },
{ "type": "Feature", "properties": { "Transect": 142 }, "geometry": { "type": "Point", "coordinates": [ 744863.435246654436924, 1958825.609446869231761 ] } },
{ "type": "Feature", "properties": { "Transect": 143 }, "geometry": { "type": "Point", "coordinates": [ 744880.814983748481609, 1958918.180234946776181 ] } },
{ "type": "Feature", "properties": { "Transect": 144 }, "geometry": { "type": "Point", "coordinates": [ 744949.555353872827254, 1958982.679600792936981 ] } },
{ "type": "Feature", "properties": { "Transect": 145 }, "geometry": { "type": "Point", "coordinates": [ 745008.565219700452872, 1959054.57007351052016 ] } },
{ "type": "Feature", "properties": { "Transect": 146 }, "geometry": { "type": "Point", "coordinates": [ 745091.82716865837574, 1959097.438471848610789 ] } },
{ "type": "Feature", "properties": { "Transect": 147 }, "geometry": { "type": "Point", "coordinates": [ 745191.378181790234521, 1959152.33458507899195 ] } },
{ "type": "Feature", "properties": { "Transect": 148 }, "geometry": { "type": "Point", "coordinates": [ 745275.182840120629407, 1959210.876987232128158 ] } },
{ "type": "Feature", "properties": { "Transect": 149 }, "geometry": { "type": "Point", "coordinates": [ 745350.029671665397473, 1959303.354699477087706 ] } },
{ "type": "Feature", "properties": { "Transect": 150 }, "geometry": { "type": "Point", "coordinates": [ 745389.544839582638815, 1959312.355697310296819 ] } },
{ "type": "Feature", "properties": { "Transect": 151 }, "geometry": { "type": "Point", "coordinates": [ 745396.666234620846808, 1959324.557501342380419 ] } },
{ "type": "Feature", "properties": { "Transect": 152 }, "geometry": { "type": "Point", "coordinates": [ 745408.811768015264533, 1959332.061019233893603 ] } },
{ "type": "Feature", "properties": { "Transect": 153 }, "geometry": { "type": "Point", "coordinates": [ 745428.53437025367748, 1959341.509575607720762 ] } },
{ "type": "Feature", "properties": { "Transect": 154 }, "geometry": { "type": "Point", "coordinates": [ 745448.383802943513729, 1959341.808904025936499 ] } },
{ "type": "Feature", "properties": { "Transect": 155 }, "geometry": { "type": "Point", "coordinates": [ 745517.393587705679238, 1959414.186856006970629 ] } },
{ "type": "Feature", "properties": { "Transect": 156 }, "geometry": { "type": "Point", "coordinates": [ 745602.699740365264006, 1959498.482352034421638 ] } },
{ "type": "Feature", "properties": { "Transect": 157 }, "geometry": { "type": "Point", "coordinates": [ 745612.687509543611668, 1959508.003655316540971 ] } },
{ "type": "Feature", "properties": { "Transect": 158 }, "geometry": { "type": "Point", "coordinates": [ 745622.631217760150321, 1959517.566158829489723 ] } },
{ "type": "Feature", "properties": { "Transect": 159 }, "geometry": { "type": "Point", "coordinates": [ 745715.482883434044197, 1959559.60881561296992 ] } },
{ "type": "Feature", "properties": { "Transect": 160 }, "geometry": { "type": "Point", "coordinates": [ 745785.584357240702957, 1959626.892973348731175 ] } },
{ "type": "Feature", "properties": { "Transect": 161 }, "geometry": { "type": "Point", "coordinates": [ 745870.337051714654081, 1959668.521703535458073 ] } },
{ "type": "Feature", "properties": { "Transect": 162 }, "geometry": { "type": "Point", "coordinates": [ 745950.924384132609703, 1959709.972540417918935 ] } },
{ "type": "Feature", "properties": { "Transect": 163 }, "geometry": { "type": "Point", "coordinates": [ 746034.881286148331128, 1959755.580298080574721 ] } },
{ "type": "Feature", "properties": { "Transect": 164 }, "geometry": { "type": "Point", "coordinates": [ 746108.842867981526069, 1959815.095199362142012 ] } },
{ "type": "Feature", "properties": { "Transect": 165 }, "geometry": { "type": "Point", "coordinates": [ 746186.443490892648697, 1959868.127874764613807 ] } },
{ "type": "Feature", "properties": { "Transect": 166 }, "geometry": { "type": "Point", "coordinates": [ 746261.398309810785577, 1959910.278098796261474 ] } },
{ "type": "Feature", "properties": { "Transect": 167 }, "geometry": { "type": "Point", "coordinates": [ 746342.52288188226521, 1959971.017047491623089 ] } },
{ "type": "Feature", "properties": { "Transect": 168 }, "geometry": { "type": "Point", "coordinates": [ 746453.772977935732342, 1960037.993596396874636 ] } },
{ "type": "Feature", "properties": { "Transect": 169 }, "geometry": { "type": "Point", "coordinates": [ 746527.772460279869847, 1960105.761145478580147 ] } },
{ "type": "Feature", "properties": { "Transect": 170 }, "geometry": { "type": "Point", "coordinates": [ 746672.227388163330033, 1960183.318050076253712 ] } },
{ "type": "Feature", "properties": { "Transect": 171 }, "geometry": { "type": "Point", "coordinates": [ 746681.693344831350259, 1960188.730758348247036 ] } },
{ "type": "Feature", "properties": { "Transect": 172 }, "geometry": { "type": "Point", "coordinates": [ 746661.594150381395593, 1960187.382905764738098 ] } },
{ "type": "Feature", "properties": { "Transect": 173 }, "geometry": { "type": "Point", "coordinates": [ 746669.412953979684971, 1960198.932022507302463 ] } },
{ "type": "Feature", "properties": { "Transect": 174 }, "geometry": { "type": "Point", "coordinates": [ 746738.420578645193018, 1960226.740545268869027 ] } },
{ "type": "Feature", "properties": { "Transect": 175 }, "geometry": { "type": "Point", "coordinates": [ 746774.510329960845411, 1960239.312649056781083 ] } },
{ "type": "Feature", "properties": { "Transect": 176 }, "geometry": { "type": "Point", "coordinates": [ 746862.388285859953612, 1960296.593578367726877 ] } },
{ "type": "Feature", "properties": { "Transect": 177 }, "geometry": { "type": "Point", "coordinates": [ 746909.016744933091104, 1960307.171392039628699 ] } },
{ "type": "Feature", "properties": { "Transect": 178 }, "geometry": { "type": "Point", "coordinates": [ 746956.19534954125993, 1960346.403655047761276 ] } },
{ "type": "Feature", "properties": { "Transect": 179 }, "geometry": { "type": "Point", "coordinates": [ 746933.865781559958123, 1960322.460478275083005 ] } },
{ "type": "Feature", "properties": { "Transect": 180 }, "geometry": { "type": "Point", "coordinates": [ 746972.878292340552434, 1960313.874523473205045 ] } },
{ "type": "Feature", "properties": { "Transect": 181 }, "geometry": { "type": "Point", "coordinates": [ 746993.996546439360827, 1960328.403960724594072 ] } },
{ "type": "Feature", "properties": { "Transect": 182 }, "geometry": { "type": "Point", "coordinates": [ 747022.305830806610174, 1960349.474179164273664 ] } },
{ "type": "Feature", "properties": { "Transect": 183 }, "geometry": { "type": "Point", "coordinates": [ 747041.817672311910428, 1960360.369872934184968 ] } },
{ "type": "Feature", "properties": { "Transect": 184 }, "geometry": { "type": "Point", "coordinates": [ 747033.71883418050129, 1960359.516515342285857 ] } },
{ "type": "Feature", "properties": { "Transect": 185 }, "geometry": { "type": "Point", "coordinates": [ 747060.55282509198878, 1960387.061838004272431 ] } },
{ "type": "Feature", "properties": { "Transect": 186 }, "geometry": { "type": "Point", "coordinates": [ 747055.110922013758682, 1960367.40460695582442 ] } },
{ "type": "Feature", "properties": { "Transect": 187 }, "geometry": { "type": "Point", "coordinates": [ 747089.123559908010066, 1960389.29305813414976 ] } },
{ "type": "Feature", "properties": { "Transect": 188 }, "geometry": { "type": "Point", "coordinates": [ 747077.208324705832638, 1960383.662356534507126 ] } },
{ "type": "Feature", "properties": { "Transect": 189 }, "geometry": { "type": "Point", "coordinates": [ 747178.112988750683144, 1960410.119239372666925 ] } },
{ "type": "Feature", "properties": { "Transect": 190 }, "geometry": { "type": "Point", "coordinates": [ 747262.276324025238864, 1960447.229847768787295 ] } },
{ "type": "Feature", "properties": { "Transect": 191 }, "geometry": { "type": "Point", "coordinates": [ 747339.476344908820465, 1960500.913580902386457 ] } },
{ "type": "Feature", "properties": { "Transect": 192 }, "geometry": { "type": "Point", "coordinates": [ 747415.172159028705209, 1960551.517699939897284 ] } },
{ "type": "Feature", "properties": { "Transect": 193 }, "geometry": { "type": "Point", "coordinates": [ 747534.653526079840958, 1960591.78123529907316 ] } },
{ "type": "Feature", "properties": { "Transect": 194 }, "geometry": { "type": "Point", "coordinates": [ 747293.952998256660067, 1960564.65495179919526 ] } },
{ "type": "Feature", "properties": { "Transect": 195 }, "geometry": { "type": "Point", "coordinates": [ 747340.845376875717193, 1960565.235858119325712 ] } },
{ "type": "Feature", "properties": { "Transect": 196 }, "geometry": { "type": "Point", "coordinates": [ 747673.441939116339199, 1960640.959422902669758 ] } },
{ "type": "Feature", "properties": { "Transect": 197 }, "geometry": { "type": "Point", "coordinates": [ 747767.212281542946585, 1960660.819503674050793 ] } },
{ "type": "Feature", "properties": { "Transect": 198 }, "geometry": { "type": "Point", "coordinates": [ 747825.248989232932217, 1960723.356294865487143 ] } },
{ "type": "Feature", "properties": { "Transect": 199 }, "geometry": { "type": "Point", "coordinates": [ 747951.986117823747918, 1960761.401912194909528 ] } },
{ "type": "Feature", "properties": { "Transect": 200 }, "geometry": { "type": "Point", "coordinates": [ 747781.45575073605869, 1960718.920186294941232 ] } },
{ "type": "Feature", "properties": { "Transect": 201 }, "geometry": { "type": "Point", "coordinates": [ 747971.018216189462692, 1960764.076771340798587 ] } },
{ "type": "Feature", "properties": { "Transect": 202 }, "geometry": { "type": "Point", "coordinates": [ 747980.440615628613159, 1960772.949251360492781 ] } },
{ "type": "Feature", "properties": { "Transect": 203 }, "geometry": { "type": "Point", "coordinates": [ 747945.47754902637098, 1960754.853849554434419 ] } },
{ "type": "Feature", "properties": { "Transect": 204 }, "geometry": { "type": "Point", "coordinates": [ 748027.783015614142641, 1960792.061729544075206 ] } },
{ "type": "Feature", "properties": { "Transect": 205 }, "geometry": { "type": "Point", "coordinates": [ 748077.015434695989825, 1960855.66642140573822 ] } },
{ "type": "Feature", "properties": { "Transect": 206 }, "geometry": { "type": "Point", "coordinates": [ 748145.349370139883831, 1960926.593607628950849 ] } },
{ "type": "Feature", "properties": { "Transect": 207 }, "geometry": { "type": "Point", "coordinates": [ 748244.786353752599098, 1960979.432871577795595 ] } },
{ "type": "Feature", "properties": { "Transect": 208 }, "geometry": { "type": "Point", "coordinates": [ 748245.144206476048566, 1960974.511481153545901 ] } },
{ "type": "Feature", "properties": { "Transect": 209 }, "geometry": { "type": "Point", "coordinates": [ 748350.459166914457455, 1961045.62047350849025 ] } },
{ "type": "Feature", "properties": { "Transect": 210 }, "geometry": { "type": "Point", "coordinates": [ 748437.932705402723514, 1961092.355773582821712 ] } },
{ "type": "Feature", "properties": { "Transect": 211 }, "geometry": { "type": "Point", "coordinates": [ 748443.854907395667396, 1961096.238479868043214 ] } },
{ "type": "Feature", "properties": { "Transect": 212 }, "geometry": { "type": "Point", "coordinates": [ 748462.565240974654444, 1961097.525980061618611 ] } },
{ "type": "Feature", "properties": { "Transect": 213 }, "geometry": { "type": "Point", "coordinates": [ 748484.683247969020158, 1961104.425930571509525 ] } },
{ "type": "Feature", "properties": { "Transect": 214 }, "geometry": { "type": "Point", "coordinates": [ 748481.577930839266628, 1961101.733238365501165 ] } },
{ "type": "Feature", "properties": { "Transect": 215 }, "geometry": { "type": "Point", "coordinates": [ 748509.862266087904572, 1961108.775001327274367 ] } },
{ "type": "Feature", "properties": { "Transect": 216 }, "geometry": { "type": "Point", "coordinates": [ 748541.967123211012222, 1961182.880389754427597 ] } },
{ "type": "Feature", "properties": { "Transect": 217 }, "geometry": { "type": "Point", "coordinates": [ 748546.209150246926583, 1961196.913181933807209 ] } },
{ "type": "Feature", "properties": { "Transect": 218 }, "geometry": { "type": "Point", "coordinates": [ 748564.913076627766714, 1961226.98628040519543 ] } },
{ "type": "Feature", "properties": { "Transect": 219 }, "geometry": { "type": "Point", "coordinates": [ 748637.258954349439591, 1961349.57996071735397 ] } },
{ "type": "Feature", "properties": { "Transect": 220 }, "geometry": { "type": "Point", "coordinates": [ 748641.735592948272824, 1961730.000295437406749 ] } },
{ "type": "Feature", "properties": { "Transect": 221 }, "geometry": { "type": "Point", "coordinates": [ 748666.509706182405353, 1961368.979988418985158 ] } },
{ "type": "Feature", "properties": { "Transect": 222 }, "geometry": { "type": "Point", "coordinates": [ 748706.208417570451275, 1961378.614199075615034 ] } },
{ "type": "Feature", "properties": { "Transect": 223 }, "geometry": { "type": "Point", "coordinates": [ 748758.496519322274253, 1961438.277041234541684 ] } },
{ "type": "Feature", "properties": { "Transect": 224 }, "geometry": { "type": "Point", "coordinates": [ 748763.788645229884423, 1961447.763155385386199 ] } },
{ "type": "Feature", "properties": { "Transect": 225 }, "geometry": { "type": "Point", "coordinates": [ 748762.639340175548568, 1961458.259601779980585 ] } },
{ "type": "Feature", "properties": { "Transect": 226 }, "geometry": { "type": "Point", "coordinates": [ 748785.626557217678055, 1961474.893776549259201 ] } },
{ "type": "Feature", "properties": { "Transect": 227 }, "geometry": { "type": "Point", "coordinates": [ 748795.032994601177052, 1961484.958220549160615 ] } },
{ "type": "Feature", "properties": { "Transect": 228 }, "geometry": { "type": "Point", "coordinates": [ 748804.439644301426597, 1961495.022462784079835 ] } },
{ "type": "Feature", "properties": { "Transect": 229 }, "geometry": { "type": "Point", "coordinates": [ 748810.70414213638287, 1961508.023649822920561 ] } },
{ "type": "Feature", "properties": { "Transect": 230 }, "geometry": { "type": "Point", "coordinates": [ 748850.526078481925651, 1961528.900428224122152 ] } },
{ "type": "Feature", "properties": { "Transect": 231 }, "geometry": { "type": "Point", "coordinates": [ 748874.312045932514593, 1961569.000265193171799 ] } },
{ "type": "Feature", "properties": { "Transect": 232 }, "geometry": { "type": "Point", "coordinates": [ 748881.774483103305101, 1961588.993653939571232 ] } },
{ "type": "Feature", "properties": { "Transect": 233 }, "geometry": { "type": "Point", "coordinates": [ 748884.219659359310754, 1961608.939747272292152 ] } },
{ "type": "Feature", "properties": { "Transect": 234 }, "geometry": { "type": "Point", "coordinates": [ 748884.098149276338518, 1961618.884954690234736 ] } },
{ "type": "Feature", "properties": { "Transect": 235 }, "geometry": { "type": "Point", "coordinates": [ 748883.969356774236076, 1961628.830071309348568 ] } },
{ "type": "Feature", "properties": { "Transect": 236 }, "geometry": { "type": "Point", "coordinates": [ 748883.84798565111123, 1961638.775280628819019 ] } },
{ "type": "Feature", "properties": { "Transect": 237 }, "geometry": { "type": "Point", "coordinates": [ 748883.726329626166262, 1961648.720486474921927 ] } },
{ "type": "Feature", "properties": { "Transect": 238 }, "geometry": { "type": "Point", "coordinates": [ 748885.365527495625429, 1961591.59555949177593 ] } },
{ "type": "Feature", "properties": { "Transect": 239 }, "geometry": { "type": "Point", "coordinates": [ 748884.338450116221793, 1961658.674847922753543 ] } },
{ "type": "Feature", "properties": { "Transect": 240 }, "geometry": { "type": "Point", "coordinates": [ 748884.214478710084222, 1961668.620025085750967 ] } },
{ "type": "Feature", "properties": { "Transect": 241 }, "geometry": { "type": "Point", "coordinates": [ 748863.560891367844306, 1961678.309003318659961 ] } },
{ "type": "Feature", "properties": { "Transect": 242 }, "geometry": { "type": "Point", "coordinates": [ 748874.625223765615374, 1961688.393804334336892 ] } },
{ "type": "Feature", "properties": { "Transect": 243 }, "geometry": { "type": "Point", "coordinates": [ 748856.519896031008102, 1961698.068653717869893 ] } },
{ "type": "Feature", "properties": { "Transect": 244 }, "geometry": { "type": "Point", "coordinates": [ 748841.116898035630584, 1961707.791923473821953 ] } },
{ "type": "Feature", "properties": { "Transect": 245 }, "geometry": { "type": "Point", "coordinates": [ 748848.007512414595112, 1961529.781413645949215 ] } },
{ "type": "Feature", "properties": { "Transect": 246 }, "geometry": { "type": "Point", "coordinates": [ 748838.68711058225017, 1961512.79334962554276 ] } },
{ "type": "Feature", "properties": { "Transect": 247 }, "geometry": { "type": "Point", "coordinates": [ 748733.26333207974676, 1961717.676598685327917 ] } },
{ "type": "Feature", "properties": { "Transect": 248 }, "geometry": { "type": "Point", "coordinates": [ 748678.273681051679887, 1961381.536862202221528 ] } },
{ "type": "Feature", "properties": { "Transect": 249 }, "geometry": { "type": "Point", "coordinates": [ 748628.574769047088921, 1961784.600767926080152 ] } },
{ "type": "Feature", "properties": { "Transect": 250 }, "geometry": { "type": "Point", "coordinates": [ 748599.312387937679887, 1961814.074443310964853 ] } },
{ "type": "Feature", "properties": { "Transect": 251 }, "geometry": { "type": "Point", "coordinates": [ 748544.075885999714956, 1961823.525115703698248 ] } },
{ "type": "Feature", "properties": { "Transect": 252 }, "geometry": { "type": "Point", "coordinates": [ 748551.409806231036782, 1961833.163338765501976 ] } },
{ "type": "Feature", "properties": { "Transect": 253 }, "geometry": { "type": "Point", "coordinates": [ 748530.01327749225311, 1961843.243232452543452 ] } },
{ "type": "Feature", "properties": { "Transect": 254 }, "geometry": { "type": "Point", "coordinates": [ 748535.431291027460247, 1961853.257485318696126 ] } },
{ "type": "Feature", "properties": { "Transect": 255 }, "geometry": { "type": "Point", "coordinates": [ 748621.788745689787902, 1961324.635987017536536 ] } },
{ "type": "Feature", "properties": { "Transect": 256 }, "geometry": { "type": "Point", "coordinates": [ 748525.795360913849436, 1961863.084091098979115 ] } },
{ "type": "Feature", "properties": { "Transect": 257 }, "geometry": { "type": "Point", "coordinates": [ 748571.930156830931082, 1961873.423952548298985 ] } },
{ "type": "Feature", "properties": { "Transect": 258 }, "geometry": { "type": "Point", "coordinates": [ 748550.603092346573249, 1961883.286808154080063 ] } },
{ "type": "Feature", "properties": { "Transect": 259 }, "geometry": { "type": "Point", "coordinates": [ 748571.375544688431546, 1961923.332614067476243 ] } },
{ "type": "Feature", "properties": { "Transect": 260 }, "geometry": { "type": "Point", "coordinates": [ 748580.088233829941601, 1961933.387930319178849 ] } },
{ "type": "Feature", "properties": { "Transect": 261 }, "geometry": { "type": "Point", "coordinates": [ 748539.610091908369213, 1961982.616878344910219 ] } },
{ "type": "Feature", "properties": { "Transect": 262 }, "geometry": { "type": "Point", "coordinates": [ 748529.392272594152018, 1962002.382926118792966 ] } },
{ "type": "Feature", "properties": { "Transect": 263 }, "geometry": { "type": "Point", "coordinates": [ 748529.305508483434096, 1962012.328548514051363 ] } },
{ "type": "Feature", "properties": { "Transect": 264 }, "geometry": { "type": "Point", "coordinates": [ 748535.314519838313572, 1962022.350151222897694 ] } },
{ "type": "Feature", "properties": { "Transect": 265 }, "geometry": { "type": "Point", "coordinates": [ 748493.540054682292975, 1961115.152972695650533 ] } },
{ "type": "Feature", "properties": { "Transect": 266 }, "geometry": { "type": "Point", "coordinates": [ 748523.911021694657393, 1962181.355284636607394 ] } },
{ "type": "Feature", "properties": { "Transect": 267 }, "geometry": { "type": "Point", "coordinates": [ 748523.81167388567701, 1962191.300751511007547 ] } },
{ "type": "Feature", "properties": { "Transect": 268 }, "geometry": { "type": "Point", "coordinates": [ 748523.683356046443805, 1962201.245857346570119 ] } },
{ "type": "Feature", "properties": { "Transect": 269 }, "geometry": { "type": "Point", "coordinates": [ 748517.833108662045561, 1962211.11963616264984 ] } },
{ "type": "Feature", "properties": { "Transect": 270 }, "geometry": { "type": "Point", "coordinates": [ 748523.804457710706629, 1962221.140777997905388 ] } },
{ "type": "Feature", "properties": { "Transect": 271 }, "geometry": { "type": "Point", "coordinates": [ 748523.687545010936446, 1962231.086026277625933 ] } },
{ "type": "Feature", "properties": { "Transect": 272 }, "geometry": { "type": "Point", "coordinates": [ 748523.570407606195658, 1962241.031271839980036 ] } },
{ "type": "Feature", "properties": { "Transect": 273 }, "geometry": { "type": "Point", "coordinates": [ 748523.42431638285052, 1962250.976156553020701 ] } },
{ "type": "Feature", "properties": { "Transect": 274 }, "geometry": { "type": "Point", "coordinates": [ 748522.240896318107843, 1962260.908110136864707 ] } },
{ "type": "Feature", "properties": { "Transect": 275 }, "geometry": { "type": "Point", "coordinates": [ 748510.942872647661716, 1962270.713975686812773 ] } },
{ "type": "Feature", "properties": { "Transect": 276 }, "geometry": { "type": "Point", "coordinates": [ 748526.74391577008646, 1962353.453405004926026 ] } },
{ "type": "Feature", "properties": { "Transect": 277 }, "geometry": { "type": "Point", "coordinates": [ 748525.779610906611197, 1962361.789451124379411 ] } },
{ "type": "Feature", "properties": { "Transect": 278 }, "geometry": { "type": "Point", "coordinates": [ 748481.727328693727031, 1962489.177315899170935 ] } },
{ "type": "Feature", "properties": { "Transect": 279 }, "geometry": { "type": "Point", "coordinates": [ 748481.658936375519261, 1962499.123168911784887 ] } },
{ "type": "Feature", "properties": { "Transect": 280 }, "geometry": { "type": "Point", "coordinates": [ 748481.475481568952091, 1962509.067587649216875 ] } },
{ "type": "Feature", "properties": { "Transect": 281 }, "geometry": { "type": "Point", "coordinates": [ 748481.349455773481168, 1962519.012722373474389 ] } },
{ "type": "Feature", "properties": { "Transect": 282 }, "geometry": { "type": "Point", "coordinates": [ 748486.9732706239447, 1962529.029535201378167 ] } },
{ "type": "Feature", "properties": { "Transect": 283 }, "geometry": { "type": "Point", "coordinates": [ 748473.751374206389301, 1962578.598227120237425 ] } },
{ "type": "Feature", "properties": { "Transect": 284 }, "geometry": { "type": "Point", "coordinates": [ 748465.200415497878566, 1962588.438328928314149 ] } },
{ "type": "Feature", "properties": { "Transect": 285 }, "geometry": { "type": "Point", "coordinates": [ 748464.132171106291935, 1962598.371716748923063 ] } },
{ "type": "Feature", "properties": { "Transect": 286 }, "geometry": { "type": "Point", "coordinates": [ 748480.935722911846824, 1962608.527913210215047 ] } },
{ "type": "Feature", "properties": { "Transect": 287 }, "geometry": { "type": "Point", "coordinates": [ 748496.906266857287847, 1962658.460545668145642 ] } },
{ "type": "Feature", "properties": { "Transect": 288 }, "geometry": { "type": "Point", "coordinates": [ 748513.701185598270968, 1962668.616659449413419 ] } },
{ "type": "Feature", "properties": { "Transect": 289 }, "geometry": { "type": "Point", "coordinates": [ 748504.841953367809765, 1962678.506400137674063 ] } },
{ "type": "Feature", "properties": { "Transect": 290 }, "geometry": { "type": "Point", "coordinates": [ 748504.868128471658565, 1962698.34664340945892 ] } },
{ "type": "Feature", "properties": { "Transect": 291 }, "geometry": { "type": "Point", "coordinates": [ 748505.757400218164548, 1962708.304441132349893 ] } },
{ "type": "Feature", "properties": { "Transect": 292 }, "geometry": { "type": "Point", "coordinates": [ 748516.505343056283891, 1962718.428809483302757 ] } },
{ "type": "Feature", "properties": { "Transect": 293 }, "geometry": { "type": "Point", "coordinates": [ 748513.880206037894823, 1962738.245846097823232 ] } },
{ "type": "Feature", "properties": { "Transect": 294 }, "geometry": { "type": "Point", "coordinates": [ 748516.649858555872925, 1962748.22709348751232 ] } },
{ "type": "Feature", "properties": { "Transect": 295 }, "geometry": { "type": "Point", "coordinates": [ 748515.007378040347248, 1962779.160850354237482 ] } },
{ "type": "Feature", "properties": { "Transect": 296 }, "geometry": { "type": "Point", "coordinates": [ 748534.898253090796061, 1962768.348067648010328 ] } },
{ "type": "Feature", "properties": { "Transect": 297 }, "geometry": { "type": "Point", "coordinates": [ 748529.038767702528276, 1962778.221708950819448 ] } },
{ "type": "Feature", "properties": { "Transect": 298 }, "geometry": { "type": "Point", "coordinates": [ 748543.923251057625748, 1962808.291311746928841 ] } },
{ "type": "Feature", "properties": { "Transect": 299 }, "geometry": { "type": "Point", "coordinates": [ 748555.941884703701362, 1962828.290771517669782 ] } },
{ "type": "Feature", "properties": { "Transect": 300 }, "geometry": { "type": "Point", "coordinates": [ 748570.833032264374197, 1962858.328757098177448 ] } },
{ "type": "Feature", "properties": { "Transect": 301 }, "geometry": { "type": "Point", "coordinates": [ 748583.350855029188097, 1962878.366196944378316 ] } },
{ "type": "Feature", "properties": { "Transect": 302 }, "geometry": { "type": "Point", "coordinates": [ 748581.439500063774176, 1962898.235785542754456 ] } },
{ "type": "Feature", "properties": { "Transect": 303 }, "geometry": { "type": "Point", "coordinates": [ 748586.421204314450733, 1962908.267447390826419 ] } },
{ "type": "Feature", "properties": { "Transect": 304 }, "geometry": { "type": "Point", "coordinates": [ 748584.930883150664158, 1962928.182638835161924 ] } },
{ "type": "Feature", "properties": { "Transect": 305 }, "geometry": { "type": "Point", "coordinates": [ 748616.784617056604475, 1962948.388879031175748 ] } },
{ "type": "Feature", "properties": { "Transect": 306 }, "geometry": { "type": "Point", "coordinates": [ 748628.549704883131199, 1962998.39985260181129 ] } },
{ "type": "Feature", "properties": { "Transect": 307 }, "geometry": { "type": "Point", "coordinates": [ 748627.841228913865052, 1962998.28180004004389 ] } },
{ "type": "Feature", "properties": { "Transect": 308 }, "geometry": { "type": "Point", "coordinates": [ 748638.884212800185196, 1963008.402134788688272 ] } },
{ "type": "Feature", "properties": { "Transect": 309 }, "geometry": { "type": "Point", "coordinates": [ 748643.5263547366485, 1963028.370873199077323 ] } },
{ "type": "Feature", "properties": { "Transect": 310 }, "geometry": { "type": "Point", "coordinates": [ 748649.955459865625016, 1963058.238035921007395 ] } },
{ "type": "Feature", "properties": { "Transect": 311 }, "geometry": { "type": "Point", "coordinates": [ 748700.624498986871913, 1963138.52823395258747 ] } },
{ "type": "Feature", "properties": { "Transect": 312 }, "geometry": { "type": "Point", "coordinates": [ 748765.668944507371634, 1963228.224157540593296 ] } },
{ "type": "Feature", "properties": { "Transect": 313 }, "geometry": { "type": "Point", "coordinates": [ 748857.198393453494646, 1963335.514698429731652 ] } },
{ "type": "Feature", "properties": { "Transect": 314 }, "geometry": { "type": "Point", "coordinates": [ 748857.461987382499501, 1963354.123005105415359 ] } },
{ "type": "Feature", "properties": { "Transect": 315 }, "geometry": { "type": "Point", "coordinates": [ 748868.841692319372669, 1963362.34243960538879 ] } },
{ "type": "Feature", "properties": { "Transect": 316 }, "geometry": { "type": "Point", "coordinates": [ 748878.200905860750936, 1963372.450174805009738 ] } },
{ "type": "Feature", "properties": { "Transect": 317 }, "geometry": { "type": "Point", "coordinates": [ 748875.443111815024167, 1963369.498548780102283 ] } },
{ "type": "Feature", "properties": { "Transect": 318 }, "geometry": { "type": "Point", "coordinates": [ 748910.525073060765862, 1963417.659233470214531 ] } },
{ "type": "Feature", "properties": { "Transect": 319 }, "geometry": { "type": "Point", "coordinates": [ 748957.437347134691663, 1963453.22833862178959 ] } },
{ "type": "Feature", "properties": { "Transect": 320 }, "geometry": { "type": "Point", "coordinates": [ 749016.96561201068107, 1963490.531008393736556 ] } },
{ "type": "Feature", "properties": { "Transect": 321 }, "geometry": { "type": "Point", "coordinates": [ 749103.955604177084751, 1963567.234514256706461 ] } },
{ "type": "Feature", "properties": { "Transect": 322 }, "geometry": { "type": "Point", "coordinates": [ 749202.126694336417131, 1963616.441008749883622 ] } },
{ "type": "Feature", "properties": { "Transect": 323 }, "geometry": { "type": "Point", "coordinates": [ 749240.009856055141427, 1963689.613674112362787 ] } },
{ "type": "Feature", "properties": { "Transect": 324 }, "geometry": { "type": "Point", "coordinates": [ 749262.278711909311824, 1963771.340131359640509 ] } },
{ "type": "Feature", "properties": { "Transect": 325 }, "geometry": { "type": "Point", "coordinates": [ 749259.57149101770483, 1963863.655224447371438 ] } },
{ "type": "Feature", "properties": { "Transect": 326 }, "geometry": { "type": "Point", "coordinates": [ 749236.993301492417231, 1963687.066338844131678 ] } },
{ "type": "Feature", "properties": { "Transect": 327 }, "geometry": { "type": "Point", "coordinates": [ 749226.506625916226767, 1963674.233754966175184 ] } },
{ "type": "Feature", "properties": { "Transect": 328 }, "geometry": { "type": "Point", "coordinates": [ 749202.992754079285078, 1963606.081347945146263 ] } },
{ "type": "Feature", "properties": { "Transect": 329 }, "geometry": { "type": "Point", "coordinates": [ 749173.60083701426629, 1964009.721149930730462 ] } },
{ "type": "Feature", "properties": { "Transect": 330 }, "geometry": { "type": "Point", "coordinates": [ 749191.78250930167269, 1963586.893711315933615 ] } },
{ "type": "Feature", "properties": { "Transect": 331 }, "geometry": { "type": "Point", "coordinates": [ 749192.088567510945722, 1964102.717140140011907 ] } },
{ "type": "Feature", "properties": { "Transect": 332 }, "geometry": { "type": "Point", "coordinates": [ 749251.653903840458952, 1964258.423977469094098 ] } },
{ "type": "Feature", "properties": { "Transect": 333 }, "geometry": { "type": "Point", "coordinates": [ 749245.810899782343768, 1964249.347203339217231 ] } },
{ "type": "Feature", "properties": { "Transect": 334 }, "geometry": { "type": "Point", "coordinates": [ 749257.920006629312411, 1964281.250686392886564 ] } },
{ "type": "Feature", "properties": { "Transect": 335 }, "geometry": { "type": "Point", "coordinates": [ 749264.014628050848842, 1964294.408748993184417 ] } },
{ "type": "Feature", "properties": { "Transect": 336 }, "geometry": { "type": "Point", "coordinates": [ 749278.176316229859367, 1964300.028286085696891 ] } },
{ "type": "Feature", "properties": { "Transect": 337 }, "geometry": { "type": "Point", "coordinates": [ 749308.85446067887824, 1964314.395631377119571 ] } },
{ "type": "Feature", "properties": { "Transect": 338 }, "geometry": { "type": "Point", "coordinates": [ 749339.361525275395252, 1964337.118779866490513 ] } },
{ "type": "Feature", "properties": { "Transect": 339 }, "geometry": { "type": "Point", "coordinates": [ 749379.749371396028437, 1964413.301466344855726 ] } },
{ "type": "Feature", "properties": { "Transect": 340 }, "geometry": { "type": "Point", "coordinates": [ 749386.173434082302265, 1964410.252985842525959 ] } },
{ "type": "Feature", "properties": { "Transect": 341 }, "geometry": { "type": "Point", "coordinates": [ 749399.960601159138605, 1964423.096819976111874 ] } },
{ "type": "Feature", "properties": { "Transect": 342 }, "geometry": { "type": "Point", "coordinates": [ 749400.559618147788569, 1964441.390210735611618 ] } },
{ "type": "Feature", "properties": { "Transect": 343 }, "geometry": { "type": "Point", "coordinates": [ 749415.178793578757904, 1964446.582310546422377 ] } },
{ "type": "Feature", "properties": { "Transect": 344 }, "geometry": { "type": "Point", "coordinates": [ 749424.919125883723609, 1964450.548367328941822 ] } },
{ "type": "Feature", "properties": { "Transect": 345 }, "geometry": { "type": "Point", "coordinates": [ 749458.976463199476711, 1964486.985676998505369 ] } },
{ "type": "Feature", "properties": { "Transect": 346 }, "geometry": { "type": "Point", "coordinates": [ 749553.118041207897477, 1964597.222734113689512 ] } },
{ "type": "Feature", "properties": { "Transect": 347 }, "geometry": { "type": "Point", "coordinates": [ 749562.647473591729067, 1964597.344134506070986 ] } },
{ "type": "Feature", "properties": { "Transect": 348 }, "geometry": { "type": "Point", "coordinates": [ 749554.672637263080105, 1964598.222860980080441 ] } },
{ "type": "Feature", "properties": { "Transect": 349 }, "geometry": { "type": "Point", "coordinates": [ 749499.524496172205545, 1964590.715004350058734 ] } },
{ "type": "Feature", "properties": { "Transect": 350 }, "geometry": { "type": "Point", "coordinates": [ 749567.086316275177523, 1964601.508671869756654 ] } },
{ "type": "Feature", "properties": { "Transect": 351 }, "geometry": { "type": "Point", "coordinates": [ 749566.943547101691365, 1964611.45368207921274 ] } },
{ "type": "Feature", "properties": { "Transect": 352 }, "geometry": { "type": "Point", "coordinates": [ 749566.858240501838736, 1964621.399412656435743 ] } },
{ "type": "Feature", "properties": { "Transect": 353 }, "geometry": { "type": "Point", "coordinates": [ 749566.715119181084447, 1964631.344418616965413 ] } },
{ "type": "Feature", "properties": { "Transect": 354 }, "geometry": { "type": "Point", "coordinates": [ 749566.57247309514787, 1964641.289430610835552 ] } },
{ "type": "Feature", "properties": { "Transect": 355 }, "geometry": { "type": "Point", "coordinates": [ 749659.078563480870798, 1964711.018134766025469 ] } },
{ "type": "Feature", "properties": { "Transect": 356 }, "geometry": { "type": "Point", "coordinates": [ 749629.26129326177761, 1964815.196115408325568 ] } },
{ "type": "Feature", "properties": { "Transect": 357 }, "geometry": { "type": "Point", "coordinates": [ 749700.665954798809253, 1964890.964617605088279 ] } },
{ "type": "Feature", "properties": { "Transect": 358 }, "geometry": { "type": "Point", "coordinates": [ 749843.287745133507997, 1965018.771439123433083 ] } },
{ "type": "Feature", "properties": { "Transect": 359 }, "geometry": { "type": "Point", "coordinates": [ 749852.71292897942476, 1965027.183988344389945 ] } },
{ "type": "Feature", "properties": { "Transect": 360 }, "geometry": { "type": "Point", "coordinates": [ 749884.243121697450988, 1965059.027596707921475 ] } },
{ "type": "Feature", "properties": { "Transect": 361 }, "geometry": { "type": "Point", "coordinates": [ 749890.628818903584033, 1965071.913084740052 ] } },
{ "type": "Feature", "properties": { "Transect": 362 }, "geometry": { "type": "Point", "coordinates": [ 749992.727416017558426, 1965154.402085295179859 ] } },
{ "type": "Feature", "properties": { "Transect": 363 }, "geometry": { "type": "Point", "coordinates": [ 750004.214211090933532, 1965162.521227184217423 ] } },
{ "type": "Feature", "properties": { "Transect": 364 }, "geometry": { "type": "Point", "coordinates": [ 750013.619029707857408, 1965172.585685273865238 ] } },
{ "type": "Feature", "properties": { "Transect": 365 }, "geometry": { "type": "Point", "coordinates": [ 750030.408079229993746, 1965207.095950004179031 ] } },
{ "type": "Feature", "properties": { "Transect": 366 }, "geometry": { "type": "Point", "coordinates": [ 750040.825378899928182, 1965193.892439673421904 ] } },
{ "type": "Feature", "properties": { "Transect": 367 }, "geometry": { "type": "Point", "coordinates": [ 750060.051494468119927, 1965213.338045715354383 ] } },
{ "type": "Feature", "properties": { "Transect": 368 }, "geometry": { "type": "Point", "coordinates": [ 750052.2696000370197, 1965211.074706990271807 ] } },
{ "type": "Feature", "properties": { "Transect": 369 }, "geometry": { "type": "Point", "coordinates": [ 750096.994667902006768, 1965239.589270941913128 ] } },
{ "type": "Feature", "properties": { "Transect": 370 }, "geometry": { "type": "Point", "coordinates": [ 750114.595339386141859, 1965256.123103610705584 ] } },
{ "type": "Feature", "properties": { "Transect": 371 }, "geometry": { "type": "Point", "coordinates": [ 750120.254464616649784, 1965269.68729282496497 ] } },
{ "type": "Feature", "properties": { "Transect": 372 }, "geometry": { "type": "Point", "coordinates": [ 750144.752696891198866, 1965298.882816053228453 ] } },
{ "type": "Feature", "properties": { "Transect": 373 }, "geometry": { "type": "Point", "coordinates": [ 750199.014097330975346, 1965351.039890678133816 ] } },
{ "type": "Feature", "properties": { "Transect": 374 }, "geometry": { "type": "Point", "coordinates": [ 750261.969593375106342, 1965401.944653029320762 ] } },
{ "type": "Feature", "properties": { "Transect": 375 }, "geometry": { "type": "Point", "coordinates": [ 750408.350477481959388, 1965491.730334831867367 ] } },
{ "type": "Feature", "properties": { "Transect": 376 }, "geometry": { "type": "Point", "coordinates": [ 750406.968657945166342, 1965497.745017609093338 ] } },
{ "type": "Feature", "properties": { "Transect": 377 }, "geometry": { "type": "Point", "coordinates": [ 750420.991573246545158, 1965503.49467395292595 ] } },
{ "type": "Feature", "properties": { "Transect": 378 }, "geometry": { "type": "Point", "coordinates": [ 750437.122125468216836, 1965507.275177508592606 ] } },
{ "type": "Feature", "properties": { "Transect": 379 }, "geometry": { "type": "Point", "coordinates": [ 750446.576626635156572, 1965517.293116139946505 ] } },
{ "type": "Feature", "properties": { "Transect": 380 }, "geometry": { "type": "Point", "coordinates": [ 750477.458202071022242, 1965516.314723248360679 ] } },
{ "type": "Feature", "properties": { "Transect": 381 }, "geometry": { "type": "Point", "coordinates": [ 750487.414897846058011, 1965534.886356000322849 ] } },
{ "type": "Feature", "properties": { "Transect": 382 }, "geometry": { "type": "Point", "coordinates": [ 750492.203977089026012, 1965549.263154953951016 ] } },
{ "type": "Feature", "properties": { "Transect": 383 }, "geometry": { "type": "Point", "coordinates": [ 750517.821811730973423, 1965599.927768674213439 ] } },
{ "type": "Feature", "properties": { "Transect": 384 }, "geometry": { "type": "Point", "coordinates": [ 750533.024774713907391, 1965604.57496118475683 ] } },
{ "type": "Feature", "properties": { "Transect": 385 }, "geometry": { "type": "Point", "coordinates": [ 750569.300707302754745, 1965642.988344686338678 ] } },
{ "type": "Feature", "properties": { "Transect": 386 }, "geometry": { "type": "Point", "coordinates": [ 750577.33552872412838, 1965635.238935484550893 ] } },
{ "type": "Feature", "properties": { "Transect": 387 }, "geometry": { "type": "Point", "coordinates": [ 750597.257160985609517, 1965624.413576953811571 ] } },
{ "type": "Feature", "properties": { "Transect": 388 }, "geometry": { "type": "Point", "coordinates": [ 750598.391463338281028, 1965627.125597284408286 ] } },
{ "type": "Feature", "properties": { "Transect": 389 }, "geometry": { "type": "Point", "coordinates": [ 750635.715787909924984, 1965632.184000158682466 ] } },
{ "type": "Feature", "properties": { "Transect": 390 }, "geometry": { "type": "Point", "coordinates": [ 750664.07086826628074, 1965685.471951056970283 ] } },
{ "type": "Feature", "properties": { "Transect": 391 }, "geometry": { "type": "Point", "coordinates": [ 750673.69670923484955, 1965677.904388691764325 ] } },
{ "type": "Feature", "properties": { "Transect": 392 }, "geometry": { "type": "Point", "coordinates": [ 750644.945088620879687, 1965676.27553355996497 ] } },
{ "type": "Feature", "properties": { "Transect": 393 }, "geometry": { "type": "Point", "coordinates": [ 750724.81386888329871, 1965685.277567770099267 ] } },
{ "type": "Feature", "properties": { "Transect": 394 }, "geometry": { "type": "Point", "coordinates": [ 750749.306443380191922, 1965728.25216558156535 ] } },
{ "type": "Feature", "properties": { "Transect": 395 }, "geometry": { "type": "Point", "coordinates": [ 750758.952159510110505, 1965719.108919966267422 ] } },
{ "type": "Feature", "properties": { "Transect": 396 }, "geometry": { "type": "Point", "coordinates": [ 750872.599360607913695, 1965776.130521133774891 ] } },
{ "type": "Feature", "properties": { "Transect": 397 }, "geometry": { "type": "Point", "coordinates": [ 750853.5212650942849, 1965769.168335346039385 ] } },
{ "type": "Feature", "properties": { "Transect": 398 }, "geometry": { "type": "Point", "coordinates": [ 750865.643459487822838, 1965776.693922131787986 ] } },
{ "type": "Feature", "properties": { "Transect": 399 }, "geometry": { "type": "Point", "coordinates": [ 750877.963329404243268, 1965784.034837190294638 ] } },
{ "type": "Feature", "properties": { "Transect": 400 }, "geometry": { "type": "Point", "coordinates": [ 750968.101494261180051, 1965830.167331299511716 ] } },
{ "type": "Feature", "properties": { "Transect": 401 }, "geometry": { "type": "Point", "coordinates": [ 751014.689059894881211, 1965844.909730290062726 ] } },
{ "type": "Feature", "properties": { "Transect": 402 }, "geometry": { "type": "Point", "coordinates": [ 751024.26982002670411, 1965840.922797739971429 ] } },
{ "type": "Feature", "properties": { "Transect": 403 }, "geometry": { "type": "Point", "coordinates": [ 751033.588190510636196, 1965857.734047788660973 ] } },
{ "type": "Feature", "properties": { "Transect": 404 }, "geometry": { "type": "Point", "coordinates": [ 750920.213561665266752, 1965821.420728820376098 ] } },
{ "type": "Feature", "properties": { "Transect": 405 }, "geometry": { "type": "Point", "coordinates": [ 751110.514837587950751, 1965901.253746775444597 ] } },
{ "type": "Feature", "properties": { "Transect": 406 }, "geometry": { "type": "Point", "coordinates": [ 751194.746875216136687, 1965925.790638438658789 ] } },
{ "type": "Feature", "properties": { "Transect": 407 }, "geometry": { "type": "Point", "coordinates": [ 751281.014961260720156, 1966005.287410150514916 ] } },
{ "type": "Feature", "properties": { "Transect": 408 }, "geometry": { "type": "Point", "coordinates": [ 751323.049440009286627, 1966018.322943050181493 ] } },
{ "type": "Feature", "properties": { "Transect": 409 }, "geometry": { "type": "Point", "coordinates": [ 751355.303519656998105, 1966041.42720828903839 ] } },
{ "type": "Feature", "properties": { "Transect": 410 }, "geometry": { "type": "Point", "coordinates": [ 751355.398846557014622, 1966026.698713321704417 ] } },
{ "type": "Feature", "properties": { "Transect": 411 }, "geometry": { "type": "Point", "coordinates": [ 751415.960061149206012, 1966071.69403334823437 ] } },
{ "type": "Feature", "properties": { "Transect": 412 }, "geometry": { "type": "Point", "coordinates": [ 751422.417476115515456, 1966084.511636048089713 ] } },
{ "type": "Feature", "properties": { "Transect": 413 }, "geometry": { "type": "Point", "coordinates": [ 751449.940818277187645, 1966094.175325373420492 ] } },
{ "type": "Feature", "properties": { "Transect": 414 }, "geometry": { "type": "Point", "coordinates": [ 751459.414912872365676, 1966098.628055622801185 ] } },
{ "type": "Feature", "properties": { "Transect": 415 }, "geometry": { "type": "Point", "coordinates": [ 751451.09376031649299, 1966094.617014793679118 ] } },
{ "type": "Feature", "properties": { "Transect": 416 }, "geometry": { "type": "Point", "coordinates": [ 751478.258920217398554, 1966115.774746423820034 ] } },
{ "type": "Feature", "properties": { "Transect": 417 }, "geometry": { "type": "Point", "coordinates": [ 751468.947544295806438, 1966105.810457315761596 ] } },
{ "type": "Feature", "properties": { "Transect": 418 }, "geometry": { "type": "Point", "coordinates": [ 751497.19107508927118, 1966125.9459873738233 ] } },
{ "type": "Feature", "properties": { "Transect": 419 }, "geometry": { "type": "Point", "coordinates": [ 751506.874229401117191, 1966113.859763947315514 ] } },
{ "type": "Feature", "properties": { "Transect": 420 }, "geometry": { "type": "Point", "coordinates": [ 751516.222631667391397, 1966128.25315327802673 ] } },
{ "type": "Feature", "properties": { "Transect": 421 }, "geometry": { "type": "Point", "coordinates": [ 751620.417051076889038, 1966178.824142635799944 ] } },
{ "type": "Feature", "properties": { "Transect": 422 }, "geometry": { "type": "Point", "coordinates": [ 751629.00383152673021, 1966170.008124445797876 ] } },
{ "type": "Feature", "properties": { "Transect": 423 }, "geometry": { "type": "Point", "coordinates": [ 751688.902428031899035, 1966206.283455846598372 ] } },
{ "type": "Feature", "properties": { "Transect": 424 }, "geometry": { "type": "Point", "coordinates": [ 751759.624305740115233, 1966263.695443067699671 ] } },
{ "type": "Feature", "properties": { "Transect": 425 }, "geometry": { "type": "Point", "coordinates": [ 751856.603838660288602, 1966295.18311425531283 ] } },
{ "type": "Feature", "properties": { "Transect": 426 }, "geometry": { "type": "Point", "coordinates": [ 751916.910785670857877, 1966355.597606426803395 ] } },
{ "type": "Feature", "properties": { "Transect": 427 }, "geometry": { "type": "Point", "coordinates": [ 751976.805611033691093, 1966414.950146061368287 ] } },
{ "type": "Feature", "properties": { "Transect": 428 }, "geometry": { "type": "Point", "coordinates": [ 752022.92294636555016, 1966507.084685405250639 ] } },
{ "type": "Feature", "properties": { "Transect": 429 }, "geometry": { "type": "Point", "coordinates": [ 752110.914230803376995, 1966582.954842523438856 ] } },
{ "type": "Feature", "properties": { "Transect": 430 }, "geometry": { "type": "Point", "coordinates": [ 752078.629523291136138, 1966577.093050790019333 ] } },
{ "type": "Feature", "properties": { "Transect": 431 }, "geometry": { "type": "Point", "coordinates": [ 752239.233077249838971, 1966620.667435015784577 ] } },
{ "type": "Feature", "properties": { "Transect": 432 }, "geometry": { "type": "Point", "coordinates": [ 752259.80980277468916, 1966723.681427218718454 ] } },
{ "type": "Feature", "properties": { "Transect": 433 }, "geometry": { "type": "Point", "coordinates": [ 752403.251983994618058, 1966823.9273349896539 ] } },
{ "type": "Feature", "properties": { "Transect": 434 }, "geometry": { "type": "Point", "coordinates": [ 752427.637618883396499, 1966838.88674095692113 ] } },
{ "type": "Feature", "properties": { "Transect": 435 }, "geometry": { "type": "Point", "coordinates": [ 752450.430099127697758, 1966861.138271478936076 ] } },
{ "type": "Feature", "properties": { "Transect": 436 }, "geometry": { "type": "Point", "coordinates": [ 752459.877206127741374, 1966867.674202374182642 ] } },
{ "type": "Feature", "properties": { "Transect": 437 }, "geometry": { "type": "Point", "coordinates": [ 752469.479768818360753, 1966861.964514133753255 ] } },
{ "type": "Feature", "properties": { "Transect": 438 }, "geometry": { "type": "Point", "coordinates": [ 752477.408909841906279, 1966877.27434110455215 ] } },
{ "type": "Feature", "properties": { "Transect": 439 }, "geometry": { "type": "Point", "coordinates": [ 752488.197727982071228, 1966949.229920330224559 ] } },
{ "type": "Feature", "properties": { "Transect": 440 }, "geometry": { "type": "Point", "coordinates": [ 752620.664313345798291, 1966964.051156547851861 ] } },
{ "type": "Feature", "properties": { "Transect": 441 }, "geometry": { "type": "Point", "coordinates": [ 752629.968386633321643, 1966981.838169550988823 ] } },
{ "type": "Feature", "properties": { "Transect": 442 }, "geometry": { "type": "Point", "coordinates": [ 752639.496705927420408, 1966981.973166436888278 ] } },
{ "type": "Feature", "properties": { "Transect": 443 }, "geometry": { "type": "Point", "coordinates": [ 752649.025399797246791, 1966982.0787246262189 ] } },
{ "type": "Feature", "properties": { "Transect": 444 }, "geometry": { "type": "Point", "coordinates": [ 752658.553737785550766, 1966982.212338410317898 ] } },
{ "type": "Feature", "properties": { "Transect": 445 }, "geometry": { "type": "Point", "coordinates": [ 752668.082446301123127, 1966982.316834622062743 ] } },
{ "type": "Feature", "properties": { "Transect": 446 }, "geometry": { "type": "Point", "coordinates": [ 752652.805562066147104, 1966981.852948874235153 ] } },
{ "type": "Feature", "properties": { "Transect": 447 }, "geometry": { "type": "Point", "coordinates": [ 752684.43590086128097, 1966978.422056260984391 ] } },
{ "type": "Feature", "properties": { "Transect": 448 }, "geometry": { "type": "Point", "coordinates": [ 752741.291497484198771, 1967049.184864049544558 ] } },
{ "type": "Feature", "properties": { "Transect": 449 }, "geometry": { "type": "Point", "coordinates": [ 752771.669457798474468, 1967080.135805096710101 ] } },
{ "type": "Feature", "properties": { "Transect": 450 }, "geometry": { "type": "Point", "coordinates": [ 752780.400598672335036, 1967067.204347160179168 ] } },
{ "type": "Feature", "properties": { "Transect": 451 }, "geometry": { "type": "Point", "coordinates": [ 752800.424571675714105, 1967067.147956223925576 ] } },
{ "type": "Feature", "properties": { "Transect": 452 }, "geometry": { "type": "Point", "coordinates": [ 752797.698106195544824, 1967061.259450234705582 ] } },
{ "type": "Feature", "properties": { "Transect": 453 }, "geometry": { "type": "Point", "coordinates": [ 752819.429249654407613, 1967071.500199105124921 ] } },
{ "type": "Feature", "properties": { "Transect": 454 }, "geometry": { "type": "Point", "coordinates": [ 752817.143928773002699, 1967070.965845920145512 ] } },
{ "type": "Feature", "properties": { "Transect": 455 }, "geometry": { "type": "Point", "coordinates": [ 752838.359687832649797, 1967081.690568002173677 ] } },
{ "type": "Feature", "properties": { "Transect": 456 }, "geometry": { "type": "Point", "coordinates": [ 752839.180253205355257, 1967109.654744813451543 ] } },
{ "type": "Feature", "properties": { "Transect": 457 }, "geometry": { "type": "Point", "coordinates": [ 752841.550615328247659, 1967119.631938291015103 ] } },
{ "type": "Feature", "properties": { "Transect": 458 }, "geometry": { "type": "Point", "coordinates": [ 752876.583790737320669, 1967130.05735004413873 ] } },
{ "type": "Feature", "properties": { "Transect": 459 }, "geometry": { "type": "Point", "coordinates": [ 752931.551266023656353, 1967207.555974257411435 ] } },
{ "type": "Feature", "properties": { "Transect": 460 }, "geometry": { "type": "Point", "coordinates": [ 753004.46224515652284, 1967265.645394205814227 ] } },
{ "type": "Feature", "properties": { "Transect": 461 }, "geometry": { "type": "Point", "coordinates": [ 753052.330974139505997, 1967350.731025693938136 ] } },
{ "type": "Feature", "properties": { "Transect": 462 }, "geometry": { "type": "Point", "coordinates": [ 753044.984275801572949, 1967320.221014745533466 ] } },
{ "type": "Feature", "properties": { "Transect": 463 }, "geometry": { "type": "Point", "coordinates": [ 753035.58321069390513, 1967310.098379472503439 ] } },
{ "type": "Feature", "properties": { "Transect": 464 }, "geometry": { "type": "Point", "coordinates": [ 753026.18089762981981, 1967300.073089937446639 ] } },
{ "type": "Feature", "properties": { "Transect": 465 }, "geometry": { "type": "Point", "coordinates": [ 753016.982862245524302, 1967273.995899255620316 ] } },
{ "type": "Feature", "properties": { "Transect": 466 }, "geometry": { "type": "Point", "coordinates": [ 753074.379677101504058, 1967490.635216031689197 ] } },
{ "type": "Feature", "properties": { "Transect": 467 }, "geometry": { "type": "Point", "coordinates": [ 753007.506830117083155, 1967269.762236567912623 ] } },
{ "type": "Feature", "properties": { "Transect": 468 }, "geometry": { "type": "Point", "coordinates": [ 753065.819060505367815, 1967500.473304780200124 ] } },
{ "type": "Feature", "properties": { "Transect": 469 }, "geometry": { "type": "Point", "coordinates": [ 752998.099956340505742, 1967260.093894395278767 ] } },
{ "type": "Feature", "properties": { "Transect": 470 }, "geometry": { "type": "Point", "coordinates": [ 753005.648667796165682, 1967509.65463138371706 ] } },
{ "type": "Feature", "properties": { "Transect": 471 }, "geometry": { "type": "Point", "coordinates": [ 752988.740373705280945, 1967246.708734932588413 ] } },
{ "type": "Feature", "properties": { "Transect": 472 }, "geometry": { "type": "Point", "coordinates": [ 752965.181995906867087, 1967231.279907650547102 ] } },
{ "type": "Feature", "properties": { "Transect": 473 }, "geometry": { "type": "Point", "coordinates": [ 752954.75734499678947, 1967220.122741539031267 ] } },
{ "type": "Feature", "properties": { "Transect": 474 }, "geometry": { "type": "Point", "coordinates": [ 752944.674073568894528, 1967218.273747080238536 ] } },
{ "type": "Feature", "properties": { "Transect": 475 }, "geometry": { "type": "Point", "coordinates": [ 752931.828063433174975, 1967154.505194945028052 ] } },
{ "type": "Feature", "properties": { "Transect": 476 }, "geometry": { "type": "Point", "coordinates": [ 752921.858167364262044, 1967155.749802175909281 ] } },
{ "type": "Feature", "properties": { "Transect": 477 }, "geometry": { "type": "Point", "coordinates": [ 752911.119814767735079, 1967149.446152520133182 ] } },
{ "type": "Feature", "properties": { "Transect": 478 }, "geometry": { "type": "Point", "coordinates": [ 752921.199509202851914, 1967598.103586510522291 ] } },
{ "type": "Feature", "properties": { "Transect": 479 }, "geometry": { "type": "Point", "coordinates": [ 752900.684239912778139, 1967151.397763438755646 ] } },
{ "type": "Feature", "properties": { "Transect": 480 }, "geometry": { "type": "Point", "coordinates": [ 752915.223945644102059, 1967617.921674384735525 ] } },
{ "type": "Feature", "properties": { "Transect": 481 }, "geometry": { "type": "Point", "coordinates": [ 752917.797983379918151, 1967627.901480009546503 ] } },
{ "type": "Feature", "properties": { "Transect": 482 }, "geometry": { "type": "Point", "coordinates": [ 752899.00812620355282, 1967637.609482646686956 ] } },
{ "type": "Feature", "properties": { "Transect": 483 }, "geometry": { "type": "Point", "coordinates": [ 752888.723731984733604, 1967138.584631591336802 ] } },
{ "type": "Feature", "properties": { "Transect": 484 }, "geometry": { "type": "Point", "coordinates": [ 752891.002612120937556, 1967657.401750197866932 ] } },
{ "type": "Feature", "properties": { "Transect": 485 }, "geometry": { "type": "Point", "coordinates": [ 752877.950629574479535, 1967131.339871861040592 ] } },
{ "type": "Feature", "properties": { "Transect": 486 }, "geometry": { "type": "Point", "coordinates": [ 752885.011396754067391, 1967786.637263072654605 ] } },
{ "type": "Feature", "properties": { "Transect": 487 }, "geometry": { "type": "Point", "coordinates": [ 752921.461355965468101, 1967876.624570615589619 ] } },
{ "type": "Feature", "properties": { "Transect": 488 }, "geometry": { "type": "Point", "coordinates": [ 752918.603082075132988, 1967886.535260701086372 ] } },
{ "type": "Feature", "properties": { "Transect": 489 }, "geometry": { "type": "Point", "coordinates": [ 752912.765063319820911, 1967896.408034303924069 ] } },
{ "type": "Feature", "properties": { "Transect": 490 }, "geometry": { "type": "Point", "coordinates": [ 752918.412725761067122, 1967901.907089508138597 ] } },
{ "type": "Feature", "properties": { "Transect": 491 }, "geometry": { "type": "Point", "coordinates": [ 752927.583169134450145, 1967916.490715937223285 ] } },
{ "type": "Feature", "properties": { "Transect": 492 }, "geometry": { "type": "Point", "coordinates": [ 752930.369830789975822, 1967926.473238399485126 ] } },
{ "type": "Feature", "properties": { "Transect": 493 }, "geometry": { "type": "Point", "coordinates": [ 752928.91655401873868, 1967930.59883157000877 ] } },
{ "type": "Feature", "properties": { "Transect": 494 }, "geometry": { "type": "Point", "coordinates": [ 752931.678027468267828, 1967946.384010765235871 ] } },
{ "type": "Feature", "properties": { "Transect": 495 }, "geometry": { "type": "Point", "coordinates": [ 752931.291058930335566, 1967957.055423081154004 ] } },
{ "type": "Feature", "properties": { "Transect": 496 }, "geometry": { "type": "Point", "coordinates": [ 752935.777291663689539, 1968010.213892905507237 ] } },
{ "type": "Feature", "properties": { "Transect": 497 }, "geometry": { "type": "Point", "coordinates": [ 752950.755502621410415, 1968015.07238357141614 ] } },
{ "type": "Feature", "properties": { "Transect": 498 }, "geometry": { "type": "Point", "coordinates": [ 752944.978932152851485, 1968016.182706810999662 ] } },
{ "type": "Feature", "properties": { "Transect": 499 }, "geometry": { "type": "Point", "coordinates": [ 752951.346693024854176, 1968043.194299048511311 ] } },
{ "type": "Feature", "properties": { "Transect": 500 }, "geometry": { "type": "Point", "coordinates": [ 752955.371280072722584, 1968046.15616764081642 ] } },
{ "type": "Feature", "properties": { "Transect": 501 }, "geometry": { "type": "Point", "coordinates": [ 752952.083657521638088, 1968081.007236940320581 ] } },
{ "type": "Feature", "properties": { "Transect": 502 }, "geometry": { "type": "Point", "coordinates": [ 752969.827329372288659, 1968083.283042056718841 ] } },
{ "type": "Feature", "properties": { "Transect": 503 }, "geometry": { "type": "Point", "coordinates": [ 753012.420011968817562, 1968196.702203522901982 ] } },
{ "type": "Feature", "properties": { "Transect": 504 }, "geometry": { "type": "Point", "coordinates": [ 753073.262665334856138, 1968269.144321252359077 ] } },
{ "type": "Feature", "properties": { "Transect": 505 }, "geometry": { "type": "Point", "coordinates": [ 753139.697278155013919, 1968323.651916363742203 ] } },
{ "type": "Feature", "properties": { "Transect": 506 }, "geometry": { "type": "Point", "coordinates": [ 753152.535393789061345, 1968347.078987384680659 ] } },
{ "type": "Feature", "properties": { "Transect": 507 }, "geometry": { "type": "Point", "coordinates": [ 753168.655271158437245, 1968362.974996078992262 ] } },
{ "type": "Feature", "properties": { "Transect": 508 }, "geometry": { "type": "Point", "coordinates": [ 753172.481599920545705, 1968388.075127284042537 ] } },
{ "type": "Feature", "properties": { "Transect": 509 }, "geometry": { "type": "Point", "coordinates": [ 753177.636046530562453, 1968402.107823497615755 ] } },
{ "type": "Feature", "properties": { "Transect": 510 }, "geometry": { "type": "Point", "coordinates": [ 753240.378828319022432, 1968447.9224676520098 ] } },
{ "type": "Feature", "properties": { "Transect": 511 }, "geometry": { "type": "Point", "coordinates": [ 753297.891011652653106, 1968524.690746666397899 ] } },
{ "type": "Feature", "properties": { "Transect": 512 }, "geometry": { "type": "Point", "coordinates": [ 753328.219672514940612, 1968612.733121074736118 ] } },
{ "type": "Feature", "properties": { "Transect": 513 }, "geometry": { "type": "Point", "coordinates": [ 753392.629770119558088, 1968791.21913837082684 ] } },
{ "type": "Feature", "properties": { "Transect": 514 }, "geometry": { "type": "Point", "coordinates": [ 753425.208078537019901, 1968808.708978229900822 ] } },
{ "type": "Feature", "properties": { "Transect": 515 }, "geometry": { "type": "Point", "coordinates": [ 753423.316609069006518, 1968798.150097166188061 ] } },
{ "type": "Feature", "properties": { "Transect": 516 }, "geometry": { "type": "Point", "coordinates": [ 753486.114557953900658, 1968911.223087991122156 ] } },
{ "type": "Feature", "properties": { "Transect": 517 }, "geometry": { "type": "Point", "coordinates": [ 753492.627886515692808, 1968923.986374504631385 ] } },
{ "type": "Feature", "properties": { "Transect": 518 }, "geometry": { "type": "Point", "coordinates": [ 753459.973711437894963, 1968898.384391569765285 ] } },
{ "type": "Feature", "properties": { "Transect": 519 }, "geometry": { "type": "Point", "coordinates": [ 753555.572092768736184, 1969009.529710037168115 ] } },
{ "type": "Feature", "properties": { "Transect": 520 }, "geometry": { "type": "Point", "coordinates": [ 753624.58755018748343, 1969078.121628891211003 ] } },
{ "type": "Feature", "properties": { "Transect": 521 }, "geometry": { "type": "Point", "coordinates": [ 753691.833538802573457, 1969139.980931552592665 ] } },
{ "type": "Feature", "properties": { "Transect": 522 }, "geometry": { "type": "Point", "coordinates": [ 753752.838201425387524, 1969190.635791539913043 ] } },
{ "type": "Feature", "properties": { "Transect": 523 }, "geometry": { "type": "Point", "coordinates": [ 753754.909855153062381, 1969207.546354303602129 ] } },
{ "type": "Feature", "properties": { "Transect": 524 }, "geometry": { "type": "Point", "coordinates": [ 753790.691578395315446, 1969239.916096355533227 ] } },
{ "type": "Feature", "properties": { "Transect": 525 }, "geometry": { "type": "Point", "coordinates": [ 753830.227332851034589, 1969261.740235621575266 ] } },
{ "type": "Feature", "properties": { "Transect": 526 }, "geometry": { "type": "Point", "coordinates": [ 753872.419008097960614, 1969265.808264254592359 ] } },
{ "type": "Feature", "properties": { "Transect": 527 }, "geometry": { "type": "Point", "coordinates": [ 753923.334247211576439, 1969322.636938083218411 ] } },
{ "type": "Feature", "properties": { "Transect": 528 }, "geometry": { "type": "Point", "coordinates": [ 753930.168887341627851, 1969342.989356614882126 ] } },
{ "type": "Feature", "properties": { "Transect": 529 }, "geometry": { "type": "Point", "coordinates": [ 754011.76427336782217, 1969369.23342716274783 ] } },
{ "type": "Feature", "properties": { "Transect": 530 }, "geometry": { "type": "Point", "coordinates": [ 754037.855015583219938, 1969378.144833192462102 ] } },
{ "type": "Feature", "properties": { "Transect": 531 }, "geometry": { "type": "Point", "coordinates": [ 754044.765710329520516, 1969385.126196052180603 ] } },
{ "type": "Feature", "properties": { "Transect": 532 }, "geometry": { "type": "Point", "coordinates": [ 754128.058777160709724, 1969440.38733855355531 ] } },
{ "type": "Feature", "properties": { "Transect": 533 }, "geometry": { "type": "Point", "coordinates": [ 754175.197848778218031, 1969524.999897178029642 ] } },
{ "type": "Feature", "properties": { "Transect": 534 }, "geometry": { "type": "Point", "coordinates": [ 754190.850137029890902, 1969621.354810083983466 ] } },
{ "type": "Feature", "properties": { "Transect": 535 }, "geometry": { "type": "Point", "coordinates": [ 754242.088617377448827, 1969698.983115581329912 ] } },
{ "type": "Feature", "properties": { "Transect": 536 }, "geometry": { "type": "Point", "coordinates": [ 754244.564142964663915, 1969763.031572391279042 ] } },
{ "type": "Feature", "properties": { "Transect": 537 }, "geometry": { "type": "Point", "coordinates": [ 754354.116614989121445, 1969840.593071948504075 ] } },
{ "type": "Feature", "properties": { "Transect": 538 }, "geometry": { "type": "Point", "coordinates": [ 754395.981333721778356, 1969874.710185307543725 ] } },
{ "type": "Feature", "properties": { "Transect": 539 }, "geometry": { "type": "Point", "coordinates": [ 754522.640118908369914, 1969940.737809033831581 ] } },
{ "type": "Feature", "properties": { "Transect": 540 }, "geometry": { "type": "Point", "coordinates": [ 754658.814442239236087, 1970039.15997535455972 ] } },
{ "type": "Feature", "properties": { "Transect": 541 }, "geometry": { "type": "Point", "coordinates": [ 754668.15847624046728, 1970053.557195785222575 ] } },
{ "type": "Feature", "properties": { "Transect": 542 }, "geometry": { "type": "Point", "coordinates": [ 754677.444725598674268, 1970072.457869310164824 ] } },
{ "type": "Feature", "properties": { "Transect": 543 }, "geometry": { "type": "Point", "coordinates": [ 754651.148957909783348, 1970052.029782373458147 ] } },
{ "type": "Feature", "properties": { "Transect": 544 }, "geometry": { "type": "Point", "coordinates": [ 754728.729991732514463, 1970101.182656433433294 ] } },
{ "type": "Feature", "properties": { "Transect": 545 }, "geometry": { "type": "Point", "coordinates": [ 754847.136220878805034, 1970159.100823721615598 ] } },
{ "type": "Feature", "properties": { "Transect": 546 }, "geometry": { "type": "Point", "coordinates": [ 754864.670588634209707, 1970206.502906603971496 ] } },
{ "type": "Feature", "properties": { "Transect": 547 }, "geometry": { "type": "Point", "coordinates": [ 754861.12282049562782, 1970199.331381879281253 ] } },
{ "type": "Feature", "properties": { "Transect": 548 }, "geometry": { "type": "Point", "coordinates": [ 754932.254497134475969, 1970290.297106218291447 ] } },
{ "type": "Feature", "properties": { "Transect": 549 }, "geometry": { "type": "Point", "coordinates": [ 755008.549917862517759, 1970343.495683406013995 ] } },
{ "type": "Feature", "properties": { "Transect": 550 }, "geometry": { "type": "Point", "coordinates": [ 755065.997056611231528, 1970419.669791170628741 ] } },
{ "type": "Feature", "properties": { "Transect": 551 }, "geometry": { "type": "Point", "coordinates": [ 755133.688515710178763, 1970508.932680893689394 ] } },
{ "type": "Feature", "properties": { "Transect": 552 }, "geometry": { "type": "Point", "coordinates": [ 755178.844227016204968, 1970576.111347420606762 ] } },
{ "type": "Feature", "properties": { "Transect": 553 }, "geometry": { "type": "Point", "coordinates": [ 755301.981874583172612, 1970686.436714123701677 ] } },
{ "type": "Feature", "properties": { "Transect": 554 }, "geometry": { "type": "Point", "coordinates": [ 755336.278183237183839, 1970708.147867674939334 ] } },
{ "type": "Feature", "properties": { "Transect": 555 }, "geometry": { "type": "Point", "coordinates": [ 755322.427397563355044, 1970695.208720181370154 ] } },
{ "type": "Feature", "properties": { "Transect": 556 }, "geometry": { "type": "Point", "coordinates": [ 755336.991721722413786, 1970700.45483701932244 ] } },
{ "type": "Feature", "properties": { "Transect": 557 }, "geometry": { "type": "Point", "coordinates": [ 755331.338473482523113, 1970692.788599737687036 ] } },
{ "type": "Feature", "properties": { "Transect": 558 }, "geometry": { "type": "Point", "coordinates": [ 755379.138308739522472, 1970727.462975792586803 ] } },
{ "type": "Feature", "properties": { "Transect": 559 }, "geometry": { "type": "Point", "coordinates": [ 755390.050199047429487, 1970736.11875244951807 ] } },
{ "type": "Feature", "properties": { "Transect": 560 }, "geometry": { "type": "Point", "coordinates": [ 755402.446440269239247, 1970749.400028694886714 ] } },
{ "type": "Feature", "properties": { "Transect": 561 }, "geometry": { "type": "Point", "coordinates": [ 755406.220327025279403, 1970748.881962875835598 ] } },
{ "type": "Feature", "properties": { "Transect": 562 }, "geometry": { "type": "Point", "coordinates": [ 755421.219853848335333, 1970771.423093483317643 ] } },
{ "type": "Feature", "properties": { "Transect": 563 }, "geometry": { "type": "Point", "coordinates": [ 755417.724434224306606, 1970766.000958882505074 ] } },
{ "type": "Feature", "properties": { "Transect": 564 }, "geometry": { "type": "Point", "coordinates": [ 755422.025503042619675, 1970780.828007594449446 ] } },
{ "type": "Feature", "properties": { "Transect": 565 }, "geometry": { "type": "Point", "coordinates": [ 755449.680364841478877, 1970781.115534167271107 ] } },
{ "type": "Feature", "properties": { "Transect": 566 }, "geometry": { "type": "Point", "coordinates": [ 755459.207206864259206, 1970781.238166892668232 ] } },
{ "type": "Feature", "properties": { "Transect": 567 }, "geometry": { "type": "Point", "coordinates": [ 755465.601903127972037, 1970777.023183432174847 ] } },
{ "type": "Feature", "properties": { "Transect": 568 }, "geometry": { "type": "Point", "coordinates": [ 755480.953132369206287, 1970784.114319600863382 ] } },
{ "type": "Feature", "properties": { "Transect": 569 }, "geometry": { "type": "Point", "coordinates": [ 755478.09944049268961, 1970794.024847758933902 ] } },
{ "type": "Feature", "properties": { "Transect": 570 }, "geometry": { "type": "Point", "coordinates": [ 755475.212888677720912, 1970825.387634427519515 ] } },
{ "type": "Feature", "properties": { "Transect": 571 }, "geometry": { "type": "Point", "coordinates": [ 755486.883810574421659, 1970843.160916006192565 ] } },
{ "type": "Feature", "properties": { "Transect": 572 }, "geometry": { "type": "Point", "coordinates": [ 755490.951965953456238, 1970913.610169783933088 ] } },
{ "type": "Feature", "properties": { "Transect": 573 }, "geometry": { "type": "Point", "coordinates": [ 755515.444671951234341, 1970973.621461471542716 ] } },
{ "type": "Feature", "properties": { "Transect": 574 }, "geometry": { "type": "Point", "coordinates": [ 755529.981050175381824, 1971005.226236724760383 ] } },
{ "type": "Feature", "properties": { "Transect": 575 }, "geometry": { "type": "Point", "coordinates": [ 755531.703516193432733, 1971003.681583443190902 ] } },
{ "type": "Feature", "properties": { "Transect": 576 }, "geometry": { "type": "Point", "coordinates": [ 755531.203365021850914, 1971043.570168299367651 ] } },
{ "type": "Feature", "properties": { "Transect": 577 }, "geometry": { "type": "Point", "coordinates": [ 755560.202452432597056, 1971063.658326691249385 ] } },
{ "type": "Feature", "properties": { "Transect": 578 }, "geometry": { "type": "Point", "coordinates": [ 755576.991129575413652, 1971073.82185995974578 ] } },
{ "type": "Feature", "properties": { "Transect": 579 }, "geometry": { "type": "Point", "coordinates": [ 755576.710601840284653, 1971095.117991590872407 ] } },
{ "type": "Feature", "properties": { "Transect": 580 }, "geometry": { "type": "Point", "coordinates": [ 755577.944823461235501, 1971123.570515639381483 ] } },
{ "type": "Feature", "properties": { "Transect": 581 }, "geometry": { "type": "Point", "coordinates": [ 755580.680584872257896, 1971133.553034032229334 ] } },
{ "type": "Feature", "properties": { "Transect": 582 }, "geometry": { "type": "Point", "coordinates": [ 755577.814651649096049, 1971143.463390934513882 ] } },
{ "type": "Feature", "properties": { "Transect": 583 }, "geometry": { "type": "Point", "coordinates": [ 755594.61066377046518, 1971153.637149724643677 ] } },
{ "type": "Feature", "properties": { "Transect": 584 }, "geometry": { "type": "Point", "coordinates": [ 755588.401860322454013, 1971190.669947206042707 ] } },
{ "type": "Feature", "properties": { "Transect": 585 }, "geometry": { "type": "Point", "coordinates": [ 755634.550836850889027, 1971290.929075939813629 ] } },
{ "type": "Feature", "properties": { "Transect": 586 }, "geometry": { "type": "Point", "coordinates": [ 755645.349871141370386, 1971366.850782837951556 ] } },
{ "type": "Feature", "properties": { "Transect": 587 }, "geometry": { "type": "Point", "coordinates": [ 755641.135995066026226, 1971389.62557775597088 ] } },
{ "type": "Feature", "properties": { "Transect": 588 }, "geometry": { "type": "Point", "coordinates": [ 755630.17484684556257, 1971353.030701197450981 ] } },
{ "type": "Feature", "properties": { "Transect": 589 }, "geometry": { "type": "Point", "coordinates": [ 755629.333536626421846, 1971363.227187616517767 ] } },
{ "type": "Feature", "properties": { "Transect": 590 }, "geometry": { "type": "Point", "coordinates": [ 755668.62909360229969, 1971421.296596642350778 ] } },
{ "type": "Feature", "properties": { "Transect": 591 }, "geometry": { "type": "Point", "coordinates": [ 755698.613243291154504, 1971453.38562096352689 ] } },
{ "type": "Feature", "properties": { "Transect": 592 }, "geometry": { "type": "Point", "coordinates": [ 755712.623938988661394, 1971463.601205101702362 ] } },
{ "type": "Feature", "properties": { "Transect": 593 }, "geometry": { "type": "Point", "coordinates": [ 755705.610693137161434, 1971483.465750213712454 ] } },
{ "type": "Feature", "properties": { "Transect": 594 }, "geometry": { "type": "Point", "coordinates": [ 755710.163130353670567, 1971503.436494570923969 ] } },
{ "type": "Feature", "properties": { "Transect": 595 }, "geometry": { "type": "Point", "coordinates": [ 755725.076100618229248, 1971523.357754099881276 ] } },
{ "type": "Feature", "properties": { "Transect": 596 }, "geometry": { "type": "Point", "coordinates": [ 755760.49442312552128, 1971563.603567946935073 ] } },
{ "type": "Feature", "properties": { "Transect": 597 }, "geometry": { "type": "Point", "coordinates": [ 755764.569361683679745, 1971590.556730161421001 ] } },
{ "type": "Feature", "properties": { "Transect": 598 }, "geometry": { "type": "Point", "coordinates": [ 755763.781847098376602, 1971583.644754109671339 ] } },
{ "type": "Feature", "properties": { "Transect": 599 }, "geometry": { "type": "Point", "coordinates": [ 755812.052279774914496, 1971668.863140224479139 ] } },
{ "type": "Feature", "properties": { "Transect": 600 }, "geometry": { "type": "Point", "coordinates": [ 755917.296902141417377, 1971790.378060014918447 ] } },
{ "type": "Feature", "properties": { "Transect": 601 }, "geometry": { "type": "Point", "coordinates": [ 755913.622203831328079, 1971804.34646238735877 ] } },
{ "type": "Feature", "properties": { "Transect": 602 }, "geometry": { "type": "Point", "coordinates": [ 755927.982922870432958, 1971827.911038365447894 ] } },
{ "type": "Feature", "properties": { "Transect": 603 }, "geometry": { "type": "Point", "coordinates": [ 755941.097853807266802, 1971834.510255650151521 ] } },
{ "type": "Feature", "properties": { "Transect": 604 }, "geometry": { "type": "Point", "coordinates": [ 755952.43856052972842, 1971842.765539231011644 ] } },
{ "type": "Feature", "properties": { "Transect": 605 }, "geometry": { "type": "Point", "coordinates": [ 755961.782071911380626, 1971852.885001776041463 ] } },
{ "type": "Feature", "properties": { "Transect": 606 }, "geometry": { "type": "Point", "coordinates": [ 755954.060420143068768, 1971878.933010226115584 ] } },
{ "type": "Feature", "properties": { "Transect": 607 }, "geometry": { "type": "Point", "coordinates": [ 755955.485144557547756, 1971874.485141212120652 ] } },
{ "type": "Feature", "properties": { "Transect": 608 }, "geometry": { "type": "Point", "coordinates": [ 755952.630128556629643, 1971884.395602654665709 ] } },
{ "type": "Feature", "properties": { "Transect": 609 }, "geometry": { "type": "Point", "coordinates": [ 755969.210892067872919, 1971903.283927866257727 ] } },
{ "type": "Feature", "properties": { "Transect": 610 }, "geometry": { "type": "Point", "coordinates": [ 755966.298871751292609, 1971914.413942196173593 ] } },
{ "type": "Feature", "properties": { "Transect": 611 }, "geometry": { "type": "Point", "coordinates": [ 755980.329784827888943, 1971924.569214863935485 ] } },
{ "type": "Feature", "properties": { "Transect": 612 }, "geometry": { "type": "Point", "coordinates": [ 755984.098239146755077, 1971956.54682805063203 ] } },
{ "type": "Feature", "properties": { "Transect": 613 }, "geometry": { "type": "Point", "coordinates": [ 755983.0365163233364, 1971954.419212816283107 ] } },
{ "type": "Feature", "properties": { "Transect": 614 }, "geometry": { "type": "Point", "coordinates": [ 755997.461679720086977, 1971984.513797636143863 ] } },
{ "type": "Feature", "properties": { "Transect": 615 }, "geometry": { "type": "Point", "coordinates": [ 756021.424306471715681, 1972007.706167783821002 ] } },
{ "type": "Feature", "properties": { "Transect": 616 }, "geometry": { "type": "Point", "coordinates": [ 756016.994174200459383, 1972014.541436246829107 ] } },
{ "type": "Feature", "properties": { "Transect": 617 }, "geometry": { "type": "Point", "coordinates": [ 756030.694540698546916, 1972027.719765375833958 ] } },
{ "type": "Feature", "properties": { "Transect": 618 }, "geometry": { "type": "Point", "coordinates": [ 756034.306482684332877, 1972043.188872333616018 ] } },
{ "type": "Feature", "properties": { "Transect": 619 }, "geometry": { "type": "Point", "coordinates": [ 756089.952709497883916, 1972112.718862078152597 ] } },
{ "type": "Feature", "properties": { "Transect": 620 }, "geometry": { "type": "Point", "coordinates": [ 756086.793714906321838, 1973095.104575021425262 ] } },
{ "type": "Feature", "properties": { "Transect": 621 }, "geometry": { "type": "Point", "coordinates": [ 756089.430719070951454, 1972113.793979971669614 ] } },
{ "type": "Feature", "properties": { "Transect": 622 }, "geometry": { "type": "Point", "coordinates": [ 756143.077496351557784, 1972180.448898642556742 ] } },
{ "type": "Feature", "properties": { "Transect": 623 }, "geometry": { "type": "Point", "coordinates": [ 756152.96207132213749, 1972314.716950390255079 ] } },
{ "type": "Feature", "properties": { "Transect": 624 }, "geometry": { "type": "Point", "coordinates": [ 756152.845561491791159, 1972324.662773008691147 ] } },
{ "type": "Feature", "properties": { "Transect": 625 }, "geometry": { "type": "Point", "coordinates": [ 756153.781041324138641, 1972334.622185827698559 ] } },
{ "type": "Feature", "properties": { "Transect": 626 }, "geometry": { "type": "Point", "coordinates": [ 756153.652558332774788, 1972344.567854005843401 ] } },
{ "type": "Feature", "properties": { "Transect": 627 }, "geometry": { "type": "Point", "coordinates": [ 756153.52407471393235, 1972354.513522258028388 ] } },
{ "type": "Feature", "properties": { "Transect": 628 }, "geometry": { "type": "Point", "coordinates": [ 756153.395590467494912, 1972364.459190586348996 ] } },
{ "type": "Feature", "properties": { "Transect": 629 }, "geometry": { "type": "Point", "coordinates": [ 756143.871648627799004, 1972118.508833760628477 ] } },
{ "type": "Feature", "properties": { "Transect": 630 }, "geometry": { "type": "Point", "coordinates": [ 756120.568613870069385, 1972413.771754957502708 ] } },
{ "type": "Feature", "properties": { "Transect": 631 }, "geometry": { "type": "Point", "coordinates": [ 756126.191234958474524, 1972423.791717835702002 ] } },
{ "type": "Feature", "properties": { "Transect": 632 }, "geometry": { "type": "Point", "coordinates": [ 756126.055140244192444, 1972433.737286764429882 ] } },
{ "type": "Feature", "properties": { "Transect": 633 }, "geometry": { "type": "Point", "coordinates": [ 756125.919498932780698, 1972443.682861631270498 ] } },
{ "type": "Feature", "properties": { "Transect": 634 }, "geometry": { "type": "Point", "coordinates": [ 756144.228416745900176, 1972336.550722770625725 ] } },
{ "type": "Feature", "properties": { "Transect": 635 }, "geometry": { "type": "Point", "coordinates": [ 756127.073383645853028, 1972453.645101191941649 ] } },
{ "type": "Feature", "properties": { "Transect": 636 }, "geometry": { "type": "Point", "coordinates": [ 756126.944532593362965, 1972463.590764027787372 ] } },
{ "type": "Feature", "properties": { "Transect": 637 }, "geometry": { "type": "Point", "coordinates": [ 756126.815820734016597, 1972473.536428744439036 ] } },
{ "type": "Feature", "properties": { "Transect": 638 }, "geometry": { "type": "Point", "coordinates": [ 756126.686824433971196, 1972483.482089870143682 ] } },
{ "type": "Feature", "properties": { "Transect": 639 }, "geometry": { "type": "Point", "coordinates": [ 756126.558308356208727, 1972493.427757280645892 ] } },
{ "type": "Feature", "properties": { "Transect": 640 }, "geometry": { "type": "Point", "coordinates": [ 756124.251242174301296, 1972602.818556446582079 ] } },
{ "type": "Feature", "properties": { "Transect": 641 }, "geometry": { "type": "Point", "coordinates": [ 756124.126584070152603, 1972612.764274638146162 ] } },
{ "type": "Feature", "properties": { "Transect": 642 }, "geometry": { "type": "Point", "coordinates": [ 756113.049378415802494, 1972702.147127304691821 ] } },
{ "type": "Feature", "properties": { "Transect": 643 }, "geometry": { "type": "Point", "coordinates": [ 756096.014625017764047, 1972711.874368636868894 ] } },
{ "type": "Feature", "properties": { "Transect": 644 }, "geometry": { "type": "Point", "coordinates": [ 756093.020487417699769, 1972721.783012422034517 ] } },
{ "type": "Feature", "properties": { "Transect": 645 }, "geometry": { "type": "Point", "coordinates": [ 756095.830511508160271, 1972741.713988362578675 ] } },
{ "type": "Feature", "properties": { "Transect": 646 }, "geometry": { "type": "Point", "coordinates": [ 756095.705067966016941, 1972751.659695899346843 ] } },
{ "type": "Feature", "properties": { "Transect": 647 }, "geometry": { "type": "Point", "coordinates": [ 756095.579536780598573, 1972761.605402388144284 ] } },
{ "type": "Feature", "properties": { "Transect": 648 }, "geometry": { "type": "Point", "coordinates": [ 756095.35839437507093, 1972113.353826598729938 ] } },
{ "type": "Feature", "properties": { "Transect": 649 }, "geometry": { "type": "Point", "coordinates": [ 756074.069475529249758, 1972840.906151246745139 ] } },
{ "type": "Feature", "properties": { "Transect": 650 }, "geometry": { "type": "Point", "coordinates": [ 756072.131008769269101, 1972850.828435227042064 ] } },
{ "type": "Feature", "properties": { "Transect": 651 }, "geometry": { "type": "Point", "coordinates": [ 756083.653798291925341, 1972875.768678095890209 ] } },
{ "type": "Feature", "properties": { "Transect": 652 }, "geometry": { "type": "Point", "coordinates": [ 756095.495915762265213, 1972990.392908729612827 ] } },
{ "type": "Feature", "properties": { "Transect": 653 }, "geometry": { "type": "Point", "coordinates": [ 756095.37175534281414, 1973000.338635109597817 ] } },
{ "type": "Feature", "properties": { "Transect": 654 }, "geometry": { "type": "Point", "coordinates": [ 756095.238191851880401, 1973010.284240073291585 ] } },
{ "type": "Feature", "properties": { "Transect": 655 }, "geometry": { "type": "Point", "coordinates": [ 756119.835383454221301, 1973102.957266720710322 ] } },
{ "type": "Feature", "properties": { "Transect": 656 }, "geometry": { "type": "Point", "coordinates": [ 756096.165938596474007, 1973189.348198225256056 ] } },
{ "type": "Feature", "properties": { "Transect": 657 }, "geometry": { "type": "Point", "coordinates": [ 756112.479005003115162, 1972581.747108367970213 ] } },
{ "type": "Feature", "properties": { "Transect": 658 }, "geometry": { "type": "Point", "coordinates": [ 756096.782762549002655, 1973199.30350323044695 ] } },
{ "type": "Feature", "properties": { "Transect": 659 }, "geometry": { "type": "Point", "coordinates": [ 756105.103255895199254, 1973209.358350271126255 ] } },
{ "type": "Feature", "properties": { "Transect": 660 }, "geometry": { "type": "Point", "coordinates": [ 756104.981199850211851, 1973219.304106459254399 ] } },
{ "type": "Feature", "properties": { "Transect": 661 }, "geometry": { "type": "Point", "coordinates": [ 756104.845035817008466, 1973229.249680432025343 ] } },
{ "type": "Feature", "properties": { "Transect": 662 }, "geometry": { "type": "Point", "coordinates": [ 756098.606195457978174, 1973239.1163968318142 ] } },
{ "type": "Feature", "properties": { "Transect": 663 }, "geometry": { "type": "Point", "coordinates": [ 756098.478223395068198, 1973249.046699927421287 ] } },
{ "type": "Feature", "properties": { "Transect": 664 }, "geometry": { "type": "Point", "coordinates": [ 756102.532175003434531, 1973269.009129875106737 ] } },
{ "type": "Feature", "properties": { "Transect": 665 }, "geometry": { "type": "Point", "coordinates": [ 756102.403589076711796, 1973278.954802071908489 ] } },
{ "type": "Feature", "properties": { "Transect": 666 }, "geometry": { "type": "Point", "coordinates": [ 756102.274999780929647, 1973288.900474308989942 ] } },
{ "type": "Feature", "properties": { "Transect": 667 }, "geometry": { "type": "Point", "coordinates": [ 756102.146410215529613, 1973298.846146625233814 ] } },
{ "type": "Feature", "properties": { "Transect": 668 }, "geometry": { "type": "Point", "coordinates": [ 756116.21568374556955, 1973308.97529427963309 ] } },
{ "type": "Feature", "properties": { "Transect": 669 }, "geometry": { "type": "Point", "coordinates": [ 756109.498815216356888, 1973338.730499001918361 ] } },
{ "type": "Feature", "properties": { "Transect": 670 }, "geometry": { "type": "Point", "coordinates": [ 755477.96165045327507, 1973940.543379065580666 ] } },
{ "type": "Feature", "properties": { "Transect": 671 }, "geometry": { "type": "Point", "coordinates": [ 755472.835561233339831, 1973964.165573144797236 ] } },
{ "type": "Feature", "properties": { "Transect": 672 }, "geometry": { "type": "Point", "coordinates": [ 755460.604496861225925, 1973994.418713927268982 ] } },
{ "type": "Feature", "properties": { "Transect": 673 }, "geometry": { "type": "Point", "coordinates": [ 756133.137787021114491, 1973465.05989946378395 ] } },
{ "type": "Feature", "properties": { "Transect": 674 }, "geometry": { "type": "Point", "coordinates": [ 756105.158031356171705, 1973577.410436108475551 ] } },
{ "type": "Feature", "properties": { "Transect": 675 }, "geometry": { "type": "Point", "coordinates": [ 756118.532455814420246, 1973587.530656947987154 ] } },
{ "type": "Feature", "properties": { "Transect": 676 }, "geometry": { "type": "Point", "coordinates": [ 756140.776656084693968, 1973341.036912181647494 ] } },
{ "type": "Feature", "properties": { "Transect": 677 }, "geometry": { "type": "Point", "coordinates": [ 755813.922968293307349, 1973593.540618089726195 ] } },
{ "type": "Feature", "properties": { "Transect": 678 }, "geometry": { "type": "Point", "coordinates": [ 756124.889004490920343, 1973833.108793846564367 ] } },
{ "type": "Feature", "properties": { "Transect": 679 }, "geometry": { "type": "Point", "coordinates": [ 755835.437418132438324, 1973603.766173164825886 ] } },
{ "type": "Feature", "properties": { "Transect": 680 }, "geometry": { "type": "Point", "coordinates": [ 756111.577337449649349, 1974125.915979556273669 ] } },
{ "type": "Feature", "properties": { "Transect": 681 }, "geometry": { "type": "Point", "coordinates": [ 756121.548816893598996, 1972617.328139791730791 ] } },
{ "type": "Feature", "properties": { "Transect": 682 }, "geometry": { "type": "Point", "coordinates": [ 756112.022818012395874, 1972617.205017223954201 ] } },
{ "type": "Feature", "properties": { "Transect": 683 }, "geometry": { "type": "Point", "coordinates": [ 756099.950988544733264, 1972814.067629189696163 ] } },
{ "type": "Feature", "properties": { "Transect": 684 }, "geometry": { "type": "Point", "coordinates": [ 756092.970821624156088, 1972616.958785853348672 ] } },
{ "type": "Feature", "properties": { "Transect": 685 }, "geometry": { "type": "Point", "coordinates": [ 756070.532147306366824, 1973616.038864270085469 ] } },
{ "type": "Feature", "properties": { "Transect": 686 }, "geometry": { "type": "Point", "coordinates": [ 755825.802337974193506, 1973612.324450729880482 ] } },
{ "type": "Feature", "properties": { "Transect": 687 }, "geometry": { "type": "Point", "coordinates": [ 755937.975454415660352, 1973598.038279111497104 ] } },
{ "type": "Feature", "properties": { "Transect": 688 }, "geometry": { "type": "Point", "coordinates": [ 755918.545285687432624, 1973581.446761398343369 ] } },
{ "type": "Feature", "properties": { "Transect": 689 }, "geometry": { "type": "Point", "coordinates": [ 756141.851084305671975, 1973387.131844226736575 ] } },
{ "type": "Feature", "properties": { "Transect": 690 }, "geometry": { "type": "Point", "coordinates": [ 755870.891640992136672, 1973582.847715157549828 ] } },
{ "type": "Feature", "properties": { "Transect": 691 }, "geometry": { "type": "Point", "coordinates": [ 755861.36609812581446, 1973582.726471058791503 ] } },
{ "type": "Feature", "properties": { "Transect": 692 }, "geometry": { "type": "Point", "coordinates": [ 755851.840544129954651, 1973582.606133530847728 ] } },
{ "type": "Feature", "properties": { "Transect": 693 }, "geometry": { "type": "Point", "coordinates": [ 755842.087062231148593, 1973600.139203015016392 ] } },
{ "type": "Feature", "properties": { "Transect": 694 }, "geometry": { "type": "Point", "coordinates": [ 755840.945852095494047, 1973593.936687357490882 ] } },
{ "type": "Feature", "properties": { "Transect": 695 }, "geometry": { "type": "Point", "coordinates": [ 755781.516302049858496, 1973624.529736324911937 ] } },
{ "type": "Feature", "properties": { "Transect": 696 }, "geometry": { "type": "Point", "coordinates": [ 755700.475977661903016, 1973741.253984330222011 ] } },
{ "type": "Feature", "properties": { "Transect": 697 }, "geometry": { "type": "Point", "coordinates": [ 755685.095766582526267, 1973751.037301433039829 ] } },
{ "type": "Feature", "properties": { "Transect": 698 }, "geometry": { "type": "Point", "coordinates": [ 755697.259670737781562, 1973748.997163889696822 ] } },
{ "type": "Feature", "properties": { "Transect": 699 }, "geometry": { "type": "Point", "coordinates": [ 755675.459112291573547, 1973760.860254568746313 ] } },
{ "type": "Feature", "properties": { "Transect": 700 }, "geometry": { "type": "Point", "coordinates": [ 755687.528708026162349, 1973764.801069094799459 ] } },
{ "type": "Feature", "properties": { "Transect": 701 }, "geometry": { "type": "Point", "coordinates": [ 755666.052762146457098, 1973770.622294100001454 ] } },
{ "type": "Feature", "properties": { "Transect": 702 }, "geometry": { "type": "Point", "coordinates": [ 755668.41749638330657, 1973769.233464824501425 ] } },
{ "type": "Feature", "properties": { "Transect": 703 }, "geometry": { "type": "Point", "coordinates": [ 755658.676635570591316, 1973785.807172695407644 ] } },
{ "type": "Feature", "properties": { "Transect": 704 }, "geometry": { "type": "Point", "coordinates": [ 755661.83234550897032, 1973780.646917728940025 ] } },
{ "type": "Feature", "properties": { "Transect": 705 }, "geometry": { "type": "Point", "coordinates": [ 755642.656346882227808, 1973790.346810135757551 ] } },
{ "type": "Feature", "properties": { "Transect": 706 }, "geometry": { "type": "Point", "coordinates": [ 755620.52847299608402, 1973788.921505191363394 ] } },
{ "type": "Feature", "properties": { "Transect": 707 }, "geometry": { "type": "Point", "coordinates": [ 755609.830741039244458, 1973799.797153394902125 ] } },
{ "type": "Feature", "properties": { "Transect": 708 }, "geometry": { "type": "Point", "coordinates": [ 755601.2579104101751, 1973805.709718597354367 ] } },
{ "type": "Feature", "properties": { "Transect": 709 }, "geometry": { "type": "Point", "coordinates": [ 755574.929534980561584, 1973809.299754337640479 ] } },
{ "type": "Feature", "properties": { "Transect": 710 }, "geometry": { "type": "Point", "coordinates": [ 755591.618613283266313, 1973814.416014288784936 ] } },
{ "type": "Feature", "properties": { "Transect": 711 }, "geometry": { "type": "Point", "coordinates": [ 755576.682454003952444, 1973819.269675904186442 ] } },
{ "type": "Feature", "properties": { "Transect": 712 }, "geometry": { "type": "Point", "coordinates": [ 755582.042194117675535, 1973818.248647684464231 ] } },
{ "type": "Feature", "properties": { "Transect": 713 }, "geometry": { "type": "Point", "coordinates": [ 755567.036749518010765, 1973829.092553564580157 ] } },
{ "type": "Feature", "properties": { "Transect": 714 }, "geometry": { "type": "Point", "coordinates": [ 755556.638334795366973, 1973838.821710095042363 ] } },
{ "type": "Feature", "properties": { "Transect": 715 }, "geometry": { "type": "Point", "coordinates": [ 755562.978752287337556, 1973848.936892929719761 ] } },
{ "type": "Feature", "properties": { "Transect": 716 }, "geometry": { "type": "Point", "coordinates": [ 755547.595170104526915, 1973858.683683539973572 ] } },
{ "type": "Feature", "properties": { "Transect": 717 }, "geometry": { "type": "Point", "coordinates": [ 755552.952868612948805, 1973857.663837544387206 ] } },
{ "type": "Feature", "properties": { "Transect": 718 }, "geometry": { "type": "Point", "coordinates": [ 755537.938761197263375, 1973868.50643301079981 ] } },
{ "type": "Feature", "properties": { "Transect": 719 }, "geometry": { "type": "Point", "coordinates": [ 755527.932181795942597, 1973878.324664120096713 ] } },
{ "type": "Feature", "properties": { "Transect": 720 }, "geometry": { "type": "Point", "coordinates": [ 755543.226805198704824, 1973873.100605953717604 ] } },
{ "type": "Feature", "properties": { "Transect": 721 }, "geometry": { "type": "Point", "coordinates": [ 755512.173684391425923, 1973888.06871554069221 ] } },
{ "type": "Feature", "properties": { "Transect": 722 }, "geometry": { "type": "Point", "coordinates": [ 755508.621390134445392, 1973897.970196923939511 ] } },
{ "type": "Feature", "properties": { "Transect": 723 }, "geometry": { "type": "Point", "coordinates": [ 755512.424251860240474, 1973907.854464732343331 ] } },
{ "type": "Feature", "properties": { "Transect": 724 }, "geometry": { "type": "Point", "coordinates": [ 755490.019941246602684, 1973917.624887966085225 ] } },
{ "type": "Feature", "properties": { "Transect": 725 }, "geometry": { "type": "Point", "coordinates": [ 755499.927432165131904, 1973927.573275190778077 ] } },
{ "type": "Feature", "properties": { "Transect": 726 }, "geometry": { "type": "Point", "coordinates": [ 755502.866801845375448, 1973937.685189778916538 ] } },
{ "type": "Feature", "properties": { "Transect": 727 }, "geometry": { "type": "Point", "coordinates": [ 755490.133195490925573, 1973947.468257460044697 ] } },
{ "type": "Feature", "properties": { "Transect": 728 }, "geometry": { "type": "Point", "coordinates": [ 755514.393924034433439, 1973892.643654596759006 ] } },
{ "type": "Feature", "properties": { "Transect": 729 }, "geometry": { "type": "Point", "coordinates": [ 755490.358506476623006, 1973957.418471005279571 ] } },
{ "type": "Feature", "properties": { "Transect": 730 }, "geometry": { "type": "Point", "coordinates": [ 755476.039458806510083, 1973967.181094929343089 ] } },
{ "type": "Feature", "properties": { "Transect": 731 }, "geometry": { "type": "Point", "coordinates": [ 755501.919216898852028, 1973927.154123911866918 ] } },
{ "type": "Feature", "properties": { "Transect": 732 }, "geometry": { "type": "Point", "coordinates": [ 755463.53722235315945, 1973986.914463198278099 ] } },
{ "type": "Feature", "properties": { "Transect": 733 }, "geometry": { "type": "Point", "coordinates": [ 755466.130714926752262, 1973996.895208058180287 ] } },
{ "type": "Feature", "properties": { "Transect": 734 }, "geometry": { "type": "Point", "coordinates": [ 755491.317504136706702, 1973938.091997776646167 ] } },
{ "type": "Feature", "properties": { "Transect": 735 }, "geometry": { "type": "Point", "coordinates": [ 755470.417339575360529, 1974026.792394059943035 ] } },
{ "type": "Feature", "properties": { "Transect": 736 }, "geometry": { "type": "Point", "coordinates": [ 755456.085290751652792, 1974036.554857115028426 ] } },
{ "type": "Feature", "properties": { "Transect": 737 }, "geometry": { "type": "Point", "coordinates": [ 755455.966104452381842, 1974046.500616997247562 ] } },
{ "type": "Feature", "properties": { "Transect": 738 }, "geometry": { "type": "Point", "coordinates": [ 755460.493583707022481, 1974056.506303746253252 ] } },
{ "type": "Feature", "properties": { "Transect": 739 }, "geometry": { "type": "Point", "coordinates": [ 755458.563339517684653, 1974066.428707254352048 ] } },
{ "type": "Feature", "properties": { "Transect": 740 }, "geometry": { "type": "Point", "coordinates": [ 755464.550624326337129, 1974076.453221832867712 ] } },
{ "type": "Feature", "properties": { "Transect": 741 }, "geometry": { "type": "Point", "coordinates": [ 755464.424339817371219, 1974086.297225147718564 ] } },
{ "type": "Feature", "properties": { "Transect": 742 }, "geometry": { "type": "Point", "coordinates": [ 755465.719246800406836, 1974096.362895878730342 ] } },
{ "type": "Feature", "properties": { "Transect": 743 }, "geometry": { "type": "Point", "coordinates": [ 755465.587105503771454, 1974106.308489839080721 ] } },
{ "type": "Feature", "properties": { "Transect": 744 }, "geometry": { "type": "Point", "coordinates": [ 755448.547608598018996, 1974116.036036075558513 ] } },
{ "type": "Feature", "properties": { "Transect": 745 }, "geometry": { "type": "Point", "coordinates": [ 755448.415449554333463, 1974125.981628910172731 ] } },
{ "type": "Feature", "properties": { "Transect": 746 }, "geometry": { "type": "Point", "coordinates": [ 755448.281974936951883, 1974135.92720485967584 ] } },
{ "type": "Feature", "properties": { "Transect": 747 }, "geometry": { "type": "Point", "coordinates": [ 755448.163088505389169, 1974145.872969034593552 ] } },
{ "type": "Feature", "properties": { "Transect": 748 }, "geometry": { "type": "Point", "coordinates": [ 755448.029932865290903, 1974155.818549264688045 ] } },
{ "type": "Feature", "properties": { "Transect": 749 }, "geometry": { "type": "Point", "coordinates": [ 755447.904137876234017, 1974165.764224507380277 ] } },
{ "type": "Feature", "properties": { "Transect": 750 }, "geometry": { "type": "Point", "coordinates": [ 755447.771300856140442, 1974175.709809012711048 ] } },
{ "type": "Feature", "properties": { "Transect": 751 }, "geometry": { "type": "Point", "coordinates": [ 755447.645886053214781, 1974185.655489325989038 ] } },
{ "type": "Feature", "properties": { "Transect": 752 }, "geometry": { "type": "Point", "coordinates": [ 755447.519327681395225, 1974195.601154972799122 ] } },
{ "type": "Feature", "properties": { "Transect": 753 }, "geometry": { "type": "Point", "coordinates": [ 755447.38635736645665, 1974205.54673800827004 ] } },
{ "type": "Feature", "properties": { "Transect": 754 }, "geometry": { "type": "Point", "coordinates": [ 755441.149582589277998, 1974215.41359882010147 ] } },
{ "type": "Feature", "properties": { "Transect": 755 }, "geometry": { "type": "Point", "coordinates": [ 755441.01815662602894, 1974225.359201555605978 ] } },
{ "type": "Feature", "properties": { "Transect": 756 }, "geometry": { "type": "Point", "coordinates": [ 755440.887016831198707, 1974235.304808064596727 ] } },
{ "type": "Feature", "properties": { "Transect": 757 }, "geometry": { "type": "Point", "coordinates": [ 755439.692604269366711, 1974245.236701157642528 ] } },
{ "type": "Feature", "properties": { "Transect": 758 }, "geometry": { "type": "Point", "coordinates": [ 755439.570308055495843, 1974255.182421825593337 ] } },
{ "type": "Feature", "properties": { "Transect": 759 }, "geometry": { "type": "Point", "coordinates": [ 755441.235817748471163, 1974265.151200922671705 ] } },
{ "type": "Feature", "properties": { "Transect": 760 }, "geometry": { "type": "Point", "coordinates": [ 755441.107749616261572, 1974275.096847426379099 ] } },
{ "type": "Feature", "properties": { "Transect": 761 }, "geometry": { "type": "Point", "coordinates": [ 755440.97911141323857, 1974285.042486660648137 ] } },
{ "type": "Feature", "properties": { "Transect": 762 }, "geometry": { "type": "Point", "coordinates": [ 755440.850453676190227, 1974294.988125725882128 ] } },
{ "type": "Feature", "properties": { "Transect": 763 }, "geometry": { "type": "Point", "coordinates": [ 755440.722684116102755, 1974304.93377633113414 ] } },
{ "type": "Feature", "properties": { "Transect": 764 }, "geometry": { "type": "Point", "coordinates": [ 755440.59470956295263, 1974314.87942437408492 ] } },
{ "type": "Feature", "properties": { "Transect": 765 }, "geometry": { "type": "Point", "coordinates": [ 755437.897014181595296, 1974355.836904517142102 ] } },
{ "type": "Feature", "properties": { "Transect": 766 }, "geometry": { "type": "Point", "coordinates": [ 755432.564595541683957, 1974334.670428601326421 ] } },
{ "type": "Feature", "properties": { "Transect": 767 }, "geometry": { "type": "Point", "coordinates": [ 755432.428568351780996, 1974344.615972538711503 ] } },
{ "type": "Feature", "properties": { "Transect": 768 }, "geometry": { "type": "Point", "coordinates": [ 755432.306895001442172, 1974354.561701704049483 ] } },
{ "type": "Feature", "properties": { "Transect": 769 }, "geometry": { "type": "Point", "coordinates": [ 755432.185168935102411, 1974364.507430271944031 ] } },
{ "type": "Feature", "properties": { "Transect": 770 }, "geometry": { "type": "Point", "coordinates": [ 755426.343028886127286, 1974374.379372802330181 ] } },
{ "type": "Feature", "properties": { "Transect": 771 }, "geometry": { "type": "Point", "coordinates": [ 755426.198453556164168, 1974384.324806432006881 ] } },
{ "type": "Feature", "properties": { "Transect": 772 }, "geometry": { "type": "Point", "coordinates": [ 755474.45617405755911, 1974481.129503360716626 ] } },
{ "type": "Feature", "properties": { "Transect": 773 }, "geometry": { "type": "Point", "coordinates": [ 755488.68215788831003, 1974574.227569031529129 ] } },
{ "type": "Feature", "properties": { "Transect": 774 }, "geometry": { "type": "Point", "coordinates": [ 755490.004699245444499, 1974594.041179006686434 ] } },
{ "type": "Feature", "properties": { "Transect": 775 }, "geometry": { "type": "Point", "coordinates": [ 755484.15331362595316, 1974603.912985955365002 ] } },
{ "type": "Feature", "properties": { "Transect": 776 }, "geometry": { "type": "Point", "coordinates": [ 755494.961198555887677, 1974643.841641427949071 ] } },
{ "type": "Feature", "properties": { "Transect": 777 }, "geometry": { "type": "Point", "coordinates": [ 755502.302727323956788, 1974673.778273513307795 ] } },
{ "type": "Feature", "properties": { "Transect": 778 }, "geometry": { "type": "Point", "coordinates": [ 755510.265897209872492, 1974714.127421293174848 ] } },
{ "type": "Feature", "properties": { "Transect": 779 }, "geometry": { "type": "Point", "coordinates": [ 755497.3727716000285, 1974693.60924610006623 ] } },
{ "type": "Feature", "properties": { "Transect": 780 }, "geometry": { "type": "Point", "coordinates": [ 755511.440718600759283, 1974703.738094843225554 ] } },
{ "type": "Feature", "properties": { "Transect": 781 }, "geometry": { "type": "Point", "coordinates": [ 755509.649333231616765, 1974713.662285124883056 ] } },
{ "type": "Feature", "properties": { "Transect": 782 }, "geometry": { "type": "Point", "coordinates": [ 755522.218180412543006, 1974751.288412938360125 ] } },
{ "type": "Feature", "properties": { "Transect": 783 }, "geometry": { "type": "Point", "coordinates": [ 755532.166728133684956, 1974789.505651781568304 ] } },
{ "type": "Feature", "properties": { "Transect": 784 }, "geometry": { "type": "Point", "coordinates": [ 755540.485789750702679, 1974803.585953872883692 ] } },
{ "type": "Feature", "properties": { "Transect": 785 }, "geometry": { "type": "Point", "coordinates": [ 755560.165636085555889, 1974840.354754922213033 ] } },
{ "type": "Feature", "properties": { "Transect": 786 }, "geometry": { "type": "Point", "coordinates": [ 755551.396156679838896, 1974823.621378912823275 ] } },
{ "type": "Feature", "properties": { "Transect": 787 }, "geometry": { "type": "Point", "coordinates": [ 755559.737918429309502, 1974833.816409734077752 ] } },
{ "type": "Feature", "properties": { "Transect": 788 }, "geometry": { "type": "Point", "coordinates": [ 755575.410272334353067, 1974883.45509142964147 ] } },
{ "type": "Feature", "properties": { "Transect": 789 }, "geometry": { "type": "Point", "coordinates": [ 755598.278030610992573, 1974923.699637937825173 ] } },
{ "type": "Feature", "properties": { "Transect": 790 }, "geometry": { "type": "Point", "coordinates": [ 755602.98405927058775, 1974963.364463825710118 ] } },
{ "type": "Feature", "properties": { "Transect": 791 }, "geometry": { "type": "Point", "coordinates": [ 755607.535551420529373, 1974943.713773499708623 ] } },
{ "type": "Feature", "properties": { "Transect": 792 }, "geometry": { "type": "Point", "coordinates": [ 755616.906629056902602, 1974979.034910249756649 ] } },
{ "type": "Feature", "properties": { "Transect": 793 }, "geometry": { "type": "Point", "coordinates": [ 755622.028895848430693, 1974993.637455665273592 ] } },
{ "type": "Feature", "properties": { "Transect": 794 }, "geometry": { "type": "Point", "coordinates": [ 755634.664977022912353, 1975029.614954447606578 ] } },
{ "type": "Feature", "properties": { "Transect": 795 }, "geometry": { "type": "Point", "coordinates": [ 755682.51973419485148, 1975098.795047728577629 ] } },
{ "type": "Feature", "properties": { "Transect": 796 }, "geometry": { "type": "Point", "coordinates": [ 755702.158415858750232, 1975166.457586716162041 ] } },
{ "type": "Feature", "properties": { "Transect": 797 }, "geometry": { "type": "Point", "coordinates": [ 755760.807495063287206, 1975292.7157669859007 ] } },
{ "type": "Feature", "properties": { "Transect": 798 }, "geometry": { "type": "Point", "coordinates": [ 755789.420134991640225, 1975332.351799666881561 ] } },
{ "type": "Feature", "properties": { "Transect": 799 }, "geometry": { "type": "Point", "coordinates": [ 755798.741995641845278, 1975342.489841534057632 ] } },
{ "type": "Feature", "properties": { "Transect": 800 }, "geometry": { "type": "Point", "coordinates": [ 755814.369379050796852, 1975375.406441218219697 ] } },
{ "type": "Feature", "properties": { "Transect": 801 }, "geometry": { "type": "Point", "coordinates": [ 755831.033871168852784, 1975388.518067612545565 ] } },
{ "type": "Feature", "properties": { "Transect": 802 }, "geometry": { "type": "Point", "coordinates": [ 755814.579927524435334, 1975364.175533269299194 ] } },
{ "type": "Feature", "properties": { "Transect": 803 }, "geometry": { "type": "Point", "coordinates": [ 755845.723205707618035, 1975403.472909830277786 ] } },
{ "type": "Feature", "properties": { "Transect": 804 }, "geometry": { "type": "Point", "coordinates": [ 755857.509123783675022, 1975411.311505194520578 ] } },
{ "type": "Feature", "properties": { "Transect": 805 }, "geometry": { "type": "Point", "coordinates": [ 755864.132359922514297, 1975433.793537360848859 ] } },
{ "type": "Feature", "properties": { "Transect": 806 }, "geometry": { "type": "Point", "coordinates": [ 755867.653135708183981, 1975449.345037213293836 ] } },
{ "type": "Feature", "properties": { "Transect": 807 }, "geometry": { "type": "Point", "coordinates": [ 755889.235109465778805, 1975457.867782301735133 ] } },
{ "type": "Feature", "properties": { "Transect": 808 }, "geometry": { "type": "Point", "coordinates": [ 755902.612371434690431, 1975464.221369266975671 ] } },
{ "type": "Feature", "properties": { "Transect": 809 }, "geometry": { "type": "Point", "coordinates": [ 755953.175526014412753, 1975558.721198396524414 ] } },
{ "type": "Feature", "properties": { "Transect": 810 }, "geometry": { "type": "Point", "coordinates": [ 755978.862947303219698, 1975582.249804797815159 ] } },
{ "type": "Feature", "properties": { "Transect": 811 }, "geometry": { "type": "Point", "coordinates": [ 755942.528645959217101, 1975565.051188004668802 ] } },
{ "type": "Feature", "properties": { "Transect": 812 }, "geometry": { "type": "Point", "coordinates": [ 756008.356071521877311, 1975621.06385960849002 ] } },
{ "type": "Feature", "properties": { "Transect": 813 }, "geometry": { "type": "Point", "coordinates": [ 756009.590514251496643, 1975638.748666930943727 ] } },
{ "type": "Feature", "properties": { "Transect": 814 }, "geometry": { "type": "Point", "coordinates": [ 755998.886130011058412, 1975615.446759416023269 ] } },
{ "type": "Feature", "properties": { "Transect": 815 }, "geometry": { "type": "Point", "coordinates": [ 756029.465232611051761, 1975667.701422995422035 ] } },
{ "type": "Feature", "properties": { "Transect": 816 }, "geometry": { "type": "Point", "coordinates": [ 756040.14416327571962, 1975676.572991378838196 ] } },
{ "type": "Feature", "properties": { "Transect": 817 }, "geometry": { "type": "Point", "coordinates": [ 756051.197098099626601, 1975685.095556936925277 ] } },
{ "type": "Feature", "properties": { "Transect": 818 }, "geometry": { "type": "Point", "coordinates": [ 756026.904769748682156, 1975665.580838998313993 ] } },
{ "type": "Feature", "properties": { "Transect": 819 }, "geometry": { "type": "Point", "coordinates": [ 756064.141010646009818, 1975725.817473756615072 ] } },
{ "type": "Feature", "properties": { "Transect": 820 }, "geometry": { "type": "Point", "coordinates": [ 756118.545966822071932, 1975782.767295862780884 ] } },
{ "type": "Feature", "properties": { "Transect": 821 }, "geometry": { "type": "Point", "coordinates": [ 756128.475684035918675, 1975792.337960275588557 ] } },
{ "type": "Feature", "properties": { "Transect": 822 }, "geometry": { "type": "Point", "coordinates": [ 756140.564972908352502, 1975799.893444349523634 ] } },
{ "type": "Feature", "properties": { "Transect": 823 }, "geometry": { "type": "Point", "coordinates": [ 756168.010578665183857, 1975811.955848210258409 ] } },
{ "type": "Feature", "properties": { "Transect": 824 }, "geometry": { "type": "Point", "coordinates": [ 756180.886245743720792, 1975818.777555485488847 ] } },
{ "type": "Feature", "properties": { "Transect": 825 }, "geometry": { "type": "Point", "coordinates": [ 756190.281043264782056, 1975828.847381062572822 ] } },
{ "type": "Feature", "properties": { "Transect": 826 }, "geometry": { "type": "Point", "coordinates": [ 756197.888689336716197, 1975840.584849072387442 ] } },
{ "type": "Feature", "properties": { "Transect": 827 }, "geometry": { "type": "Point", "coordinates": [ 756202.719493115670048, 1975854.913460846990347 ] } },
{ "type": "Feature", "properties": { "Transect": 828 }, "geometry": { "type": "Point", "coordinates": [ 756241.092246811487712, 1975896.418711863923818 ] } },
{ "type": "Feature", "properties": { "Transect": 829 }, "geometry": { "type": "Point", "coordinates": [ 756258.592146698501892, 1975920.103709823917598 ] } },
{ "type": "Feature", "properties": { "Transect": 830 }, "geometry": { "type": "Point", "coordinates": [ 756363.072183051612228, 1976034.512080907123163 ] } },
{ "type": "Feature", "properties": { "Transect": 831 }, "geometry": { "type": "Point", "coordinates": [ 756410.171039746142924, 1976080.85903403093107 ] } },
{ "type": "Feature", "properties": { "Transect": 832 }, "geometry": { "type": "Point", "coordinates": [ 756437.870473297429271, 1976112.291513584321365 ] } },
{ "type": "Feature", "properties": { "Transect": 833 }, "geometry": { "type": "Point", "coordinates": [ 756497.51457463321276, 1976193.40956549346447 ] } },
{ "type": "Feature", "properties": { "Transect": 834 }, "geometry": { "type": "Point", "coordinates": [ 756575.501861923374236, 1976253.394767542369664 ] } },
{ "type": "Feature", "properties": { "Transect": 835 }, "geometry": { "type": "Point", "coordinates": [ 756645.838556743343361, 1976316.501434664707631 ] } },
{ "type": "Feature", "properties": { "Transect": 836 }, "geometry": { "type": "Point", "coordinates": [ 756769.716184601420537, 1976386.826826270902529 ] } },
{ "type": "Feature", "properties": { "Transect": 837 }, "geometry": { "type": "Point", "coordinates": [ 756797.176424398086965, 1976433.316725901793689 ] } },
{ "type": "Feature", "properties": { "Transect": 838 }, "geometry": { "type": "Point", "coordinates": [ 756918.838782252976671, 1976522.490611949469894 ] } },
{ "type": "Feature", "properties": { "Transect": 839 }, "geometry": { "type": "Point", "coordinates": [ 756950.669112238683738, 1976556.26976816332899 ] } },
{ "type": "Feature", "properties": { "Transect": 840 }, "geometry": { "type": "Point", "coordinates": [ 757022.059956778073683, 1976622.410243968944997 ] } },
{ "type": "Feature", "properties": { "Transect": 841 }, "geometry": { "type": "Point", "coordinates": [ 757108.334132333984599, 1976681.068419590592384 ] } },
{ "type": "Feature", "properties": { "Transect": 842 }, "geometry": { "type": "Point", "coordinates": [ 757220.744523307774216, 1976771.623574222438037 ] } },
{ "type": "Feature", "properties": { "Transect": 843 }, "geometry": { "type": "Point", "coordinates": [ 757203.490549163194373, 1976765.316578681580722 ] } },
{ "type": "Feature", "properties": { "Transect": 844 }, "geometry": { "type": "Point", "coordinates": [ 757381.233206280507147, 1976858.313521004281938 ] } },
{ "type": "Feature", "properties": { "Transect": 845 }, "geometry": { "type": "Point", "coordinates": [ 757383.333701517898589, 1976889.987836510874331 ] } },
{ "type": "Feature", "properties": { "Transect": 846 }, "geometry": { "type": "Point", "coordinates": [ 757394.725761359324679, 1976898.193962045945227 ] } },
{ "type": "Feature", "properties": { "Transect": 847 }, "geometry": { "type": "Point", "coordinates": [ 757456.570090034045279, 1976925.024780783802271 ] } },
{ "type": "Feature", "properties": { "Transect": 848 }, "geometry": { "type": "Point", "coordinates": [ 757465.984676539083011, 1976933.554979535983875 ] } },
{ "type": "Feature", "properties": { "Transect": 849 }, "geometry": { "type": "Point", "coordinates": [ 757475.354685456375591, 1976945.508988322224468 ] } },
{ "type": "Feature", "properties": { "Transect": 850 }, "geometry": { "type": "Point", "coordinates": [ 757478.513983718235977, 1976978.7847570781596 ] } },
{ "type": "Feature", "properties": { "Transect": 851 }, "geometry": { "type": "Point", "coordinates": [ 757621.065898038330488, 1977069.463585653807968 ] } },
{ "type": "Feature", "properties": { "Transect": 852 }, "geometry": { "type": "Point", "coordinates": [ 757679.179058063891716, 1977386.019206864293665 ] } },
{ "type": "Feature", "properties": { "Transect": 853 }, "geometry": { "type": "Point", "coordinates": [ 743660.513987598009408, 1957787.046396509511396 ] } },
{ "type": "Feature", "properties": { "Transect": 854 }, "geometry": { "type": "Point", "coordinates": [ 743820.947210682556033, 1957882.49403750221245 ] } },
{ "type": "Feature", "properties": { "Transect": 855 }, "geometry": { "type": "Point", "coordinates": [ 744336.432570409611799, 1957953.814652595901862 ] } },
{ "type": "Feature", "properties": { "Transect": 856 }, "geometry": { "type": "Point", "coordinates": [ 743896.207091971067712, 1957867.414879171410576 ] } },
{ "type": "Feature", "properties": { "Transect": 857 }, "geometry": { "type": "Point", "coordinates": [ 744031.060333615168929, 1957583.403161966009066 ] } },
{ "type": "Feature", "properties": { "Transect": 858 }, "geometry": { "type": "Point", "coordinates": [ 743818.727669990155846, 1957894.9843279204797 ] } },
{ "type": "Feature", "properties": { "Transect": 859 }, "geometry": { "type": "Point", "coordinates": [ 743971.336906766402535, 1957686.588139931904152 ] } },
{ "type": "Feature", "properties": { "Transect": 860 }, "geometry": { "type": "Point", "coordinates": [ 743715.826315087149851, 1956740.019890361465514 ] } },
{ "type": "Feature", "properties": { "Transect": 861 }, "geometry": { "type": "Point", "coordinates": [ 743757.218461947864853, 1956833.355998687213287 ] } },
{ "type": "Feature", "properties": { "Transect": 862 }, "geometry": { "type": "Point", "coordinates": [ 743770.009584690560587, 1956880.930840174900368 ] } },
{ "type": "Feature", "properties": { "Transect": 863 }, "geometry": { "type": "Point", "coordinates": [ 743655.025042814668268, 1956977.311610385542735 ] } },
{ "type": "Feature", "properties": { "Transect": 864 }, "geometry": { "type": "Point", "coordinates": [ 743748.871464383555576, 1956950.297495017992333 ] } },
{ "type": "Feature", "properties": { "Transect": 865 }, "geometry": { "type": "Point", "coordinates": [ 743748.153146428288892, 1956854.668211658019572 ] } },
{ "type": "Feature", "properties": { "Transect": 866 }, "geometry": { "type": "Point", "coordinates": [ 743741.094104897463694, 1956960.149015252012759 ] } },
{ "type": "Feature", "properties": { "Transect": 867 }, "geometry": { "type": "Point", "coordinates": [ 743739.751341296010651, 1956761.774764325236902 ] } },
{ "type": "Feature", "properties": { "Transect": 868 }, "geometry": { "type": "Point", "coordinates": [ 743727.679601737414487, 1956969.931818428914994 ] } },
{ "type": "Feature", "properties": { "Transect": 869 }, "geometry": { "type": "Point", "coordinates": [ 743669.99440596147906, 1957795.534375934395939 ] } },
{ "type": "Feature", "properties": { "Transect": 870 }, "geometry": { "type": "Point", "coordinates": [ 743669.925223240396008, 1957797.093603563029319 ] } },
{ "type": "Feature", "properties": { "Transect": 871 }, "geometry": { "type": "Point", "coordinates": [ 743684.650929821422324, 1957809.721691414248198 ] } },
{ "type": "Feature", "properties": { "Transect": 872 }, "geometry": { "type": "Point", "coordinates": [ 743690.882213403354399, 1957822.757163210306317 ] } },
{ "type": "Feature", "properties": { "Transect": 873 }, "geometry": { "type": "Point", "coordinates": [ 743702.34297104831785, 1957830.901019023964182 ] } },
{ "type": "Feature", "properties": { "Transect": 874 }, "geometry": { "type": "Point", "coordinates": [ 743703.011826525791548, 1957849.139510282780975 ] } },
{ "type": "Feature", "properties": { "Transect": 875 }, "geometry": { "type": "Point", "coordinates": [ 743712.417860818211921, 1957859.205319336149842 ] } },
{ "type": "Feature", "properties": { "Transect": 876 }, "geometry": { "type": "Point", "coordinates": [ 743721.834441265556961, 1957869.261260312050581 ] } },
{ "type": "Feature", "properties": { "Transect": 877 }, "geometry": { "type": "Point", "coordinates": [ 743731.241059564054012, 1957879.326516420114785 ] } },
{ "type": "Feature", "properties": { "Transect": 878 }, "geometry": { "type": "Point", "coordinates": [ 743740.651931721833535, 1957889.38779019122012 ] } },
{ "type": "Feature", "properties": { "Transect": 879 }, "geometry": { "type": "Point", "coordinates": [ 743750.062772504286841, 1957899.449089980684221 ] } },
{ "type": "Feature", "properties": { "Transect": 880 }, "geometry": { "type": "Point", "coordinates": [ 743763.996600418002345, 1957900.920030867680907 ] } },
{ "type": "Feature", "properties": { "Transect": 881 }, "geometry": { "type": "Point", "coordinates": [ 743773.528900879551657, 1957901.038050091825426 ] } },
{ "type": "Feature", "properties": { "Transect": 882 }, "geometry": { "type": "Point", "coordinates": [ 743783.061353789409623, 1957901.143617904745042 ] } },
{ "type": "Feature", "properties": { "Transect": 883 }, "geometry": { "type": "Point", "coordinates": [ 743792.593632986885495, 1957901.263470245758072 ] } },
{ "type": "Feature", "properties": { "Transect": 884 }, "geometry": { "type": "Point", "coordinates": [ 744636.60780177579727, 1957915.976695397868752 ] } },
{ "type": "Feature", "properties": { "Transect": 885 }, "geometry": { "type": "Point", "coordinates": [ 743802.125748646561988, 1957901.396579509368166 ] } },
{ "type": "Feature", "properties": { "Transect": 886 }, "geometry": { "type": "Point", "coordinates": [ 744636.730240750126541, 1957906.032187132397667 ] } },
{ "type": "Feature", "properties": { "Transect": 887 }, "geometry": { "type": "Point", "coordinates": [ 743811.833208242431283, 1957887.158371277619153 ] } },
{ "type": "Feature", "properties": { "Transect": 888 }, "geometry": { "type": "Point", "coordinates": [ 744636.852581642684527, 1957896.087673214962706 ] } },
{ "type": "Feature", "properties": { "Transect": 889 }, "geometry": { "type": "Point", "coordinates": [ 744636.97513941093348, 1957886.142770207254216 ] } },
{ "type": "Feature", "properties": { "Transect": 890 }, "geometry": { "type": "Point", "coordinates": [ 743821.271445894031785, 1957894.986176340375096 ] } },
{ "type": "Feature", "properties": { "Transect": 891 }, "geometry": { "type": "Point", "coordinates": [ 744637.220040313899517, 1957866.253349094651639 ] } },
{ "type": "Feature", "properties": { "Transect": 892 }, "geometry": { "type": "Point", "coordinates": [ 743830.628188419737853, 1957909.492822173284367 ] } },
{ "type": "Feature", "properties": { "Transect": 893 }, "geometry": { "type": "Point", "coordinates": [ 744637.342282448196784, 1957856.30882517946884 ] } },
{ "type": "Feature", "properties": { "Transect": 894 }, "geometry": { "type": "Point", "coordinates": [ 744637.464842551271431, 1957846.363922562683001 ] } },
{ "type": "Feature", "properties": { "Transect": 895 }, "geometry": { "type": "Point", "coordinates": [ 744637.580158546566963, 1957836.418931601569057 ] } },
{ "type": "Feature", "properties": { "Transect": 896 }, "geometry": { "type": "Point", "coordinates": [ 743840.875571740441956, 1957851.007186360424384 ] } },
{ "type": "Feature", "properties": { "Transect": 897 }, "geometry": { "type": "Point", "coordinates": [ 744637.702309467364103, 1957826.474402281455696 ] } },
{ "type": "Feature", "properties": { "Transect": 898 }, "geometry": { "type": "Point", "coordinates": [ 743850.746167189558037, 1957823.403715901309624 ] } },
{ "type": "Feature", "properties": { "Transect": 899 }, "geometry": { "type": "Point", "coordinates": [ 743860.435319108772092, 1957810.671477301744744 ] } },
{ "type": "Feature", "properties": { "Transect": 900 }, "geometry": { "type": "Point", "coordinates": [ 743869.535917046479881, 1957846.169490879634395 ] } },
{ "type": "Feature", "properties": { "Transect": 901 }, "geometry": { "type": "Point", "coordinates": [ 744637.82403480890207, 1957816.530596825527027 ] } },
{ "type": "Feature", "properties": { "Transect": 902 }, "geometry": { "type": "Point", "coordinates": [ 743878.281581861781888, 1957910.749065752374008 ] } },
{ "type": "Feature", "properties": { "Transect": 903 }, "geometry": { "type": "Point", "coordinates": [ 744637.95332322595641, 1957806.586136552272364 ] } },
{ "type": "Feature", "properties": { "Transect": 904 }, "geometry": { "type": "Point", "coordinates": [ 744638.06873202288989, 1957796.641147035639733 ] } },
{ "type": "Feature", "properties": { "Transect": 905 }, "geometry": { "type": "Point", "coordinates": [ 743907.909422463155352, 1957826.636294519063085 ] } },
{ "type": "Feature", "properties": { "Transect": 906 }, "geometry": { "type": "Point", "coordinates": [ 744786.397863581893034, 1957768.613375902408734 ] } },
{ "type": "Feature", "properties": { "Transect": 907 }, "geometry": { "type": "Point", "coordinates": [ 743917.578212092630565, 1957815.575345705263317 ] } },
{ "type": "Feature", "properties": { "Transect": 908 }, "geometry": { "type": "Point", "coordinates": [ 744430.878435285994783, 1957754.328087276779115 ] } },
{ "type": "Feature", "properties": { "Transect": 909 }, "geometry": { "type": "Point", "coordinates": [ 743936.872518602991477, 1957797.00106895249337 ] } },
{ "type": "Feature", "properties": { "Transect": 910 }, "geometry": { "type": "Point", "coordinates": [ 743946.36378365883138, 1957800.485760890180245 ] } },
{ "type": "Feature", "properties": { "Transect": 911 }, "geometry": { "type": "Point", "coordinates": [ 744422.661437811213546, 1957744.282098480500281 ] } },
{ "type": "Feature", "properties": { "Transect": 912 }, "geometry": { "type": "Point", "coordinates": [ 743955.873799983761273, 1957802.434288274496794 ] } },
{ "type": "Feature", "properties": { "Transect": 913 }, "geometry": { "type": "Point", "coordinates": [ 744416.954574326984584, 1957734.266268645180389 ] } },
{ "type": "Feature", "properties": { "Transect": 914 }, "geometry": { "type": "Point", "coordinates": [ 744410.985669164801948, 1957724.247020360082388 ] } },
{ "type": "Feature", "properties": { "Transect": 915 }, "geometry": { "type": "Point", "coordinates": [ 743965.654530078172684, 1957782.206911514280364 ] } },
{ "type": "Feature", "properties": { "Transect": 916 }, "geometry": { "type": "Point", "coordinates": [ 744435.656400626525283, 1957714.602018172154203 ] } },
{ "type": "Feature", "properties": { "Transect": 917 }, "geometry": { "type": "Point", "coordinates": [ 743994.587663396610878, 1957755.03848936711438 ] } },
{ "type": "Feature", "properties": { "Transect": 918 }, "geometry": { "type": "Point", "coordinates": [ 744487.634892191621475, 1957685.398100402439013 ] } },
{ "type": "Feature", "properties": { "Transect": 919 }, "geometry": { "type": "Point", "coordinates": [ 744490.532091600704007, 1957615.810263305203989 ] } },
{ "type": "Feature", "properties": { "Transect": 920 }, "geometry": { "type": "Point", "coordinates": [ 744067.464166954974644, 1958032.973761950619519 ] } },
{ "type": "Feature", "properties": { "Transect": 921 }, "geometry": { "type": "Point", "coordinates": [ 744543.180816195672378, 1957606.507031296379864 ] } },
{ "type": "Feature", "properties": { "Transect": 922 }, "geometry": { "type": "Point", "coordinates": [ 744077.132360430783592, 1958021.962738197064027 ] } },
{ "type": "Feature", "properties": { "Transect": 923 }, "geometry": { "type": "Point", "coordinates": [ 744086.46541655913461, 1958038.391876154113561 ] } },
{ "type": "Feature", "properties": { "Transect": 924 }, "geometry": { "type": "Point", "coordinates": [ 744612.146464244229719, 1957597.403357967035845 ] } },
{ "type": "Feature", "properties": { "Transect": 925 }, "geometry": { "type": "Point", "coordinates": [ 744102.41831539105624, 1957512.804704657988623 ] } },
{ "type": "Feature", "properties": { "Transect": 926 }, "geometry": { "type": "Point", "coordinates": [ 744103.468462857767008, 1958207.411260638851672 ] } },
{ "type": "Feature", "properties": { "Transect": 927 }, "geometry": { "type": "Point", "coordinates": [ 744113.481765247648582, 1958168.13885265798308 ] } },
{ "type": "Feature", "properties": { "Transect": 928 }, "geometry": { "type": "Point", "coordinates": [ 744122.814569935086183, 1958184.580589064164087 ] } },
{ "type": "Feature", "properties": { "Transect": 929 }, "geometry": { "type": "Point", "coordinates": [ 744132.225263837957755, 1958194.644705173326656 ] } },
{ "type": "Feature", "properties": { "Transect": 930 }, "geometry": { "type": "Point", "coordinates": [ 744141.649724399903789, 1958203.581129838712513 ] } },
{ "type": "Feature", "properties": { "Transect": 931 }, "geometry": { "type": "Point", "coordinates": [ 744151.276108117541298, 1958195.987789059523493 ] } },
{ "type": "Feature", "properties": { "Transect": 932 }, "geometry": { "type": "Point", "coordinates": [ 744160.795478199259378, 1958197.154727439861745 ] } },
{ "type": "Feature", "properties": { "Transect": 933 }, "geometry": { "type": "Point", "coordinates": [ 744377.452055501635186, 1957395.445988745428622 ] } },
{ "type": "Feature", "properties": { "Transect": 934 }, "geometry": { "type": "Point", "coordinates": [ 744084.146771972184069, 1957590.954563630279154 ] } },
{ "type": "Feature", "properties": { "Transect": 935 }, "geometry": { "type": "Point", "coordinates": [ 743899.089258693624288, 1957598.639978510094807 ] } },
{ "type": "Feature", "properties": { "Transect": 936 }, "geometry": { "type": "Point", "coordinates": [ 744517.764955143909901, 1957312.561512540094554 ] } },
{ "type": "Feature", "properties": { "Transect": 937 }, "geometry": { "type": "Point", "coordinates": [ 744544.117942583747208, 1957306.776525412919 ] } },
{ "type": "Feature", "properties": { "Transect": 938 }, "geometry": { "type": "Point", "coordinates": [ 744554.217564678983763, 1957316.194257485680282 ] } },
{ "type": "Feature", "properties": { "Transect": 939 }, "geometry": { "type": "Point", "coordinates": [ 744571.706304035615176, 1957318.700548907509074 ] } },
{ "type": "Feature", "properties": { "Transect": 940 }, "geometry": { "type": "Point", "coordinates": [ 743755.220319084473886, 1957656.559462579665706 ] } },
{ "type": "Feature", "properties": { "Transect": 941 }, "geometry": { "type": "Point", "coordinates": [ 744590.399496484897099, 1957329.911707919789478 ] } },
{ "type": "Feature", "properties": { "Transect": 942 }, "geometry": { "type": "Point", "coordinates": [ 744597.131855614366941, 1957342.479026610730216 ] } },
{ "type": "Feature", "properties": { "Transect": 943 }, "geometry": { "type": "Point", "coordinates": [ 744589.524903268320486, 1957368.458592397393659 ] } },
{ "type": "Feature", "properties": { "Transect": 944 }, "geometry": { "type": "Point", "coordinates": [ 744599.606640724930912, 1957377.893035084474832 ] } },
{ "type": "Feature", "properties": { "Transect": 945 }, "geometry": { "type": "Point", "coordinates": [ 744598.258031711447984, 1957398.018803999526426 ] } },
{ "type": "Feature", "properties": { "Transect": 946 }, "geometry": { "type": "Point", "coordinates": [ 744595.240953653003089, 1957419.705130838090554 ] } },
{ "type": "Feature", "properties": { "Transect": 947 }, "geometry": { "type": "Point", "coordinates": [ 744592.081108922720887, 1957441.524953287793323 ] } },
{ "type": "Feature", "properties": { "Transect": 948 }, "geometry": { "type": "Point", "coordinates": [ 744588.856431793770753, 1957463.405375716509297 ] } },
{ "type": "Feature", "properties": { "Transect": 949 }, "geometry": { "type": "Point", "coordinates": [ 744292.922986891120672, 1958307.002301638480276 ] } },
{ "type": "Feature", "properties": { "Transect": 950 }, "geometry": { "type": "Point", "coordinates": [ 744589.17033900518436, 1957491.008812824962661 ] } },
{ "type": "Feature", "properties": { "Transect": 951 }, "geometry": { "type": "Point", "coordinates": [ 744584.147154050064273, 1957514.571346468990669 ] } },
{ "type": "Feature", "properties": { "Transect": 952 }, "geometry": { "type": "Point", "coordinates": [ 744584.309541681082919, 1957533.283580869203433 ] } },
{ "type": "Feature", "properties": { "Transect": 953 }, "geometry": { "type": "Point", "coordinates": [ 744585.170769838616252, 1957551.342134795850143 ] } },
{ "type": "Feature", "properties": { "Transect": 954 }, "geometry": { "type": "Point", "coordinates": [ 744340.533808055333793, 1958311.662687085336074 ] } },
{ "type": "Feature", "properties": { "Transect": 955 }, "geometry": { "type": "Point", "coordinates": [ 744350.06578763294965, 1958311.793922425480559 ] } },
{ "type": "Feature", "properties": { "Transect": 956 }, "geometry": { "type": "Point", "coordinates": [ 744359.598105426994152, 1958311.897547409171239 ] } },
{ "type": "Feature", "properties": { "Transect": 957 }, "geometry": { "type": "Point", "coordinates": [ 744369.130421891692095, 1958312.001322848955169 ] } },
{ "type": "Feature", "properties": { "Transect": 958 }, "geometry": { "type": "Point", "coordinates": [ 744378.794415517477319, 1958301.337464839685708 ] } },
{ "type": "Feature", "properties": { "Transect": 959 }, "geometry": { "type": "Point", "coordinates": [ 744638.065827331389301, 1957796.653677448164672 ] } },
{ "type": "Feature", "properties": { "Transect": 960 }, "geometry": { "type": "Point", "coordinates": [ 744388.372115505393595, 1958297.733045562868938 ] } },
{ "type": "Feature", "properties": { "Transect": 961 }, "geometry": { "type": "Point", "coordinates": [ 744398.179150019190274, 1958275.374554011505097 ] } },
{ "type": "Feature", "properties": { "Transect": 962 }, "geometry": { "type": "Point", "coordinates": [ 744638.190151910763234, 1957786.709020795067772 ] } },
{ "type": "Feature", "properties": { "Transect": 963 }, "geometry": { "type": "Point", "coordinates": [ 744407.617068588850088, 1958283.200606784783304 ] } },
{ "type": "Feature", "properties": { "Transect": 964 }, "geometry": { "type": "Point", "coordinates": [ 744417.261127464124002, 1958274.169540086761117 ] } },
{ "type": "Feature", "properties": { "Transect": 965 }, "geometry": { "type": "Point", "coordinates": [ 744726.906874168664217, 1957777.847912720637396 ] } },
{ "type": "Feature", "properties": { "Transect": 966 }, "geometry": { "type": "Point", "coordinates": [ 744426.793416624306701, 1958274.27961036330089 ] } },
{ "type": "Feature", "properties": { "Transect": 967 }, "geometry": { "type": "Point", "coordinates": [ 744786.438046638388187, 1957768.629790594801307 ] } },
{ "type": "Feature", "properties": { "Transect": 968 }, "geometry": { "type": "Point", "coordinates": [ 744436.434834789833985, 1958265.46784327714704 ] } },
{ "type": "Feature", "properties": { "Transect": 969 }, "geometry": { "type": "Point", "coordinates": [ 744446.113373353378847, 1958253.61979418178089 ] } },
{ "type": "Feature", "properties": { "Transect": 970 }, "geometry": { "type": "Point", "coordinates": [ 744455.740390148712322, 1958245.984596545575187 ] } },
{ "type": "Feature", "properties": { "Transect": 971 }, "geometry": { "type": "Point", "coordinates": [ 744465.551620678743348, 1958223.291273653507233 ] } },
{ "type": "Feature", "properties": { "Transect": 972 }, "geometry": { "type": "Point", "coordinates": [ 744475.182689799228683, 1958215.326712840702385 ] } },
{ "type": "Feature", "properties": { "Transect": 973 }, "geometry": { "type": "Point", "coordinates": [ 744484.79229505721014, 1958209.117279608501121 ] } },
{ "type": "Feature", "properties": { "Transect": 974 }, "geometry": { "type": "Point", "coordinates": [ 744494.224897095933557, 1958217.376046101097018 ] } },
{ "type": "Feature", "properties": { "Transect": 975 }, "geometry": { "type": "Point", "coordinates": [ 744503.757540552993305, 1958217.457480120239779 ] } },
{ "type": "Feature", "properties": { "Transect": 976 }, "geometry": { "type": "Point", "coordinates": [ 744513.211501673562452, 1958223.969695559237152 ] } },
{ "type": "Feature", "properties": { "Transect": 977 }, "geometry": { "type": "Point", "coordinates": [ 744520.112347508198582, 1958439.140168810030445 ] } },
{ "type": "Feature", "properties": { "Transect": 978 }, "geometry": { "type": "Point", "coordinates": [ 744525.773944781627506, 1958755.570154994027689 ] } },
{ "type": "Feature", "properties": { "Transect": 979 }, "geometry": { "type": "Point", "coordinates": [ 744537.437429893296212, 1958581.496872119605541 ] } },
{ "type": "Feature", "properties": { "Transect": 980 }, "geometry": { "type": "Point", "coordinates": [ 744546.847796024521813, 1958591.556564055383205 ] } },
{ "type": "Feature", "properties": { "Transect": 981 }, "geometry": { "type": "Point", "coordinates": [ 744556.258156332653016, 1958601.616002839058638 ] } },
{ "type": "Feature", "properties": { "Transect": 982 }, "geometry": { "type": "Point", "coordinates": [ 744565.590422056033276, 1958618.055907033151016 ] } },
{ "type": "Feature", "properties": { "Transect": 983 }, "geometry": { "type": "Point", "coordinates": [ 744574.922691888874397, 1958634.494252518983558 ] } },
{ "type": "Feature", "properties": { "Transect": 984 }, "geometry": { "type": "Point", "coordinates": [ 744584.410934348357841, 1958638.1876536605414 ] } },
{ "type": "Feature", "properties": { "Transect": 985 }, "geometry": { "type": "Point", "coordinates": [ 744593.727085998514667, 1958655.940917862346396 ] } },
{ "type": "Feature", "properties": { "Transect": 986 }, "geometry": { "type": "Point", "coordinates": [ 744603.427459771395661, 1958642.302509705070406 ] } },
{ "type": "Feature", "properties": { "Transect": 987 }, "geometry": { "type": "Point", "coordinates": [ 744152.604745139367878, 1958197.409572137286887 ] } },
{ "type": "Feature", "properties": { "Transect": 988 }, "geometry": { "type": "Point", "coordinates": [ 743979.595509685110301, 1957758.755662974435836 ] } },
{ "type": "Feature", "properties": { "Transect": 989 }, "geometry": { "type": "Point", "coordinates": [ 743968.186500638723373, 1957768.562367894453928 ] } },
{ "type": "Feature", "properties": { "Transect": 990 }, "geometry": { "type": "Point", "coordinates": [ 744277.259070603293367, 1958296.298979616491124 ] } },
{ "type": "Feature", "properties": { "Transect": 991 }, "geometry": { "type": "Point", "coordinates": [ 744289.672848441987298, 1958303.55120068998076 ] } },
{ "type": "Feature", "properties": { "Transect": 992 }, "geometry": { "type": "Point", "coordinates": [ 744287.014123339904472, 1957981.338827195577323 ] } },
{ "type": "Feature", "properties": { "Transect": 993 }, "geometry": { "type": "Point", "coordinates": [ 744649.780815091799013, 1957970.874026270350441 ] } },
{ "type": "Feature", "properties": { "Transect": 994 }, "geometry": { "type": "Point", "coordinates": [ 744263.665637089987285, 1958040.73144178907387 ] } },
{ "type": "Feature", "properties": { "Transect": 995 }, "geometry": { "type": "Point", "coordinates": [ 744640.508487094077282, 1957949.519838883774355 ] } },
{ "type": "Feature", "properties": { "Transect": 996 }, "geometry": { "type": "Point", "coordinates": [ 744632.075725836679339, 1957859.585353143746033 ] } },
{ "type": "Feature", "properties": { "Transect": 997 }, "geometry": { "type": "Point", "coordinates": [ 744629.968056962592527, 1957252.970038661267608 ] } },
{ "type": "Feature", "properties": { "Transect": 998 }, "geometry": { "type": "Point", "coordinates": [ 744620.434128767228685, 1957252.95532605308108 ] } },
{ "type": "Feature", "properties": { "Transect": 999 }, "geometry": { "type": "Point", "coordinates": [ 744610.902066460810602, 1957252.788239893037826 ] } },
{ "type": "Feature", "properties": { "Transect": 1000 }, "geometry": { "type": "Point", "coordinates": [ 744650.897047783480957, 1957980.323929646285251 ] } },
{ "type": "Feature", "properties": { "Transect": 1001 }, "geometry": { "type": "Point", "coordinates": [ 744650.791453116107732, 1958035.524506786372513 ] } },
{ "type": "Feature", "properties": { "Transect": 1002 }, "geometry": { "type": "Point", "coordinates": [ 744650.913159497198649, 1958025.579591218149289 ] } },
{ "type": "Feature", "properties": { "Transect": 1003 }, "geometry": { "type": "Point", "coordinates": [ 744651.02615709672682, 1958015.634569140849635 ] } },
{ "type": "Feature", "properties": { "Transect": 1004 }, "geometry": { "type": "Point", "coordinates": [ 744636.489185301004909, 1957925.78068805183284 ] } },
{ "type": "Feature", "properties": { "Transect": 1005 }, "geometry": { "type": "Point", "coordinates": [ 744649.633680396946147, 1957975.831867798697203 ] } },
{ "type": "Feature", "properties": { "Transect": 1006 }, "geometry": { "type": "Point", "coordinates": [ 744641.346990879974328, 1957955.837601320818067 ] } },
{ "type": "Feature", "properties": { "Transect": 1007 }, "geometry": { "type": "Point", "coordinates": [ 744641.458681699703448, 1957945.892564477166161 ] } },
{ "type": "Feature", "properties": { "Transect": 1008 }, "geometry": { "type": "Point", "coordinates": [ 744636.362785894889385, 1957935.883796804584563 ] } },
{ "type": "Feature", "properties": { "Transect": 1009 }, "geometry": { "type": "Point", "coordinates": [ 744637.442243656492792, 1957847.837861652951688 ] } },
{ "type": "Feature", "properties": { "Transect": 1010 }, "geometry": { "type": "Point", "coordinates": [ 744636.731020119972527, 1957906.049052338581532 ] } },
{ "type": "Feature", "properties": { "Transect": 1011 }, "geometry": { "type": "Point", "coordinates": [ 744637.920747635886073, 1957808.864490189123899 ] } },
{ "type": "Feature", "properties": { "Transect": 1012 }, "geometry": { "type": "Point", "coordinates": [ 744543.909671552712098, 1957273.461197047960013 ] } },
{ "type": "Feature", "properties": { "Transect": 1013 }, "geometry": { "type": "Point", "coordinates": [ 744534.454435727209784, 1957267.016638700617477 ] } },
{ "type": "Feature", "properties": { "Transect": 1014 }, "geometry": { "type": "Point", "coordinates": [ 744525.152254147338681, 1957248.062774918274954 ] } },
{ "type": "Feature", "properties": { "Transect": 1015 }, "geometry": { "type": "Point", "coordinates": [ 744515.541668723337352, 1957254.313777921488509 ] } },
{ "type": "Feature", "properties": { "Transect": 1016 }, "geometry": { "type": "Point", "coordinates": [ 743727.213113944511861, 1957875.028042537160218 ] } },
{ "type": "Feature", "properties": { "Transect": 1017 }, "geometry": { "type": "Point", "coordinates": [ 744505.894841139321215, 1957263.530443190829828 ] } },
{ "type": "Feature", "properties": { "Transect": 1018 }, "geometry": { "type": "Point", "coordinates": [ 743736.631991263711825, 1957885.089992280583829 ] } },
{ "type": "Feature", "properties": { "Transect": 1019 }, "geometry": { "type": "Point", "coordinates": [ 744427.774145571282133, 1957414.62344699120149 ] } },
{ "type": "Feature", "properties": { "Transect": 1020 }, "geometry": { "type": "Point", "coordinates": [ 743755.459793447749689, 1957905.215697073377669 ] } },
{ "type": "Feature", "properties": { "Transect": 1021 }, "geometry": { "type": "Point", "coordinates": [ 744418.082129298592918, 1957427.544014462269843 ] } },
{ "type": "Feature", "properties": { "Transect": 1022 }, "geometry": { "type": "Point", "coordinates": [ 744849.39271223905962, 1957928.541651485254988 ] } },
{ "type": "Feature", "properties": { "Transect": 1023 }, "geometry": { "type": "Point", "coordinates": [ 744435.004115436808206, 1957933.419882002053782 ] } },
{ "type": "Feature", "properties": { "Transect": 1024 }, "geometry": { "type": "Point", "coordinates": [ 744407.912443951587193, 1957943.034925675019622 ] } },
{ "type": "Feature", "properties": { "Transect": 1025 }, "geometry": { "type": "Point", "coordinates": [ 744408.172228039125912, 1957458.285199003759772 ] } },
{ "type": "Feature", "properties": { "Transect": 1026 }, "geometry": { "type": "Point", "coordinates": [ 744397.45441533846315, 1957952.853406393434852 ] } },
{ "type": "Feature", "properties": { "Transect": 1027 }, "geometry": { "type": "Point", "coordinates": [ 744398.437978181289509, 1957474.661603433545679 ] } },
{ "type": "Feature", "properties": { "Transect": 1028 }, "geometry": { "type": "Point", "coordinates": [ 744388.669025719282217, 1957493.874698663596064 ] } },
{ "type": "Feature", "properties": { "Transect": 1029 }, "geometry": { "type": "Point", "coordinates": [ 744379.121274315752089, 1957495.001096385298297 ] } },
{ "type": "Feature", "properties": { "Transect": 1030 }, "geometry": { "type": "Point", "coordinates": [ 744369.665228370344266, 1957488.628326386678964 ] } },
{ "type": "Feature", "properties": { "Transect": 1031 }, "geometry": { "type": "Point", "coordinates": [ 744360.198880870244466, 1957483.097561826230958 ] } },
{ "type": "Feature", "properties": { "Transect": 1032 }, "geometry": { "type": "Point", "coordinates": [ 744353.924355674767867, 1957962.267449155682698 ] } },
{ "type": "Feature", "properties": { "Transect": 1033 }, "geometry": { "type": "Point", "coordinates": [ 744350.735572671983391, 1957477.320075224852189 ] } },
{ "type": "Feature", "properties": { "Transect": 1034 }, "geometry": { "type": "Point", "coordinates": [ 744329.920886819949374, 1957971.920327863190323 ] } },
{ "type": "Feature", "properties": { "Transect": 1035 }, "geometry": { "type": "Point", "coordinates": [ 744275.871909768087789, 1957981.205829550512135 ] } },
{ "type": "Feature", "properties": { "Transect": 1036 }, "geometry": { "type": "Point", "coordinates": [ 744341.337758569861762, 1957466.188229974592105 ] } },
{ "type": "Feature", "properties": { "Transect": 1037 }, "geometry": { "type": "Point", "coordinates": [ 744309.388755534309894, 1957991.562048842897639 ] } },
{ "type": "Feature", "properties": { "Transect": 1038 }, "geometry": { "type": "Point", "coordinates": [ 744331.759365664911456, 1957469.822510414524004 ] } },
{ "type": "Feature", "properties": { "Transect": 1039 }, "geometry": { "type": "Point", "coordinates": [ 744322.349455015733838, 1957459.674480474321172 ] } },
{ "type": "Feature", "properties": { "Transect": 1040 }, "geometry": { "type": "Point", "coordinates": [ 744312.666176285361871, 1957471.885478891665116 ] } },
{ "type": "Feature", "properties": { "Transect": 1041 }, "geometry": { "type": "Point", "coordinates": [ 744302.667946313973516, 1957509.859491341048852 ] } },
{ "type": "Feature", "properties": { "Transect": 1042 }, "geometry": { "type": "Point", "coordinates": [ 744293.103663750225678, 1957512.339624703396112 ] } },
{ "type": "Feature", "properties": { "Transect": 1043 }, "geometry": { "type": "Point", "coordinates": [ 744290.642283292603679, 1958001.27924364595674 ] } },
{ "type": "Feature", "properties": { "Transect": 1044 }, "geometry": { "type": "Point", "coordinates": [ 744283.63347992755007, 1957507.124679190339521 ] } },
{ "type": "Feature", "properties": { "Transect": 1045 }, "geometry": { "type": "Point", "coordinates": [ 744270.974482735269703, 1958010.98519165138714 ] } },
{ "type": "Feature", "properties": { "Transect": 1046 }, "geometry": { "type": "Point", "coordinates": [ 744282.51666221243795, 1958021.072667943313718 ] } },
{ "type": "Feature", "properties": { "Transect": 1047 }, "geometry": { "type": "Point", "coordinates": [ 744274.036726385587826, 1957512.268301838543266 ] } },
{ "type": "Feature", "properties": { "Transect": 1048 }, "geometry": { "type": "Point", "coordinates": [ 744257.829411734710447, 1958040.663644089363515 ] } },
{ "type": "Feature", "properties": { "Transect": 1049 }, "geometry": { "type": "Point", "coordinates": [ 744264.244827270042151, 1957533.372101517627016 ] } },
{ "type": "Feature", "properties": { "Transect": 1050 }, "geometry": { "type": "Point", "coordinates": [ 744254.673632188001648, 1957536.419209423242137 ] } },
{ "type": "Feature", "properties": { "Transect": 1051 }, "geometry": { "type": "Point", "coordinates": [ 744245.371075678267516, 1957517.488212015712634 ] } },
{ "type": "Feature", "properties": { "Transect": 1052 }, "geometry": { "type": "Point", "coordinates": [ 744235.911815810133703, 1957511.37681999290362 ] } },
{ "type": "Feature", "properties": { "Transect": 1053 }, "geometry": { "type": "Point", "coordinates": [ 744218.521059636375867, 1958050.129555787658319 ] } },
{ "type": "Feature", "properties": { "Transect": 1054 }, "geometry": { "type": "Point", "coordinates": [ 744226.558993121492676, 1957496.558824644889683 ] } },
{ "type": "Feature", "properties": { "Transect": 1055 }, "geometry": { "type": "Point", "coordinates": [ 744217.188146694912575, 1957483.212007002672181 ] } },
{ "type": "Feature", "properties": { "Transect": 1056 }, "geometry": { "type": "Point", "coordinates": [ 744207.441141158109531, 1957500.643932733219117 ] } },
{ "type": "Feature", "properties": { "Transect": 1057 }, "geometry": { "type": "Point", "coordinates": [ 744197.907078876742162, 1957500.652223147219047 ] } },
{ "type": "Feature", "properties": { "Transect": 1058 }, "geometry": { "type": "Point", "coordinates": [ 744188.388381075230427, 1957499.403248192509636 ] } },
{ "type": "Feature", "properties": { "Transect": 1059 }, "geometry": { "type": "Point", "coordinates": [ 744018.206016879528761, 1958057.628063417505473 ] } },
{ "type": "Feature", "properties": { "Transect": 1060 }, "geometry": { "type": "Point", "coordinates": [ 744179.096826270688325, 1957479.568445401731879 ] } },
{ "type": "Feature", "properties": { "Transect": 1061 }, "geometry": { "type": "Point", "coordinates": [ 744071.006510727340356, 1958068.21969130448997 ] } },
{ "type": "Feature", "properties": { "Transect": 1062 }, "geometry": { "type": "Point", "coordinates": [ 744169.408317654044367, 1957492.218436384806409 ] } },
{ "type": "Feature", "properties": { "Transect": 1063 }, "geometry": { "type": "Point", "coordinates": [ 744079.835969932028092, 1958078.273988405475393 ] } },
{ "type": "Feature", "properties": { "Transect": 1064 }, "geometry": { "type": "Point", "coordinates": [ 744159.810998953063972, 1957497.406303867464885 ] } },
{ "type": "Feature", "properties": { "Transect": 1065 }, "geometry": { "type": "Point", "coordinates": [ 744150.247883770382032, 1957499.792547297896817 ] } },
{ "type": "Feature", "properties": { "Transect": 1066 }, "geometry": { "type": "Point", "coordinates": [ 744140.686163197155111, 1957502.064894095761701 ] } },
{ "type": "Feature", "properties": { "Transect": 1067 }, "geometry": { "type": "Point", "coordinates": [ 744131.2677883785218, 1957492.604506158502772 ] } },
{ "type": "Feature", "properties": { "Transect": 1068 }, "geometry": { "type": "Point", "coordinates": [ 744121.505669552367181, 1957511.280243370682001 ] } },
{ "type": "Feature", "properties": { "Transect": 1069 }, "geometry": { "type": "Point", "coordinates": [ 744111.792344536050223, 1957525.963369076373056 ] } },
{ "type": "Feature", "properties": { "Transect": 1070 }, "geometry": { "type": "Point", "coordinates": [ 744102.396538571687415, 1957514.655478768283501 ] } },
{ "type": "Feature", "properties": { "Transect": 1071 }, "geometry": { "type": "Point", "coordinates": [ 744092.58585389261134, 1957537.310195605969056 ] } },
{ "type": "Feature", "properties": { "Transect": 1072 }, "geometry": { "type": "Point", "coordinates": [ 744058.959613864892162, 1958087.965482068480924 ] } },
{ "type": "Feature", "properties": { "Transect": 1073 }, "geometry": { "type": "Point", "coordinates": [ 744082.913868133444339, 1957548.614393689669669 ] } },
{ "type": "Feature", "properties": { "Transect": 1074 }, "geometry": { "type": "Point", "coordinates": [ 744041.228401493746787, 1958097.695271961623803 ] } },
{ "type": "Feature", "properties": { "Transect": 1075 }, "geometry": { "type": "Point", "coordinates": [ 744043.013080069213174, 1958107.663437897572294 ] } },
{ "type": "Feature", "properties": { "Transect": 1076 }, "geometry": { "type": "Point", "coordinates": [ 744294.818227838841267, 1957904.271859579253942 ] } },
{ "type": "Feature", "properties": { "Transect": 1077 }, "geometry": { "type": "Point", "coordinates": [ 744489.315883930888958, 1957741.214663152582943 ] } },
{ "type": "Feature", "properties": { "Transect": 1078 }, "geometry": { "type": "Point", "coordinates": [ 744040.678247524425387, 1958179.706093135057017 ] } },
{ "type": "Feature", "properties": { "Transect": 1079 }, "geometry": { "type": "Point", "coordinates": [ 744101.197886338457465, 1958141.963400288484991 ] } },
{ "type": "Feature", "properties": { "Transect": 1080 }, "geometry": { "type": "Point", "coordinates": [ 744104.101626368355937, 1958158.110952971037477 ] } },
{ "type": "Feature", "properties": { "Transect": 1081 }, "geometry": { "type": "Point", "coordinates": [ 744110.289113040897064, 1958171.187088687904179 ] } },
{ "type": "Feature", "properties": { "Transect": 1082 }, "geometry": { "type": "Point", "coordinates": [ 744119.698738860548474, 1958181.2494454276748 ] } },
{ "type": "Feature", "properties": { "Transect": 1083 }, "geometry": { "type": "Point", "coordinates": [ 744129.673349498421885, 1958190.783351951045915 ] } },
{ "type": "Feature", "properties": { "Transect": 1084 }, "geometry": { "type": "Point", "coordinates": [ 744148.009551952127367, 1958192.496426946716383 ] } },
{ "type": "Feature", "properties": { "Transect": 1085 }, "geometry": { "type": "Point", "coordinates": [ 744151.275122496415861, 1958195.98756690393202 ] } },
{ "type": "Feature", "properties": { "Transect": 1086 }, "geometry": { "type": "Point", "coordinates": [ 744163.639326639473438, 1958205.773119939025491 ] } },
{ "type": "Feature", "properties": { "Transect": 1087 }, "geometry": { "type": "Point", "coordinates": [ 744170.140893666190095, 1958212.474432466784492 ] } },
{ "type": "Feature", "properties": { "Transect": 1088 }, "geometry": { "type": "Point", "coordinates": [ 744179.521652273600921, 1958224.982032634783536 ] } },
{ "type": "Feature", "properties": { "Transect": 1089 }, "geometry": { "type": "Point", "coordinates": [ 744187.40252567245625, 1958220.474598518572748 ] } },
{ "type": "Feature", "properties": { "Transect": 1090 }, "geometry": { "type": "Point", "coordinates": [ 744202.429080996662378, 1958225.283313357736915 ] } },
{ "type": "Feature", "properties": { "Transect": 1091 }, "geometry": { "type": "Point", "coordinates": [ 744266.283878860063851, 1958278.738824406871572 ] } },
{ "type": "Feature", "properties": { "Transect": 1092 }, "geometry": { "type": "Point", "coordinates": [ 744264.637439774814993, 1958281.156557110836729 ] } },
{ "type": "Feature", "properties": { "Transect": 1093 }, "geometry": { "type": "Point", "coordinates": [ 744307.353834333945997, 1958305.947541419649497 ] } },
{ "type": "Feature", "properties": { "Transect": 1094 }, "geometry": { "type": "Point", "coordinates": [ 744302.301442780531943, 1958319.623702253447846 ] } },
{ "type": "Feature", "properties": { "Transect": 1095 }, "geometry": { "type": "Point", "coordinates": [ 744351.798312669154257, 1958292.273669414455071 ] } },
{ "type": "Feature", "properties": { "Transect": 1096 }, "geometry": { "type": "Point", "coordinates": [ 744367.679697153391317, 1958296.282989381346852 ] } },
{ "type": "Feature", "properties": { "Transect": 1097 }, "geometry": { "type": "Point", "coordinates": [ 744380.411470147082582, 1958303.238160498207435 ] } },
{ "type": "Feature", "properties": { "Transect": 1098 }, "geometry": { "type": "Point", "coordinates": [ 744340.533133830875158, 1958311.663023757515475 ] } },
{ "type": "Feature", "properties": { "Transect": 1099 }, "geometry": { "type": "Point", "coordinates": [ 744350.065106323454529, 1958311.794834342086688 ] } },
{ "type": "Feature", "properties": { "Transect": 1100 }, "geometry": { "type": "Point", "coordinates": [ 744359.597431300324388, 1958311.897870936663821 ] } },
{ "type": "Feature", "properties": { "Transect": 1101 }, "geometry": { "type": "Point", "coordinates": [ 744369.129740910371765, 1958312.002209465485066 ] } },
{ "type": "Feature", "properties": { "Transect": 1102 }, "geometry": { "type": "Point", "coordinates": [ 744532.719535395270213, 1958362.309968560235575 ] } },
{ "type": "Feature", "properties": { "Transect": 1103 }, "geometry": { "type": "Point", "coordinates": [ 744378.684910272131674, 1958310.23738292302005 ] } },
{ "type": "Feature", "properties": { "Transect": 1104 }, "geometry": { "type": "Point", "coordinates": [ 744549.771378969075158, 1958352.572226828197017 ] } },
{ "type": "Feature", "properties": { "Transect": 1105 }, "geometry": { "type": "Point", "coordinates": [ 744549.893110807635821, 1958342.627314750337973 ] } },
{ "type": "Feature", "properties": { "Transect": 1106 }, "geometry": { "type": "Point", "coordinates": [ 744388.153528344468214, 1958315.547885017469525 ] } },
{ "type": "Feature", "properties": { "Transect": 1107 }, "geometry": { "type": "Point", "coordinates": [ 744550.014841124764644, 1958332.682478109607473 ] } },
{ "type": "Feature", "properties": { "Transect": 1108 }, "geometry": { "type": "Point", "coordinates": [ 744557.249920344445854, 1958322.82458232040517 ] } },
{ "type": "Feature", "properties": { "Transect": 1109 }, "geometry": { "type": "Point", "coordinates": [ 744559.790473053930327, 1958312.909258859232068 ] } },
{ "type": "Feature", "properties": { "Transect": 1110 }, "geometry": { "type": "Point", "coordinates": [ 744397.903539353981614, 1958297.855324276257306 ] } },
{ "type": "Feature", "properties": { "Transect": 1111 }, "geometry": { "type": "Point", "coordinates": [ 744560.898298322921619, 1958302.976484946906567 ] } },
{ "type": "Feature", "properties": { "Transect": 1112 }, "geometry": { "type": "Point", "coordinates": [ 744407.710874855984002, 1958275.478596380678937 ] } },
{ "type": "Feature", "properties": { "Transect": 1113 }, "geometry": { "type": "Point", "coordinates": [ 744417.148598041152582, 1958283.316146306693554 ] } },
{ "type": "Feature", "properties": { "Transect": 1114 }, "geometry": { "type": "Point", "coordinates": [ 744426.792763131437823, 1958274.279134074924514 ] } },
{ "type": "Feature", "properties": { "Transect": 1115 }, "geometry": { "type": "Point", "coordinates": [ 744561.033408242277801, 1958293.031936556799337 ] } },
{ "type": "Feature", "properties": { "Transect": 1116 }, "geometry": { "type": "Point", "coordinates": [ 744436.324966205866076, 1958274.39374371455051 ] } },
{ "type": "Feature", "properties": { "Transect": 1117 }, "geometry": { "type": "Point", "coordinates": [ 744569.687855571857654, 1958283.191479273373261 ] } },
{ "type": "Feature", "properties": { "Transect": 1118 }, "geometry": { "type": "Point", "coordinates": [ 744561.358367370208725, 1958273.143166948808357 ] } },
{ "type": "Feature", "properties": { "Transect": 1119 }, "geometry": { "type": "Point", "coordinates": [ 744445.965613050851971, 1958265.644950980786234 ] } },
{ "type": "Feature", "properties": { "Transect": 1120 }, "geometry": { "type": "Point", "coordinates": [ 744558.227187005802989, 1958263.158507677260786 ] } },
{ "type": "Feature", "properties": { "Transect": 1121 }, "geometry": { "type": "Point", "coordinates": [ 744455.644833136931993, 1958253.744496058672667 ] } },
{ "type": "Feature", "properties": { "Transect": 1122 }, "geometry": { "type": "Point", "coordinates": [ 744558.348226419999264, 1958253.213634464191273 ] } },
{ "type": "Feature", "properties": { "Transect": 1123 }, "geometry": { "type": "Point", "coordinates": [ 744465.271259821834974, 1958246.159577221376821 ] } },
{ "type": "Feature", "properties": { "Transect": 1124 }, "geometry": { "type": "Point", "coordinates": [ 744736.202803523628972, 1958245.443528175819665 ] } },
{ "type": "Feature", "properties": { "Transect": 1125 }, "geometry": { "type": "Point", "coordinates": [ 744475.082446099724621, 1958223.476027918281034 ] } },
{ "type": "Feature", "properties": { "Transect": 1126 }, "geometry": { "type": "Point", "coordinates": [ 744587.54451002064161, 1958233.678174243774265 ] } },
{ "type": "Feature", "properties": { "Transect": 1127 }, "geometry": { "type": "Point", "coordinates": [ 744484.713840971933678, 1958215.486856859875843 ] } },
{ "type": "Feature", "properties": { "Transect": 1128 }, "geometry": { "type": "Point", "coordinates": [ 744494.324352410272695, 1958209.205124113708735 ] } },
{ "type": "Feature", "properties": { "Transect": 1129 }, "geometry": { "type": "Point", "coordinates": [ 744503.757009501452558, 1958217.457232717890292 ] } },
{ "type": "Feature", "properties": { "Transect": 1130 }, "geometry": { "type": "Point", "coordinates": [ 744513.288913269643672, 1958217.599165236810222 ] } },
{ "type": "Feature", "properties": { "Transect": 1131 }, "geometry": { "type": "Point", "coordinates": [ 744520.132322947960347, 1958437.413227351615205 ] } },
{ "type": "Feature", "properties": { "Transect": 1132 }, "geometry": { "type": "Point", "coordinates": [ 744525.757458598352969, 1958756.749322923598811 ] } },
{ "type": "Feature", "properties": { "Transect": 1133 }, "geometry": { "type": "Point", "coordinates": [ 744537.435910814092495, 1958581.493379297899082 ] } },
{ "type": "Feature", "properties": { "Transect": 1134 }, "geometry": { "type": "Point", "coordinates": [ 744546.846307970699854, 1958591.548235168214887 ] } },
{ "type": "Feature", "properties": { "Transect": 1135 }, "geometry": { "type": "Point", "coordinates": [ 744545.258470002328977, 1958238.021991837536916 ] } },
{ "type": "Feature", "properties": { "Transect": 1136 }, "geometry": { "type": "Point", "coordinates": [ 744213.998902117135003, 1958229.105898798676208 ] } },
{ "type": "Feature", "properties": { "Transect": 1137 }, "geometry": { "type": "Point", "coordinates": [ 744225.198553124791943, 1958239.189374370034784 ] } },
{ "type": "Feature", "properties": { "Transect": 1138 }, "geometry": { "type": "Point", "coordinates": [ 744581.92787390796002, 1957283.266779372934252 ] } },
{ "type": "Feature", "properties": { "Transect": 1139 }, "geometry": { "type": "Point", "coordinates": [ 744267.243498597294092, 1958279.489725403720513 ] } },
{ "type": "Feature", "properties": { "Transect": 1140 }, "geometry": { "type": "Point", "coordinates": [ 744271.195514629362151, 1958289.484485837630928 ] } },
{ "type": "Feature", "properties": { "Transect": 1141 }, "geometry": { "type": "Point", "coordinates": [ 744572.030191151774488, 1957312.984829486114904 ] } },
{ "type": "Feature", "properties": { "Transect": 1142 }, "geometry": { "type": "Point", "coordinates": [ 744729.468231739243492, 1958314.98684882489033 ] } },
{ "type": "Feature", "properties": { "Transect": 1143 }, "geometry": { "type": "Point", "coordinates": [ 744539.752305720583536, 1958392.235858844360337 ] } },
{ "type": "Feature", "properties": { "Transect": 1144 }, "geometry": { "type": "Point", "coordinates": [ 744543.902364235022105, 1958398.185458570253104 ] } },
{ "type": "Feature", "properties": { "Transect": 1145 }, "geometry": { "type": "Point", "coordinates": [ 744557.483994015143253, 1958412.345714697847143 ] } },
{ "type": "Feature", "properties": { "Transect": 1146 }, "geometry": { "type": "Point", "coordinates": [ 744549.481078428798355, 1958421.661793439881876 ] } },
{ "type": "Feature", "properties": { "Transect": 1147 }, "geometry": { "type": "Point", "coordinates": [ 744559.395063037867658, 1958432.261917597614229 ] } },
{ "type": "Feature", "properties": { "Transect": 1148 }, "geometry": { "type": "Point", "coordinates": [ 744559.270273814792745, 1958442.206793640041724 ] } },
{ "type": "Feature", "properties": { "Transect": 1149 }, "geometry": { "type": "Point", "coordinates": [ 744554.92659126711078, 1958452.100023112725466 ] } },
{ "type": "Feature", "properties": { "Transect": 1150 }, "geometry": { "type": "Point", "coordinates": [ 744562.183109050383791, 1958462.135259655071422 ] } },
{ "type": "Feature", "properties": { "Transect": 1151 }, "geometry": { "type": "Point", "coordinates": [ 744562.895904224016704, 1958059.233985288999975 ] } },
{ "type": "Feature", "properties": { "Transect": 1152 }, "geometry": { "type": "Point", "coordinates": [ 744553.445083420025185, 1958052.463711655698717 ] } },
{ "type": "Feature", "properties": { "Transect": 1153 }, "geometry": { "type": "Point", "coordinates": [ 744534.436765397200361, 1958481.68841281440109 ] } },
{ "type": "Feature", "properties": { "Transect": 1154 }, "geometry": { "type": "Point", "coordinates": [ 744543.902331149554811, 1958053.203340654959902 ] } },
{ "type": "Feature", "properties": { "Transect": 1155 }, "geometry": { "type": "Point", "coordinates": [ 744513.896256409119815, 1958491.383387955836952 ] } },
{ "type": "Feature", "properties": { "Transect": 1156 }, "geometry": { "type": "Point", "coordinates": [ 744529.14493660395965, 1958511.462845006491989 ] } },
{ "type": "Feature", "properties": { "Transect": 1157 }, "geometry": { "type": "Point", "coordinates": [ 744516.324808343779296, 1958521.252319583203644 ] } },
{ "type": "Feature", "properties": { "Transect": 1158 }, "geometry": { "type": "Point", "coordinates": [ 744516.203696513664909, 1958531.197238868568093 ] } },
{ "type": "Feature", "properties": { "Transect": 1159 }, "geometry": { "type": "Point", "coordinates": [ 744516.083077276241966, 1958541.142164267599583 ] } },
{ "type": "Feature", "properties": { "Transect": 1160 }, "geometry": { "type": "Point", "coordinates": [ 744513.232266840175726, 1958551.05366968922317 ] } },
{ "type": "Feature", "properties": { "Transect": 1161 }, "geometry": { "type": "Point", "coordinates": [ 744522.971181267057545, 1958566.026995768537745 ] } },
{ "type": "Feature", "properties": { "Transect": 1162 }, "geometry": { "type": "Point", "coordinates": [ 744532.384050174732693, 1958576.086191921960562 ] } },
{ "type": "Feature", "properties": { "Transect": 1163 }, "geometry": { "type": "Point", "coordinates": [ 744541.793854985036887, 1958586.148250500904396 ] } },
{ "type": "Feature", "properties": { "Transect": 1164 }, "geometry": { "type": "Point", "coordinates": [ 744551.202190802665427, 1958596.211679649539292 ] } },
{ "type": "Feature", "properties": { "Transect": 1165 }, "geometry": { "type": "Point", "coordinates": [ 744554.159997491398826, 1958612.308053909335285 ] } },
{ "type": "Feature", "properties": { "Transect": 1166 }, "geometry": { "type": "Point", "coordinates": [ 744574.92054673214443, 1958634.495742685394362 ] } },
{ "type": "Feature", "properties": { "Transect": 1167 }, "geometry": { "type": "Point", "coordinates": [ 744568.941609903355129, 1958626.377687611849979 ] } },
{ "type": "Feature", "properties": { "Transect": 1168 }, "geometry": { "type": "Point", "coordinates": [ 744593.724544438067824, 1958655.965806756401435 ] } },
{ "type": "Feature", "properties": { "Transect": 1169 }, "geometry": { "type": "Point", "coordinates": [ 744581.236512962263077, 1958642.773023609304801 ] } },
{ "type": "Feature", "properties": { "Transect": 1170 }, "geometry": { "type": "Point", "coordinates": [ 744612.652944260160439, 1958667.273911896394566 ] } },
{ "type": "Feature", "properties": { "Transect": 1171 }, "geometry": { "type": "Point", "coordinates": [ 744622.258569203433581, 1958661.379052988719195 ] } },
{ "type": "Feature", "properties": { "Transect": 1172 }, "geometry": { "type": "Point", "coordinates": [ 744609.241002110531554, 1958653.507434335304424 ] } },
{ "type": "Feature", "properties": { "Transect": 1173 }, "geometry": { "type": "Point", "coordinates": [ 744641.343845349154435, 1958659.87676041177474 ] } },
{ "type": "Feature", "properties": { "Transect": 1174 }, "geometry": { "type": "Point", "coordinates": [ 744650.98381215299014, 1958651.179168360307813 ] } },
{ "type": "Feature", "properties": { "Transect": 1175 }, "geometry": { "type": "Point", "coordinates": [ 744660.593961867387407, 1958644.916683020070195 ] } },
{ "type": "Feature", "properties": { "Transect": 1176 }, "geometry": { "type": "Point", "coordinates": [ 744670.126006448990665, 1958645.031275393208489 ] } },
{ "type": "Feature", "properties": { "Transect": 1177 }, "geometry": { "type": "Point", "coordinates": [ 744679.65796486265026, 1958645.152947341324762 ] } },
{ "type": "Feature", "properties": { "Transect": 1178 }, "geometry": { "type": "Point", "coordinates": [ 744689.190073133911937, 1958645.262430246686563 ] } },
{ "type": "Feature", "properties": { "Transect": 1179 }, "geometry": { "type": "Point", "coordinates": [ 744698.722126883105375, 1958645.376409418182448 ] } },
{ "type": "Feature", "properties": { "Transect": 1180 }, "geometry": { "type": "Point", "coordinates": [ 744708.175906620686874, 1958651.879760089330375 ] } },
{ "type": "Feature", "properties": { "Transect": 1181 }, "geometry": { "type": "Point", "coordinates": [ 744803.605504320235923, 1958644.127602555556223 ] } },
{ "type": "Feature", "properties": { "Transect": 1182 }, "geometry": { "type": "Point", "coordinates": [ 744717.707926185568795, 1958651.996245045913383 ] } },
{ "type": "Feature", "properties": { "Transect": 1183 }, "geometry": { "type": "Point", "coordinates": [ 744727.492166256881319, 1958631.526227523572743 ] } },
{ "type": "Feature", "properties": { "Transect": 1184 }, "geometry": { "type": "Point", "coordinates": [ 744736.983846399118192, 1958634.936175203416497 ] } },
{ "type": "Feature", "properties": { "Transect": 1185 }, "geometry": { "type": "Point", "coordinates": [ 744829.047321040416136, 1958634.49300577910617 ] } },
{ "type": "Feature", "properties": { "Transect": 1186 }, "geometry": { "type": "Point", "coordinates": [ 744746.642142987926491, 1958624.747236836468801 ] } },
{ "type": "Feature", "properties": { "Transect": 1187 }, "geometry": { "type": "Point", "coordinates": [ 744755.442640096647665, 1958684.566540270810947 ] } },
{ "type": "Feature", "properties": { "Transect": 1188 }, "geometry": { "type": "Point", "coordinates": [ 744765.123150280094706, 1958672.563893117941916 ] } },
{ "type": "Feature", "properties": { "Transect": 1189 }, "geometry": { "type": "Point", "coordinates": [ 744774.654759030672722, 1958672.713519384851679 ] } },
{ "type": "Feature", "properties": { "Transect": 1190 }, "geometry": { "type": "Point", "coordinates": [ 744784.187745320028625, 1958672.750776711152866 ] } },
{ "type": "Feature", "properties": { "Transect": 1191 }, "geometry": { "type": "Point", "coordinates": [ 744796.055879839812405, 1958622.494977608555928 ] } },
{ "type": "Feature", "properties": { "Transect": 1192 }, "geometry": { "type": "Point", "coordinates": [ 744545.242019539931789, 1958631.015058174030855 ] } },
{ "type": "Feature", "properties": { "Transect": 1193 }, "geometry": { "type": "Point", "coordinates": [ 744802.970841506263241, 1958772.523502068594098 ] } },
{ "type": "Feature", "properties": { "Transect": 1194 }, "geometry": { "type": "Point", "coordinates": [ 744807.721572394482791, 1958786.942818850511685 ] } },
{ "type": "Feature", "properties": { "Transect": 1195 }, "geometry": { "type": "Point", "coordinates": [ 744820.809804692980833, 1958796.088411398464814 ] } },
{ "type": "Feature", "properties": { "Transect": 1196 }, "geometry": { "type": "Point", "coordinates": [ 744830.341831201221794, 1958796.199430727399886 ] } },
{ "type": "Feature", "properties": { "Transect": 1197 }, "geometry": { "type": "Point", "coordinates": [ 744839.873627432971261, 1958796.329280637670308 ] } },
{ "type": "Feature", "properties": { "Transect": 1198 }, "geometry": { "type": "Point", "coordinates": [ 744849.405745507101528, 1958796.432920568389818 ] } },
{ "type": "Feature", "properties": { "Transect": 1199 }, "geometry": { "type": "Point", "coordinates": [ 744858.93753025168553, 1958796.56379613513127 ] } },
{ "type": "Feature", "properties": { "Transect": 1200 }, "geometry": { "type": "Point", "coordinates": [ 744867.520682763541117, 1958874.072393517242745 ] } },
{ "type": "Feature", "properties": { "Transect": 1201 }, "geometry": { "type": "Point", "coordinates": [ 744876.583290443639271, 1958912.468511045910418 ] } },
{ "type": "Feature", "properties": { "Transect": 1202 }, "geometry": { "type": "Point", "coordinates": [ 744866.765745083685033, 1958813.805081851081923 ] } },
{ "type": "Feature", "properties": { "Transect": 1203 }, "geometry": { "type": "Point", "coordinates": [ 744803.828734090435319, 1958803.273068144451827 ] } },
{ "type": "Feature", "properties": { "Transect": 1204 }, "geometry": { "type": "Point", "coordinates": [ 744884.087486751610413, 1958814.203553679864854 ] } },
{ "type": "Feature", "properties": { "Transect": 1205 }, "geometry": { "type": "Point", "coordinates": [ 744879.736831385991536, 1958824.096638585673645 ] } },
{ "type": "Feature", "properties": { "Transect": 1206 }, "geometry": { "type": "Point", "coordinates": [ 744858.507017090916634, 1958833.782763800118119 ] } },
{ "type": "Feature", "properties": { "Transect": 1207 }, "geometry": { "type": "Point", "coordinates": [ 744894.72329544776585, 1958988.048148466041312 ] } },
{ "type": "Feature", "properties": { "Transect": 1208 }, "geometry": { "type": "Point", "coordinates": [ 744858.826716984855011, 1958843.733127418672666 ] } },
{ "type": "Feature", "properties": { "Transect": 1209 }, "geometry": { "type": "Point", "coordinates": [ 744867.544670767965727, 1958853.786444898461923 ] } },
{ "type": "Feature", "properties": { "Transect": 1210 }, "geometry": { "type": "Point", "coordinates": [ 744885.530165606061928, 1958960.301582036539912 ] } },
{ "type": "Feature", "properties": { "Transect": 1211 }, "geometry": { "type": "Point", "coordinates": [ 744870.597167769446969, 1958863.770305440295488 ] } },
{ "type": "Feature", "properties": { "Transect": 1212 }, "geometry": { "type": "Point", "coordinates": [ 744869.392611232236959, 1958873.701965550193563 ] } },
{ "type": "Feature", "properties": { "Transect": 1213 }, "geometry": { "type": "Point", "coordinates": [ 744869.274644498364069, 1958883.646947829984128 ] } },
{ "type": "Feature", "properties": { "Transect": 1214 }, "geometry": { "type": "Point", "coordinates": [ 744863.039289437932894, 1958893.516927115153521 ] } },
{ "type": "Feature", "properties": { "Transect": 1215 }, "geometry": { "type": "Point", "coordinates": [ 744878.922902512713335, 1958901.544022192945704 ] } },
{ "type": "Feature", "properties": { "Transect": 1216 }, "geometry": { "type": "Point", "coordinates": [ 744881.451646935543977, 1958918.041259380290285 ] } },
{ "type": "Feature", "properties": { "Transect": 1217 }, "geometry": { "type": "Point", "coordinates": [ 744887.030357533716597, 1958923.650363256689161 ] } },
{ "type": "Feature", "properties": { "Transect": 1218 }, "geometry": { "type": "Point", "coordinates": [ 744892.955718051642179, 1958935.975513397483155 ] } },
{ "type": "Feature", "properties": { "Transect": 1219 }, "geometry": { "type": "Point", "coordinates": [ 744896.664174230769277, 1958951.369427639059722 ] } },
{ "type": "Feature", "properties": { "Transect": 1220 }, "geometry": { "type": "Point", "coordinates": [ 744906.074108660803176, 1958961.431239608908072 ] } },
{ "type": "Feature", "properties": { "Transect": 1221 }, "geometry": { "type": "Point", "coordinates": [ 744918.968577689258382, 1958968.234280243283138 ] } },
{ "type": "Feature", "properties": { "Transect": 1222 }, "geometry": { "type": "Point", "coordinates": [ 744937.48896008299198, 1958969.775931589538231 ] } },
{ "type": "Feature", "properties": { "Transect": 1223 }, "geometry": { "type": "Point", "coordinates": [ 744946.899592247325927, 1958979.837099718861282 ] } },
{ "type": "Feature", "properties": { "Transect": 1224 }, "geometry": { "type": "Point", "coordinates": [ 744956.30979687278159, 1958989.898664359468967 ] } },
{ "type": "Feature", "properties": { "Transect": 1225 }, "geometry": { "type": "Point", "coordinates": [ 744954.561686929664575, 1959010.395515355281532 ] } },
{ "type": "Feature", "properties": { "Transect": 1226 }, "geometry": { "type": "Point", "coordinates": [ 744970.343838293571025, 1959040.695925981970504 ] } },
{ "type": "Feature", "properties": { "Transect": 1227 }, "geometry": { "type": "Point", "coordinates": [ 744966.277001946698874, 1959027.332432605326176 ] } },
{ "type": "Feature", "properties": { "Transect": 1228 }, "geometry": { "type": "Point", "coordinates": [ 744989.435199360130355, 1959038.674568181158975 ] } },
{ "type": "Feature", "properties": { "Transect": 1229 }, "geometry": { "type": "Point", "coordinates": [ 744984.695488044526428, 1959038.000525278737769 ] } },
{ "type": "Feature", "properties": { "Transect": 1230 }, "geometry": { "type": "Point", "coordinates": [ 745008.280896330135874, 1959056.677987497765571 ] } },
{ "type": "Feature", "properties": { "Transect": 1231 }, "geometry": { "type": "Point", "coordinates": [ 745006.584921413799748, 1959045.422603659098968 ] } },
{ "type": "Feature", "properties": { "Transect": 1232 }, "geometry": { "type": "Point", "coordinates": [ 745027.316473223734647, 1959059.202788685914129 ] } },
{ "type": "Feature", "properties": { "Transect": 1233 }, "geometry": { "type": "Point", "coordinates": [ 745036.608581844018772, 1959078.85807949420996 ] } },
{ "type": "Feature", "properties": { "Transect": 1234 }, "geometry": { "type": "Point", "coordinates": [ 745025.431383127928711, 1959064.721526338486001 ] } },
{ "type": "Feature", "properties": { "Transect": 1235 }, "geometry": { "type": "Point", "coordinates": [ 745055.515339767211117, 1959091.879051083931699 ] } },
{ "type": "Feature", "properties": { "Transect": 1236 }, "geometry": { "type": "Point", "coordinates": [ 745040.694957076455466, 1959078.340058501809835 ] } },
{ "type": "Feature", "properties": { "Transect": 1237 }, "geometry": { "type": "Point", "coordinates": [ 745074.703997088246979, 1959081.927004138240591 ] } },
{ "type": "Feature", "properties": { "Transect": 1238 }, "geometry": { "type": "Point", "coordinates": [ 745064.094811434159055, 1959084.349626248935238 ] } },
{ "type": "Feature", "properties": { "Transect": 1239 }, "geometry": { "type": "Point", "coordinates": [ 745093.631037469720468, 1959093.293481475673616 ] } },
{ "type": "Feature", "properties": { "Transect": 1240 }, "geometry": { "type": "Point", "coordinates": [ 745103.175579803995788, 1959092.374623149167746 ] } },
{ "type": "Feature", "properties": { "Transect": 1241 }, "geometry": { "type": "Point", "coordinates": [ 745091.76867422927171, 1959095.393234179588035 ] } },
{ "type": "Feature", "properties": { "Transect": 1242 }, "geometry": { "type": "Point", "coordinates": [ 745112.345094840275124, 1959095.012283995747566 ] } },
{ "type": "Feature", "properties": { "Transect": 1243 }, "geometry": { "type": "Point", "coordinates": [ 745131.707219039439224, 1959097.927762984996662 ] } },
{ "type": "Feature", "properties": { "Transect": 1244 }, "geometry": { "type": "Point", "coordinates": [ 745142.173245857818983, 1959095.010311161866412 ] } },
{ "type": "Feature", "properties": { "Transect": 1245 }, "geometry": { "type": "Point", "coordinates": [ 745145.423686679685488, 1959110.832328193355352 ] } },
{ "type": "Feature", "properties": { "Transect": 1246 }, "geometry": { "type": "Point", "coordinates": [ 745145.423516160808504, 1959129.694223123602569 ] } },
{ "type": "Feature", "properties": { "Transect": 1247 }, "geometry": { "type": "Point", "coordinates": [ 745169.392174184904434, 1959134.428381566656753 ] } },
{ "type": "Feature", "properties": { "Transect": 1248 }, "geometry": { "type": "Point", "coordinates": [ 745169.22905097657349, 1959135.324499240610749 ] } },
{ "type": "Feature", "properties": { "Transect": 1249 }, "geometry": { "type": "Point", "coordinates": [ 745179.966808821656741, 1959144.144515003077686 ] } },
{ "type": "Feature", "properties": { "Transect": 1250 }, "geometry": { "type": "Point", "coordinates": [ 745197.689165880321525, 1959159.086490116314963 ] } },
{ "type": "Feature", "properties": { "Transect": 1251 }, "geometry": { "type": "Point", "coordinates": [ 745199.903268053662032, 1959153.393075625877827 ] } },
{ "type": "Feature", "properties": { "Transect": 1252 }, "geometry": { "type": "Point", "coordinates": [ 745216.684907480026595, 1959164.847461475292221 ] } },
{ "type": "Feature", "properties": { "Transect": 1253 }, "geometry": { "type": "Point", "coordinates": [ 745220.070332365343347, 1959162.425990097923204 ] } },
{ "type": "Feature", "properties": { "Transect": 1254 }, "geometry": { "type": "Point", "coordinates": [ 745220.592931341612712, 1959180.798898019595072 ] } },
{ "type": "Feature", "properties": { "Transect": 1255 }, "geometry": { "type": "Point", "coordinates": [ 745244.69306529732421, 1959213.016130785690621 ] } },
{ "type": "Feature", "properties": { "Transect": 1256 }, "geometry": { "type": "Point", "coordinates": [ 745235.784077035612427, 1959194.485107080312446 ] } },
{ "type": "Feature", "properties": { "Transect": 1257 }, "geometry": { "type": "Point", "coordinates": [ 745242.961255467846058, 1959206.634834450436756 ] } },
{ "type": "Feature", "properties": { "Transect": 1258 }, "geometry": { "type": "Point", "coordinates": [ 745273.188585154828615, 1959221.494606892345473 ] } },
{ "type": "Feature", "properties": { "Transect": 1259 }, "geometry": { "type": "Point", "coordinates": [ 745270.090869806241244, 1959209.156620896188542 ] } },
{ "type": "Feature", "properties": { "Transect": 1260 }, "geometry": { "type": "Point", "coordinates": [ 745283.582412121235393, 1959215.40140265179798 ] } },
{ "type": "Feature", "properties": { "Transect": 1261 }, "geometry": { "type": "Point", "coordinates": [ 745286.649787167087197, 1959231.394441557815298 ] } },
{ "type": "Feature", "properties": { "Transect": 1262 }, "geometry": { "type": "Point", "coordinates": [ 745304.732047858298756, 1959233.346183018526062 ] } },
{ "type": "Feature", "properties": { "Transect": 1263 }, "geometry": { "type": "Point", "coordinates": [ 745320.291019704309292, 1959267.375455635366961 ] } },
{ "type": "Feature", "properties": { "Transect": 1264 }, "geometry": { "type": "Point", "coordinates": [ 745316.92990674788598, 1959249.831557262223214 ] } },
{ "type": "Feature", "properties": { "Transect": 1265 }, "geometry": { "type": "Point", "coordinates": [ 745319.413329805713147, 1959266.370631378376856 ] } },
{ "type": "Feature", "properties": { "Transect": 1266 }, "geometry": { "type": "Point", "coordinates": [ 745348.834716347395442, 1959271.92508313106373 ] } },
{ "type": "Feature", "properties": { "Transect": 1267 }, "geometry": { "type": "Point", "coordinates": [ 745347.888858702150173, 1959267.633873330429196 ] } },
{ "type": "Feature", "properties": { "Transect": 1268 }, "geometry": { "type": "Point", "coordinates": [ 745350.277822784380987, 1959284.261252249591053 ] } },
{ "type": "Feature", "properties": { "Transect": 1269 }, "geometry": { "type": "Point", "coordinates": [ 745377.071154347038828, 1959301.478105275658891 ] } },
{ "type": "Feature", "properties": { "Transect": 1270 }, "geometry": { "type": "Point", "coordinates": [ 745386.633981575607322, 1959299.066030153306201 ] } },
{ "type": "Feature", "properties": { "Transect": 1271 }, "geometry": { "type": "Point", "coordinates": [ 745395.985380363068543, 1959313.858320122119039 ] } },
{ "type": "Feature", "properties": { "Transect": 1272 }, "geometry": { "type": "Point", "coordinates": [ 745387.524909103289247, 1959295.383273556828499 ] } },
{ "type": "Feature", "properties": { "Transect": 1273 }, "geometry": { "type": "Point", "coordinates": [ 745433.890549236093648, 1959332.372081707697362 ] } },
{ "type": "Feature", "properties": { "Transect": 1274 }, "geometry": { "type": "Point", "coordinates": [ 745422.356072343653068, 1959328.42585313343443 ] } },
{ "type": "Feature", "properties": { "Transect": 1275 }, "geometry": { "type": "Point", "coordinates": [ 745462.19260128471069, 1959356.570876663085073 ] } },
{ "type": "Feature", "properties": { "Transect": 1276 }, "geometry": { "type": "Point", "coordinates": [ 745460.171852096100338, 1959339.816107925726101 ] } },
{ "type": "Feature", "properties": { "Transect": 1277 }, "geometry": { "type": "Point", "coordinates": [ 745473.046170138986781, 1959346.638147523161024 ] } },
{ "type": "Feature", "properties": { "Transect": 1278 }, "geometry": { "type": "Point", "coordinates": [ 745476.493725510430522, 1959362.275470298714936 ] } },
{ "type": "Feature", "properties": { "Transect": 1279 }, "geometry": { "type": "Point", "coordinates": [ 745482.588109538075514, 1959375.437639341223985 ] } },
{ "type": "Feature", "properties": { "Transect": 1280 }, "geometry": { "type": "Point", "coordinates": [ 745491.865425743279047, 1959385.623339965473861 ] } },
{ "type": "Feature", "properties": { "Transect": 1281 }, "geometry": { "type": "Point", "coordinates": [ 745497.766192239243537, 1959398.966544684022665 ] } },
{ "type": "Feature", "properties": { "Transect": 1282 }, "geometry": { "type": "Point", "coordinates": [ 745506.711363491718657, 1959409.46283057751134 ] } },
{ "type": "Feature", "properties": { "Transect": 1283 }, "geometry": { "type": "Point", "coordinates": [ 745519.463489103713073, 1959416.399131598882377 ] } },
{ "type": "Feature", "properties": { "Transect": 1284 }, "geometry": { "type": "Point", "coordinates": [ 745528.871779514476657, 1959426.462339874124154 ] } },
{ "type": "Feature", "properties": { "Transect": 1285 }, "geometry": { "type": "Point", "coordinates": [ 745556.303986307233572, 1959455.7975972823333 ] } },
{ "type": "Feature", "properties": { "Transect": 1286 }, "geometry": { "type": "Point", "coordinates": [ 745547.290403608349152, 1959437.130293724359944 ] } },
{ "type": "Feature", "properties": { "Transect": 1287 }, "geometry": { "type": "Point", "coordinates": [ 745554.464668815024197, 1959449.282577695092186 ] } },
{ "type": "Feature", "properties": { "Transect": 1288 }, "geometry": { "type": "Point", "coordinates": [ 745567.557726105675101, 1959455.900078602368012 ] } },
{ "type": "Feature", "properties": { "Transect": 1289 }, "geometry": { "type": "Point", "coordinates": [ 745579.069062247173861, 1959463.99668177543208 ] } },
{ "type": "Feature", "properties": { "Transect": 1290 }, "geometry": { "type": "Point", "coordinates": [ 745583.294927412411198, 1959478.906046337913722 ] } },
{ "type": "Feature", "properties": { "Transect": 1291 }, "geometry": { "type": "Point", "coordinates": [ 745601.20573785668239, 1959481.018404951086268 ] } },
{ "type": "Feature", "properties": { "Transect": 1292 }, "geometry": { "type": "Point", "coordinates": [ 745641.085788512136787, 1959538.407509294105694 ] } },
{ "type": "Feature", "properties": { "Transect": 1293 }, "geometry": { "type": "Point", "coordinates": [ 745650.618546512792818, 1959538.434572149300948 ] } },
{ "type": "Feature", "properties": { "Transect": 1294 }, "geometry": { "type": "Point", "coordinates": [ 745640.660653571831062, 1959518.767474676482379 ] } },
{ "type": "Feature", "properties": { "Transect": 1295 }, "geometry": { "type": "Point", "coordinates": [ 745669.533835443900898, 1959550.697853585937992 ] } },
{ "type": "Feature", "properties": { "Transect": 1296 }, "geometry": { "type": "Point", "coordinates": [ 745656.105497145792469, 1959532.216213727835566 ] } },
{ "type": "Feature", "properties": { "Transect": 1297 }, "geometry": { "type": "Point", "coordinates": [ 745652.98950172145851, 1959553.99089392949827 ] } },
{ "type": "Feature", "properties": { "Transect": 1298 }, "geometry": { "type": "Point", "coordinates": [ 745698.165462400764227, 1959548.068075741641223 ] } },
{ "type": "Feature", "properties": { "Transect": 1299 }, "geometry": { "type": "Point", "coordinates": [ 745696.876802513725124, 1959540.842991114361212 ] } },
{ "type": "Feature", "properties": { "Transect": 1300 }, "geometry": { "type": "Point", "coordinates": [ 745709.303146051359363, 1959548.083990284940228 ] } },
{ "type": "Feature", "properties": { "Transect": 1301 }, "geometry": { "type": "Point", "coordinates": [ 745716.261927264393307, 1959560.437706027878448 ] } },
{ "type": "Feature", "properties": { "Transect": 1302 }, "geometry": { "type": "Point", "coordinates": [ 745735.777495631715283, 1959590.343549778219312 ] } },
{ "type": "Feature", "properties": { "Transect": 1303 }, "geometry": { "type": "Point", "coordinates": [ 745730.366618691012263, 1959575.139608008321375 ] } },
{ "type": "Feature", "properties": { "Transect": 1304 }, "geometry": { "type": "Point", "coordinates": [ 745739.582297308603302, 1959585.382884593680501 ] } },
{ "type": "Feature", "properties": { "Transect": 1305 }, "geometry": { "type": "Point", "coordinates": [ 745764.296925087808631, 1959596.825635231100023 ] } },
{ "type": "Feature", "properties": { "Transect": 1306 }, "geometry": { "type": "Point", "coordinates": [ 745764.958267419482581, 1959589.545068767620251 ] } },
{ "type": "Feature", "properties": { "Transect": 1307 }, "geometry": { "type": "Point", "coordinates": [ 745751.97953931405209, 1959590.742899013916031 ] } },
{ "type": "Feature", "properties": { "Transect": 1308 }, "geometry": { "type": "Point", "coordinates": [ 745774.725411499035545, 1959609.103179395664483 ] } },
{ "type": "Feature", "properties": { "Transect": 1309 }, "geometry": { "type": "Point", "coordinates": [ 745785.570000072708353, 1959617.823275708360597 ] } },
{ "type": "Feature", "properties": { "Transect": 1310 }, "geometry": { "type": "Point", "coordinates": [ 745782.811045433278196, 1959639.263876446988434 ] } },
{ "type": "Feature", "properties": { "Transect": 1311 }, "geometry": { "type": "Point", "coordinates": [ 745811.423972083255649, 1959640.54799323133193 ] } },
{ "type": "Feature", "properties": { "Transect": 1312 }, "geometry": { "type": "Point", "coordinates": [ 745820.996081284713, 1959637.376148007577285 ] } },
{ "type": "Feature", "properties": { "Transect": 1313 }, "geometry": { "type": "Point", "coordinates": [ 745827.317800108692609, 1959634.56740641198121 ] } },
{ "type": "Feature", "properties": { "Transect": 1314 }, "geometry": { "type": "Point", "coordinates": [ 745839.980274503468536, 1959644.028931003529578 ] } },
{ "type": "Feature", "properties": { "Transect": 1315 }, "geometry": { "type": "Point", "coordinates": [ 745849.509900261531584, 1959644.307366918772459 ] } },
{ "type": "Feature", "properties": { "Transect": 1316 }, "geometry": { "type": "Point", "coordinates": [ 745858.824309883755632, 1959662.061788374790922 ] } },
{ "type": "Feature", "properties": { "Transect": 1317 }, "geometry": { "type": "Point", "coordinates": [ 745860.741851156111807, 1959649.264490835601464 ] } },
{ "type": "Feature", "properties": { "Transect": 1318 }, "geometry": { "type": "Point", "coordinates": [ 745868.174447160330601, 1959661.175076537067071 ] } },
{ "type": "Feature", "properties": { "Transect": 1319 }, "geometry": { "type": "Point", "coordinates": [ 745887.22838787373621, 1959677.899787892354652 ] } },
{ "type": "Feature", "properties": { "Transect": 1320 }, "geometry": { "type": "Point", "coordinates": [ 745879.6074470046442, 1959678.375131933018565 ] } },
{ "type": "Feature", "properties": { "Transect": 1321 }, "geometry": { "type": "Point", "coordinates": [ 745906.024230203940533, 1959699.839486895827577 ] } },
{ "type": "Feature", "properties": { "Transect": 1322 }, "geometry": { "type": "Point", "coordinates": [ 745915.555868460680358, 1959699.952679740963504 ] } },
{ "type": "Feature", "properties": { "Transect": 1323 }, "geometry": { "type": "Point", "coordinates": [ 745925.255515643279068, 1959686.427182831102982 ] } },
{ "type": "Feature", "properties": { "Transect": 1324 }, "geometry": { "type": "Point", "coordinates": [ 745934.555752785992809, 1959705.325092621380463 ] } },
{ "type": "Feature", "properties": { "Transect": 1325 }, "geometry": { "type": "Point", "coordinates": [ 745944.087254601763561, 1959705.449296291219071 ] } },
{ "type": "Feature", "properties": { "Transect": 1326 }, "geometry": { "type": "Point", "coordinates": [ 745932.333841080893762, 1959693.083377037197351 ] } },
{ "type": "Feature", "properties": { "Transect": 1327 }, "geometry": { "type": "Point", "coordinates": [ 745881.039369588950649, 1959681.850302129751071 ] } },
{ "type": "Feature", "properties": { "Transect": 1328 }, "geometry": { "type": "Point", "coordinates": [ 745949.350218396866694, 1959705.862846797332168 ] } },
{ "type": "Feature", "properties": { "Transect": 1329 }, "geometry": { "type": "Point", "coordinates": [ 745954.884786719223484, 1959719.548171275528148 ] } },
{ "type": "Feature", "properties": { "Transect": 1330 }, "geometry": { "type": "Point", "coordinates": [ 745981.855824638158083, 1959734.956018405035138 ] } },
{ "type": "Feature", "properties": { "Transect": 1331 }, "geometry": { "type": "Point", "coordinates": [ 745975.184032788267359, 1959728.457627271302044 ] } },
{ "type": "Feature", "properties": { "Transect": 1332 }, "geometry": { "type": "Point", "coordinates": [ 746000.644920105696656, 1959757.430820823414251 ] } },
{ "type": "Feature", "properties": { "Transect": 1333 }, "geometry": { "type": "Point", "coordinates": [ 745992.729381927289069, 1959739.942157834069803 ] } },
{ "type": "Feature", "properties": { "Transect": 1334 }, "geometry": { "type": "Point", "coordinates": [ 746003.081029033404775, 1959749.123184637865052 ] } },
{ "type": "Feature", "properties": { "Transect": 1335 }, "geometry": { "type": "Point", "coordinates": [ 746029.259398408350535, 1959756.178061306010932 ] } },
{ "type": "Feature", "properties": { "Transect": 1336 }, "geometry": { "type": "Point", "coordinates": [ 746038.664784328895621, 1959766.533586760982871 ] } },
{ "type": "Feature", "properties": { "Transect": 1337 }, "geometry": { "type": "Point", "coordinates": [ 746036.677994025289081, 1959754.628554726485163 ] } },
{ "type": "Feature", "properties": { "Transect": 1338 }, "geometry": { "type": "Point", "coordinates": [ 746057.497243954916485, 1959785.482834261842072 ] } },
{ "type": "Feature", "properties": { "Transect": 1339 }, "geometry": { "type": "Point", "coordinates": [ 746050.804662508307956, 1959769.309751893393695 ] } },
{ "type": "Feature", "properties": { "Transect": 1340 }, "geometry": { "type": "Point", "coordinates": [ 746056.989599669817835, 1959782.386876576812938 ] } },
{ "type": "Feature", "properties": { "Transect": 1341 }, "geometry": { "type": "Point", "coordinates": [ 746060.876736955135129, 1959797.612550375284627 ] } },
{ "type": "Feature", "properties": { "Transect": 1342 }, "geometry": { "type": "Point", "coordinates": [ 746078.691359333461151, 1959799.815304534509778 ] } },
{ "type": "Feature", "properties": { "Transect": 1343 }, "geometry": { "type": "Point", "coordinates": [ 746104.743742124410346, 1959819.431263881502673 ] } },
{ "type": "Feature", "properties": { "Transect": 1344 }, "geometry": { "type": "Point", "coordinates": [ 746101.183037600130774, 1959806.674768261844292 ] } },
{ "type": "Feature", "properties": { "Transect": 1345 }, "geometry": { "type": "Point", "coordinates": [ 746108.273640854051337, 1959818.905023577390239 ] } },
{ "type": "Feature", "properties": { "Transect": 1346 }, "geometry": { "type": "Point", "coordinates": [ 746133.083295755786821, 1959840.47120332159102 ] } },
{ "type": "Feature", "properties": { "Transect": 1347 }, "geometry": { "type": "Point", "coordinates": [ 746119.111341828829609, 1959836.661488526966423 ] } },
{ "type": "Feature", "properties": { "Transect": 1348 }, "geometry": { "type": "Point", "coordinates": [ 746138.613192641991191, 1959837.28666826011613 ] } },
{ "type": "Feature", "properties": { "Transect": 1349 }, "geometry": { "type": "Point", "coordinates": [ 746153.930206852266565, 1959841.824869045289233 ] } },
{ "type": "Feature", "properties": { "Transect": 1350 }, "geometry": { "type": "Point", "coordinates": [ 746164.680720976204611, 1959850.632942759199068 ] } },
{ "type": "Feature", "properties": { "Transect": 1351 }, "geometry": { "type": "Point", "coordinates": [ 746180.395073947147466, 1959869.106412990717217 ] } },
{ "type": "Feature", "properties": { "Transect": 1352 }, "geometry": { "type": "Point", "coordinates": [ 746183.061540945316665, 1959861.3362740164157 ] } },
{ "type": "Feature", "properties": { "Transect": 1353 }, "geometry": { "type": "Point", "coordinates": [ 746199.404973180149682, 1959873.650572391692549 ] } },
{ "type": "Feature", "properties": { "Transect": 1354 }, "geometry": { "type": "Point", "coordinates": [ 746198.738283839658834, 1959874.568012964213267 ] } },
{ "type": "Feature", "properties": { "Transect": 1355 }, "geometry": { "type": "Point", "coordinates": [ 746218.254664395703003, 1959891.182824874995276 ] } },
{ "type": "Feature", "properties": { "Transect": 1356 }, "geometry": { "type": "Point", "coordinates": [ 746214.023866918985732, 1959888.165487426100299 ] } },
{ "type": "Feature", "properties": { "Transect": 1357 }, "geometry": { "type": "Point", "coordinates": [ 746224.219250972615555, 1959897.492617438547313 ] } },
{ "type": "Feature", "properties": { "Transect": 1358 }, "geometry": { "type": "Point", "coordinates": [ 746246.603717872058041, 1959911.435782545246184 ] } },
{ "type": "Feature", "properties": { "Transect": 1359 }, "geometry": { "type": "Point", "coordinates": [ 746243.163096226635389, 1959907.669492609100416 ] } },
{ "type": "Feature", "properties": { "Transect": 1360 }, "geometry": { "type": "Point", "coordinates": [ 746261.48761522246059, 1959909.395659106317908 ] } },
{ "type": "Feature", "properties": { "Transect": 1361 }, "geometry": { "type": "Point", "coordinates": [ 746274.938944285502657, 1959932.805045970482752 ] } },
{ "type": "Feature", "properties": { "Transect": 1362 }, "geometry": { "type": "Point", "coordinates": [ 746275.428121520671993, 1959924.250803210306913 ] } },
{ "type": "Feature", "properties": { "Transect": 1363 }, "geometry": { "type": "Point", "coordinates": [ 746285.370939941261895, 1959933.814089928753674 ] } },
{ "type": "Feature", "properties": { "Transect": 1364 }, "geometry": { "type": "Point", "coordinates": [ 746295.899701743386686, 1959942.829505047993734 ] } },
{ "type": "Feature", "properties": { "Transect": 1365 }, "geometry": { "type": "Point", "coordinates": [ 746312.897620605188422, 1959946.834839313523844 ] } },
{ "type": "Feature", "properties": { "Transect": 1366 }, "geometry": { "type": "Point", "coordinates": [ 746322.495193392271176, 1959941.597536701709032 ] } },
{ "type": "Feature", "properties": { "Transect": 1367 }, "geometry": { "type": "Point", "coordinates": [ 746332.189924988080747, 1959945.816945848520845 ] } },
{ "type": "Feature", "properties": { "Transect": 1368 }, "geometry": { "type": "Point", "coordinates": [ 746339.323620816343464, 1959958.006819780217484 ] } },
{ "type": "Feature", "properties": { "Transect": 1369 }, "geometry": { "type": "Point", "coordinates": [ 746341.605710132163949, 1959974.733011406380683 ] } },
{ "type": "Feature", "properties": { "Transect": 1370 }, "geometry": { "type": "Point", "coordinates": [ 746360.139087525429204, 1959981.128774432232603 ] } },
{ "type": "Feature", "properties": { "Transect": 1371 }, "geometry": { "type": "Point", "coordinates": [ 746369.531506426283158, 1959992.512868514750153 ] } },
{ "type": "Feature", "properties": { "Transect": 1372 }, "geometry": { "type": "Point", "coordinates": [ 746366.606795924832113, 1959988.275997358141467 ] } },
{ "type": "Feature", "properties": { "Transect": 1373 }, "geometry": { "type": "Point", "coordinates": [ 746390.560368792153895, 1959984.73906283848919 ] } },
{ "type": "Feature", "properties": { "Transect": 1374 }, "geometry": { "type": "Point", "coordinates": [ 746398.211150350398384, 1959985.962395908078179 ] } },
{ "type": "Feature", "properties": { "Transect": 1375 }, "geometry": { "type": "Point", "coordinates": [ 746409.231772535596974, 1959995.170723464107141 ] } },
{ "type": "Feature", "properties": { "Transect": 1376 }, "geometry": { "type": "Point", "coordinates": [ 746416.91029633115977, 1960015.667445380939171 ] } },
{ "type": "Feature", "properties": { "Transect": 1377 }, "geometry": { "type": "Point", "coordinates": [ 746417.803287241375074, 1960015.045844387728721 ] } },
{ "type": "Feature", "properties": { "Transect": 1378 }, "geometry": { "type": "Point", "coordinates": [ 746430.757259570644237, 1960021.79367576027289 ] } },
{ "type": "Feature", "properties": { "Transect": 1379 }, "geometry": { "type": "Point", "coordinates": [ 746437.145462864078581, 1960034.680528835160658 ] } },
{ "type": "Feature", "properties": { "Transect": 1380 }, "geometry": { "type": "Point", "coordinates": [ 746454.75441732397303, 1960038.956680795177817 ] } },
{ "type": "Feature", "properties": { "Transect": 1381 }, "geometry": { "type": "Point", "coordinates": [ 746462.414941689814441, 1960038.942961588967592 ] } },
{ "type": "Feature", "properties": { "Transect": 1382 }, "geometry": { "type": "Point", "coordinates": [ 746473.669799106195569, 1960051.139591049402952 ] } },
{ "type": "Feature", "properties": { "Transect": 1383 }, "geometry": { "type": "Point", "coordinates": [ 746488.043504172936082, 1960042.86968572344631 ] } },
{ "type": "Feature", "properties": { "Transect": 1384 }, "geometry": { "type": "Point", "coordinates": [ 746492.64501676231157, 1960058.475549523020163 ] } },
{ "type": "Feature", "properties": { "Transect": 1385 }, "geometry": { "type": "Point", "coordinates": [ 746490.87559256865643, 1960068.11105717648752 ] } },
{ "type": "Feature", "properties": { "Transect": 1386 }, "geometry": { "type": "Point", "coordinates": [ 746487.519334291573614, 1960090.108883063076064 ] } },
{ "type": "Feature", "properties": { "Transect": 1387 }, "geometry": { "type": "Point", "coordinates": [ 746520.727067162748426, 1960100.307319670915604 ] } },
{ "type": "Feature", "properties": { "Transect": 1388 }, "geometry": { "type": "Point", "coordinates": [ 746506.404140857746825, 1960100.340960341040045 ] } },
{ "type": "Feature", "properties": { "Transect": 1389 }, "geometry": { "type": "Point", "coordinates": [ 746539.697229851968586, 1960108.047638728981838 ] } },
{ "type": "Feature", "properties": { "Transect": 1390 }, "geometry": { "type": "Point", "coordinates": [ 746549.263808450778015, 1960105.319760997779667 ] } },
{ "type": "Feature", "properties": { "Transect": 1391 }, "geometry": { "type": "Point", "coordinates": [ 746535.857409647665918, 1960109.721151134232059 ] } },
{ "type": "Feature", "properties": { "Transect": 1392 }, "geometry": { "type": "Point", "coordinates": [ 746568.070442989468575, 1960126.296451480593532 ] } },
{ "type": "Feature", "properties": { "Transect": 1393 }, "geometry": { "type": "Point", "coordinates": [ 746553.508461325312965, 1960121.106788332341239 ] } },
{ "type": "Feature", "properties": { "Transect": 1394 }, "geometry": { "type": "Point", "coordinates": [ 746586.843002901179716, 1960150.028017710661516 ] } },
{ "type": "Feature", "properties": { "Transect": 1395 }, "geometry": { "type": "Point", "coordinates": [ 746575.242388647631742, 1960128.674999546725303 ] } },
{ "type": "Feature", "properties": { "Transect": 1396 }, "geometry": { "type": "Point", "coordinates": [ 746589.869757634704001, 1960133.85826855362393 ] } },
{ "type": "Feature", "properties": { "Transect": 1397 }, "geometry": { "type": "Point", "coordinates": [ 746615.462142829666846, 1960148.365690686739981 ] } },
{ "type": "Feature", "properties": { "Transect": 1398 }, "geometry": { "type": "Point", "coordinates": [ 746614.775359187042341, 1960138.461058621294796 ] } },
{ "type": "Feature", "properties": { "Transect": 1399 }, "geometry": { "type": "Point", "coordinates": [ 746634.494713704218157, 1960151.049831269308925 ] } },
{ "type": "Feature", "properties": { "Transect": 1400 }, "geometry": { "type": "Point", "coordinates": [ 746642.633017170010135, 1960140.303773621097207 ] } },
{ "type": "Feature", "properties": { "Transect": 1401 }, "geometry": { "type": "Point", "coordinates": [ 746653.434748747618869, 1960161.221635359572247 ] } },
{ "type": "Feature", "properties": { "Transect": 1402 }, "geometry": { "type": "Point", "coordinates": [ 746646.691092460998334, 1960164.39856077847071 ] } },
{ "type": "Feature", "properties": { "Transect": 1403 }, "geometry": { "type": "Point", "coordinates": [ 746700.480490327812731, 1960211.267083230661228 ] } },
{ "type": "Feature", "properties": { "Transect": 1404 }, "geometry": { "type": "Point", "coordinates": [ 746676.898850825964473, 1960200.962300042388961 ] } },
{ "type": "Feature", "properties": { "Transect": 1405 }, "geometry": { "type": "Point", "coordinates": [ 746719.614014928345568, 1960205.779572253348306 ] } },
{ "type": "Feature", "properties": { "Transect": 1406 }, "geometry": { "type": "Point", "coordinates": [ 746716.55327396967914, 1960191.775483291130513 ] } },
{ "type": "Feature", "properties": { "Transect": 1407 }, "geometry": { "type": "Point", "coordinates": [ 746714.162331080064178, 1960212.870378634193912 ] } },
{ "type": "Feature", "properties": { "Transect": 1408 }, "geometry": { "type": "Point", "coordinates": [ 746720.251168732647784, 1960226.03694218583405 ] } },
{ "type": "Feature", "properties": { "Transect": 1409 }, "geometry": { "type": "Point", "coordinates": [ 746757.11033189157024, 1960257.14625752530992 ] } },
{ "type": "Feature", "properties": { "Transect": 1410 }, "geometry": { "type": "Point", "coordinates": [ 746766.720002659596503, 1960250.931226480286568 ] } },
{ "type": "Feature", "properties": { "Transect": 1411 }, "geometry": { "type": "Point", "coordinates": [ 746776.365357670350932, 1960241.830758556257933 ] } },
{ "type": "Feature", "properties": { "Transect": 1412 }, "geometry": { "type": "Point", "coordinates": [ 746786.002147630904801, 1960233.423721830593422 ] } },
{ "type": "Feature", "properties": { "Transect": 1413 }, "geometry": { "type": "Point", "coordinates": [ 746795.315310637466609, 1960251.188766842707992 ] } },
{ "type": "Feature", "properties": { "Transect": 1414 }, "geometry": { "type": "Point", "coordinates": [ 746804.754903170396574, 1960258.728662543930113 ] } },
{ "type": "Feature", "properties": { "Transect": 1415 }, "geometry": { "type": "Point", "coordinates": [ 746814.426595952943899, 1960247.499771851813421 ] } },
{ "type": "Feature", "properties": { "Transect": 1416 }, "geometry": { "type": "Point", "coordinates": [ 746823.855482496088371, 1960255.90501718968153 ] } },
{ "type": "Feature", "properties": { "Transect": 1417 }, "geometry": { "type": "Point", "coordinates": [ 746833.427524900529534, 1960252.734589168801904 ] } },
{ "type": "Feature", "properties": { "Transect": 1418 }, "geometry": { "type": "Point", "coordinates": [ 746842.819442142033949, 1960264.128182439832017 ] } },
{ "type": "Feature", "properties": { "Transect": 1419 }, "geometry": { "type": "Point", "coordinates": [ 746822.436121743638068, 1960239.65056179696694 ] } },
{ "type": "Feature", "properties": { "Transect": 1420 }, "geometry": { "type": "Point", "coordinates": [ 746861.790526434080675, 1960271.774204763583839 ] } },
{ "type": "Feature", "properties": { "Transect": 1421 }, "geometry": { "type": "Point", "coordinates": [ 746871.358828076859936, 1960268.906302065588534 ] } },
{ "type": "Feature", "properties": { "Transect": 1422 }, "geometry": { "type": "Point", "coordinates": [ 746844.648927792790346, 1960255.800464405678213 ] } },
{ "type": "Feature", "properties": { "Transect": 1423 }, "geometry": { "type": "Point", "coordinates": [ 746857.663586802547798, 1960262.491671150783077 ] } },
{ "type": "Feature", "properties": { "Transect": 1424 }, "geometry": { "type": "Point", "coordinates": [ 746791.494359323522076, 1960240.145410523284227 ] } },
{ "type": "Feature", "properties": { "Transect": 1425 }, "geometry": { "type": "Point", "coordinates": [ 746799.99299284548033, 1960250.197117482544854 ] } },
{ "type": "Feature", "properties": { "Transect": 1426 }, "geometry": { "type": "Point", "coordinates": [ 746884.466243813862093, 1960294.811096223071218 ] } },
{ "type": "Feature", "properties": { "Transect": 1427 }, "geometry": { "type": "Point", "coordinates": [ 746918.205801865435205, 1960334.955814665649086 ] } },
{ "type": "Feature", "properties": { "Transect": 1428 }, "geometry": { "type": "Point", "coordinates": [ 746886.005162577144802, 1960321.260670657269657 ] } },
{ "type": "Feature", "properties": { "Transect": 1429 }, "geometry": { "type": "Point", "coordinates": [ 746936.926958197145723, 1960362.79352453770116 ] } },
{ "type": "Feature", "properties": { "Transect": 1430 }, "geometry": { "type": "Point", "coordinates": [ 746946.623360412544571, 1960349.570973177440464 ] } },
{ "type": "Feature", "properties": { "Transect": 1431 }, "geometry": { "type": "Point", "coordinates": [ 746965.812113994848914, 1960339.618360050488263 ] } },
{ "type": "Feature", "properties": { "Transect": 1432 }, "geometry": { "type": "Point", "coordinates": [ 746953.26493802247569, 1960313.35262758214958 ] } },
{ "type": "Feature", "properties": { "Transect": 1433 }, "geometry": { "type": "Point", "coordinates": [ 746976.992450927384198, 1960328.887182338396087 ] } },
{ "type": "Feature", "properties": { "Transect": 1434 }, "geometry": { "type": "Point", "coordinates": [ 746981.460569279966876, 1960343.568893431220204 ] } },
{ "type": "Feature", "properties": { "Transect": 1435 }, "geometry": { "type": "Point", "coordinates": [ 747013.324322880944237, 1960351.88347069080919 ] } },
{ "type": "Feature", "properties": { "Transect": 1436 }, "geometry": { "type": "Point", "coordinates": [ 747022.403743524570018, 1960333.178032007534057 ] } },
{ "type": "Feature", "properties": { "Transect": 1437 }, "geometry": { "type": "Point", "coordinates": [ 747032.373151873704046, 1960353.23840882233344 ] } },
{ "type": "Feature", "properties": { "Transect": 1438 }, "geometry": { "type": "Point", "coordinates": [ 747070.258063929853961, 1960373.13231965363957 ] } },
{ "type": "Feature", "properties": { "Transect": 1439 }, "geometry": { "type": "Point", "coordinates": [ 747067.350936605478637, 1960364.990191034041345 ] } },
{ "type": "Feature", "properties": { "Transect": 1440 }, "geometry": { "type": "Point", "coordinates": [ 747098.64112476434093, 1960390.522437235806137 ] } },
{ "type": "Feature", "properties": { "Transect": 1441 }, "geometry": { "type": "Point", "coordinates": [ 747108.277839294518344, 1960382.129245230928063 ] } },
{ "type": "Feature", "properties": { "Transect": 1442 }, "geometry": { "type": "Point", "coordinates": [ 747117.664604756282642, 1960393.921868137083948 ] } },
{ "type": "Feature", "properties": { "Transect": 1443 }, "geometry": { "type": "Point", "coordinates": [ 747127.13226165343076, 1960399.18134501343593 ] } },
{ "type": "Feature", "properties": { "Transect": 1444 }, "geometry": { "type": "Point", "coordinates": [ 747136.793562014237978, 1960388.803629963891581 ] } },
{ "type": "Feature", "properties": { "Transect": 1445 }, "geometry": { "type": "Point", "coordinates": [ 747126.18843941797968, 1960383.015099327079952 ] } },
{ "type": "Feature", "properties": { "Transect": 1446 }, "geometry": { "type": "Point", "coordinates": [ 747155.737879182561301, 1960398.595104610314593 ] } },
{ "type": "Feature", "properties": { "Transect": 1447 }, "geometry": { "type": "Point", "coordinates": [ 747165.190755917574279, 1960405.047143758507445 ] } },
{ "type": "Feature", "properties": { "Transect": 1448 }, "geometry": { "type": "Point", "coordinates": [ 747155.434535960084759, 1960392.589444793295115 ] } },
{ "type": "Feature", "properties": { "Transect": 1449 }, "geometry": { "type": "Point", "coordinates": [ 747184.072795151965693, 1960419.864444565260783 ] } },
{ "type": "Feature", "properties": { "Transect": 1450 }, "geometry": { "type": "Point", "coordinates": [ 747176.171518371789716, 1960401.090085319476202 ] } },
{ "type": "Feature", "properties": { "Transect": 1451 }, "geometry": { "type": "Point", "coordinates": [ 747203.114436486037448, 1960421.795273811556399 ] } },
{ "type": "Feature", "properties": { "Transect": 1452 }, "geometry": { "type": "Point", "coordinates": [ 747199.095617218525149, 1960407.545982578303665 ] } },
{ "type": "Feature", "properties": { "Transect": 1453 }, "geometry": { "type": "Point", "coordinates": [ 747222.074611200019717, 1960430.302124022506177 ] } },
{ "type": "Feature", "properties": { "Transect": 1454 }, "geometry": { "type": "Point", "coordinates": [ 747231.7698206724599, 1960417.190883547067642 ] } },
{ "type": "Feature", "properties": { "Transect": 1455 }, "geometry": { "type": "Point", "coordinates": [ 747224.510668930015527, 1960420.702064274344593 ] } },
{ "type": "Feature", "properties": { "Transect": 1456 }, "geometry": { "type": "Point", "coordinates": [ 747239.116746168234386, 1960425.905599331250414 ] } },
{ "type": "Feature", "properties": { "Transect": 1457 }, "geometry": { "type": "Point", "coordinates": [ 747245.883468459476717, 1960438.438184192869812 ] } },
{ "type": "Feature", "properties": { "Transect": 1458 }, "geometry": { "type": "Point", "coordinates": [ 747269.514914137427695, 1960448.346988962963223 ] } },
{ "type": "Feature", "properties": { "Transect": 1459 }, "geometry": { "type": "Point", "coordinates": [ 747278.813615709310398, 1960467.236701696645468 ] } },
{ "type": "Feature", "properties": { "Transect": 1460 }, "geometry": { "type": "Point", "coordinates": [ 747288.431294452631846, 1960460.384169184137136 ] } },
{ "type": "Feature", "properties": { "Transect": 1461 }, "geometry": { "type": "Point", "coordinates": [ 747277.764024628209881, 1960454.578582792775705 ] } },
{ "type": "Feature", "properties": { "Transect": 1462 }, "geometry": { "type": "Point", "coordinates": [ 747288.631518264999613, 1960463.2773354772944 ] } },
{ "type": "Feature", "properties": { "Transect": 1463 }, "geometry": { "type": "Point", "coordinates": [ 747290.960089583415538, 1960479.959093659650534 ] } },
{ "type": "Feature", "properties": { "Transect": 1464 }, "geometry": { "type": "Point", "coordinates": [ 747268.95569349906873, 1960464.880618166178465 ] } },
{ "type": "Feature", "properties": { "Transect": 1465 }, "geometry": { "type": "Point", "coordinates": [ 747301.216121688485146, 1960499.059321007924154 ] } },
{ "type": "Feature", "properties": { "Transect": 1466 }, "geometry": { "type": "Point", "coordinates": [ 747327.296431339811534, 1960493.535712734563276 ] } },
{ "type": "Feature", "properties": { "Transect": 1467 }, "geometry": { "type": "Point", "coordinates": [ 747339.530163232353516, 1960500.957191261928529 ] } },
{ "type": "Feature", "properties": { "Transect": 1468 }, "geometry": { "type": "Point", "coordinates": [ 747354.459762993035838, 1960516.931107365060598 ] } },
{ "type": "Feature", "properties": { "Transect": 1469 }, "geometry": { "type": "Point", "coordinates": [ 747363.851265184930526, 1960528.325197786558419 ] } },
{ "type": "Feature", "properties": { "Transect": 1470 }, "geometry": { "type": "Point", "coordinates": [ 747373.459794573485851, 1960522.211466331966221 ] } },
{ "type": "Feature", "properties": { "Transect": 1471 }, "geometry": { "type": "Point", "coordinates": [ 747369.19189218909014, 1960519.171936196973547 ] } },
{ "type": "Feature", "properties": { "Transect": 1472 }, "geometry": { "type": "Point", "coordinates": [ 747392.374569167033769, 1960534.368224937003106 ] } },
{ "type": "Feature", "properties": { "Transect": 1473 }, "geometry": { "type": "Point", "coordinates": [ 747401.838379309396259, 1960539.927862725220621 ] } },
{ "type": "Feature", "properties": { "Transect": 1474 }, "geometry": { "type": "Point", "coordinates": [ 747411.498365155537613, 1960529.664680163376033 ] } },
{ "type": "Feature", "properties": { "Transect": 1475 }, "geometry": { "type": "Point", "coordinates": [ 747400.80996592680458, 1960535.557707326021045 ] } },
{ "type": "Feature", "properties": { "Transect": 1476 }, "geometry": { "type": "Point", "coordinates": [ 747417.345634937519208, 1960538.957392659038305 ] } },
{ "type": "Feature", "properties": { "Transect": 1477 }, "geometry": { "type": "Point", "coordinates": [ 747415.226523085962981, 1960559.797071184264496 ] } },
{ "type": "Feature", "properties": { "Transect": 1478 }, "geometry": { "type": "Point", "coordinates": [ 747433.941342063364573, 1960561.159524742513895 ] } },
{ "type": "Feature", "properties": { "Transect": 1479 }, "geometry": { "type": "Point", "coordinates": [ 747458.41948706493713, 1960589.546706887893379 ] } },
{ "type": "Feature", "properties": { "Transect": 1480 }, "geometry": { "type": "Point", "coordinates": [ 747451.400326960138045, 1960572.72479624627158 ] } },
{ "type": "Feature", "properties": { "Transect": 1481 }, "geometry": { "type": "Point", "coordinates": [ 747477.474809435079806, 1960590.362187105463818 ] } },
{ "type": "Feature", "properties": { "Transect": 1482 }, "geometry": { "type": "Point", "coordinates": [ 747487.145680885529146, 1960579.223230696283281 ] } },
{ "type": "Feature", "properties": { "Transect": 1483 }, "geometry": { "type": "Point", "coordinates": [ 747496.572369433590211, 1960587.772313802037388 ] } },
{ "type": "Feature", "properties": { "Transect": 1484 }, "geometry": { "type": "Point", "coordinates": [ 747506.103623207425699, 1960587.890596743905917 ] } },
{ "type": "Feature", "properties": { "Transect": 1485 }, "geometry": { "type": "Point", "coordinates": [ 747515.634879153920338, 1960588.008749207481742 ] } },
{ "type": "Feature", "properties": { "Transect": 1486 }, "geometry": { "type": "Point", "coordinates": [ 747525.086918977671303, 1960594.512969343457371 ] } },
{ "type": "Feature", "properties": { "Transect": 1487 }, "geometry": { "type": "Point", "coordinates": [ 747544.106669235043228, 1960598.195978329284117 ] } },
{ "type": "Feature", "properties": { "Transect": 1488 }, "geometry": { "type": "Point", "coordinates": [ 747553.473465644754469, 1960611.570336122997105 ] } },
{ "type": "Feature", "properties": { "Transect": 1489 }, "geometry": { "type": "Point", "coordinates": [ 747563.005032362299971, 1960611.662773883203045 ] } },
{ "type": "Feature", "properties": { "Transect": 1490 }, "geometry": { "type": "Point", "coordinates": [ 747572.610174525063485, 1960605.82510296232067 ] } },
{ "type": "Feature", "properties": { "Transect": 1491 }, "geometry": { "type": "Point", "coordinates": [ 747582.127923488267697, 1960607.031526448670775 ] } },
{ "type": "Feature", "properties": { "Transect": 1492 }, "geometry": { "type": "Point", "coordinates": [ 747591.659950947156176, 1960607.087157962843776 ] } },
{ "type": "Feature", "properties": { "Transect": 1493 }, "geometry": { "type": "Point", "coordinates": [ 747601.190789067652076, 1960607.238688146695495 ] } },
{ "type": "Feature", "properties": { "Transect": 1494 }, "geometry": { "type": "Point", "coordinates": [ 747610.94173499091994, 1960589.652379191014916 ] } },
{ "type": "Feature", "properties": { "Transect": 1495 }, "geometry": { "type": "Point", "coordinates": [ 747602.86054448899813, 1960585.41844918509014 ] } },
{ "type": "Feature", "properties": { "Transect": 1496 }, "geometry": { "type": "Point", "coordinates": [ 747604.132666360586882, 1960603.08756483765319 ] } },
{ "type": "Feature", "properties": { "Transect": 1497 }, "geometry": { "type": "Point", "coordinates": [ 747639.10879508103244, 1960624.391562025528401 ] } },
{ "type": "Feature", "properties": { "Transect": 1498 }, "geometry": { "type": "Point", "coordinates": [ 747648.675230042426847, 1960621.674484862480313 ] } },
{ "type": "Feature", "properties": { "Transect": 1499 }, "geometry": { "type": "Point", "coordinates": [ 747636.497609683079645, 1960609.746575191617012 ] } },
{ "type": "Feature", "properties": { "Transect": 1500 }, "geometry": { "type": "Point", "coordinates": [ 747645.73430530691985, 1960619.969922638963908 ] } },
{ "type": "Feature", "properties": { "Transect": 1501 }, "geometry": { "type": "Point", "coordinates": [ 747664.07035663665738, 1960621.68670483189635 ] } },
{ "type": "Feature", "properties": { "Transect": 1502 }, "geometry": { "type": "Point", "coordinates": [ 747686.3986395674292, 1960654.499657224165276 ] } },
{ "type": "Feature", "properties": { "Transect": 1503 }, "geometry": { "type": "Point", "coordinates": [ 747695.821226233500056, 1960663.370291411178187 ] } },
{ "type": "Feature", "properties": { "Transect": 1504 }, "geometry": { "type": "Point", "coordinates": [ 747705.393352416227572, 1960660.194254176458344 ] } },
{ "type": "Feature", "properties": { "Transect": 1505 }, "geometry": { "type": "Point", "coordinates": [ 747714.890148657024838, 1960663.08642779616639 ] } },
{ "type": "Feature", "properties": { "Transect": 1506 }, "geometry": { "type": "Point", "coordinates": [ 747724.516932510770857, 1960655.508186131017283 ] } },
{ "type": "Feature", "properties": { "Transect": 1507 }, "geometry": { "type": "Point", "coordinates": [ 747734.203635093872435, 1960643.104431426385418 ] } },
{ "type": "Feature", "properties": { "Transect": 1508 }, "geometry": { "type": "Point", "coordinates": [ 747743.808820617152378, 1960637.267219339963049 ] } },
{ "type": "Feature", "properties": { "Transect": 1509 }, "geometry": { "type": "Point", "coordinates": [ 747753.121242417604662, 1960655.009330133441836 ] } },
{ "type": "Feature", "properties": { "Transect": 1510 }, "geometry": { "type": "Point", "coordinates": [ 747762.749240331584588, 1960647.335006635636091 ] } },
{ "type": "Feature", "properties": { "Transect": 1511 }, "geometry": { "type": "Point", "coordinates": [ 747756.803552938275971, 1960635.110824800794944 ] } },
{ "type": "Feature", "properties": { "Transect": 1512 }, "geometry": { "type": "Point", "coordinates": [ 747759.179273449932225, 1960651.748107993043959 ] } },
{ "type": "Feature", "properties": { "Transect": 1513 }, "geometry": { "type": "Point", "coordinates": [ 747767.59438832628075, 1960662.739495665300637 ] } },
{ "type": "Feature", "properties": { "Transect": 1514 }, "geometry": { "type": "Point", "coordinates": [ 747713.862639359780587, 1960649.437669163569808 ] } },
{ "type": "Feature", "properties": { "Transect": 1515 }, "geometry": { "type": "Point", "coordinates": [ 747787.92255641228985, 1960672.423730510752648 ] } },
{ "type": "Feature", "properties": { "Transect": 1516 }, "geometry": { "type": "Point", "coordinates": [ 747805.016015649423935, 1960675.302280344069004 ] } },
{ "type": "Feature", "properties": { "Transect": 1517 }, "geometry": { "type": "Point", "coordinates": [ 747819.218059738632292, 1960705.907291857525706 ] } },
{ "type": "Feature", "properties": { "Transect": 1518 }, "geometry": { "type": "Point", "coordinates": [ 747828.839325909386389, 1960698.775666863191873 ] } },
{ "type": "Feature", "properties": { "Transect": 1519 }, "geometry": { "type": "Point", "coordinates": [ 747824.918239813181572, 1960693.612118873745203 ] } },
{ "type": "Feature", "properties": { "Transect": 1520 }, "geometry": { "type": "Point", "coordinates": [ 747796.746303786174394, 1960690.253479255596176 ] } },
{ "type": "Feature", "properties": { "Transect": 1521 }, "geometry": { "type": "Point", "coordinates": [ 747824.984764097491279, 1960722.237644175533205 ] } },
{ "type": "Feature", "properties": { "Transect": 1522 }, "geometry": { "type": "Point", "coordinates": [ 747838.201746421400458, 1960728.740067262668163 ] } },
{ "type": "Feature", "properties": { "Transect": 1523 }, "geometry": { "type": "Point", "coordinates": [ 747866.469399322639219, 1960739.08130756742321 ] } },
{ "type": "Feature", "properties": { "Transect": 1524 }, "geometry": { "type": "Point", "coordinates": [ 747875.891109075397253, 1960748.013384031830356 ] } },
{ "type": "Feature", "properties": { "Transect": 1525 }, "geometry": { "type": "Point", "coordinates": [ 747885.397189358831383, 1960750.153724945383146 ] } },
{ "type": "Feature", "properties": { "Transect": 1526 }, "geometry": { "type": "Point", "coordinates": [ 747894.914506750414148, 1960751.389499176759273 ] } },
{ "type": "Feature", "properties": { "Transect": 1527 }, "geometry": { "type": "Point", "coordinates": [ 747904.226389884250239, 1960769.159651652676985 ] } },
{ "type": "Feature", "properties": { "Transect": 1528 }, "geometry": { "type": "Point", "coordinates": [ 747913.757484287256375, 1960769.28590439632535 ] } },
{ "type": "Feature", "properties": { "Transect": 1529 }, "geometry": { "type": "Point", "coordinates": [ 747923.367948179482482, 1960763.024623304605484 ] } },
{ "type": "Feature", "properties": { "Transect": 1530 }, "geometry": { "type": "Point", "coordinates": [ 747932.899166808230802, 1960763.141212987247854 ] } },
{ "type": "Feature", "properties": { "Transect": 1531 }, "geometry": { "type": "Point", "coordinates": [ 747942.509625807753764, 1960756.881151580950245 ] } },
{ "type": "Feature", "properties": { "Transect": 1532 }, "geometry": { "type": "Point", "coordinates": [ 747961.541882584104314, 1960759.543568426044658 ] } },
{ "type": "Feature", "properties": { "Transect": 1533 }, "geometry": { "type": "Point", "coordinates": [ 747823.809857740299776, 1960720.429049321915954 ] } },
{ "type": "Feature", "properties": { "Transect": 1534 }, "geometry": { "type": "Point", "coordinates": [ 747989.752123530488461, 1960790.743185952305794 ] } },
{ "type": "Feature", "properties": { "Transect": 1535 }, "geometry": { "type": "Point", "coordinates": [ 747999.118872942053713, 1960804.091369488742203 ] } },
{ "type": "Feature", "properties": { "Transect": 1536 }, "geometry": { "type": "Point", "coordinates": [ 748009.044352665892802, 1960772.487856819760054 ] } },
{ "type": "Feature", "properties": { "Transect": 1537 }, "geometry": { "type": "Point", "coordinates": [ 747969.135920489788987, 1960759.822723004268482 ] } },
{ "type": "Feature", "properties": { "Transect": 1538 }, "geometry": { "type": "Point", "coordinates": [ 747804.05407226132229, 1960720.182955643394962 ] } },
{ "type": "Feature", "properties": { "Transect": 1539 }, "geometry": { "type": "Point", "coordinates": [ 747851.988035083166324, 1960730.725452616810799 ] } },
{ "type": "Feature", "properties": { "Transect": 1540 }, "geometry": { "type": "Point", "coordinates": [ 747885.844714250881225, 1960741.092964050592855 ] } },
{ "type": "Feature", "properties": { "Transect": 1541 }, "geometry": { "type": "Point", "coordinates": [ 747970.425180282094516, 1960752.091018566861749 ] } },
{ "type": "Feature", "properties": { "Transect": 1542 }, "geometry": { "type": "Point", "coordinates": [ 748014.039593081339262, 1960776.022221360588446 ] } },
{ "type": "Feature", "properties": { "Transect": 1543 }, "geometry": { "type": "Point", "coordinates": [ 748023.447528566000983, 1960786.085464012110606 ] } },
{ "type": "Feature", "properties": { "Transect": 1544 }, "geometry": { "type": "Point", "coordinates": [ 748040.28336108289659, 1960789.205044141737744 ] } },
{ "type": "Feature", "properties": { "Transect": 1545 }, "geometry": { "type": "Point", "coordinates": [ 748033.375369237037376, 1960792.660161205334589 ] } },
{ "type": "Feature", "properties": { "Transect": 1546 }, "geometry": { "type": "Point", "coordinates": [ 748052.901737625827082, 1960802.849582810187712 ] } },
{ "type": "Feature", "properties": { "Transect": 1547 }, "geometry": { "type": "Point", "coordinates": [ 748060.871676934999414, 1960812.89533006795682 ] } },
{ "type": "Feature", "properties": { "Transect": 1548 }, "geometry": { "type": "Point", "coordinates": [ 748054.949673005263321, 1960823.841344097396359 ] } },
{ "type": "Feature", "properties": { "Transect": 1549 }, "geometry": { "type": "Point", "coordinates": [ 748058.070563085842878, 1960839.78173487028107 ] } },
{ "type": "Feature", "properties": { "Transect": 1550 }, "geometry": { "type": "Point", "coordinates": [ 748067.464221585192718, 1960849.858307197922841 ] } },
{ "type": "Feature", "properties": { "Transect": 1551 }, "geometry": { "type": "Point", "coordinates": [ 748084.287011350272223, 1960854.417345528490841 ] } },
{ "type": "Feature", "properties": { "Transect": 1552 }, "geometry": { "type": "Point", "coordinates": [ 748092.98668279487174, 1960853.885913011385128 ] } },
{ "type": "Feature", "properties": { "Transect": 1553 }, "geometry": { "type": "Point", "coordinates": [ 748086.66791897919029, 1960878.650432577589527 ] } },
{ "type": "Feature", "properties": { "Transect": 1554 }, "geometry": { "type": "Point", "coordinates": [ 748112.151865349616855, 1960913.363551113056019 ] } },
{ "type": "Feature", "properties": { "Transect": 1555 }, "geometry": { "type": "Point", "coordinates": [ 748121.590663738665171, 1960920.906690280651674 ] } },
{ "type": "Feature", "properties": { "Transect": 1556 }, "geometry": { "type": "Point", "coordinates": [ 748131.174821951659396, 1960916.761640088632703 ] } },
{ "type": "Feature", "properties": { "Transect": 1557 }, "geometry": { "type": "Point", "coordinates": [ 748140.558802963700145, 1960928.711600687587634 ] } },
{ "type": "Feature", "properties": { "Transect": 1558 }, "geometry": { "type": "Point", "coordinates": [ 748108.937558724777773, 1960912.803322885651141 ] } },
{ "type": "Feature", "properties": { "Transect": 1559 }, "geometry": { "type": "Point", "coordinates": [ 748159.515631191548891, 1960937.424787140218541 ] } },
{ "type": "Feature", "properties": { "Transect": 1560 }, "geometry": { "type": "Point", "coordinates": [ 748169.058812380186282, 1960936.574212753213942 ] } },
{ "type": "Feature", "properties": { "Transect": 1561 }, "geometry": { "type": "Point", "coordinates": [ 748178.407532051904127, 1960951.356363923056051 ] } },
{ "type": "Feature", "properties": { "Transect": 1562 }, "geometry": { "type": "Point", "coordinates": [ 748187.969926536548883, 1960948.960944748017937 ] } },
{ "type": "Feature", "properties": { "Transect": 1563 }, "geometry": { "type": "Point", "coordinates": [ 748197.360743848723359, 1960960.357656401349232 ] } },
{ "type": "Feature", "properties": { "Transect": 1564 }, "geometry": { "type": "Point", "coordinates": [ 748206.969540639547631, 1960954.2323696045205 ] } },
{ "type": "Feature", "properties": { "Transect": 1565 }, "geometry": { "type": "Point", "coordinates": [ 748179.301671760738827, 1960920.054203463485464 ] } },
{ "type": "Feature", "properties": { "Transect": 1566 }, "geometry": { "type": "Point", "coordinates": [ 748131.253269417444244, 1960893.34359068586491 ] } },
{ "type": "Feature", "properties": { "Transect": 1567 }, "geometry": { "type": "Point", "coordinates": [ 748192.227794294361956, 1960936.658079697052017 ] } },
{ "type": "Feature", "properties": { "Transect": 1568 }, "geometry": { "type": "Point", "coordinates": [ 748157.258668595575728, 1960913.560443620895967 ] } },
{ "type": "Feature", "properties": { "Transect": 1569 }, "geometry": { "type": "Point", "coordinates": [ 748150.463547049439512, 1960923.422564604086801 ] } },
{ "type": "Feature", "properties": { "Transect": 1570 }, "geometry": { "type": "Point", "coordinates": [ 748207.186531793326139, 1960961.19135222537443 ] } },
{ "type": "Feature", "properties": { "Transect": 1571 }, "geometry": { "type": "Point", "coordinates": [ 748221.782711750711314, 1960966.404655463527888 ] } },
{ "type": "Feature", "properties": { "Transect": 1572 }, "geometry": { "type": "Point", "coordinates": [ 748226.860820724046789, 1960980.515258934115991 ] } },
{ "type": "Feature", "properties": { "Transect": 1573 }, "geometry": { "type": "Point", "coordinates": [ 748263.633618933032267, 1960996.94388192682527 ] } },
{ "type": "Feature", "properties": { "Transect": 1574 }, "geometry": { "type": "Point", "coordinates": [ 748273.134516289457679, 1960999.489736076910049 ] } },
{ "type": "Feature", "properties": { "Transect": 1575 }, "geometry": { "type": "Point", "coordinates": [ 748262.816254305187613, 1960983.818559728330001 ] } },
{ "type": "Feature", "properties": { "Transect": 1576 }, "geometry": { "type": "Point", "coordinates": [ 748275.573484683642164, 1960990.750901796855032 ] } },
{ "type": "Feature", "properties": { "Transect": 1577 }, "geometry": { "type": "Point", "coordinates": [ 748301.789969198871404, 1960994.852928042411804 ] } },
{ "type": "Feature", "properties": { "Transect": 1578 }, "geometry": { "type": "Point", "coordinates": [ 748300.680411610286683, 1960995.167133138747886 ] } },
{ "type": "Feature", "properties": { "Transect": 1579 }, "geometry": { "type": "Point", "coordinates": [ 748285.019395387149416, 1960994.723525041248649 ] } },
{ "type": "Feature", "properties": { "Transect": 1580 }, "geometry": { "type": "Point", "coordinates": [ 748315.813011757447384, 1961009.708495185011998 ] } },
{ "type": "Feature", "properties": { "Transect": 1581 }, "geometry": { "type": "Point", "coordinates": [ 748319.498108908184804, 1961025.121204743394628 ] } },
{ "type": "Feature", "properties": { "Transect": 1582 }, "geometry": { "type": "Point", "coordinates": [ 748339.237289383425377, 1961049.721564065199345 ] } },
{ "type": "Feature", "properties": { "Transect": 1583 }, "geometry": { "type": "Point", "coordinates": [ 748334.466784493415616, 1961039.01436565304175 ] } },
{ "type": "Feature", "properties": { "Transect": 1584 }, "geometry": { "type": "Point", "coordinates": [ 748352.313525908393785, 1961041.189238810911775 ] } },
{ "type": "Feature", "properties": { "Transect": 1585 }, "geometry": { "type": "Point", "coordinates": [ 748367.687953091342933, 1961061.530501040397212 ] } },
{ "type": "Feature", "properties": { "Transect": 1586 }, "geometry": { "type": "Point", "coordinates": [ 748379.793000070378184, 1961043.387783160898834 ] } },
{ "type": "Feature", "properties": { "Transect": 1587 }, "geometry": { "type": "Point", "coordinates": [ 748386.859813989140093, 1961052.957269330509007 ] } },
{ "type": "Feature", "properties": { "Transect": 1588 }, "geometry": { "type": "Point", "coordinates": [ 748396.321991692413576, 1961058.609929508529603 ] } },
{ "type": "Feature", "properties": { "Transect": 1589 }, "geometry": { "type": "Point", "coordinates": [ 748396.119194038910791, 1961065.039938510162756 ] } },
{ "type": "Feature", "properties": { "Transect": 1590 }, "geometry": { "type": "Point", "coordinates": [ 748398.523153978982009, 1961065.763258176157251 ] } },
{ "type": "Feature", "properties": { "Transect": 1591 }, "geometry": { "type": "Point", "coordinates": [ 748412.832645222311839, 1961078.103606174234301 ] } },
{ "type": "Feature", "properties": { "Transect": 1592 }, "geometry": { "type": "Point", "coordinates": [ 748423.728563621989451, 1961086.775875584920868 ] } },
{ "type": "Feature", "properties": { "Transect": 1593 }, "geometry": { "type": "Point", "coordinates": [ 748455.287399679422379, 1961094.990698043489829 ] } },
{ "type": "Feature", "properties": { "Transect": 1594 }, "geometry": { "type": "Point", "coordinates": [ 748452.8642445334699, 1961111.051029379712418 ] } },
{ "type": "Feature", "properties": { "Transect": 1595 }, "geometry": { "type": "Point", "coordinates": [ 748490.910566047532484, 1961117.781609490979463 ] } },
{ "type": "Feature", "properties": { "Transect": 1596 }, "geometry": { "type": "Point", "coordinates": [ 748518.31985187518876, 1961109.897164441877976 ] } },
{ "type": "Feature", "properties": { "Transect": 1597 }, "geometry": { "type": "Point", "coordinates": [ 748510.186062689172104, 1961100.891222909791395 ] } },
{ "type": "Feature", "properties": { "Transect": 1598 }, "geometry": { "type": "Point", "coordinates": [ 748519.532688710372895, 1961115.814843715168536 ] } },
{ "type": "Feature", "properties": { "Transect": 1599 }, "geometry": { "type": "Point", "coordinates": [ 748524.554522615508176, 1961140.98218911443837 ] } },
{ "type": "Feature", "properties": { "Transect": 1600 }, "geometry": { "type": "Point", "coordinates": [ 748549.971494057099335, 1961147.22315986151807 ] } },
{ "type": "Feature", "properties": { "Transect": 1601 }, "geometry": { "type": "Point", "coordinates": [ 748541.369103431934491, 1961157.062678559916094 ] } },
{ "type": "Feature", "properties": { "Transect": 1602 }, "geometry": { "type": "Point", "coordinates": [ 748541.26090931519866, 1961167.008026777300984 ] } },
{ "type": "Feature", "properties": { "Transect": 1603 }, "geometry": { "type": "Point", "coordinates": [ 748546.207391131552868, 1961177.016352355014533 ] } },
{ "type": "Feature", "properties": { "Transect": 1604 }, "geometry": { "type": "Point", "coordinates": [ 748543.872393612167798, 1961199.956549376947805 ] } },
{ "type": "Feature", "properties": { "Transect": 1605 }, "geometry": { "type": "Point", "coordinates": [ 748557.335055891773663, 1961206.229583411943167 ] } },
{ "type": "Feature", "properties": { "Transect": 1606 }, "geometry": { "type": "Point", "coordinates": [ 748565.112997194402851, 1961217.038711833069101 ] } },
{ "type": "Feature", "properties": { "Transect": 1607 }, "geometry": { "type": "Point", "coordinates": [ 748565.85544617951382, 1961226.951650980394334 ] } },
{ "type": "Feature", "properties": { "Transect": 1608 }, "geometry": { "type": "Point", "coordinates": [ 748568.049918019096367, 1961243.757426432333887 ] } },
{ "type": "Feature", "properties": { "Transect": 1609 }, "geometry": { "type": "Point", "coordinates": [ 748576.890734706772491, 1961254.350638776319101 ] } },
{ "type": "Feature", "properties": { "Transect": 1610 }, "geometry": { "type": "Point", "coordinates": [ 748588.832075493759476, 1961262.0456976252608 ] } },
{ "type": "Feature", "properties": { "Transect": 1611 }, "geometry": { "type": "Point", "coordinates": [ 748593.924649027874693, 1961267.131249769823626 ] } },
{ "type": "Feature", "properties": { "Transect": 1612 }, "geometry": { "type": "Point", "coordinates": [ 748597.878709985408932, 1961282.27581748040393 ] } },
{ "type": "Feature", "properties": { "Transect": 1613 }, "geometry": { "type": "Point", "coordinates": [ 748598.917391035938635, 1961300.161866582930088 ] } },
{ "type": "Feature", "properties": { "Transect": 1614 }, "geometry": { "type": "Point", "coordinates": [ 748608.022420353721827, 1961310.50808192207478 ] } },
{ "type": "Feature", "properties": { "Transect": 1615 }, "geometry": { "type": "Point", "coordinates": [ 748615.084384595043957, 1961322.763991032959893 ] } },
{ "type": "Feature", "properties": { "Transect": 1616 }, "geometry": { "type": "Point", "coordinates": [ 748627.521892823046073, 1961329.995258331065997 ] } },
{ "type": "Feature", "properties": { "Transect": 1617 }, "geometry": { "type": "Point", "coordinates": [ 748624.916457615909167, 1961327.197717192349955 ] } },
{ "type": "Feature", "properties": { "Transect": 1618 }, "geometry": { "type": "Point", "coordinates": [ 748650.336497748736292, 1961356.212981162359938 ] } },
{ "type": "Feature", "properties": { "Transect": 1619 }, "geometry": { "type": "Point", "coordinates": [ 748664.429008468869142, 1961727.391077546635643 ] } },
{ "type": "Feature", "properties": { "Transect": 1620 }, "geometry": { "type": "Point", "coordinates": [ 748673.761847014655359, 1961743.386117822257802 ] } },
{ "type": "Feature", "properties": { "Transect": 1621 }, "geometry": { "type": "Point", "coordinates": [ 748675.112551248865202, 1961369.966324343811721 ] } },
{ "type": "Feature", "properties": { "Transect": 1622 }, "geometry": { "type": "Point", "coordinates": [ 748690.704994554747827, 1961374.248650069348514 ] } },
{ "type": "Feature", "properties": { "Transect": 1623 }, "geometry": { "type": "Point", "coordinates": [ 748701.731291600037366, 1961793.691848868271336 ] } },
{ "type": "Feature", "properties": { "Transect": 1624 }, "geometry": { "type": "Point", "coordinates": [ 748711.134936581598595, 1961804.003686951939017 ] } },
{ "type": "Feature", "properties": { "Transect": 1625 }, "geometry": { "type": "Point", "coordinates": [ 748720.811425398336723, 1961792.435129380784929 ] } },
{ "type": "Feature", "properties": { "Transect": 1626 }, "geometry": { "type": "Point", "coordinates": [ 748731.442948861164041, 1961704.285133362049237 ] } },
{ "type": "Feature", "properties": { "Transect": 1627 }, "geometry": { "type": "Point", "coordinates": [ 748750.822537986561656, 1961373.02304384089075 ] } },
{ "type": "Feature", "properties": { "Transect": 1628 }, "geometry": { "type": "Point", "coordinates": [ 748786.326184178935364, 1961388.890552422497422 ] } },
{ "type": "Feature", "properties": { "Transect": 1629 }, "geometry": { "type": "Point", "coordinates": [ 748772.987293472979218, 1961380.991502632619813 ] } },
{ "type": "Feature", "properties": { "Transect": 1630 }, "geometry": { "type": "Point", "coordinates": [ 748773.124285478843376, 1961408.61933965771459 ] } },
{ "type": "Feature", "properties": { "Transect": 1631 }, "geometry": { "type": "Point", "coordinates": [ 748766.895651183091104, 1961418.488369445316494 ] } },
{ "type": "Feature", "properties": { "Transect": 1632 }, "geometry": { "type": "Point", "coordinates": [ 748761.046515294350684, 1961428.362131755333394 ] } },
{ "type": "Feature", "properties": { "Transect": 1633 }, "geometry": { "type": "Point", "coordinates": [ 748768.210043194238096, 1961462.487120992736891 ] } },
{ "type": "Feature", "properties": { "Transect": 1634 }, "geometry": { "type": "Point", "coordinates": [ 748788.060731439734809, 1961468.485935313161463 ] } },
{ "type": "Feature", "properties": { "Transect": 1635 }, "geometry": { "type": "Point", "coordinates": [ 748807.647660442627966, 1961708.560417510103434 ] } },
{ "type": "Feature", "properties": { "Transect": 1636 }, "geometry": { "type": "Point", "coordinates": [ 748817.135435294359922, 1961712.127659285441041 ] } },
{ "type": "Feature", "properties": { "Transect": 1637 }, "geometry": { "type": "Point", "coordinates": [ 748835.088029016857035, 1961503.286931907292455 ] } },
{ "type": "Feature", "properties": { "Transect": 1638 }, "geometry": { "type": "Point", "coordinates": [ 748846.896255001192912, 1961518.95351786352694 ] } },
{ "type": "Feature", "properties": { "Transect": 1639 }, "geometry": { "type": "Point", "coordinates": [ 748845.279273368185386, 1961522.447017865953967 ] } },
{ "type": "Feature", "properties": { "Transect": 1640 }, "geometry": { "type": "Point", "coordinates": [ 748850.515095694572665, 1961536.409674379741773 ] } },
{ "type": "Feature", "properties": { "Transect": 1641 }, "geometry": { "type": "Point", "coordinates": [ 748860.476947564282455, 1961545.954959607217461 ] } },
{ "type": "Feature", "properties": { "Transect": 1642 }, "geometry": { "type": "Point", "coordinates": [ 748872.746213626116514, 1961559.062953856773674 ] } },
{ "type": "Feature", "properties": { "Transect": 1643 }, "geometry": { "type": "Point", "coordinates": [ 748869.807885335758328, 1961565.919131485279649 ] } },
{ "type": "Feature", "properties": { "Transect": 1644 }, "geometry": { "type": "Point", "coordinates": [ 748875.364825260243379, 1961578.989076713100076 ] } },
{ "type": "Feature", "properties": { "Transect": 1645 }, "geometry": { "type": "Point", "coordinates": [ 748754.658046850352548, 1961702.233264083741233 ] } },
{ "type": "Feature", "properties": { "Transect": 1646 }, "geometry": { "type": "Point", "coordinates": [ 748888.557432961999439, 1961599.047156682470813 ] } },
{ "type": "Feature", "properties": { "Transect": 1647 }, "geometry": { "type": "Point", "coordinates": [ 748875.912021526950411, 1961585.279022332979366 ] } },
{ "type": "Feature", "properties": { "Transect": 1648 }, "geometry": { "type": "Point", "coordinates": [ 748861.949839859851636, 1961688.23562538344413 ] } },
{ "type": "Feature", "properties": { "Transect": 1649 }, "geometry": { "type": "Point", "coordinates": [ 748866.716178009868599, 1961558.313872320111841 ] } },
{ "type": "Feature", "properties": { "Transect": 1650 }, "geometry": { "type": "Point", "coordinates": [ 748861.743981084204279, 1961698.179779121419415 ] } },
{ "type": "Feature", "properties": { "Transect": 1651 }, "geometry": { "type": "Point", "coordinates": [ 748857.379402956576087, 1961542.641022076131776 ] } },
{ "type": "Feature", "properties": { "Transect": 1652 }, "geometry": { "type": "Point", "coordinates": [ 748839.329040606738999, 1961707.846798359649256 ] } },
{ "type": "Feature", "properties": { "Transect": 1653 }, "geometry": { "type": "Point", "coordinates": [ 748810.744471834274009, 1961717.436848230427131 ] } },
{ "type": "Feature", "properties": { "Transect": 1654 }, "geometry": { "type": "Point", "coordinates": [ 748721.32127763191238, 1961726.267756714951247 ] } },
{ "type": "Feature", "properties": { "Transect": 1655 }, "geometry": { "type": "Point", "coordinates": [ 748710.782622329075821, 1961736.082970758434385 ] } },
{ "type": "Feature", "properties": { "Transect": 1656 }, "geometry": { "type": "Point", "coordinates": [ 748838.687577657168731, 1961512.758948029950261 ] } },
{ "type": "Feature", "properties": { "Transect": 1657 }, "geometry": { "type": "Point", "coordinates": [ 748708.224878798122518, 1961745.997828422579914 ] } },
{ "type": "Feature", "properties": { "Transect": 1658 }, "geometry": { "type": "Point", "coordinates": [ 748829.269145939964801, 1961503.627969593042508 ] } },
{ "type": "Feature", "properties": { "Transect": 1659 }, "geometry": { "type": "Point", "coordinates": [ 748709.907076235977001, 1961755.965585830854252 ] } },
{ "type": "Feature", "properties": { "Transect": 1660 }, "geometry": { "type": "Point", "coordinates": [ 748819.672609272645786, 1961508.771262716734782 ] } },
{ "type": "Feature", "properties": { "Transect": 1661 }, "geometry": { "type": "Point", "coordinates": [ 748720.238206032779999, 1961766.04124727845192 ] } },
{ "type": "Feature", "properties": { "Transect": 1662 }, "geometry": { "type": "Point", "coordinates": [ 748810.234417875297368, 1961501.223498796345666 ] } },
{ "type": "Feature", "properties": { "Transect": 1663 }, "geometry": { "type": "Point", "coordinates": [ 748800.827607309678569, 1961491.15881091170013 ] } },
{ "type": "Feature", "properties": { "Transect": 1664 }, "geometry": { "type": "Point", "coordinates": [ 748719.715935292188078, 1961775.981520673725754 ] } },
{ "type": "Feature", "properties": { "Transect": 1665 }, "geometry": { "type": "Point", "coordinates": [ 748791.420791473472491, 1961481.095114438561723 ] } },
{ "type": "Feature", "properties": { "Transect": 1666 }, "geometry": { "type": "Point", "coordinates": [ 748741.826198615832254, 1961786.204099801834673 ] } },
{ "type": "Feature", "properties": { "Transect": 1667 }, "geometry": { "type": "Point", "coordinates": [ 748782.013949134736322, 1961471.032968088984489 ] } },
{ "type": "Feature", "properties": { "Transect": 1668 }, "geometry": { "type": "Point", "coordinates": [ 748772.610740088508464, 1961460.677519331686199 ] } },
{ "type": "Feature", "properties": { "Transect": 1669 }, "geometry": { "type": "Point", "coordinates": [ 748763.102901042206213, 1961458.709036881336942 ] } },
{ "type": "Feature", "properties": { "Transect": 1670 }, "geometry": { "type": "Point", "coordinates": [ 748754.970383422565646, 1961346.483036173973233 ] } },
{ "type": "Feature", "properties": { "Transect": 1671 }, "geometry": { "type": "Point", "coordinates": [ 748745.101898945635185, 1961373.423633819445968 ] } },
{ "type": "Feature", "properties": { "Transect": 1672 }, "geometry": { "type": "Point", "coordinates": [ 748735.57071251492016, 1961373.323606435209513 ] } },
{ "type": "Feature", "properties": { "Transect": 1673 }, "geometry": { "type": "Point", "coordinates": [ 748725.919329397962429, 1961382.860722747631371 ] } },
{ "type": "Feature", "properties": { "Transect": 1674 }, "geometry": { "type": "Point", "coordinates": [ 748716.454474159167148, 1961377.442671281518415 ] } },
{ "type": "Feature", "properties": { "Transect": 1675 }, "geometry": { "type": "Point", "coordinates": [ 748884.020711642806418, 1961625.243576437002048 ] } },
{ "type": "Feature", "properties": { "Transect": 1676 }, "geometry": { "type": "Point", "coordinates": [ 748697.442007520585321, 1961373.239593779435381 ] } },
{ "type": "Feature", "properties": { "Transect": 1677 }, "geometry": { "type": "Point", "coordinates": [ 748687.791318090166897, 1961382.722801889991388 ] } },
{ "type": "Feature", "properties": { "Transect": 1678 }, "geometry": { "type": "Point", "coordinates": [ 748668.866045759408735, 1961371.529123606625944 ] } },
{ "type": "Feature", "properties": { "Transect": 1679 }, "geometry": { "type": "Point", "coordinates": [ 748659.315015329630114, 1961373.020907070254907 ] } },
{ "type": "Feature", "properties": { "Transect": 1680 }, "geometry": { "type": "Point", "coordinates": [ 748610.813906021299772, 1961784.57034968258813 ] } },
{ "type": "Feature", "properties": { "Transect": 1681 }, "geometry": { "type": "Point", "coordinates": [ 748649.907486120355316, 1961363.005577666917816 ] } },
{ "type": "Feature", "properties": { "Transect": 1682 }, "geometry": { "type": "Point", "coordinates": [ 748603.044041035696864, 1961794.420194481732324 ] } },
{ "type": "Feature", "properties": { "Transect": 1683 }, "geometry": { "type": "Point", "coordinates": [ 748539.312340067815967, 1961803.572273991303518 ] } },
{ "type": "Feature", "properties": { "Transect": 1684 }, "geometry": { "type": "Point", "coordinates": [ 748640.537143522989936, 1961350.009191133547574 ] } },
{ "type": "Feature", "properties": { "Transect": 1685 }, "geometry": { "type": "Point", "coordinates": [ 748591.808352267486043, 1961814.173536126269028 ] } },
{ "type": "Feature", "properties": { "Transect": 1686 }, "geometry": { "type": "Point", "coordinates": [ 748631.205190371256322, 1961333.933212443720549 ] } },
{ "type": "Feature", "properties": { "Transect": 1687 }, "geometry": { "type": "Point", "coordinates": [ 748524.287801654078066, 1961833.225147044751793 ] } },
{ "type": "Feature", "properties": { "Transect": 1688 }, "geometry": { "type": "Point", "coordinates": [ 748612.368180573568679, 1961315.66412285133265 ] } },
{ "type": "Feature", "properties": { "Transect": 1689 }, "geometry": { "type": "Point", "coordinates": [ 748506.92844710603822, 1961872.795619160635397 ] } },
{ "type": "Feature", "properties": { "Transect": 1690 }, "geometry": { "type": "Point", "coordinates": [ 748603.18121239671018, 1961287.953979207202792 ] } },
{ "type": "Feature", "properties": { "Transect": 1691 }, "geometry": { "type": "Point", "coordinates": [ 748537.83321939164307, 1961883.127633165335283 ] } },
{ "type": "Feature", "properties": { "Transect": 1692 }, "geometry": { "type": "Point", "coordinates": [ 748593.908570980420336, 1961267.114516739733517 ] } },
{ "type": "Feature", "properties": { "Transect": 1693 }, "geometry": { "type": "Point", "coordinates": [ 748545.133879422326572, 1961893.165367860114202 ] } },
{ "type": "Feature", "properties": { "Transect": 1694 }, "geometry": { "type": "Point", "coordinates": [ 748584.48951526498422, 1961258.019050929229707 ] } },
{ "type": "Feature", "properties": { "Transect": 1695 }, "geometry": { "type": "Point", "coordinates": [ 748559.003086650394835, 1961903.284972678171471 ] } },
{ "type": "Feature", "properties": { "Transect": 1696 }, "geometry": { "type": "Point", "coordinates": [ 748565.913599191932008, 1961913.317821609089151 ] } },
{ "type": "Feature", "properties": { "Transect": 1697 }, "geometry": { "type": "Point", "coordinates": [ 748575.041538671590388, 1961251.249374109786004 ] } },
{ "type": "Feature", "properties": { "Transect": 1698 }, "geometry": { "type": "Point", "coordinates": [ 748571.545545419910923, 1961933.281434745760635 ] } },
{ "type": "Feature", "properties": { "Transect": 1699 }, "geometry": { "type": "Point", "coordinates": [ 748565.789146605995484, 1961228.782714316155761 ] } },
{ "type": "Feature", "properties": { "Transect": 1700 }, "geometry": { "type": "Point", "coordinates": [ 748545.980338880443014, 1961942.909464577678591 ] } },
{ "type": "Feature", "properties": { "Transect": 1701 }, "geometry": { "type": "Point", "coordinates": [ 748556.548278022441082, 1961205.390159150119871 ] } },
{ "type": "Feature", "properties": { "Transect": 1702 }, "geometry": { "type": "Point", "coordinates": [ 748540.121376426541246, 1961952.783138796687126 ] } },
{ "type": "Feature", "properties": { "Transect": 1703 }, "geometry": { "type": "Point", "coordinates": [ 748527.166925377212465, 1961962.568371881498024 ] } },
{ "type": "Feature", "properties": { "Transect": 1704 }, "geometry": { "type": "Point", "coordinates": [ 748537.314005058840849, 1961972.641554345143959 ] } },
{ "type": "Feature", "properties": { "Transect": 1705 }, "geometry": { "type": "Point", "coordinates": [ 748547.09017717873212, 1961199.431763519532979 ] } },
{ "type": "Feature", "properties": { "Transect": 1706 }, "geometry": { "type": "Point", "coordinates": [ 748526.878925400786102, 1961982.458191939862445 ] } },
{ "type": "Feature", "properties": { "Transect": 1707 }, "geometry": { "type": "Point", "coordinates": [ 748518.662149213487282, 1961992.302479709265754 ] } },
{ "type": "Feature", "properties": { "Transect": 1708 }, "geometry": { "type": "Point", "coordinates": [ 748522.909223341150209, 1962032.142230215715244 ] } },
{ "type": "Feature", "properties": { "Transect": 1709 }, "geometry": { "type": "Point", "coordinates": [ 748527.020313666784205, 1962042.140176772605628 ] } },
{ "type": "Feature", "properties": { "Transect": 1710 }, "geometry": { "type": "Point", "coordinates": [ 748525.086666862247512, 1962052.062778759747744 ] } },
{ "type": "Feature", "properties": { "Transect": 1711 }, "geometry": { "type": "Point", "coordinates": [ 748524.965849983273074, 1962062.007976901717484 ] } },
{ "type": "Feature", "properties": { "Transect": 1712 }, "geometry": { "type": "Point", "coordinates": [ 748524.844079372123815, 1962071.953163239639252 ] } },
{ "type": "Feature", "properties": { "Transect": 1713 }, "geometry": { "type": "Point", "coordinates": [ 748524.72253224812448, 1962081.898352446965873 ] } },
{ "type": "Feature", "properties": { "Transect": 1714 }, "geometry": { "type": "Point", "coordinates": [ 748524.601257722009905, 1962091.843545135343447 ] } },
{ "type": "Feature", "properties": { "Transect": 1715 }, "geometry": { "type": "Point", "coordinates": [ 748524.450853437301703, 1962101.788374807685614 ] } },
{ "type": "Feature", "properties": { "Transect": 1716 }, "geometry": { "type": "Point", "coordinates": [ 748523.259493281133473, 1962111.720229090191424 ] } },
{ "type": "Feature", "properties": { "Transect": 1717 }, "geometry": { "type": "Point", "coordinates": [ 748531.608998712385073, 1962121.771010385593399 ] } },
{ "type": "Feature", "properties": { "Transect": 1718 }, "geometry": { "type": "Point", "coordinates": [ 748531.477943766978569, 1962131.716081945458427 ] } },
{ "type": "Feature", "properties": { "Transect": 1719 }, "geometry": { "type": "Point", "coordinates": [ 748531.360531609854661, 1962141.661323646549135 ] } },
{ "type": "Feature", "properties": { "Transect": 1720 }, "geometry": { "type": "Point", "coordinates": [ 748531.242259173304774, 1962151.606554708210751 ] } },
{ "type": "Feature", "properties": { "Transect": 1721 }, "geometry": { "type": "Point", "coordinates": [ 748531.110750156571157, 1962161.551620856160298 ] } },
{ "type": "Feature", "properties": { "Transect": 1722 }, "geometry": { "type": "Point", "coordinates": [ 748528.274125324212946, 1962171.462966943159699 ] } },
{ "type": "Feature", "properties": { "Transect": 1723 }, "geometry": { "type": "Point", "coordinates": [ 748510.812256062054075, 1962280.659052803646773 ] } },
{ "type": "Feature", "properties": { "Transect": 1724 }, "geometry": { "type": "Point", "coordinates": [ 748521.015182263567112, 1962290.732948535587639 ] } },
{ "type": "Feature", "properties": { "Transect": 1725 }, "geometry": { "type": "Point", "coordinates": [ 748527.006566360825673, 1962300.754344032146037 ] } },
{ "type": "Feature", "properties": { "Transect": 1726 }, "geometry": { "type": "Point", "coordinates": [ 748509.959181985468604, 1962310.488534944597632 ] } },
{ "type": "Feature", "properties": { "Transect": 1727 }, "geometry": { "type": "Point", "coordinates": [ 748515.565000121248886, 1962320.505124136339873 ] } },
{ "type": "Feature", "properties": { "Transect": 1728 }, "geometry": { "type": "Point", "coordinates": [ 748529.784599358332343, 1962330.629096102900803 ] } },
{ "type": "Feature", "properties": { "Transect": 1729 }, "geometry": { "type": "Point", "coordinates": [ 748527.862887121271342, 1962340.551846466492862 ] } },
{ "type": "Feature", "properties": { "Transect": 1730 }, "geometry": { "type": "Point", "coordinates": [ 748527.712539609987289, 1962350.496679276693612 ] } },
{ "type": "Feature", "properties": { "Transect": 1731 }, "geometry": { "type": "Point", "coordinates": [ 748525.810588928405195, 1962360.41967583168298 ] } },
{ "type": "Feature", "properties": { "Transect": 1732 }, "geometry": { "type": "Point", "coordinates": [ 748525.683931921375915, 1962370.364804033422843 ] } },
{ "type": "Feature", "properties": { "Transect": 1733 }, "geometry": { "type": "Point", "coordinates": [ 748531.283982254797593, 1962380.381324927555397 ] } },
{ "type": "Feature", "properties": { "Transect": 1734 }, "geometry": { "type": "Point", "coordinates": [ 748520.346599637414329, 1962390.191679917741567 ] } },
{ "type": "Feature", "properties": { "Transect": 1735 }, "geometry": { "type": "Point", "coordinates": [ 748526.204618508229032, 1962110.316013312200084 ] } },
{ "type": "Feature", "properties": { "Transect": 1736 }, "geometry": { "type": "Point", "coordinates": [ 748512.627646526205353, 1962400.042159735457972 ] } },
{ "type": "Feature", "properties": { "Transect": 1737 }, "geometry": { "type": "Point", "coordinates": [ 748516.727906956337392, 1962410.039981566835195 ] } },
{ "type": "Feature", "properties": { "Transect": 1738 }, "geometry": { "type": "Point", "coordinates": [ 748522.33597857831046, 1962420.056600934825838 ] } },
{ "type": "Feature", "properties": { "Transect": 1739 }, "geometry": { "type": "Point", "coordinates": [ 748522.207899429835379, 1962430.001711739692837 ] } },
{ "type": "Feature", "properties": { "Transect": 1740 }, "geometry": { "type": "Point", "coordinates": [ 748510.376571565400809, 1962615.364301026565954 ] } },
{ "type": "Feature", "properties": { "Transect": 1741 }, "geometry": { "type": "Point", "coordinates": [ 748513.550695372512564, 1962439.840491872746497 ] } },
{ "type": "Feature", "properties": { "Transect": 1742 }, "geometry": { "type": "Point", "coordinates": [ 748496.509819766972214, 1962449.574766085483134 ] } },
{ "type": "Feature", "properties": { "Transect": 1743 }, "geometry": { "type": "Point", "coordinates": [ 748496.378035375033505, 1962459.519829396624118 ] } },
{ "type": "Feature", "properties": { "Transect": 1744 }, "geometry": { "type": "Point", "coordinates": [ 748490.537548275664449, 1962469.393726958893239 ] } },
{ "type": "Feature", "properties": { "Transect": 1745 }, "geometry": { "type": "Point", "coordinates": [ 748490.413897238089703, 1962479.338891478488222 ] } },
{ "type": "Feature", "properties": { "Transect": 1746 }, "geometry": { "type": "Point", "coordinates": [ 748495.04122662357986, 1963080.905571990879253 ] } },
{ "type": "Feature", "properties": { "Transect": 1747 }, "geometry": { "type": "Point", "coordinates": [ 748481.093648115987889, 1962539.653637378243729 ] } },
{ "type": "Feature", "properties": { "Transect": 1748 }, "geometry": { "type": "Point", "coordinates": [ 748495.39772041910328, 1962539.081260880921036 ] } },
{ "type": "Feature", "properties": { "Transect": 1749 }, "geometry": { "type": "Point", "coordinates": [ 748495.252304912777618, 1962549.02615500218235 ] } },
{ "type": "Feature", "properties": { "Transect": 1750 }, "geometry": { "type": "Point", "coordinates": [ 748489.030092764296569, 1962558.895291298860684 ] } },
{ "type": "Feature", "properties": { "Transect": 1751 }, "geometry": { "type": "Point", "coordinates": [ 748483.833184410701506, 1962568.777209201361984 ] } },
{ "type": "Feature", "properties": { "Transect": 1752 }, "geometry": { "type": "Point", "coordinates": [ 748476.492547671776265, 1962631.614689393900335 ] } },
{ "type": "Feature", "properties": { "Transect": 1753 }, "geometry": { "type": "Point", "coordinates": [ 748498.028516297461465, 1962630.34164030617103 ] } },
{ "type": "Feature", "properties": { "Transect": 1754 }, "geometry": { "type": "Point", "coordinates": [ 748508.571724384906702, 1962628.765867667505518 ] } },
{ "type": "Feature", "properties": { "Transect": 1755 }, "geometry": { "type": "Point", "coordinates": [ 748505.309234207030386, 1962638.671899080974981 ] } },
{ "type": "Feature", "properties": { "Transect": 1756 }, "geometry": { "type": "Point", "coordinates": [ 748501.223749741329812, 1962648.567668889882043 ] } },
{ "type": "Feature", "properties": { "Transect": 1757 }, "geometry": { "type": "Point", "coordinates": [ 748513.388500062283128, 1962683.987346130423248 ] } },
{ "type": "Feature", "properties": { "Transect": 1758 }, "geometry": { "type": "Point", "coordinates": [ 748507.402926378999837, 1962688.431540550431237 ] } },
{ "type": "Feature", "properties": { "Transect": 1759 }, "geometry": { "type": "Point", "coordinates": [ 748513.853041782043874, 1962731.896499160211533 ] } },
{ "type": "Feature", "properties": { "Transect": 1760 }, "geometry": { "type": "Point", "coordinates": [ 748522.186764182755724, 1962728.402716202428564 ] } },
{ "type": "Feature", "properties": { "Transect": 1761 }, "geometry": { "type": "Point", "coordinates": [ 748534.385428719338961, 1962789.734017725568265 ] } },
{ "type": "Feature", "properties": { "Transect": 1762 }, "geometry": { "type": "Point", "coordinates": [ 748549.320217631058767, 1962788.421340293716639 ] } },
{ "type": "Feature", "properties": { "Transect": 1763 }, "geometry": { "type": "Point", "coordinates": [ 748548.280263126012869, 1962798.355084012495354 ] } },
{ "type": "Feature", "properties": { "Transect": 1764 }, "geometry": { "type": "Point", "coordinates": [ 748543.784787010750733, 1962819.462928844848648 ] } },
{ "type": "Feature", "properties": { "Transect": 1765 }, "geometry": { "type": "Point", "coordinates": [ 748564.213731837691739, 1962818.447221579030156 ] } },
{ "type": "Feature", "properties": { "Transect": 1766 }, "geometry": { "type": "Point", "coordinates": [ 748557.731289603631012, 1962835.11265754699707 ] } },
{ "type": "Feature", "properties": { "Transect": 1767 }, "geometry": { "type": "Point", "coordinates": [ 748581.27092594827991, 1962838.553389789769426 ] } },
{ "type": "Feature", "properties": { "Transect": 1768 }, "geometry": { "type": "Point", "coordinates": [ 748578.42518146103248, 1962848.464612314011902 ] } },
{ "type": "Feature", "properties": { "Transect": 1769 }, "geometry": { "type": "Point", "coordinates": [ 748572.356013071723282, 1962859.957740023965016 ] } },
{ "type": "Feature", "properties": { "Transect": 1770 }, "geometry": { "type": "Point", "coordinates": [ 748590.436628787429072, 1962868.507861325750127 ] } },
{ "type": "Feature", "properties": { "Transect": 1771 }, "geometry": { "type": "Point", "coordinates": [ 748583.350855029188097, 1962878.366196944378316 ] } },
{ "type": "Feature", "properties": { "Transect": 1772 }, "geometry": { "type": "Point", "coordinates": [ 748588.517443900578655, 1962888.377356374636292 ] } },
{ "type": "Feature", "properties": { "Transect": 1773 }, "geometry": { "type": "Point", "coordinates": [ 748589.282560602063313, 1962911.336030005244538 ] } },
{ "type": "Feature", "properties": { "Transect": 1774 }, "geometry": { "type": "Point", "coordinates": [ 748596.59793725667987, 1962918.318300154525787 ] } },
{ "type": "Feature", "properties": { "Transect": 1775 }, "geometry": { "type": "Point", "coordinates": [ 748592.86504943750333, 1962936.672246018657461 ] } },
{ "type": "Feature", "properties": { "Transect": 1776 }, "geometry": { "type": "Point", "coordinates": [ 748605.890330142807215, 1962938.327651235274971 ] } },
{ "type": "Feature", "properties": { "Transect": 1777 }, "geometry": { "type": "Point", "coordinates": [ 748614.098331765970215, 1962945.511556572047994 ] } },
{ "type": "Feature", "properties": { "Transect": 1778 }, "geometry": { "type": "Point", "coordinates": [ 748613.573168537230231, 1962964.857632658444345 ] } },
{ "type": "Feature", "properties": { "Transect": 1779 }, "geometry": { "type": "Point", "coordinates": [ 748613.690244327764958, 1962983.603425306966528 ] } },
{ "type": "Feature", "properties": { "Transect": 1780 }, "geometry": { "type": "Point", "coordinates": [ 748608.590400173212402, 1962978.148184430552647 ] } },
{ "type": "Feature", "properties": { "Transect": 1781 }, "geometry": { "type": "Point", "coordinates": [ 748635.220291607431136, 1963020.849756528390571 ] } },
{ "type": "Feature", "properties": { "Transect": 1782 }, "geometry": { "type": "Point", "coordinates": [ 748635.613475102814846, 1963018.272208583308384 ] } },
{ "type": "Feature", "properties": { "Transect": 1783 }, "geometry": { "type": "Point", "coordinates": [ 748642.046254775486887, 1963043.154419706435874 ] } },
{ "type": "Feature", "properties": { "Transect": 1784 }, "geometry": { "type": "Point", "coordinates": [ 748658.17679765925277, 1963046.933688919525594 ] } },
{ "type": "Feature", "properties": { "Transect": 1785 }, "geometry": { "type": "Point", "coordinates": [ 748664.342962936381809, 1963048.470852671191096 ] } },
{ "type": "Feature", "properties": { "Transect": 1786 }, "geometry": { "type": "Point", "coordinates": [ 748665.234855954651721, 1963069.021412902045995 ] } },
{ "type": "Feature", "properties": { "Transect": 1787 }, "geometry": { "type": "Point", "coordinates": [ 748682.2545690726256, 1963071.969673820538446 ] } },
{ "type": "Feature", "properties": { "Transect": 1788 }, "geometry": { "type": "Point", "coordinates": [ 748688.944023797288537, 1963078.618022974813357 ] } },
{ "type": "Feature", "properties": { "Transect": 1789 }, "geometry": { "type": "Point", "coordinates": [ 748684.939388423459604, 1963098.144646803382784 ] } },
{ "type": "Feature", "properties": { "Transect": 1790 }, "geometry": { "type": "Point", "coordinates": [ 748692.79907923087012, 1963109.653946068603545 ] } },
{ "type": "Feature", "properties": { "Transect": 1791 }, "geometry": { "type": "Point", "coordinates": [ 748698.547144652227871, 1963123.136774100828916 ] } },
{ "type": "Feature", "properties": { "Transect": 1792 }, "geometry": { "type": "Point", "coordinates": [ 748709.051901032915339, 1963118.655874964082614 ] } },
{ "type": "Feature", "properties": { "Transect": 1793 }, "geometry": { "type": "Point", "coordinates": [ 748695.738772878772579, 1963128.436431402806193 ] } },
{ "type": "Feature", "properties": { "Transect": 1794 }, "geometry": { "type": "Point", "coordinates": [ 748710.672569827875122, 1963150.317595022497699 ] } },
{ "type": "Feature", "properties": { "Transect": 1795 }, "geometry": { "type": "Point", "coordinates": [ 748716.557105057057925, 1963163.672846489353105 ] } },
{ "type": "Feature", "properties": { "Transect": 1796 }, "geometry": { "type": "Point", "coordinates": [ 748711.715259971795604, 1963158.476007669232786 ] } },
{ "type": "Feature", "properties": { "Transect": 1797 }, "geometry": { "type": "Point", "coordinates": [ 748734.575186183443293, 1963175.51722446619533 ] } },
{ "type": "Feature", "properties": { "Transect": 1798 }, "geometry": { "type": "Point", "coordinates": [ 748735.250984146259725, 1963193.740534351207316 ] } },
{ "type": "Feature", "properties": { "Transect": 1799 }, "geometry": { "type": "Point", "coordinates": [ 748744.535043046111241, 1963203.918566213222221 ] } },
{ "type": "Feature", "properties": { "Transect": 1800 }, "geometry": { "type": "Point", "coordinates": [ 748753.982222302933224, 1963213.944142955355346 ] } },
{ "type": "Feature", "properties": { "Transect": 1801 }, "geometry": { "type": "Point", "coordinates": [ 748763.392948178225197, 1963224.003785580396652 ] } },
{ "type": "Feature", "properties": { "Transect": 1802 }, "geometry": { "type": "Point", "coordinates": [ 748771.356528788572177, 1963235.415915051940829 ] } },
{ "type": "Feature", "properties": { "Transect": 1803 }, "geometry": { "type": "Point", "coordinates": [ 748787.094061260228045, 1963239.562576547963545 ] } },
{ "type": "Feature", "properties": { "Transect": 1804 }, "geometry": { "type": "Point", "coordinates": [ 748787.626376828411594, 1963238.997500927653164 ] } },
{ "type": "Feature", "properties": { "Transect": 1805 }, "geometry": { "type": "Point", "coordinates": [ 748796.590792661416344, 1963259.370954952435568 ] } },
{ "type": "Feature", "properties": { "Transect": 1806 }, "geometry": { "type": "Point", "coordinates": [ 748799.95623493543826, 1963275.080429666908458 ] } },
{ "type": "Feature", "properties": { "Transect": 1807 }, "geometry": { "type": "Point", "coordinates": [ 748812.398801343748346, 1963282.306536338757724 ] } },
{ "type": "Feature", "properties": { "Transect": 1808 }, "geometry": { "type": "Point", "coordinates": [ 748824.868582240887918, 1963289.507214496843517 ] } },
{ "type": "Feature", "properties": { "Transect": 1809 }, "geometry": { "type": "Point", "coordinates": [ 748825.126184384338558, 1963289.199427739484236 ] } },
{ "type": "Feature", "properties": { "Transect": 1810 }, "geometry": { "type": "Point", "coordinates": [ 748837.737330467323773, 1963306.164133641635999 ] } },
{ "type": "Feature", "properties": { "Transect": 1811 }, "geometry": { "type": "Point", "coordinates": [ 748847.390495285741054, 1963315.997175295138732 ] } },
{ "type": "Feature", "properties": { "Transect": 1812 }, "geometry": { "type": "Point", "coordinates": [ 748850.528626519837417, 1963319.35688775125891 ] } },
{ "type": "Feature", "properties": { "Transect": 1813 }, "geometry": { "type": "Point", "coordinates": [ 748887.606954097165726, 1963382.514136140234768 ] } },
{ "type": "Feature", "properties": { "Transect": 1814 }, "geometry": { "type": "Point", "coordinates": [ 748900.67756492481567, 1963389.153301177546382 ] } },
{ "type": "Feature", "properties": { "Transect": 1815 }, "geometry": { "type": "Point", "coordinates": [ 748910.08761960780248, 1963399.21351702301763 ] } },
{ "type": "Feature", "properties": { "Transect": 1816 }, "geometry": { "type": "Point", "coordinates": [ 748929.274486232898198, 1963418.691523539833724 ] } },
{ "type": "Feature", "properties": { "Transect": 1817 }, "geometry": { "type": "Point", "coordinates": [ 748938.791508895461448, 1963419.847991114482284 ] } },
{ "type": "Feature", "properties": { "Transect": 1818 }, "geometry": { "type": "Point", "coordinates": [ 748938.018242775578983, 1963410.015976441092789 ] } },
{ "type": "Feature", "properties": { "Transect": 1819 }, "geometry": { "type": "Point", "coordinates": [ 748942.972381205996498, 1963424.240528185851872 ] } },
{ "type": "Feature", "properties": { "Transect": 1820 }, "geometry": { "type": "Point", "coordinates": [ 748940.986884521436878, 1963444.950589607004076 ] } },
{ "type": "Feature", "properties": { "Transect": 1821 }, "geometry": { "type": "Point", "coordinates": [ 748954.377347020315938, 1963451.290834117215127 ] } },
{ "type": "Feature", "properties": { "Transect": 1822 }, "geometry": { "type": "Point", "coordinates": [ 748963.36220541887451, 1963461.748388646636158 ] } },
{ "type": "Feature", "properties": { "Transect": 1823 }, "geometry": { "type": "Point", "coordinates": [ 748972.773482753778808, 1963471.807425156235695 ] } },
{ "type": "Feature", "properties": { "Transect": 1824 }, "geometry": { "type": "Point", "coordinates": [ 749004.439214982092381, 1963505.670253875898197 ] } },
{ "type": "Feature", "properties": { "Transect": 1825 }, "geometry": { "type": "Point", "coordinates": [ 748993.424671293352731, 1963480.387509286869317 ] } },
{ "type": "Feature", "properties": { "Transect": 1826 }, "geometry": { "type": "Point", "coordinates": [ 749002.816389102605172, 1963490.464822284178808 ] } },
{ "type": "Feature", "properties": { "Transect": 1827 }, "geometry": { "type": "Point", "coordinates": [ 749033.030792858684435, 1963505.888878712430596 ] } },
{ "type": "Feature", "properties": { "Transect": 1828 }, "geometry": { "type": "Point", "coordinates": [ 749029.762741778278723, 1963493.161758766509593 ] } },
{ "type": "Feature", "properties": { "Transect": 1829 }, "geometry": { "type": "Point", "coordinates": [ 749043.523176789632998, 1963499.156289890641347 ] } },
{ "type": "Feature", "properties": { "Transect": 1830 }, "geometry": { "type": "Point", "coordinates": [ 749051.519906078232452, 1963510.537297894246876 ] } },
{ "type": "Feature", "properties": { "Transect": 1831 }, "geometry": { "type": "Point", "coordinates": [ 749055.566653628717177, 1963525.609745256369933 ] } },
{ "type": "Feature", "properties": { "Transect": 1832 }, "geometry": { "type": "Point", "coordinates": [ 749063.386294057010673, 1963537.156230120919645 ] } },
{ "type": "Feature", "properties": { "Transect": 1833 }, "geometry": { "type": "Point", "coordinates": [ 749089.422394779394381, 1963569.637207976542413 ] } },
{ "type": "Feature", "properties": { "Transect": 1834 }, "geometry": { "type": "Point", "coordinates": [ 749079.00279286375735, 1963550.441484479000792 ] } },
{ "type": "Feature", "properties": { "Transect": 1835 }, "geometry": { "type": "Point", "coordinates": [ 749094.874180604470894, 1963554.463250524131581 ] } },
{ "type": "Feature", "properties": { "Transect": 1836 }, "geometry": { "type": "Point", "coordinates": [ 749117.843208359787241, 1963583.506052556214854 ] } },
{ "type": "Feature", "properties": { "Transect": 1837 }, "geometry": { "type": "Point", "coordinates": [ 749107.830415761098266, 1963570.234624293399975 ] } },
{ "type": "Feature", "properties": { "Transect": 1838 }, "geometry": { "type": "Point", "coordinates": [ 749136.773612412624061, 1963594.094190503004938 ] } },
{ "type": "Feature", "properties": { "Transect": 1839 }, "geometry": { "type": "Point", "coordinates": [ 749124.235105040716007, 1963582.783263086108491 ] } },
{ "type": "Feature", "properties": { "Transect": 1840 }, "geometry": { "type": "Point", "coordinates": [ 749155.83048681251239, 1963594.568613020004705 ] } },
{ "type": "Feature", "properties": { "Transect": 1841 }, "geometry": { "type": "Point", "coordinates": [ 749165.550746367662214, 1963579.468794012907892 ] } },
{ "type": "Feature", "properties": { "Transect": 1842 }, "geometry": { "type": "Point", "coordinates": [ 749174.994501917390153, 1963586.477071372326463 ] } },
{ "type": "Feature", "properties": { "Transect": 1843 }, "geometry": { "type": "Point", "coordinates": [ 749184.358616976183839, 1963599.851992393610999 ] } },
{ "type": "Feature", "properties": { "Transect": 1844 }, "geometry": { "type": "Point", "coordinates": [ 749181.018925359589048, 1963584.671879407251254 ] } },
{ "type": "Feature", "properties": { "Transect": 1845 }, "geometry": { "type": "Point", "coordinates": [ 749145.149145448231138, 1963581.654360117390752 ] } },
{ "type": "Feature", "properties": { "Transect": 1846 }, "geometry": { "type": "Point", "coordinates": [ 749187.371056604897603, 1963592.129273145692423 ] } },
{ "type": "Feature", "properties": { "Transect": 1847 }, "geometry": { "type": "Point", "coordinates": [ 749195.714499732828699, 1963602.180405447259545 ] } },
{ "type": "Feature", "properties": { "Transect": 1848 }, "geometry": { "type": "Point", "coordinates": [ 749202.165408701635897, 1963612.207865031668916 ] } },
{ "type": "Feature", "properties": { "Transect": 1849 }, "geometry": { "type": "Point", "coordinates": [ 749202.068441325915046, 1963622.15341727132909 ] } },
{ "type": "Feature", "properties": { "Transect": 1850 }, "geometry": { "type": "Point", "coordinates": [ 749193.479505335795693, 1963631.99274193844758 ] } },
{ "type": "Feature", "properties": { "Transect": 1851 }, "geometry": { "type": "Point", "coordinates": [ 749197.675458809942938, 1963646.933653383282945 ] } },
{ "type": "Feature", "properties": { "Transect": 1852 }, "geometry": { "type": "Point", "coordinates": [ 749210.500871771015227, 1963653.802054267609492 ] } },
{ "type": "Feature", "properties": { "Transect": 1853 }, "geometry": { "type": "Point", "coordinates": [ 749219.903804921079427, 1963663.8688536984846 ] } },
{ "type": "Feature", "properties": { "Transect": 1854 }, "geometry": { "type": "Point", "coordinates": [ 749224.692947159172036, 1964185.151815149001777 ] } },
{ "type": "Feature", "properties": { "Transect": 1855 }, "geometry": { "type": "Point", "coordinates": [ 749234.191535213263705, 1964187.752534218830988 ] } },
{ "type": "Feature", "properties": { "Transect": 1856 }, "geometry": { "type": "Point", "coordinates": [ 749237.158036501263268, 1963684.648658176884055 ] } },
{ "type": "Feature", "properties": { "Transect": 1857 }, "geometry": { "type": "Point", "coordinates": [ 749253.261362432735041, 1963688.453786324476823 ] } },
{ "type": "Feature", "properties": { "Transect": 1858 }, "geometry": { "type": "Point", "coordinates": [ 749226.612297799903899, 1963692.087777067208663 ] } },
{ "type": "Feature", "properties": { "Transect": 1859 }, "geometry": { "type": "Point", "coordinates": [ 749263.710657030227594, 1963702.49875567946583 ] } },
{ "type": "Feature", "properties": { "Transect": 1860 }, "geometry": { "type": "Point", "coordinates": [ 749255.128940206719562, 1963712.338142672087997 ] } },
{ "type": "Feature", "properties": { "Transect": 1861 }, "geometry": { "type": "Point", "coordinates": [ 749255.025325274444185, 1963722.283615994034335 ] } },
{ "type": "Feature", "properties": { "Transect": 1862 }, "geometry": { "type": "Point", "coordinates": [ 749254.89208139013499, 1963732.228718648198992 ] } },
{ "type": "Feature", "properties": { "Transect": 1863 }, "geometry": { "type": "Point", "coordinates": [ 749255.713411493343301, 1963742.185766176786274 ] } },
{ "type": "Feature", "properties": { "Transect": 1864 }, "geometry": { "type": "Point", "coordinates": [ 749255.57093518471811, 1963752.130753527628258 ] } },
{ "type": "Feature", "properties": { "Transect": 1865 }, "geometry": { "type": "Point", "coordinates": [ 749255.456014435039833, 1963762.076085770968348 ] } },
{ "type": "Feature", "properties": { "Transect": 1866 }, "geometry": { "type": "Point", "coordinates": [ 749262.207716724835336, 1963777.57856002333574 ] } },
{ "type": "Feature", "properties": { "Transect": 1867 }, "geometry": { "type": "Point", "coordinates": [ 749276.790990684763528, 1963782.236602728022262 ] } },
{ "type": "Feature", "properties": { "Transect": 1868 }, "geometry": { "type": "Point", "coordinates": [ 749276.669309456716292, 1963792.181851950008422 ] } },
{ "type": "Feature", "properties": { "Transect": 1869 }, "geometry": { "type": "Point", "coordinates": [ 749276.548456534510478, 1963802.127111622132361 ] } },
{ "type": "Feature", "properties": { "Transect": 1870 }, "geometry": { "type": "Point", "coordinates": [ 749276.412359949550591, 1963812.072180616669357 ] } },
{ "type": "Feature", "properties": { "Transect": 1871 }, "geometry": { "type": "Point", "coordinates": [ 749278.096651825588197, 1963822.040030371164903 ] } },
{ "type": "Feature", "properties": { "Transect": 1872 }, "geometry": { "type": "Point", "coordinates": [ 749268.717469704570249, 1963839.493545197881758 ] } },
{ "type": "Feature", "properties": { "Transect": 1873 }, "geometry": { "type": "Point", "coordinates": [ 749269.532750569749624, 1963841.826398025732487 ] } },
{ "type": "Feature", "properties": { "Transect": 1874 }, "geometry": { "type": "Point", "coordinates": [ 749259.731868282193318, 1963851.650513621978462 ] } },
{ "type": "Feature", "properties": { "Transect": 1875 }, "geometry": { "type": "Point", "coordinates": [ 749259.603747790097259, 1963861.595681851264089 ] } },
{ "type": "Feature", "properties": { "Transect": 1876 }, "geometry": { "type": "Point", "coordinates": [ 749259.472210893523879, 1963871.540807406185195 ] } },
{ "type": "Feature", "properties": { "Transect": 1877 }, "geometry": { "type": "Point", "coordinates": [ 749257.553511827252805, 1963881.463566652499139 ] } },
{ "type": "Feature", "properties": { "Transect": 1878 }, "geometry": { "type": "Point", "coordinates": [ 749260.155505689443089, 1963891.442902655806392 ] } },
{ "type": "Feature", "properties": { "Transect": 1879 }, "geometry": { "type": "Point", "coordinates": [ 749279.010650494019501, 1964414.374776025302708 ] } },
{ "type": "Feature", "properties": { "Transect": 1880 }, "geometry": { "type": "Point", "coordinates": [ 749263.199078740552068, 1963901.427774160401896 ] } },
{ "type": "Feature", "properties": { "Transect": 1881 }, "geometry": { "type": "Point", "coordinates": [ 749261.27778814395424, 1963911.3505020046141 ] } },
{ "type": "Feature", "properties": { "Transect": 1882 }, "geometry": { "type": "Point", "coordinates": [ 749268.609508520457894, 1964483.898350978037342 ] } },
{ "type": "Feature", "properties": { "Transect": 1883 }, "geometry": { "type": "Point", "coordinates": [ 749253.420408957172185, 1963921.198949412908405 ] } },
{ "type": "Feature", "properties": { "Transect": 1884 }, "geometry": { "type": "Point", "coordinates": [ 749256.022464156383649, 1963931.178284351015463 ] } },
{ "type": "Feature", "properties": { "Transect": 1885 }, "geometry": { "type": "Point", "coordinates": [ 749265.143444851157255, 1963999.248176905093715 ] } },
{ "type": "Feature", "properties": { "Transect": 1886 }, "geometry": { "type": "Point", "coordinates": [ 749243.641740387654863, 1963940.970127238659188 ] } },
{ "type": "Feature", "properties": { "Transect": 1887 }, "geometry": { "type": "Point", "coordinates": [ 749260.321172566968016, 1963622.946123267756775 ] } },
{ "type": "Feature", "properties": { "Transect": 1888 }, "geometry": { "type": "Point", "coordinates": [ 749229.774068995146081, 1963950.743368893163279 ] } },
{ "type": "Feature", "properties": { "Transect": 1889 }, "geometry": { "type": "Point", "coordinates": [ 749249.954079452203587, 1963689.731936610303819 ] } },
{ "type": "Feature", "properties": { "Transect": 1890 }, "geometry": { "type": "Point", "coordinates": [ 749220.116443048929796, 1963960.569298382150009 ] } },
{ "type": "Feature", "properties": { "Transect": 1891 }, "geometry": { "type": "Point", "coordinates": [ 749229.255791781353764, 1963970.63043079059571 ] } },
{ "type": "Feature", "properties": { "Transect": 1892 }, "geometry": { "type": "Point", "coordinates": [ 749216.420196070568636, 1963980.416586420265958 ] } },
{ "type": "Feature", "properties": { "Transect": 1893 }, "geometry": { "type": "Point", "coordinates": [ 749240.424196723033674, 1963689.617102345451713 ] } },
{ "type": "Feature", "properties": { "Transect": 1894 }, "geometry": { "type": "Point", "coordinates": [ 749214.430331601761281, 1963990.338465250562876 ] } },
{ "type": "Feature", "properties": { "Transect": 1895 }, "geometry": { "type": "Point", "coordinates": [ 749230.985185664496385, 1963682.237588801654056 ] } },
{ "type": "Feature", "properties": { "Transect": 1896 }, "geometry": { "type": "Point", "coordinates": [ 749197.820232078549452, 1964000.077406694879755 ] } },
{ "type": "Feature", "properties": { "Transect": 1897 }, "geometry": { "type": "Point", "coordinates": [ 749221.660117933060974, 1963665.751112628728151 ] } },
{ "type": "Feature", "properties": { "Transect": 1898 }, "geometry": { "type": "Point", "coordinates": [ 749173.493276023422368, 1964019.666571588022634 ] } },
{ "type": "Feature", "properties": { "Transect": 1899 }, "geometry": { "type": "Point", "coordinates": [ 749177.563112757983617, 1964029.664261435624212 ] } },
{ "type": "Feature", "properties": { "Transect": 1900 }, "geometry": { "type": "Point", "coordinates": [ 749171.739655501558445, 1964039.538165182573721 ] } },
{ "type": "Feature", "properties": { "Transect": 1901 }, "geometry": { "type": "Point", "coordinates": [ 749173.697175418608822, 1964081.35261695086956 ] } },
{ "type": "Feature", "properties": { "Transect": 1902 }, "geometry": { "type": "Point", "coordinates": [ 749181.805043908534572, 1964059.557627054164186 ] } },
{ "type": "Feature", "properties": { "Transect": 1903 }, "geometry": { "type": "Point", "coordinates": [ 749194.382414128165692, 1964069.661774260690436 ] } },
{ "type": "Feature", "properties": { "Transect": 1904 }, "geometry": { "type": "Point", "coordinates": [ 749193.985695578856394, 1964100.90441677486524 ] } },
{ "type": "Feature", "properties": { "Transect": 1905 }, "geometry": { "type": "Point", "coordinates": [ 749194.208021647878923, 1964089.553117794916034 ] } },
{ "type": "Feature", "properties": { "Transect": 1906 }, "geometry": { "type": "Point", "coordinates": [ 749186.621641180478036, 1964099.404955200850964 ] } },
{ "type": "Feature", "properties": { "Transect": 1907 }, "geometry": { "type": "Point", "coordinates": [ 749203.412336774053983, 1964109.561835999600589 ] } },
{ "type": "Feature", "properties": { "Transect": 1908 }, "geometry": { "type": "Point", "coordinates": [ 749212.304911267012358, 1964132.125470804981887 ] } },
{ "type": "Feature", "properties": { "Transect": 1909 }, "geometry": { "type": "Point", "coordinates": [ 749231.495766148786061, 1964129.806804619496688 ] } },
{ "type": "Feature", "properties": { "Transect": 1910 }, "geometry": { "type": "Point", "coordinates": [ 749216.3598102676915, 1964139.564162135822698 ] } },
{ "type": "Feature", "properties": { "Transect": 1911 }, "geometry": { "type": "Point", "coordinates": [ 749222.775320828193799, 1964160.852304338011891 ] } },
{ "type": "Feature", "properties": { "Transect": 1912 }, "geometry": { "type": "Point", "coordinates": [ 749231.805568765848875, 1964159.650995136704296 ] } },
{ "type": "Feature", "properties": { "Transect": 1913 }, "geometry": { "type": "Point", "coordinates": [ 749222.406734113232233, 1964169.480142462532967 ] } },
{ "type": "Feature", "properties": { "Transect": 1914 }, "geometry": { "type": "Point", "coordinates": [ 749234.767426786012948, 1964188.157109892461449 ] } },
{ "type": "Feature", "properties": { "Transect": 1915 }, "geometry": { "type": "Point", "coordinates": [ 749222.187466486473568, 1964189.370930093340576 ] } },
{ "type": "Feature", "properties": { "Transect": 1916 }, "geometry": { "type": "Point", "coordinates": [ 749229.975112762534991, 1964221.317869240185246 ] } },
{ "type": "Feature", "properties": { "Transect": 1917 }, "geometry": { "type": "Point", "coordinates": [ 749231.464815988205373, 1964209.380574113456532 ] } },
{ "type": "Feature", "properties": { "Transect": 1918 }, "geometry": { "type": "Point", "coordinates": [ 749247.251753659336828, 1964233.855403677560389 ] } },
{ "type": "Feature", "properties": { "Transect": 1919 }, "geometry": { "type": "Point", "coordinates": [ 749234.627673961105756, 1964229.313692113617435 ] } },
{ "type": "Feature", "properties": { "Transect": 1920 }, "geometry": { "type": "Point", "coordinates": [ 749296.792028042022139, 1964301.485644733766094 ] } },
{ "type": "Feature", "properties": { "Transect": 1921 }, "geometry": { "type": "Point", "coordinates": [ 749301.85789607767947, 1964315.605044835945591 ] } },
{ "type": "Feature", "properties": { "Transect": 1922 }, "geometry": { "type": "Point", "coordinates": [ 749312.590337806614116, 1964324.429154345998541 ] } },
{ "type": "Feature", "properties": { "Transect": 1923 }, "geometry": { "type": "Point", "coordinates": [ 749322.179719539592043, 1964334.321424360387027 ] } },
{ "type": "Feature", "properties": { "Transect": 1924 }, "geometry": { "type": "Point", "coordinates": [ 749332.719243804807775, 1964330.009367035003379 ] } },
{ "type": "Feature", "properties": { "Transect": 1925 }, "geometry": { "type": "Point", "coordinates": [ 749342.991247448022477, 1964343.555759213399142 ] } },
{ "type": "Feature", "properties": { "Transect": 1926 }, "geometry": { "type": "Point", "coordinates": [ 749352.397856323979795, 1964353.618832079460844 ] } },
{ "type": "Feature", "properties": { "Transect": 1927 }, "geometry": { "type": "Point", "coordinates": [ 749355.32924065971747, 1964369.732798071578145 ] } },
{ "type": "Feature", "properties": { "Transect": 1928 }, "geometry": { "type": "Point", "coordinates": [ 749359.974393904907629, 1964370.1377632569056 ] } },
{ "type": "Feature", "properties": { "Transect": 1929 }, "geometry": { "type": "Point", "coordinates": [ 749367.40760694432538, 1964387.128023972036317 ] } },
{ "type": "Feature", "properties": { "Transect": 1930 }, "geometry": { "type": "Point", "coordinates": [ 749367.949683408718556, 1964405.474675913574174 ] } },
{ "type": "Feature", "properties": { "Transect": 1931 }, "geometry": { "type": "Point", "coordinates": [ 749427.815258953836747, 1964453.627180599840358 ] } },
{ "type": "Feature", "properties": { "Transect": 1932 }, "geometry": { "type": "Point", "coordinates": [ 749439.92454410973005, 1964461.164683610666543 ] } },
{ "type": "Feature", "properties": { "Transect": 1933 }, "geometry": { "type": "Point", "coordinates": [ 749449.344152186298743, 1964471.215571954846382 ] } },
{ "type": "Feature", "properties": { "Transect": 1934 }, "geometry": { "type": "Point", "coordinates": [ 749456.019078471348621, 1964483.831232943804935 ] } },
{ "type": "Feature", "properties": { "Transect": 1935 }, "geometry": { "type": "Point", "coordinates": [ 749463.199866378097795, 1964495.974179374286905 ] } },
{ "type": "Feature", "properties": { "Transect": 1936 }, "geometry": { "type": "Point", "coordinates": [ 749467.705077241524123, 1964500.795353168621659 ] } },
{ "type": "Feature", "properties": { "Transect": 1937 }, "geometry": { "type": "Point", "coordinates": [ 749472.238837120356038, 1964516.209530201042071 ] } },
{ "type": "Feature", "properties": { "Transect": 1938 }, "geometry": { "type": "Point", "coordinates": [ 749474.403463930240832, 1964533.039795024553314 ] } },
{ "type": "Feature", "properties": { "Transect": 1939 }, "geometry": { "type": "Point", "coordinates": [ 749486.310620976728387, 1964540.766162850195542 ] } },
{ "type": "Feature", "properties": { "Transect": 1940 }, "geometry": { "type": "Point", "coordinates": [ 749497.109238132019527, 1964549.528404242359102 ] } },
{ "type": "Feature", "properties": { "Transect": 1941 }, "geometry": { "type": "Point", "coordinates": [ 749509.53798656782601, 1964556.767381037119776 ] } },
{ "type": "Feature", "properties": { "Transect": 1942 }, "geometry": { "type": "Point", "coordinates": [ 749518.935668805032037, 1964566.838718825252727 ] } },
{ "type": "Feature", "properties": { "Transect": 1943 }, "geometry": { "type": "Point", "coordinates": [ 749529.287459768238477, 1964576.018495501484722 ] } },
{ "type": "Feature", "properties": { "Transect": 1944 }, "geometry": { "type": "Point", "coordinates": [ 749543.533299044123851, 1964601.514530518325046 ] } },
{ "type": "Feature", "properties": { "Transect": 1945 }, "geometry": { "type": "Point", "coordinates": [ 749566.416281486162916, 1964655.245731510687619 ] } },
{ "type": "Feature", "properties": { "Transect": 1946 }, "geometry": { "type": "Point", "coordinates": [ 749578.22417853679508, 1964663.064846360357478 ] } },
{ "type": "Feature", "properties": { "Transect": 1947 }, "geometry": { "type": "Point", "coordinates": [ 749599.664218302234076, 1964685.656342942500487 ] } },
{ "type": "Feature", "properties": { "Transect": 1948 }, "geometry": { "type": "Point", "coordinates": [ 749597.752345875836909, 1964672.693948338506743 ] } },
{ "type": "Feature", "properties": { "Transect": 1949 }, "geometry": { "type": "Point", "coordinates": [ 749614.066019040648825, 1964676.3027550119441 ] } },
{ "type": "Feature", "properties": { "Transect": 1950 }, "geometry": { "type": "Point", "coordinates": [ 749628.179593282635324, 1964691.827677602646872 ] } },
{ "type": "Feature", "properties": { "Transect": 1951 }, "geometry": { "type": "Point", "coordinates": [ 749637.696029158425517, 1964692.982398869004101 ] } },
{ "type": "Feature", "properties": { "Transect": 1952 }, "geometry": { "type": "Point", "coordinates": [ 749645.130208752583712, 1964860.201806586701423 ] } },
{ "type": "Feature", "properties": { "Transect": 1953 }, "geometry": { "type": "Point", "coordinates": [ 749654.478966862079687, 1964874.722293174127117 ] } },
{ "type": "Feature", "properties": { "Transect": 1954 }, "geometry": { "type": "Point", "coordinates": [ 749663.888583493884653, 1964884.388487172080204 ] } },
{ "type": "Feature", "properties": { "Transect": 1955 }, "geometry": { "type": "Point", "coordinates": [ 749652.325122851645574, 1964704.5252020789776 ] } },
{ "type": "Feature", "properties": { "Transect": 1956 }, "geometry": { "type": "Point", "coordinates": [ 749670.800220751785673, 1964692.330157183576375 ] } },
{ "type": "Feature", "properties": { "Transect": 1957 }, "geometry": { "type": "Point", "coordinates": [ 749662.318522172165103, 1964702.170598847325891 ] } },
{ "type": "Feature", "properties": { "Transect": 1958 }, "geometry": { "type": "Point", "coordinates": [ 749659.071185042848811, 1964712.076682203449309 ] } },
{ "type": "Feature", "properties": { "Transect": 1959 }, "geometry": { "type": "Point", "coordinates": [ 749684.255180838285014, 1964780.333282683044672 ] } },
{ "type": "Feature", "properties": { "Transect": 1960 }, "geometry": { "type": "Point", "coordinates": [ 749650.392688545398414, 1964721.914668881334364 ] } },
{ "type": "Feature", "properties": { "Transect": 1961 }, "geometry": { "type": "Point", "coordinates": [ 749674.78226287686266, 1964775.711082020541653 ] } },
{ "type": "Feature", "properties": { "Transect": 1962 }, "geometry": { "type": "Point", "coordinates": [ 749637.483349878806621, 1964731.699603969464079 ] } },
{ "type": "Feature", "properties": { "Transect": 1963 }, "geometry": { "type": "Point", "coordinates": [ 749664.835417294874787, 1964808.882937260437757 ] } },
{ "type": "Feature", "properties": { "Transect": 1964 }, "geometry": { "type": "Point", "coordinates": [ 749625.454810682567768, 1964741.49559000460431 ] } },
{ "type": "Feature", "properties": { "Transect": 1965 }, "geometry": { "type": "Point", "coordinates": [ 749642.254076011129655, 1964751.653050028253347 ] } },
{ "type": "Feature", "properties": { "Transect": 1966 }, "geometry": { "type": "Point", "coordinates": [ 749642.129129065549932, 1964761.598289612680674 ] } },
{ "type": "Feature", "properties": { "Transect": 1967 }, "geometry": { "type": "Point", "coordinates": [ 749635.88742567889858, 1964771.466827317373827 ] } },
{ "type": "Feature", "properties": { "Transect": 1968 }, "geometry": { "type": "Point", "coordinates": [ 749633.478598473127931, 1964802.374868480255827 ] } },
{ "type": "Feature", "properties": { "Transect": 1969 }, "geometry": { "type": "Point", "coordinates": [ 749631.490418708417565, 1964791.30528822587803 ] } },
{ "type": "Feature", "properties": { "Transect": 1970 }, "geometry": { "type": "Point", "coordinates": [ 749638.110435467329808, 1964826.728065697476268 ] } },
{ "type": "Feature", "properties": { "Transect": 1971 }, "geometry": { "type": "Point", "coordinates": [ 749640.673973786644638, 1964843.185191017808393 ] } },
{ "type": "Feature", "properties": { "Transect": 1972 }, "geometry": { "type": "Point", "coordinates": [ 749652.993033761391416, 1964850.526622803416103 ] } },
{ "type": "Feature", "properties": { "Transect": 1973 }, "geometry": { "type": "Point", "coordinates": [ 749657.374269659514539, 1964865.285240801051259 ] } },
{ "type": "Feature", "properties": { "Transect": 1974 }, "geometry": { "type": "Point", "coordinates": [ 749676.774516569450498, 1964866.009951314888895 ] } },
{ "type": "Feature", "properties": { "Transect": 1975 }, "geometry": { "type": "Point", "coordinates": [ 749687.053440234041773, 1964875.257715235697106 ] } },
{ "type": "Feature", "properties": { "Transect": 1976 }, "geometry": { "type": "Point", "coordinates": [ 749695.98860879719723, 1964885.761090420885012 ] } },
{ "type": "Feature", "properties": { "Transect": 1977 }, "geometry": { "type": "Point", "coordinates": [ 749705.309320243890397, 1964895.90420812740922 ] } },
{ "type": "Feature", "properties": { "Transect": 1978 }, "geometry": { "type": "Point", "coordinates": [ 749707.179677467793226, 1964913.008951092371717 ] } },
{ "type": "Feature", "properties": { "Transect": 1979 }, "geometry": { "type": "Point", "coordinates": [ 749748.960743827396072, 1964940.60130013874732 ] } },
{ "type": "Feature", "properties": { "Transect": 1980 }, "geometry": { "type": "Point", "coordinates": [ 749717.545403120224364, 1964931.199312161188573 ] } },
{ "type": "Feature", "properties": { "Transect": 1981 }, "geometry": { "type": "Point", "coordinates": [ 749717.437082618707791, 1964901.798015844076872 ] } },
{ "type": "Feature", "properties": { "Transect": 1982 }, "geometry": { "type": "Point", "coordinates": [ 749743.206502711167559, 1964935.902608333155513 ] } },
{ "type": "Feature", "properties": { "Transect": 1983 }, "geometry": { "type": "Point", "coordinates": [ 749698.967397091444582, 1964921.459880038397387 ] } },
{ "type": "Feature", "properties": { "Transect": 1984 }, "geometry": { "type": "Point", "coordinates": [ 749755.24927126232069, 1964953.330871984129772 ] } },
{ "type": "Feature", "properties": { "Transect": 1985 }, "geometry": { "type": "Point", "coordinates": [ 749765.607211862225085, 1964962.504787872545421 ] } },
{ "type": "Feature", "properties": { "Transect": 1986 }, "geometry": { "type": "Point", "coordinates": [ 749773.573873953777365, 1964973.913096884964034 ] } },
{ "type": "Feature", "properties": { "Transect": 1987 }, "geometry": { "type": "Point", "coordinates": [ 749793.386094048502855, 1964974.253010883461684 ] } },
{ "type": "Feature", "properties": { "Transect": 1988 }, "geometry": { "type": "Point", "coordinates": [ 749803.586865657009184, 1964983.573792952345684 ] } },
{ "type": "Feature", "properties": { "Transect": 1989 }, "geometry": { "type": "Point", "coordinates": [ 749805.254428524174727, 1964982.474365110974759 ] } },
{ "type": "Feature", "properties": { "Transect": 1990 }, "geometry": { "type": "Point", "coordinates": [ 749823.759853260708041, 1964993.405285450164229 ] } },
{ "type": "Feature", "properties": { "Transect": 1991 }, "geometry": { "type": "Point", "coordinates": [ 749833.164818480960093, 1965003.469667298253626 ] } },
{ "type": "Feature", "properties": { "Transect": 1992 }, "geometry": { "type": "Point", "coordinates": [ 749845.677306382800452, 1965019.654028538847342 ] } },
{ "type": "Feature", "properties": { "Transect": 1993 }, "geometry": { "type": "Point", "coordinates": [ 749850.440646193921566, 1965034.055448699975386 ] } },
{ "type": "Feature", "properties": { "Transect": 1994 }, "geometry": { "type": "Point", "coordinates": [ 749857.786545206094161, 1965046.043757542967796 ] } },
{ "type": "Feature", "properties": { "Transect": 1995 }, "geometry": { "type": "Point", "coordinates": [ 749869.608574732672423, 1965053.849652400938794 ] } },
{ "type": "Feature", "properties": { "Transect": 1996 }, "geometry": { "type": "Point", "coordinates": [ 749899.683532724622637, 1965081.609962184913456 ] } },
{ "type": "Feature", "properties": { "Transect": 1997 }, "geometry": { "type": "Point", "coordinates": [ 749899.132322309073061, 1965072.991144073894247 ] } },
{ "type": "Feature", "properties": { "Transect": 1998 }, "geometry": { "type": "Point", "coordinates": [ 749916.050300069851801, 1965076.035526214633137 ] } },
{ "type": "Feature", "properties": { "Transect": 1999 }, "geometry": { "type": "Point", "coordinates": [ 749928.196770405280404, 1965087.902754704002291 ] } },
{ "type": "Feature", "properties": { "Transect": 2000 }, "geometry": { "type": "Point", "coordinates": [ 749935.029183699865825, 1965086.177783673163503 ] } },
{ "type": "Feature", "properties": { "Transect": 2001 }, "geometry": { "type": "Point", "coordinates": [ 749944.423295650165528, 1965096.252277053426951 ] } },
{ "type": "Feature", "properties": { "Transect": 2002 }, "geometry": { "type": "Point", "coordinates": [ 749956.466363669140264, 1965113.597419569734484 ] } },
{ "type": "Feature", "properties": { "Transect": 2003 }, "geometry": { "type": "Point", "coordinates": [ 749959.375724326469935, 1965110.156726650660858 ] } },
{ "type": "Feature", "properties": { "Transect": 2004 }, "geometry": { "type": "Point", "coordinates": [ 749963.2703953696182, 1965125.369701238581911 ] } },
{ "type": "Feature", "properties": { "Transect": 2005 }, "geometry": { "type": "Point", "coordinates": [ 749981.606580547057092, 1965127.089012267068028 ] } },
{ "type": "Feature", "properties": { "Transect": 2006 }, "geometry": { "type": "Point", "coordinates": [ 749988.782188365119509, 1965139.236381649272516 ] } },
{ "type": "Feature", "properties": { "Transect": 2007 }, "geometry": { "type": "Point", "coordinates": [ 750014.768609554274008, 1965190.363483947934583 ] } },
{ "type": "Feature", "properties": { "Transect": 2008 }, "geometry": { "type": "Point", "coordinates": [ 750041.116935654194094, 1965203.241600386798382 ] } },
{ "type": "Feature", "properties": { "Transect": 2009 }, "geometry": { "type": "Point", "coordinates": [ 750069.39473264303524, 1965228.258843529736623 ] } },
{ "type": "Feature", "properties": { "Transect": 2010 }, "geometry": { "type": "Point", "coordinates": [ 750059.509965269477107, 1965213.332989532267675 ] } },
{ "type": "Feature", "properties": { "Transect": 2011 }, "geometry": { "type": "Point", "coordinates": [ 750068.333090908359736, 1965223.940926463808864 ] } },
{ "type": "Feature", "properties": { "Transect": 2012 }, "geometry": { "type": "Point", "coordinates": [ 750085.49687813105993, 1965226.755771099124104 ] } },
{ "type": "Feature", "properties": { "Transect": 2013 }, "geometry": { "type": "Point", "coordinates": [ 750092.611111508565955, 1965238.96040926175192 ] } },
{ "type": "Feature", "properties": { "Transect": 2014 }, "geometry": { "type": "Point", "coordinates": [ 750102.020741540123709, 1965249.020342980744317 ] } },
{ "type": "Feature", "properties": { "Transect": 2015 }, "geometry": { "type": "Point", "coordinates": [ 750127.891785766812973, 1965281.403157283551991 ] } },
{ "type": "Feature", "properties": { "Transect": 2016 }, "geometry": { "type": "Point", "coordinates": [ 750129.684757728944533, 1965298.579621720593423 ] } },
{ "type": "Feature", "properties": { "Transect": 2017 }, "geometry": { "type": "Point", "coordinates": [ 750163.459093463374302, 1965327.121554873650894 ] } },
{ "type": "Feature", "properties": { "Transect": 2018 }, "geometry": { "type": "Point", "coordinates": [ 750151.84293081657961, 1965305.751285280566663 ] } },
{ "type": "Feature", "properties": { "Transect": 2019 }, "geometry": { "type": "Point", "coordinates": [ 750158.257861836231314, 1965318.609245388535783 ] } },
{ "type": "Feature", "properties": { "Transect": 2020 }, "geometry": { "type": "Point", "coordinates": [ 750167.947986123734154, 1965328.407067141495645 ] } },
{ "type": "Feature", "properties": { "Transect": 2021 }, "geometry": { "type": "Point", "coordinates": [ 750175.43899906729348, 1965340.259588804561645 ] } },
{ "type": "Feature", "properties": { "Transect": 2022 }, "geometry": { "type": "Point", "coordinates": [ 750192.28946876747068, 1965343.367265734123066 ] } },
{ "type": "Feature", "properties": { "Transect": 2023 }, "geometry": { "type": "Point", "coordinates": [ 750198.567137228674255, 1965356.353447523666546 ] } },
{ "type": "Feature", "properties": { "Transect": 2024 }, "geometry": { "type": "Point", "coordinates": [ 750229.678399966564029, 1965366.513593206647784 ] } },
{ "type": "Feature", "properties": { "Transect": 2025 }, "geometry": { "type": "Point", "coordinates": [ 750239.3005862000864, 1965359.232030226150528 ] } },
{ "type": "Feature", "properties": { "Transect": 2026 }, "geometry": { "type": "Point", "coordinates": [ 750235.842212419142015, 1965358.42413937067613 ] } },
{ "type": "Feature", "properties": { "Transect": 2027 }, "geometry": { "type": "Point", "coordinates": [ 750238.994362812140025, 1965374.3305608718656 ] } },
{ "type": "Feature", "properties": { "Transect": 2028 }, "geometry": { "type": "Point", "coordinates": [ 750247.615117184468545, 1965385.127513590501621 ] } },
{ "type": "Feature", "properties": { "Transect": 2029 }, "geometry": { "type": "Point", "coordinates": [ 750257.001619628863409, 1965395.209005148382857 ] } },
{ "type": "Feature", "properties": { "Transect": 2030 }, "geometry": { "type": "Point", "coordinates": [ 750286.149225813453086, 1965423.210402137832716 ] } },
{ "type": "Feature", "properties": { "Transect": 2031 }, "geometry": { "type": "Point", "coordinates": [ 750277.951933520496823, 1965403.509259875398129 ] } },
{ "type": "Feature", "properties": { "Transect": 2032 }, "geometry": { "type": "Point", "coordinates": [ 750284.928653942421079, 1965415.842252598609775 ] } },
{ "type": "Feature", "properties": { "Transect": 2033 }, "geometry": { "type": "Point", "coordinates": [ 750301.227691774140112, 1965419.465235590236261 ] } },
{ "type": "Feature", "properties": { "Transect": 2034 }, "geometry": { "type": "Point", "coordinates": [ 750324.025868886965327, 1965442.753620840143412 ] } },
{ "type": "Feature", "properties": { "Transect": 2035 }, "geometry": { "type": "Point", "coordinates": [ 750321.524423189926893, 1965428.376167764654383 ] } },
{ "type": "Feature", "properties": { "Transect": 2036 }, "geometry": { "type": "Point", "coordinates": [ 750328.763913988368586, 1965440.463637509848922 ] } },
{ "type": "Feature", "properties": { "Transect": 2037 }, "geometry": { "type": "Point", "coordinates": [ 750332.927894277730957, 1965455.42458261619322 ] } },
{ "type": "Feature", "properties": { "Transect": 2038 }, "geometry": { "type": "Point", "coordinates": [ 750344.559506517718546, 1965463.408424827735871 ] } },
{ "type": "Feature", "properties": { "Transect": 2039 }, "geometry": { "type": "Point", "coordinates": [ 750351.664919470553286, 1965475.621137343812734 ] } },
{ "type": "Feature", "properties": { "Transect": 2040 }, "geometry": { "type": "Point", "coordinates": [ 750380.609765185508877, 1965490.425219930708408 ] } },
{ "type": "Feature", "properties": { "Transect": 2041 }, "geometry": { "type": "Point", "coordinates": [ 750390.120160024147481, 1965492.030074982205406 ] } },
{ "type": "Feature", "properties": { "Transect": 2042 }, "geometry": { "type": "Point", "coordinates": [ 750399.600424717413262, 1965496.029574684100226 ] } },
{ "type": "Feature", "properties": { "Transect": 2043 }, "geometry": { "type": "Point", "coordinates": [ 750394.616271264734678, 1965481.411642158171162 ] } },
{ "type": "Feature", "properties": { "Transect": 2044 }, "geometry": { "type": "Point", "coordinates": [ 750418.452929934603162, 1965512.612812308594584 ] } },
{ "type": "Feature", "properties": { "Transect": 2045 }, "geometry": { "type": "Point", "coordinates": [ 750456.398346561123617, 1965526.669502726523206 ] } },
{ "type": "Feature", "properties": { "Transect": 2046 }, "geometry": { "type": "Point", "coordinates": [ 750452.378218924859539, 1965520.895604964578524 ] } },
{ "type": "Feature", "properties": { "Transect": 2047 }, "geometry": { "type": "Point", "coordinates": [ 750475.61476520402357, 1965514.333041950361803 ] } },
{ "type": "Feature", "properties": { "Transect": 2048 }, "geometry": { "type": "Point", "coordinates": [ 750486.459032380138524, 1965516.928190205479041 ] } },
{ "type": "Feature", "properties": { "Transect": 2049 }, "geometry": { "type": "Point", "coordinates": [ 750503.627158145885915, 1965560.359161777421832 ] } },
{ "type": "Feature", "properties": { "Transect": 2050 }, "geometry": { "type": "Point", "coordinates": [ 750513.105615033302456, 1965564.498358731390908 ] } },
{ "type": "Feature", "properties": { "Transect": 2051 }, "geometry": { "type": "Point", "coordinates": [ 750509.488967384211719, 1965551.159656599862501 ] } },
{ "type": "Feature", "properties": { "Transect": 2052 }, "geometry": { "type": "Point", "coordinates": [ 750522.143620034097694, 1965558.187718628207222 ] } },
{ "type": "Feature", "properties": { "Transect": 2053 }, "geometry": { "type": "Point", "coordinates": [ 750522.87885929166805, 1965576.351934674661607 ] } },
{ "type": "Feature", "properties": { "Transect": 2054 }, "geometry": { "type": "Point", "coordinates": [ 750545.278826419031247, 1965621.000048195943236 ] } },
{ "type": "Feature", "properties": { "Transect": 2055 }, "geometry": { "type": "Point", "coordinates": [ 750588.414130015997216, 1965638.829536499921232 ] } },
{ "type": "Feature", "properties": { "Transect": 2056 }, "geometry": { "type": "Point", "coordinates": [ 750585.233294340199791, 1965611.54519548965618 ] } },
{ "type": "Feature", "properties": { "Transect": 2057 }, "geometry": { "type": "Point", "coordinates": [ 750607.387498531141318, 1965645.792953217402101 ] } },
{ "type": "Feature", "properties": { "Transect": 2058 }, "geometry": { "type": "Point", "coordinates": [ 750617.13999655446969, 1965628.167662388645113 ] } },
{ "type": "Feature", "properties": { "Transect": 2059 }, "geometry": { "type": "Point", "coordinates": [ 750612.523925957968459, 1965622.944717408157885 ] } },
{ "type": "Feature", "properties": { "Transect": 2060 }, "geometry": { "type": "Point", "coordinates": [ 750620.547666038502939, 1965634.299346225103363 ] } },
{ "type": "Feature", "properties": { "Transect": 2061 }, "geometry": { "type": "Point", "coordinates": [ 750632.557950734626502, 1965641.929448425536975 ] } },
{ "type": "Feature", "properties": { "Transect": 2062 }, "geometry": { "type": "Point", "coordinates": [ 750654.657041666680016, 1965676.208164792275056 ] } },
{ "type": "Feature", "properties": { "Transect": 2063 }, "geometry": { "type": "Point", "coordinates": [ 750683.054834748967551, 1965691.589159247232601 ] } },
{ "type": "Feature", "properties": { "Transect": 2064 }, "geometry": { "type": "Point", "coordinates": [ 750692.639429800095968, 1965687.296093268785626 ] } },
{ "type": "Feature", "properties": { "Transect": 2065 }, "geometry": { "type": "Point", "coordinates": [ 750702.340255205286667, 1965673.777549125486985 ] } },
{ "type": "Feature", "properties": { "Transect": 2066 }, "geometry": { "type": "Point", "coordinates": [ 750682.761542586376891, 1965668.01287169707939 ] } },
{ "type": "Feature", "properties": { "Transect": 2067 }, "geometry": { "type": "Point", "coordinates": [ 750702.397884689853527, 1965668.518222932005301 ] } },
{ "type": "Feature", "properties": { "Transect": 2068 }, "geometry": { "type": "Point", "coordinates": [ 750715.726566148921847, 1965674.916613357840106 ] } },
{ "type": "Feature", "properties": { "Transect": 2069 }, "geometry": { "type": "Point", "coordinates": [ 750729.559527878067456, 1965708.717357577290386 ] } },
{ "type": "Feature", "properties": { "Transect": 2070 }, "geometry": { "type": "Point", "coordinates": [ 750768.430095968651585, 1965723.280380304437131 ] } },
{ "type": "Feature", "properties": { "Transect": 2071 }, "geometry": { "type": "Point", "coordinates": [ 750777.748263347195461, 1965740.129088203888386 ] } },
{ "type": "Feature", "properties": { "Transect": 2072 }, "geometry": { "type": "Point", "coordinates": [ 750756.376041131909005, 1965720.559841197216883 ] } },
{ "type": "Feature", "properties": { "Transect": 2073 }, "geometry": { "type": "Point", "coordinates": [ 750796.692219749791548, 1965749.41496597090736 ] } },
{ "type": "Feature", "properties": { "Transect": 2074 }, "geometry": { "type": "Point", "coordinates": [ 750772.697132661589421, 1965733.185142518021166 ] } },
{ "type": "Feature", "properties": { "Transect": 2075 }, "geometry": { "type": "Point", "coordinates": [ 750815.582694576936774, 1965762.942659483524039 ] } },
{ "type": "Feature", "properties": { "Transect": 2076 }, "geometry": { "type": "Point", "coordinates": [ 750825.255507338908501, 1965751.651433003600687 ] } },
{ "type": "Feature", "properties": { "Transect": 2077 }, "geometry": { "type": "Point", "coordinates": [ 750805.458496179431677, 1965739.473658671835437 ] } },
{ "type": "Feature", "properties": { "Transect": 2078 }, "geometry": { "type": "Point", "coordinates": [ 750822.408403815934435, 1965742.488951683975756 ] } },
{ "type": "Feature", "properties": { "Transect": 2079 }, "geometry": { "type": "Point", "coordinates": [ 750824.984658953850158, 1965758.932804059702903 ] } },
{ "type": "Feature", "properties": { "Transect": 2080 }, "geometry": { "type": "Point", "coordinates": [ 750862.962571063893847, 1965784.562716813292354 ] } },
{ "type": "Feature", "properties": { "Transect": 2081 }, "geometry": { "type": "Point", "coordinates": [ 750901.025702203856781, 1965789.225533534539863 ] } },
{ "type": "Feature", "properties": { "Transect": 2082 }, "geometry": { "type": "Point", "coordinates": [ 750910.520021208561957, 1965792.093313637888059 ] } },
{ "type": "Feature", "properties": { "Transect": 2083 }, "geometry": { "type": "Point", "coordinates": [ 750920.091704422957264, 1965788.825823009479791 ] } },
{ "type": "Feature", "properties": { "Transect": 2084 }, "geometry": { "type": "Point", "coordinates": [ 750929.64543159888126, 1965786.982523475540802 ] } },
{ "type": "Feature", "properties": { "Transect": 2085 }, "geometry": { "type": "Point", "coordinates": [ 750923.473593874950893, 1965777.607315599219874 ] } },
{ "type": "Feature", "properties": { "Transect": 2086 }, "geometry": { "type": "Point", "coordinates": [ 750925.737573635182343, 1965794.342832103604451 ] } },
{ "type": "Feature", "properties": { "Transect": 2087 }, "geometry": { "type": "Point", "coordinates": [ 750935.57423519808799, 1965804.003666695440188 ] } },
{ "type": "Feature", "properties": { "Transect": 2088 }, "geometry": { "type": "Point", "coordinates": [ 750950.866629879921675, 1965808.567575644003227 ] } },
{ "type": "Feature", "properties": { "Transect": 2089 }, "geometry": { "type": "Point", "coordinates": [ 750957.645354047068395, 1965821.085234503261745 ] } },
{ "type": "Feature", "properties": { "Transect": 2090 }, "geometry": { "type": "Point", "coordinates": [ 750986.125103838508949, 1965842.735369512112811 ] } },
{ "type": "Feature", "properties": { "Transect": 2091 }, "geometry": { "type": "Point", "coordinates": [ 750995.722264035255648, 1965837.447759179398417 ] } },
{ "type": "Feature", "properties": { "Transect": 2092 }, "geometry": { "type": "Point", "coordinates": [ 750990.482544992235489, 1965827.303132398054004 ] } },
{ "type": "Feature", "properties": { "Transect": 2093 }, "geometry": { "type": "Point", "coordinates": [ 751042.880068860133179, 1965876.643844536039978 ] } },
{ "type": "Feature", "properties": { "Transect": 2094 }, "geometry": { "type": "Point", "coordinates": [ 751052.464896006626077, 1965872.333982631796971 ] } },
{ "type": "Feature", "properties": { "Transect": 2095 }, "geometry": { "type": "Point", "coordinates": [ 751019.00964483153075, 1965864.6147845312953 ] } },
{ "type": "Feature", "properties": { "Transect": 2096 }, "geometry": { "type": "Point", "coordinates": [ 751027.212439542636275, 1965875.801977530820295 ] } },
{ "type": "Feature", "properties": { "Transect": 2097 }, "geometry": { "type": "Point", "coordinates": [ 750985.061680965591222, 1965842.80082193762064 ] } },
{ "type": "Feature", "properties": { "Transect": 2098 }, "geometry": { "type": "Point", "coordinates": [ 751047.748156608897261, 1965885.29558618250303 ] } },
{ "type": "Feature", "properties": { "Transect": 2099 }, "geometry": { "type": "Point", "coordinates": [ 751061.724616092280485, 1965891.088924303650856 ] } },
{ "type": "Feature", "properties": { "Transect": 2100 }, "geometry": { "type": "Point", "coordinates": [ 751099.664082352770492, 1965908.236376428278163 ] } },
{ "type": "Feature", "properties": { "Transect": 2101 }, "geometry": { "type": "Point", "coordinates": [ 751108.99265328317415, 1965924.231731625506654 ] } },
{ "type": "Feature", "properties": { "Transect": 2102 }, "geometry": { "type": "Point", "coordinates": [ 751091.219228575238958, 1965900.429596225265414 ] } },
{ "type": "Feature", "properties": { "Transect": 2103 }, "geometry": { "type": "Point", "coordinates": [ 751128.141245688661002, 1965917.280795959290117 ] } },
{ "type": "Feature", "properties": { "Transect": 2104 }, "geometry": { "type": "Point", "coordinates": [ 751120.45198388514109, 1965900.992641690187156 ] } },
{ "type": "Feature", "properties": { "Transect": 2105 }, "geometry": { "type": "Point", "coordinates": [ 751147.352350075496361, 1965905.378781755687669 ] } },
{ "type": "Feature", "properties": { "Transect": 2106 }, "geometry": { "type": "Point", "coordinates": [ 751156.73379227577243, 1965917.182792171137407 ] } },
{ "type": "Feature", "properties": { "Transect": 2107 }, "geometry": { "type": "Point", "coordinates": [ 751166.341382553451695, 1965911.070895433891565 ] } },
{ "type": "Feature", "properties": { "Transect": 2108 }, "geometry": { "type": "Point", "coordinates": [ 751175.722860753536224, 1965922.871049260720611 ] } },
{ "type": "Feature", "properties": { "Transect": 2109 }, "geometry": { "type": "Point", "coordinates": [ 751167.795103388954885, 1965911.703723338199779 ] } },
{ "type": "Feature", "properties": { "Transect": 2110 }, "geometry": { "type": "Point", "coordinates": [ 751174.836053715436719, 1965923.976319524459541 ] } },
{ "type": "Feature", "properties": { "Transect": 2111 }, "geometry": { "type": "Point", "coordinates": [ 751185.592702497029677, 1965932.777688524220139 ] } },
{ "type": "Feature", "properties": { "Transect": 2112 }, "geometry": { "type": "Point", "coordinates": [ 751213.496825214242563, 1965950.416722919791937 ] } },
{ "type": "Feature", "properties": { "Transect": 2113 }, "geometry": { "type": "Point", "coordinates": [ 751205.162160661420785, 1965942.368343921145424 ] } },
{ "type": "Feature", "properties": { "Transect": 2114 }, "geometry": { "type": "Point", "coordinates": [ 751232.320932152215391, 1965969.166034898487851 ] } },
{ "type": "Feature", "properties": { "Transect": 2115 }, "geometry": { "type": "Point", "coordinates": [ 751216.997427965630777, 1965959.184274110244587 ] } },
{ "type": "Feature", "properties": { "Transect": 2116 }, "geometry": { "type": "Point", "coordinates": [ 751223.928475128952414, 1965971.559501023497432 ] } },
{ "type": "Feature", "properties": { "Transect": 2117 }, "geometry": { "type": "Point", "coordinates": [ 751231.821991319186054, 1965983.035583219723776 ] } },
{ "type": "Feature", "properties": { "Transect": 2118 }, "geometry": { "type": "Point", "coordinates": [ 751270.175489378976636, 1965990.317548255203292 ] } },
{ "type": "Feature", "properties": { "Transect": 2119 }, "geometry": { "type": "Point", "coordinates": [ 751253.945502868271433, 1965990.240243587177247 ] } },
{ "type": "Feature", "properties": { "Transect": 2120 }, "geometry": { "type": "Point", "coordinates": [ 751288.837025362299755, 1966021.931586200604215 ] } },
{ "type": "Feature", "properties": { "Transect": 2121 }, "geometry": { "type": "Point", "coordinates": [ 751298.207638985593803, 1966034.582137570716441 ] } },
{ "type": "Feature", "properties": { "Transect": 2122 }, "geometry": { "type": "Point", "coordinates": [ 751269.443244140478782, 1966012.656782885547727 ] } },
{ "type": "Feature", "properties": { "Transect": 2123 }, "geometry": { "type": "Point", "coordinates": [ 751296.218441375065595, 1966006.493788323365152 ] } },
{ "type": "Feature", "properties": { "Transect": 2124 }, "geometry": { "type": "Point", "coordinates": [ 751326.891906621516682, 1966027.212682945420966 ] } },
{ "type": "Feature", "properties": { "Transect": 2125 }, "geometry": { "type": "Point", "coordinates": [ 751336.534459771355614, 1966018.334386367350817 ] } },
{ "type": "Feature", "properties": { "Transect": 2126 }, "geometry": { "type": "Point", "coordinates": [ 751331.691707331105135, 1966029.099532024934888 ] } },
{ "type": "Feature", "properties": { "Transect": 2127 }, "geometry": { "type": "Point", "coordinates": [ 751336.308685933006927, 1966043.636467210249975 ] } },
{ "type": "Feature", "properties": { "Transect": 2128 }, "geometry": { "type": "Point", "coordinates": [ 751373.963260571705177, 1966073.168954701861367 ] } },
{ "type": "Feature", "properties": { "Transect": 2129 }, "geometry": { "type": "Point", "coordinates": [ 751383.509248292073607, 1966071.933588301064447 ] } },
{ "type": "Feature", "properties": { "Transect": 2130 }, "geometry": { "type": "Point", "coordinates": [ 751393.179732721764594, 1966060.845557451946661 ] } },
{ "type": "Feature", "properties": { "Transect": 2131 }, "geometry": { "type": "Point", "coordinates": [ 751386.848721817485057, 1966042.339197573252022 ] } },
{ "type": "Feature", "properties": { "Transect": 2132 }, "geometry": { "type": "Point", "coordinates": [ 751399.879197769565508, 1966049.016424818662927 ] } },
{ "type": "Feature", "properties": { "Transect": 2133 }, "geometry": { "type": "Point", "coordinates": [ 751402.879100973135792, 1966065.06396707193926 ] } },
{ "type": "Feature", "properties": { "Transect": 2134 }, "geometry": { "type": "Point", "coordinates": [ 751503.626935159321874, 1966110.307987037114799 ] } },
{ "type": "Feature", "properties": { "Transect": 2135 }, "geometry": { "type": "Point", "coordinates": [ 751501.480479413061403, 1966131.162957977736369 ] } },
{ "type": "Feature", "properties": { "Transect": 2136 }, "geometry": { "type": "Point", "coordinates": [ 751516.968772456748411, 1966135.544217551825568 ] } },
{ "type": "Feature", "properties": { "Transect": 2137 }, "geometry": { "type": "Point", "coordinates": [ 751529.364390408387408, 1966142.814540122868493 ] } },
{ "type": "Feature", "properties": { "Transect": 2138 }, "geometry": { "type": "Point", "coordinates": [ 751553.836953563732095, 1966168.360772603657097 ] } },
{ "type": "Feature", "properties": { "Transect": 2139 }, "geometry": { "type": "Point", "coordinates": [ 751539.138904330553487, 1966161.55528369685635 ] } },
{ "type": "Feature", "properties": { "Transect": 2140 }, "geometry": { "type": "Point", "coordinates": [ 751572.493246721569449, 1966200.34056036057882 ] } },
{ "type": "Feature", "properties": { "Transect": 2141 }, "geometry": { "type": "Point", "coordinates": [ 751582.210304559557699, 1966185.574938093544915 ] } },
{ "type": "Feature", "properties": { "Transect": 2142 }, "geometry": { "type": "Point", "coordinates": [ 751591.738769001327455, 1966185.723231450654566 ] } },
{ "type": "Feature", "properties": { "Transect": 2143 }, "geometry": { "type": "Point", "coordinates": [ 751601.304038054426201, 1966182.961407487280667 ] } },
{ "type": "Feature", "properties": { "Transect": 2144 }, "geometry": { "type": "Point", "coordinates": [ 751610.832256498979405, 1966183.129346976988018 ] } },
{ "type": "Feature", "properties": { "Transect": 2145 }, "geometry": { "type": "Point", "coordinates": [ 751501.389708992675878, 1966147.728524865116924 ] } },
{ "type": "Feature", "properties": { "Transect": 2146 }, "geometry": { "type": "Point", "coordinates": [ 751533.095746218459681, 1966138.182538031600416 ] } },
{ "type": "Feature", "properties": { "Transect": 2147 }, "geometry": { "type": "Point", "coordinates": [ 751630.058712990838103, 1966170.023261312628165 ] } },
{ "type": "Feature", "properties": { "Transect": 2148 }, "geometry": { "type": "Point", "coordinates": [ 751532.45237832784187, 1966128.227402867050841 ] } },
{ "type": "Feature", "properties": { "Transect": 2149 }, "geometry": { "type": "Point", "coordinates": [ 751639.619474953273311, 1966167.618987782625481 ] } },
{ "type": "Feature", "properties": { "Transect": 2150 }, "geometry": { "type": "Point", "coordinates": [ 751649.235744912410155, 1966160.826636690180749 ] } },
{ "type": "Feature", "properties": { "Transect": 2151 }, "geometry": { "type": "Point", "coordinates": [ 751658.931709331576712, 1966147.734712454024702 ] } },
{ "type": "Feature", "properties": { "Transect": 2152 }, "geometry": { "type": "Point", "coordinates": [ 751622.628499288344756, 1966163.148205161094666 ] } },
{ "type": "Feature", "properties": { "Transect": 2153 }, "geometry": { "type": "Point", "coordinates": [ 751492.481193141895346, 1966127.721498996019363 ] } },
{ "type": "Feature", "properties": { "Transect": 2154 }, "geometry": { "type": "Point", "coordinates": [ 751499.746461235103197, 1966137.760354926344007 ] } },
{ "type": "Feature", "properties": { "Transect": 2155 }, "geometry": { "type": "Point", "coordinates": [ 751428.819254340254702, 1966146.810032897163182 ] } },
{ "type": "Feature", "properties": { "Transect": 2156 }, "geometry": { "type": "Point", "coordinates": [ 751480.357079361798242, 1966157.408961569657549 ] } },
{ "type": "Feature", "properties": { "Transect": 2157 }, "geometry": { "type": "Point", "coordinates": [ 751654.049806151771918, 1966169.553240315057337 ] } },
{ "type": "Feature", "properties": { "Transect": 2158 }, "geometry": { "type": "Point", "coordinates": [ 751670.306538483710028, 1966186.598781863460317 ] } },
{ "type": "Feature", "properties": { "Transect": 2159 }, "geometry": { "type": "Point", "coordinates": [ 751683.623796168132685, 1966189.82128984760493 ] } },
{ "type": "Feature", "properties": { "Transect": 2160 }, "geometry": { "type": "Point", "coordinates": [ 751681.972546365112066, 1966204.378550374647602 ] } },
{ "type": "Feature", "properties": { "Transect": 2161 }, "geometry": { "type": "Point", "coordinates": [ 751688.371010438306257, 1966217.25110941240564 ] } },
{ "type": "Feature", "properties": { "Transect": 2162 }, "geometry": { "type": "Point", "coordinates": [ 751705.472388145164587, 1966235.556880570016801 ] } },
{ "type": "Feature", "properties": { "Transect": 2163 }, "geometry": { "type": "Point", "coordinates": [ 751714.987986661028117, 1966236.72072394634597 ] } },
{ "type": "Feature", "properties": { "Transect": 2164 }, "geometry": { "type": "Point", "coordinates": [ 751724.597344874986447, 1966230.474809732753783 ] } },
{ "type": "Feature", "properties": { "Transect": 2165 }, "geometry": { "type": "Point", "coordinates": [ 751734.014554363209754, 1966239.414144461974502 ] } },
{ "type": "Feature", "properties": { "Transect": 2166 }, "geometry": { "type": "Point", "coordinates": [ 751743.640988459810615, 1966231.81932340329513 ] } },
{ "type": "Feature", "properties": { "Transect": 2167 }, "geometry": { "type": "Point", "coordinates": [ 751739.851442933548242, 1966233.119791145902127 ] } },
{ "type": "Feature", "properties": { "Transect": 2168 }, "geometry": { "type": "Point", "coordinates": [ 751749.386146086384542, 1966243.062653398374096 ] } },
{ "type": "Feature", "properties": { "Transect": 2169 }, "geometry": { "type": "Point", "coordinates": [ 751753.483212484978139, 1966258.08497386937961 ] } },
{ "type": "Feature", "properties": { "Transect": 2170 }, "geometry": { "type": "Point", "coordinates": [ 751781.355684386566281, 1966263.94731292524375 ] } },
{ "type": "Feature", "properties": { "Transect": 2171 }, "geometry": { "type": "Point", "coordinates": [ 751779.152571468730457, 1966261.977690881118178 ] } },
{ "type": "Feature", "properties": { "Transect": 2172 }, "geometry": { "type": "Point", "coordinates": [ 751800.051086643477902, 1966292.802001929376274 ] } },
{ "type": "Feature", "properties": { "Transect": 2173 }, "geometry": { "type": "Point", "coordinates": [ 751788.934450685512275, 1966280.7113441019319 ] } },
{ "type": "Feature", "properties": { "Transect": 2174 }, "geometry": { "type": "Point", "coordinates": [ 751819.287171688396484, 1966278.939977375324816 ] } },
{ "type": "Feature", "properties": { "Transect": 2175 }, "geometry": { "type": "Point", "coordinates": [ 751825.997698613791727, 1966273.960800371365622 ] } },
{ "type": "Feature", "properties": { "Transect": 2176 }, "geometry": { "type": "Point", "coordinates": [ 751838.259765962720849, 1966285.893760873703286 ] } },
{ "type": "Feature", "properties": { "Transect": 2177 }, "geometry": { "type": "Point", "coordinates": [ 751847.763668699539267, 1966287.979626092594117 ] } },
{ "type": "Feature", "properties": { "Transect": 2178 }, "geometry": { "type": "Point", "coordinates": [ 751857.124422167660668, 1966301.37198446597904 ] } },
{ "type": "Feature", "properties": { "Transect": 2179 }, "geometry": { "type": "Point", "coordinates": [ 751856.993323782575317, 1966290.921571994433179 ] } },
{ "type": "Feature", "properties": { "Transect": 2180 }, "geometry": { "type": "Point", "coordinates": [ 751857.603752447292209, 1966291.492792618460953 ] } },
{ "type": "Feature", "properties": { "Transect": 2181 }, "geometry": { "type": "Point", "coordinates": [ 751862.417818067711778, 1966314.53158956579864 ] } },
{ "type": "Feature", "properties": { "Transect": 2182 }, "geometry": { "type": "Point", "coordinates": [ 751871.428006901522167, 1966324.964389509521425 ] } },
{ "type": "Feature", "properties": { "Transect": 2183 }, "geometry": { "type": "Point", "coordinates": [ 751884.318513832637109, 1966331.772525981534272 ] } },
{ "type": "Feature", "properties": { "Transect": 2184 }, "geometry": { "type": "Point", "coordinates": [ 751903.9270731494762, 1966368.406972876982763 ] } },
{ "type": "Feature", "properties": { "Transect": 2185 }, "geometry": { "type": "Point", "coordinates": [ 751913.53664875740651, 1966362.145054160617292 ] } },
{ "type": "Feature", "properties": { "Transect": 2186 }, "geometry": { "type": "Point", "coordinates": [ 751898.896936846897006, 1966355.047134824329987 ] } },
{ "type": "Feature", "properties": { "Transect": 2187 }, "geometry": { "type": "Point", "coordinates": [ 751917.644376049749553, 1966356.38425430865027 ] } },
{ "type": "Feature", "properties": { "Transect": 2188 }, "geometry": { "type": "Point", "coordinates": [ 751941.850014131749049, 1966384.053223449038342 ] } },
{ "type": "Feature", "properties": { "Transect": 2189 }, "geometry": { "type": "Point", "coordinates": [ 751935.173810230218805, 1966367.880701850168407 ] } },
{ "type": "Feature", "properties": { "Transect": 2190 }, "geometry": { "type": "Point", "coordinates": [ 751939.283490706118755, 1966382.891070861369371 ] } },
{ "type": "Feature", "properties": { "Transect": 2191 }, "geometry": { "type": "Point", "coordinates": [ 751951.683820294565521, 1966390.157094444381073 ] } },
{ "type": "Feature", "properties": { "Transect": 2192 }, "geometry": { "type": "Point", "coordinates": [ 751979.598496287711896, 1966413.467695730738342 ] } },
{ "type": "Feature", "properties": { "Transect": 2193 }, "geometry": { "type": "Point", "coordinates": [ 751957.89753396587912, 1966412.223555074539036 ] } },
{ "type": "Feature", "properties": { "Transect": 2194 }, "geometry": { "type": "Point", "coordinates": [ 751942.844425798510201, 1966392.041877959854901 ] } },
{ "type": "Feature", "properties": { "Transect": 2195 }, "geometry": { "type": "Point", "coordinates": [ 751979.937077865353785, 1966420.313268097816035 ] } },
{ "type": "Feature", "properties": { "Transect": 2196 }, "geometry": { "type": "Point", "coordinates": [ 751992.826893684221432, 1966427.122072820784524 ] } },
{ "type": "Feature", "properties": { "Transect": 2197 }, "geometry": { "type": "Point", "coordinates": [ 752008.508175205090083, 1966431.323386849369854 ] } },
{ "type": "Feature", "properties": { "Transect": 2198 }, "geometry": { "type": "Point", "coordinates": [ 752015.737704787752591, 1966432.753254090202972 ] } },
{ "type": "Feature", "properties": { "Transect": 2199 }, "geometry": { "type": "Point", "coordinates": [ 752011.52948268817272, 1966442.646919746650383 ] } },
{ "type": "Feature", "properties": { "Transect": 2200 }, "geometry": { "type": "Point", "coordinates": [ 752014.879819773603231, 1966463.876154415076599 ] } },
{ "type": "Feature", "properties": { "Transect": 2201 }, "geometry": { "type": "Point", "coordinates": [ 752013.101417061523534, 1966484.386437975103036 ] } },
{ "type": "Feature", "properties": { "Transect": 2202 }, "geometry": { "type": "Point", "coordinates": [ 752015.759327613166533, 1966500.752766210353002 ] } },
{ "type": "Feature", "properties": { "Transect": 2203 }, "geometry": { "type": "Point", "coordinates": [ 752054.331933951471001, 1966532.524948752252385 ] } },
{ "type": "Feature", "properties": { "Transect": 2204 }, "geometry": { "type": "Point", "coordinates": [ 752035.690341965993866, 1966510.005830525187775 ] } },
{ "type": "Feature", "properties": { "Transect": 2205 }, "geometry": { "type": "Point", "coordinates": [ 752045.848901633522473, 1966519.365861476864666 ] } },
{ "type": "Feature", "properties": { "Transect": 2206 }, "geometry": { "type": "Point", "coordinates": [ 752064.299196873325855, 1966520.98070324328728 ] } },
{ "type": "Feature", "properties": { "Transect": 2207 }, "geometry": { "type": "Point", "coordinates": [ 752066.237611651653424, 1966538.019048499874771 ] } },
{ "type": "Feature", "properties": { "Transect": 2208 }, "geometry": { "type": "Point", "coordinates": [ 752074.440819935989566, 1966549.205535488203168 ] } },
{ "type": "Feature", "properties": { "Transect": 2209 }, "geometry": { "type": "Point", "coordinates": [ 752081.418222205946222, 1966561.537017466966063 ] } },
{ "type": "Feature", "properties": { "Transect": 2210 }, "geometry": { "type": "Point", "coordinates": [ 752120.221683836192824, 1966597.351761674275622 ] } },
{ "type": "Feature", "properties": { "Transect": 2211 }, "geometry": { "type": "Point", "coordinates": [ 752102.880812281393446, 1966569.359472111333162 ] } },
{ "type": "Feature", "properties": { "Transect": 2212 }, "geometry": { "type": "Point", "coordinates": [ 752139.198624307173304, 1966603.932530678110197 ] } },
{ "type": "Feature", "properties": { "Transect": 2213 }, "geometry": { "type": "Point", "coordinates": [ 752107.667613080469891, 1966592.758397951954976 ] } },
{ "type": "Feature", "properties": { "Transect": 2214 }, "geometry": { "type": "Point", "coordinates": [ 752116.124789901426993, 1966603.707616394152865 ] } },
{ "type": "Feature", "properties": { "Transect": 2215 }, "geometry": { "type": "Point", "coordinates": [ 752167.316446019802243, 1966641.218239744426683 ] } },
{ "type": "Feature", "properties": { "Transect": 2216 }, "geometry": { "type": "Point", "coordinates": [ 752176.845233980217017, 1966641.326767617370933 ] } },
{ "type": "Feature", "properties": { "Transect": 2217 }, "geometry": { "type": "Point", "coordinates": [ 752186.454528427217156, 1966635.085878228535876 ] } },
{ "type": "Feature", "properties": { "Transect": 2218 }, "geometry": { "type": "Point", "coordinates": [ 752195.927525329985656, 1966639.594753078883514 ] } },
{ "type": "Feature", "properties": { "Transect": 2219 }, "geometry": { "type": "Point", "coordinates": [ 752205.536927167791873, 1966633.346039838856086 ] } },
{ "type": "Feature", "properties": { "Transect": 2220 }, "geometry": { "type": "Point", "coordinates": [ 752215.146747195976786, 1966627.064874124247581 ] } },
{ "type": "Feature", "properties": { "Transect": 2221 }, "geometry": { "type": "Point", "coordinates": [ 752224.787017568247393, 1966618.383013589074835 ] } },
{ "type": "Feature", "properties": { "Transect": 2222 }, "geometry": { "type": "Point", "coordinates": [ 752188.427540940581821, 1966618.16914483346045 ] } },
{ "type": "Feature", "properties": { "Transect": 2223 }, "geometry": { "type": "Point", "coordinates": [ 752242.263069113832898, 1966743.306707854382694 ] } },
{ "type": "Feature", "properties": { "Transect": 2224 }, "geometry": { "type": "Point", "coordinates": [ 752222.094527697539888, 1966614.591950404457748 ] } },
{ "type": "Feature", "properties": { "Transect": 2225 }, "geometry": { "type": "Point", "coordinates": [ 752128.449124185368419, 1966593.332988096168265 ] } },
{ "type": "Feature", "properties": { "Transect": 2226 }, "geometry": { "type": "Point", "coordinates": [ 752104.0622830708744, 1966602.970682324375957 ] } },
{ "type": "Feature", "properties": { "Transect": 2227 }, "geometry": { "type": "Point", "coordinates": [ 752239.304116868879646, 1966614.632965658558533 ] } },
{ "type": "Feature", "properties": { "Transect": 2228 }, "geometry": { "type": "Point", "coordinates": [ 752239.180077045573853, 1966624.578393822535872 ] } },
{ "type": "Feature", "properties": { "Transect": 2229 }, "geometry": { "type": "Point", "coordinates": [ 752239.058569061453454, 1966634.523854184197262 ] } },
{ "type": "Feature", "properties": { "Transect": 2230 }, "geometry": { "type": "Point", "coordinates": [ 752238.928935152478516, 1966644.469211562536657 ] } },
{ "type": "Feature", "properties": { "Transect": 2231 }, "geometry": { "type": "Point", "coordinates": [ 752238.799742081202567, 1966654.414574618218467 ] } },
{ "type": "Feature", "properties": { "Transect": 2232 }, "geometry": { "type": "Point", "coordinates": [ 752237.10931832389906, 1966688.208909477107227 ] } },
{ "type": "Feature", "properties": { "Transect": 2233 }, "geometry": { "type": "Point", "coordinates": [ 752250.660683070775121, 1966694.399837593082339 ] } },
{ "type": "Feature", "properties": { "Transect": 2234 }, "geometry": { "type": "Point", "coordinates": [ 752255.987183971214108, 1966708.273256331682205 ] } },
{ "type": "Feature", "properties": { "Transect": 2235 }, "geometry": { "type": "Point", "coordinates": [ 752259.751326714758761, 1966723.605986945098266 ] } },
{ "type": "Feature", "properties": { "Transect": 2236 }, "geometry": { "type": "Point", "coordinates": [ 752299.406248706625775, 1966746.263484516879544 ] } },
{ "type": "Feature", "properties": { "Transect": 2237 }, "geometry": { "type": "Point", "coordinates": [ 752271.907301158760674, 1966740.121352506801486 ] } },
{ "type": "Feature", "properties": { "Transect": 2238 }, "geometry": { "type": "Point", "coordinates": [ 752247.700690710451454, 1966714.209359813015908 ] } },
{ "type": "Feature", "properties": { "Transect": 2239 }, "geometry": { "type": "Point", "coordinates": [ 752302.669799207360484, 1966740.063757294556126 ] } },
{ "type": "Feature", "properties": { "Transect": 2240 }, "geometry": { "type": "Point", "coordinates": [ 752310.643535292474553, 1966751.464490965707228 ] } },
{ "type": "Feature", "properties": { "Transect": 2241 }, "geometry": { "type": "Point", "coordinates": [ 752318.603034514933825, 1966762.878514966228977 ] } },
{ "type": "Feature", "properties": { "Transect": 2242 }, "geometry": { "type": "Point", "coordinates": [ 752346.711572414613329, 1966773.477543704677373 ] } },
{ "type": "Feature", "properties": { "Transect": 2243 }, "geometry": { "type": "Point", "coordinates": [ 752348.166969061130658, 1966763.134038857650012 ] } },
{ "type": "Feature", "properties": { "Transect": 2244 }, "geometry": { "type": "Point", "coordinates": [ 752365.069063228089362, 1966766.195297593483701 ] } },
{ "type": "Feature", "properties": { "Transect": 2245 }, "geometry": { "type": "Point", "coordinates": [ 752368.01264849153813, 1966782.294401554623619 ] } },
{ "type": "Feature", "properties": { "Transect": 2246 }, "geometry": { "type": "Point", "coordinates": [ 752384.440235937829129, 1966804.350853208219633 ] } },
{ "type": "Feature", "properties": { "Transect": 2247 }, "geometry": { "type": "Point", "coordinates": [ 752389.646541653317399, 1966789.956978564150631 ] } },
{ "type": "Feature", "properties": { "Transect": 2248 }, "geometry": { "type": "Point", "coordinates": [ 752394.964103545527905, 1966795.653883529594168 ] } },
{ "type": "Feature", "properties": { "Transect": 2249 }, "geometry": { "type": "Point", "coordinates": [ 752394.275897322455421, 1966814.308984575560316 ] } },
{ "type": "Feature", "properties": { "Transect": 2250 }, "geometry": { "type": "Point", "coordinates": [ 752392.934918452636339, 1966834.409959345823154 ] } },
{ "type": "Feature", "properties": { "Transect": 2251 }, "geometry": { "type": "Point", "coordinates": [ 752421.766379766515456, 1966866.927806624444202 ] } },
{ "type": "Feature", "properties": { "Transect": 2252 }, "geometry": { "type": "Point", "coordinates": [ 752431.505254535237327, 1966850.478121047373861 ] } },
{ "type": "Feature", "properties": { "Transect": 2253 }, "geometry": { "type": "Point", "coordinates": [ 752457.77874066925142, 1966856.645127255702391 ] } },
{ "type": "Feature", "properties": { "Transect": 2254 }, "geometry": { "type": "Point", "coordinates": [ 752445.838729656185023, 1966846.03463866841048 ] } },
{ "type": "Feature", "properties": { "Transect": 2255 }, "geometry": { "type": "Point", "coordinates": [ 752465.172598625300452, 1966878.414879740215838 ] } },
{ "type": "Feature", "properties": { "Transect": 2256 }, "geometry": { "type": "Point", "coordinates": [ 752439.287985669216141, 1966865.845478945411742 ] } },
{ "type": "Feature", "properties": { "Transect": 2257 }, "geometry": { "type": "Point", "coordinates": [ 752465.076689328998327, 1966907.180233190301806 ] } },
{ "type": "Feature", "properties": { "Transect": 2258 }, "geometry": { "type": "Point", "coordinates": [ 752432.662463586544618, 1966885.655357904732227 ] } },
{ "type": "Feature", "properties": { "Transect": 2259 }, "geometry": { "type": "Point", "coordinates": [ 752473.105828139930964, 1966928.356562895700336 ] } },
{ "type": "Feature", "properties": { "Transect": 2260 }, "geometry": { "type": "Point", "coordinates": [ 752483.130983516923152, 1966937.841109525412321 ] } },
{ "type": "Feature", "properties": { "Transect": 2261 }, "geometry": { "type": "Point", "coordinates": [ 752525.189439515466802, 1966977.791728233452886 ] } },
{ "type": "Feature", "properties": { "Transect": 2262 }, "geometry": { "type": "Point", "coordinates": [ 752508.27547843020875, 1966942.224700187332928 ] } },
{ "type": "Feature", "properties": { "Transect": 2263 }, "geometry": { "type": "Point", "coordinates": [ 752516.509702367242426, 1966953.382013326976448 ] } },
{ "type": "Feature", "properties": { "Transect": 2264 }, "geometry": { "type": "Point", "coordinates": [ 752553.826661117491312, 1966974.080385689856485 ] } },
{ "type": "Feature", "properties": { "Transect": 2265 }, "geometry": { "type": "Point", "coordinates": [ 752563.489720082958229, 1966963.606424901168793 ] } },
{ "type": "Feature", "properties": { "Transect": 2266 }, "geometry": { "type": "Point", "coordinates": [ 752572.927490010391921, 1966970.870993993477896 ] } },
{ "type": "Feature", "properties": { "Transect": 2267 }, "geometry": { "type": "Point", "coordinates": [ 752562.02881144406274, 1966956.77700257464312 ] } },
{ "type": "Feature", "properties": { "Transect": 2268 }, "geometry": { "type": "Point", "coordinates": [ 752576.475282029015943, 1966962.132010091328993 ] } },
{ "type": "Feature", "properties": { "Transect": 2269 }, "geometry": { "type": "Point", "coordinates": [ 752601.291218145401217, 1966988.692566555691883 ] } },
{ "type": "Feature", "properties": { "Transect": 2270 }, "geometry": { "type": "Point", "coordinates": [ 752610.962365506915376, 1966977.58368203509599 ] } },
{ "type": "Feature", "properties": { "Transect": 2271 }, "geometry": { "type": "Point", "coordinates": [ 752677.611142824869603, 1966982.422320236684754 ] } },
{ "type": "Feature", "properties": { "Transect": 2272 }, "geometry": { "type": "Point", "coordinates": [ 752670.245609586359933, 1966974.584615863859653 ] } },
{ "type": "Feature", "properties": { "Transect": 2273 }, "geometry": { "type": "Point", "coordinates": [ 752587.248023370746523, 1966967.19425086514093 ] } },
{ "type": "Feature", "properties": { "Transect": 2274 }, "geometry": { "type": "Point", "coordinates": [ 752681.534448152058758, 1966992.716297472594306 ] } },
{ "type": "Feature", "properties": { "Transect": 2275 }, "geometry": { "type": "Point", "coordinates": [ 752691.437385803787038, 1967002.315024403389543 ] } },
{ "type": "Feature", "properties": { "Transect": 2276 }, "geometry": { "type": "Point", "coordinates": [ 752702.889667535899207, 1967010.466668138746172 ] } },
{ "type": "Feature", "properties": { "Transect": 2277 }, "geometry": { "type": "Point", "coordinates": [ 752724.570788018754683, 1967036.757636321242899 ] } },
{ "type": "Feature", "properties": { "Transect": 2278 }, "geometry": { "type": "Point", "coordinates": [ 752717.425924160052091, 1967024.758541250834242 ] } },
{ "type": "Feature", "properties": { "Transect": 2279 }, "geometry": { "type": "Point", "coordinates": [ 752743.407406169455498, 1967054.335009447298944 ] } },
{ "type": "Feature", "properties": { "Transect": 2280 }, "geometry": { "type": "Point", "coordinates": [ 752728.413988198153675, 1967042.364378571510315 ] } },
{ "type": "Feature", "properties": { "Transect": 2281 }, "geometry": { "type": "Point", "coordinates": [ 752758.258989512338303, 1967061.205950838746503 ] } },
{ "type": "Feature", "properties": { "Transect": 2282 }, "geometry": { "type": "Point", "coordinates": [ 752790.783027752884664, 1967075.921648875810206 ] } },
{ "type": "Feature", "properties": { "Transect": 2283 }, "geometry": { "type": "Point", "coordinates": [ 752815.84150518476963, 1967069.56985653960146 ] } },
{ "type": "Feature", "properties": { "Transect": 2284 }, "geometry": { "type": "Point", "coordinates": [ 752830.489681496866979, 1967087.176369891269132 ] } },
{ "type": "Feature", "properties": { "Transect": 2285 }, "geometry": { "type": "Point", "coordinates": [ 752817.386916297720745, 1967118.261915610404685 ] } },
{ "type": "Feature", "properties": { "Transect": 2286 }, "geometry": { "type": "Point", "coordinates": [ 752856.459976632380858, 1967157.161081537138671 ] } },
{ "type": "Feature", "properties": { "Transect": 2287 }, "geometry": { "type": "Point", "coordinates": [ 752866.14387302135583, 1967145.056856330484152 ] } },
{ "type": "Feature", "properties": { "Transect": 2288 }, "geometry": { "type": "Point", "coordinates": [ 752844.209242838667706, 1967130.099276760593057 ] } },
{ "type": "Feature", "properties": { "Transect": 2289 }, "geometry": { "type": "Point", "coordinates": [ 752880.727851226576604, 1967134.494240195956081 ] } },
{ "type": "Feature", "properties": { "Transect": 2290 }, "geometry": { "type": "Point", "coordinates": [ 752892.357195449061692, 1967142.480538915609941 ] } },
{ "type": "Feature", "properties": { "Transect": 2291 }, "geometry": { "type": "Point", "coordinates": [ 752902.925963627523743, 1967250.237081943778321 ] } },
{ "type": "Feature", "properties": { "Transect": 2292 }, "geometry": { "type": "Point", "coordinates": [ 752917.614370082505047, 1967146.759326654020697 ] } },
{ "type": "Feature", "properties": { "Transect": 2293 }, "geometry": { "type": "Point", "coordinates": [ 752924.798572727595456, 1967158.897256383672357 ] } },
{ "type": "Feature", "properties": { "Transect": 2294 }, "geometry": { "type": "Point", "coordinates": [ 752937.80035213753581, 1967165.601760698249564 ] } },
{ "type": "Feature", "properties": { "Transect": 2295 }, "geometry": { "type": "Point", "coordinates": [ 752935.246039395569824, 1967180.505930051440373 ] } },
{ "type": "Feature", "properties": { "Transect": 2296 }, "geometry": { "type": "Point", "coordinates": [ 752928.573283735895529, 1967202.89448936865665 ] } },
{ "type": "Feature", "properties": { "Transect": 2297 }, "geometry": { "type": "Point", "coordinates": [ 752924.744017440709285, 1967200.266429517883807 ] } },
{ "type": "Feature", "properties": { "Transect": 2298 }, "geometry": { "type": "Point", "coordinates": [ 752945.86318607092835, 1967215.421305152121931 ] } },
{ "type": "Feature", "properties": { "Transect": 2299 }, "geometry": { "type": "Point", "coordinates": [ 752955.452764198184013, 1967225.312659458722919 ] } },
{ "type": "Feature", "properties": { "Transect": 2300 }, "geometry": { "type": "Point", "coordinates": [ 752959.079674900043756, 1968079.891537977848202 ] } },
{ "type": "Feature", "properties": { "Transect": 2301 }, "geometry": { "type": "Point", "coordinates": [ 752967.963550764601678, 1968130.636457350803539 ] } },
{ "type": "Feature", "properties": { "Transect": 2302 }, "geometry": { "type": "Point", "coordinates": [ 752977.521425520069897, 1968128.407154141925275 ] } },
{ "type": "Feature", "properties": { "Transect": 2303 }, "geometry": { "type": "Point", "coordinates": [ 752986.778414532309398, 1968149.824185186065733 ] } },
{ "type": "Feature", "properties": { "Transect": 2304 }, "geometry": { "type": "Point", "coordinates": [ 752988.323675041901879, 1967249.541602408280596 ] } },
{ "type": "Feature", "properties": { "Transect": 2305 }, "geometry": { "type": "Point", "coordinates": [ 752968.783066348056309, 1967240.61485755816102 ] } },
{ "type": "Feature", "properties": { "Transect": 2306 }, "geometry": { "type": "Point", "coordinates": [ 752994.408547680242918, 1967250.888009947258979 ] } },
{ "type": "Feature", "properties": { "Transect": 2307 }, "geometry": { "type": "Point", "coordinates": [ 753003.346622036886401, 1967260.94881052011624 ] } },
{ "type": "Feature", "properties": { "Transect": 2308 }, "geometry": { "type": "Point", "coordinates": [ 753014.216748142498545, 1967273.687975842971355 ] } },
{ "type": "Feature", "properties": { "Transect": 2309 }, "geometry": { "type": "Point", "coordinates": [ 753025.016664605704136, 1967282.448921468574554 ] } },
{ "type": "Feature", "properties": { "Transect": 2310 }, "geometry": { "type": "Point", "coordinates": [ 753037.139595873188227, 1967289.974240349372849 ] } },
{ "type": "Feature", "properties": { "Transect": 2311 }, "geometry": { "type": "Point", "coordinates": [ 753034.53774944820907, 1967311.251725128153339 ] } },
{ "type": "Feature", "properties": { "Transect": 2312 }, "geometry": { "type": "Point", "coordinates": [ 753045.083091827924363, 1967320.250413634814322 ] } },
{ "type": "Feature", "properties": { "Transect": 2313 }, "geometry": { "type": "Point", "coordinates": [ 753053.941499994019978, 1967330.824604264227673 ] } },
{ "type": "Feature", "properties": { "Transect": 2314 }, "geometry": { "type": "Point", "coordinates": [ 753052.742958092712797, 1967350.791402764851227 ] } },
{ "type": "Feature", "properties": { "Transect": 2315 }, "geometry": { "type": "Point", "coordinates": [ 753046.355789611930959, 1967375.604037371929735 ] } },
{ "type": "Feature", "properties": { "Transect": 2316 }, "geometry": { "type": "Point", "coordinates": [ 753055.585805050679483, 1967351.137155005708337 ] } },
{ "type": "Feature", "properties": { "Transect": 2317 }, "geometry": { "type": "Point", "coordinates": [ 753045.49675071274396, 1967360.955786710605025 ] } },
{ "type": "Feature", "properties": { "Transect": 2318 }, "geometry": { "type": "Point", "coordinates": [ 753045.369740020483732, 1967370.901233989512548 ] } },
{ "type": "Feature", "properties": { "Transect": 2319 }, "geometry": { "type": "Point", "coordinates": [ 753043.593431634129956, 1967426.512824117206037 ] } },
{ "type": "Feature", "properties": { "Transect": 2320 }, "geometry": { "type": "Point", "coordinates": [ 753071.271492869476788, 1967419.510570594342425 ] } },
{ "type": "Feature", "properties": { "Transect": 2321 }, "geometry": { "type": "Point", "coordinates": [ 753016.255242517217994, 1967489.739458095980808 ] } },
{ "type": "Feature", "properties": { "Transect": 2322 }, "geometry": { "type": "Point", "coordinates": [ 753069.386974763241597, 1967410.995183387305588 ] } },
{ "type": "Feature", "properties": { "Transect": 2323 }, "geometry": { "type": "Point", "coordinates": [ 753074.350357770454139, 1967421.005442186025903 ] } },
{ "type": "Feature", "properties": { "Transect": 2324 }, "geometry": { "type": "Point", "coordinates": [ 753096.820632555405609, 1967431.238596012350172 ] } },
{ "type": "Feature", "properties": { "Transect": 2325 }, "geometry": { "type": "Point", "coordinates": [ 753096.685972997453064, 1967441.18394973850809 ] } },
{ "type": "Feature", "properties": { "Transect": 2326 }, "geometry": { "type": "Point", "coordinates": [ 753113.437164642731659, 1967451.344292994355783 ] } },
{ "type": "Feature", "properties": { "Transect": 2327 }, "geometry": { "type": "Point", "coordinates": [ 753113.400548863690346, 1967461.290896228514612 ] } },
{ "type": "Feature", "properties": { "Transect": 2328 }, "geometry": { "type": "Point", "coordinates": [ 753113.249661025125533, 1967471.23604463855736 ] } },
{ "type": "Feature", "properties": { "Transect": 2329 }, "geometry": { "type": "Point", "coordinates": [ 753113.098703908035532, 1967481.181192246731371 ] } },
{ "type": "Feature", "properties": { "Transect": 2330 }, "geometry": { "type": "Point", "coordinates": [ 753123.241230073617771, 1967491.257398389745504 ] } },
{ "type": "Feature", "properties": { "Transect": 2331 }, "geometry": { "type": "Point", "coordinates": [ 753118.697618522681296, 1967518.611809574067593 ] } },
{ "type": "Feature", "properties": { "Transect": 2332 }, "geometry": { "type": "Point", "coordinates": [ 753066.14093, 1967500.477477445732802 ] } },
{ "type": "Feature", "properties": { "Transect": 2333 }, "geometry": { "type": "Point", "coordinates": [ 753109.41434522846248, 1967499.247156854253262 ] } },
{ "type": "Feature", "properties": { "Transect": 2334 }, "geometry": { "type": "Point", "coordinates": [ 753099.856815725099295, 1967501.423619283828884 ] } },
{ "type": "Feature", "properties": { "Transect": 2335 }, "geometry": { "type": "Point", "coordinates": [ 753090.4416362142656, 1967492.41857354179956 ] } },
{ "type": "Feature", "properties": { "Transect": 2336 }, "geometry": { "type": "Point", "coordinates": [ 753092.436573841609061, 1967499.63005541684106 ] } },
{ "type": "Feature", "properties": { "Transect": 2337 }, "geometry": { "type": "Point", "coordinates": [ 753011.690218068892136, 1967556.194511065725237 ] } },
{ "type": "Feature", "properties": { "Transect": 2338 }, "geometry": { "type": "Point", "coordinates": [ 753066.671798511291854, 1967113.786024244036525 ] } },
{ "type": "Feature", "properties": { "Transect": 2339 }, "geometry": { "type": "Point", "coordinates": [ 753053.220966527471319, 1967421.820326177636161 ] } },
{ "type": "Feature", "properties": { "Transect": 2340 }, "geometry": { "type": "Point", "coordinates": [ 753001.719633137225173, 1967519.551684449892491 ] } },
{ "type": "Feature", "properties": { "Transect": 2341 }, "geometry": { "type": "Point", "coordinates": [ 752979.342259333585389, 1967236.350841032806784 ] } },
{ "type": "Feature", "properties": { "Transect": 2342 }, "geometry": { "type": "Point", "coordinates": [ 752989.343780669616535, 1967529.34125253977254 ] } },
{ "type": "Feature", "properties": { "Transect": 2343 }, "geometry": { "type": "Point", "coordinates": [ 752969.813713981886394, 1967236.242716317996383 ] } },
{ "type": "Feature", "properties": { "Transect": 2344 }, "geometry": { "type": "Point", "coordinates": [ 752971.228747491841204, 1967539.05779911018908 ] } },
{ "type": "Feature", "properties": { "Transect": 2345 }, "geometry": { "type": "Point", "coordinates": [ 752949.079438764834777, 1967548.723022945458069 ] } },
{ "type": "Feature", "properties": { "Transect": 2346 }, "geometry": { "type": "Point", "coordinates": [ 752960.412061310489662, 1967226.163493111962453 ] } },
{ "type": "Feature", "properties": { "Transect": 2347 }, "geometry": { "type": "Point", "coordinates": [ 752932.478344361996278, 1967558.458851530216634 ] } },
{ "type": "Feature", "properties": { "Transect": 2348 }, "geometry": { "type": "Point", "coordinates": [ 752951.010328978998587, 1967216.08865511813201 ] } },
{ "type": "Feature", "properties": { "Transect": 2349 }, "geometry": { "type": "Point", "coordinates": [ 752926.959373121731915, 1967568.335693466477096 ] } },
{ "type": "Feature", "properties": { "Transect": 2350 }, "geometry": { "type": "Point", "coordinates": [ 752929.643603481934406, 1967578.316904461011291 ] } },
{ "type": "Feature", "properties": { "Transect": 2351 }, "geometry": { "type": "Point", "coordinates": [ 752941.495730703114532, 1967214.88564192620106 ] } },
{ "type": "Feature", "properties": { "Transect": 2352 }, "geometry": { "type": "Point", "coordinates": [ 752925.632583711761981, 1967588.212930964771658 ] } },
{ "type": "Feature", "properties": { "Transect": 2353 }, "geometry": { "type": "Point", "coordinates": [ 752932.048188036074862, 1967208.410666134906933 ] } },
{ "type": "Feature", "properties": { "Transect": 2354 }, "geometry": { "type": "Point", "coordinates": [ 752913.931596286711283, 1967607.958175605395809 ] } },
{ "type": "Feature", "properties": { "Transect": 2355 }, "geometry": { "type": "Point", "coordinates": [ 752923.320935296826065, 1967145.322382258018479 ] } },
{ "type": "Feature", "properties": { "Transect": 2356 }, "geometry": { "type": "Point", "coordinates": [ 752892.698770707473159, 1967647.476267735939473 ] } },
{ "type": "Feature", "properties": { "Transect": 2357 }, "geometry": { "type": "Point", "coordinates": [ 752913.768396747880615, 1967147.104636159958318 ] } },
{ "type": "Feature", "properties": { "Transect": 2358 }, "geometry": { "type": "Point", "coordinates": [ 752895.512855132343248, 1967667.406186973908916 ] } },
{ "type": "Feature", "properties": { "Transect": 2359 }, "geometry": { "type": "Point", "coordinates": [ 752899.620337120140903, 1967677.40550035238266 ] } },
{ "type": "Feature", "properties": { "Transect": 2360 }, "geometry": { "type": "Point", "coordinates": [ 752899.491713959723711, 1967687.350920958444476 ] } },
{ "type": "Feature", "properties": { "Transect": 2361 }, "geometry": { "type": "Point", "coordinates": [ 752899.362678345176391, 1967697.296336400555447 ] } },
{ "type": "Feature", "properties": { "Transect": 2362 }, "geometry": { "type": "Point", "coordinates": [ 752899.241085473215207, 1967707.241846616612747 ] } },
{ "type": "Feature", "properties": { "Transect": 2363 }, "geometry": { "type": "Point", "coordinates": [ 752900.172869775095023, 1967717.200758586870506 ] } },
{ "type": "Feature", "properties": { "Transect": 2364 }, "geometry": { "type": "Point", "coordinates": [ 752900.058496419922449, 1967727.146360886283219 ] } },
{ "type": "Feature", "properties": { "Transect": 2365 }, "geometry": { "type": "Point", "coordinates": [ 752899.941906881751493, 1967737.09193507488817 ] } },
{ "type": "Feature", "properties": { "Transect": 2366 }, "geometry": { "type": "Point", "coordinates": [ 752897.06936007598415, 1967747.0024459566921 ] } },
{ "type": "Feature", "properties": { "Transect": 2367 }, "geometry": { "type": "Point", "coordinates": [ 752891.214084649691358, 1967756.875007844064385 ] } },
{ "type": "Feature", "properties": { "Transect": 2368 }, "geometry": { "type": "Point", "coordinates": [ 752891.096288747270592, 1967766.820566409267485 ] } },
{ "type": "Feature", "properties": { "Transect": 2369 }, "geometry": { "type": "Point", "coordinates": [ 752890.976009773323312, 1967776.766093465965241 ] } },
{ "type": "Feature", "properties": { "Transect": 2370 }, "geometry": { "type": "Point", "coordinates": [ 752886.400624729110859, 1967795.83732253825292 ] } },
{ "type": "Feature", "properties": { "Transect": 2371 }, "geometry": { "type": "Point", "coordinates": [ 752906.358614783850498, 1967796.855924893170595 ] } },
{ "type": "Feature", "properties": { "Transect": 2372 }, "geometry": { "type": "Point", "coordinates": [ 752917.037850166321732, 1967806.93886205018498 ] } },
{ "type": "Feature", "properties": { "Transect": 2373 }, "geometry": { "type": "Point", "coordinates": [ 752916.9032037043944, 1967816.884208282455802 ] } },
{ "type": "Feature", "properties": { "Transect": 2374 }, "geometry": { "type": "Point", "coordinates": [ 752916.934197942609899, 1967815.650012629339471 ] } },
{ "type": "Feature", "properties": { "Transect": 2375 }, "geometry": { "type": "Point", "coordinates": [ 752935.997394982259721, 1967837.021290432661772 ] } },
{ "type": "Feature", "properties": { "Transect": 2376 }, "geometry": { "type": "Point", "coordinates": [ 752935.861514120246284, 1967846.966622405219823 ] } },
{ "type": "Feature", "properties": { "Transect": 2377 }, "geometry": { "type": "Point", "coordinates": [ 752925.790461477939971, 1967856.785535293864086 ] } },
{ "type": "Feature", "properties": { "Transect": 2378 }, "geometry": { "type": "Point", "coordinates": [ 752924.007341917837039, 1967866.709906573640183 ] } },
{ "type": "Feature", "properties": { "Transect": 2379 }, "geometry": { "type": "Point", "coordinates": [ 752919.708927845931612, 1967956.178754054475576 ] } },
{ "type": "Feature", "properties": { "Transect": 2380 }, "geometry": { "type": "Point", "coordinates": [ 752925.125197681249119, 1967972.641075509833172 ] } },
{ "type": "Feature", "properties": { "Transect": 2381 }, "geometry": { "type": "Point", "coordinates": [ 752929.109988678130321, 1967976.192511759698391 ] } },
{ "type": "Feature", "properties": { "Transect": 2382 }, "geometry": { "type": "Point", "coordinates": [ 752931.100808336166665, 1967995.734477169811726 ] } },
{ "type": "Feature", "properties": { "Transect": 2383 }, "geometry": { "type": "Point", "coordinates": [ 752940.526835905853659, 1968026.073102676076815 ] } },
{ "type": "Feature", "properties": { "Transect": 2384 }, "geometry": { "type": "Point", "coordinates": [ 752954.947467734687962, 1968049.65872233803384 ] } },
{ "type": "Feature", "properties": { "Transect": 2385 }, "geometry": { "type": "Point", "coordinates": [ 752953.834571066545323, 1968066.030721886316314 ] } },
{ "type": "Feature", "properties": { "Transect": 2386 }, "geometry": { "type": "Point", "coordinates": [ 752960.725580298923887, 1968076.065506605897099 ] } },
{ "type": "Feature", "properties": { "Transect": 2387 }, "geometry": { "type": "Point", "coordinates": [ 752956.501376258325763, 1968085.958799224579707 ] } },
{ "type": "Feature", "properties": { "Transect": 2388 }, "geometry": { "type": "Point", "coordinates": [ 752971.752601616899483, 1968110.966655067633837 ] } },
{ "type": "Feature", "properties": { "Transect": 2389 }, "geometry": { "type": "Point", "coordinates": [ 752975.853781145764515, 1968125.983244971605018 ] } },
{ "type": "Feature", "properties": { "Transect": 2390 }, "geometry": { "type": "Point", "coordinates": [ 752980.730878553120419, 1968116.108417398994789 ] } },
{ "type": "Feature", "properties": { "Transect": 2391 }, "geometry": { "type": "Point", "coordinates": [ 752986.195756419678219, 1968144.998730254592374 ] } },
{ "type": "Feature", "properties": { "Transect": 2392 }, "geometry": { "type": "Point", "coordinates": [ 752989.430204815231264, 1968160.824723163386807 ] } },
{ "type": "Feature", "properties": { "Transect": 2393 }, "geometry": { "type": "Point", "coordinates": [ 752985.2694184652064, 1968146.007369753438979 ] } },
{ "type": "Feature", "properties": { "Transect": 2394 }, "geometry": { "type": "Point", "coordinates": [ 752979.412175743840635, 1968155.879862992092967 ] } },
{ "type": "Feature", "properties": { "Transect": 2395 }, "geometry": { "type": "Point", "coordinates": [ 752995.741080716717988, 1968193.431997873354703 ] } },
{ "type": "Feature", "properties": { "Transect": 2396 }, "geometry": { "type": "Point", "coordinates": [ 752998.654718462144956, 1968176.018982229754329 ] } },
{ "type": "Feature", "properties": { "Transect": 2397 }, "geometry": { "type": "Point", "coordinates": [ 753005.619373285560869, 1968186.054730084259063 ] } },
{ "type": "Feature", "properties": { "Transect": 2398 }, "geometry": { "type": "Point", "coordinates": [ 753018.854229176766239, 1968210.347699251957238 ] } },
{ "type": "Feature", "properties": { "Transect": 2399 }, "geometry": { "type": "Point", "coordinates": [ 753020.235031094751321, 1968227.904735538177192 ] } },
{ "type": "Feature", "properties": { "Transect": 2400 }, "geometry": { "type": "Point", "coordinates": [ 753017.138120942050591, 1968216.042580388253555 ] } },
{ "type": "Feature", "properties": { "Transect": 2401 }, "geometry": { "type": "Point", "coordinates": [ 753036.359439533087425, 1968241.520007617073134 ] } },
{ "type": "Feature", "properties": { "Transect": 2402 }, "geometry": { "type": "Point", "coordinates": [ 753039.830922529334202, 1968257.124539317563176 ] } },
{ "type": "Feature", "properties": { "Transect": 2403 }, "geometry": { "type": "Point", "coordinates": [ 753052.864781303331256, 1968263.798871008213609 ] } },
{ "type": "Feature", "properties": { "Transect": 2404 }, "geometry": { "type": "Point", "coordinates": [ 753070.495998112368397, 1968266.179803883424029 ] } },
{ "type": "Feature", "properties": { "Transect": 2405 }, "geometry": { "type": "Point", "coordinates": [ 753080.846405391464941, 1968275.360190097941086 ] } },
{ "type": "Feature", "properties": { "Transect": 2406 }, "geometry": { "type": "Point", "coordinates": [ 753093.717373946798034, 1968282.186667539877817 ] } },
{ "type": "Feature", "properties": { "Transect": 2407 }, "geometry": { "type": "Point", "coordinates": [ 753099.035762190353125, 1968296.066364016616717 ] } },
{ "type": "Feature", "properties": { "Transect": 2408 }, "geometry": { "type": "Point", "coordinates": [ 753109.84032891667448, 1968304.822614797390997 ] } },
{ "type": "Feature", "properties": { "Transect": 2409 }, "geometry": { "type": "Point", "coordinates": [ 753121.827583309379406, 1968312.474380319938064 ] } },
{ "type": "Feature", "properties": { "Transect": 2410 }, "geometry": { "type": "Point", "coordinates": [ 753136.731951516238041, 1968347.350013372255489 ] } },
{ "type": "Feature", "properties": { "Transect": 2411 }, "geometry": { "type": "Point", "coordinates": [ 753146.456739666638896, 1968332.014204475330189 ] } },
{ "type": "Feature", "properties": { "Transect": 2412 }, "geometry": { "type": "Point", "coordinates": [ 753155.849248120095581, 1968342.761312368093058 ] } },
{ "type": "Feature", "properties": { "Transect": 2413 }, "geometry": { "type": "Point", "coordinates": [ 753158.338885358069092, 1968324.281448695342988 ] } },
{ "type": "Feature", "properties": { "Transect": 2414 }, "geometry": { "type": "Point", "coordinates": [ 753159.907625681255013, 1968327.278753175633028 ] } },
{ "type": "Feature", "properties": { "Transect": 2415 }, "geometry": { "type": "Point", "coordinates": [ 753162.4740965339588, 1968337.258533587213606 ] } },
{ "type": "Feature", "properties": { "Transect": 2416 }, "geometry": { "type": "Point", "coordinates": [ 753163.20138140488416, 1968357.161963405786082 ] } },
{ "type": "Feature", "properties": { "Transect": 2417 }, "geometry": { "type": "Point", "coordinates": [ 753169.047271890682168, 1968372.436047835974023 ] } },
{ "type": "Feature", "properties": { "Transect": 2418 }, "geometry": { "type": "Point", "coordinates": [ 753193.015419956878759, 1968417.436936394078657 ] } },
{ "type": "Feature", "properties": { "Transect": 2419 }, "geometry": { "type": "Point", "coordinates": [ 753202.599362852517515, 1968413.155744107440114 ] } },
{ "type": "Feature", "properties": { "Transect": 2420 }, "geometry": { "type": "Point", "coordinates": [ 753212.127189863938838, 1968413.278499517356977 ] } },
{ "type": "Feature", "properties": { "Transect": 2421 }, "geometry": { "type": "Point", "coordinates": [ 753221.655049389111809, 1968413.398748029023409 ] } },
{ "type": "Feature", "properties": { "Transect": 2422 }, "geometry": { "type": "Point", "coordinates": [ 753204.411710694548674, 1968413.179476707940921 ] } },
{ "type": "Feature", "properties": { "Transect": 2423 }, "geometry": { "type": "Point", "coordinates": [ 753218.448273218236864, 1968418.917458715382963 ] } },
{ "type": "Feature", "properties": { "Transect": 2424 }, "geometry": { "type": "Point", "coordinates": [ 753249.524599324679002, 1968469.782834488200024 ] } },
{ "type": "Feature", "properties": { "Transect": 2425 }, "geometry": { "type": "Point", "coordinates": [ 753232.224691679002717, 1968433.917482473654673 ] } },
{ "type": "Feature", "properties": { "Transect": 2426 }, "geometry": { "type": "Point", "coordinates": [ 753235.522014683927409, 1968449.684402275364846 ] } },
{ "type": "Feature", "properties": { "Transect": 2427 }, "geometry": { "type": "Point", "coordinates": [ 753249.515235448023304, 1968455.462865487672389 ] } },
{ "type": "Feature", "properties": { "Transect": 2428 }, "geometry": { "type": "Point", "coordinates": [ 753242.8955911466619, 1968437.754107208922505 ] } },
{ "type": "Feature", "properties": { "Transect": 2429 }, "geometry": { "type": "Point", "coordinates": [ 753264.64813961321488, 1968470.004109880886972 ] } },
{ "type": "Feature", "properties": { "Transect": 2430 }, "geometry": { "type": "Point", "coordinates": [ 753273.52091899770312, 1968480.564333888003603 ] } },
{ "type": "Feature", "properties": { "Transect": 2431 }, "geometry": { "type": "Point", "coordinates": [ 753268.787802039296366, 1968467.925403193337843 ] } },
{ "type": "Feature", "properties": { "Transect": 2432 }, "geometry": { "type": "Point", "coordinates": [ 753268.268008703133091, 1968477.865867119282484 ] } },
{ "type": "Feature", "properties": { "Transect": 2433 }, "geometry": { "type": "Point", "coordinates": [ 753274.774200317449868, 1968487.895901700481772 ] } },
{ "type": "Feature", "properties": { "Transect": 2434 }, "geometry": { "type": "Point", "coordinates": [ 753289.318485559895635, 1968514.139022483956069 ] } },
{ "type": "Feature", "properties": { "Transect": 2435 }, "geometry": { "type": "Point", "coordinates": [ 753274.200848294887692, 1968507.782756494358182 ] } },
{ "type": "Feature", "properties": { "Transect": 2436 }, "geometry": { "type": "Point", "coordinates": [ 753295.360291425604373, 1968537.169990510679781 ] } },
{ "type": "Feature", "properties": { "Transect": 2437 }, "geometry": { "type": "Point", "coordinates": [ 753298.018931641592644, 1968527.98058985103853 ] } },
{ "type": "Feature", "properties": { "Transect": 2438 }, "geometry": { "type": "Point", "coordinates": [ 753286.337634640047327, 1968574.26881489623338 ] } },
{ "type": "Feature", "properties": { "Transect": 2439 }, "geometry": { "type": "Point", "coordinates": [ 753295.763537141960114, 1968547.846003603655845 ] } },
{ "type": "Feature", "properties": { "Transect": 2440 }, "geometry": { "type": "Point", "coordinates": [ 753284.769431980908848, 1968557.652917985571548 ] } },
{ "type": "Feature", "properties": { "Transect": 2441 }, "geometry": { "type": "Point", "coordinates": [ 753287.506302498397417, 1968567.634906761813909 ] } },
{ "type": "Feature", "properties": { "Transect": 2442 }, "geometry": { "type": "Point", "coordinates": [ 753287.363493132637814, 1968577.580178679665551 ] } },
{ "type": "Feature", "properties": { "Transect": 2443 }, "geometry": { "type": "Point", "coordinates": [ 753287.249462698004209, 1968587.525817624758929 ] } },
{ "type": "Feature", "properties": { "Transect": 2444 }, "geometry": { "type": "Point", "coordinates": [ 753304.034821118926629, 1968597.68693406926468 ] } },
{ "type": "Feature", "properties": { "Transect": 2445 }, "geometry": { "type": "Point", "coordinates": [ 753327.432852118159644, 1968613.700571976834908 ] } },
{ "type": "Feature", "properties": { "Transect": 2446 }, "geometry": { "type": "Point", "coordinates": [ 753339.118250300991349, 1968618.028461872367188 ] } },
{ "type": "Feature", "properties": { "Transect": 2447 }, "geometry": { "type": "Point", "coordinates": [ 753333.248243672307581, 1968627.900708405533805 ] } },
{ "type": "Feature", "properties": { "Transect": 2448 }, "geometry": { "type": "Point", "coordinates": [ 753330.00686284492258, 1968649.796876051696017 ] } },
{ "type": "Feature", "properties": { "Transect": 2449 }, "geometry": { "type": "Point", "coordinates": [ 753346.507276826305315, 1968653.234066659817472 ] } },
{ "type": "Feature", "properties": { "Transect": 2450 }, "geometry": { "type": "Point", "coordinates": [ 753358.556371057056822, 1968660.828072936041281 ] } },
{ "type": "Feature", "properties": { "Transect": 2451 }, "geometry": { "type": "Point", "coordinates": [ 753370.283343114540912, 1968714.683719512308016 ] } },
{ "type": "Feature", "properties": { "Transect": 2452 }, "geometry": { "type": "Point", "coordinates": [ 753379.571620597853325, 1968733.578837235458195 ] } },
{ "type": "Feature", "properties": { "Transect": 2453 }, "geometry": { "type": "Point", "coordinates": [ 753389.14398689661175, 1968730.19832234387286 ] } },
{ "type": "Feature", "properties": { "Transect": 2454 }, "geometry": { "type": "Point", "coordinates": [ 753375.127876185928471, 1968691.255324529018253 ] } },
{ "type": "Feature", "properties": { "Transect": 2455 }, "geometry": { "type": "Point", "coordinates": [ 753404.365766769973561, 1968678.543146730167791 ] } },
{ "type": "Feature", "properties": { "Transect": 2456 }, "geometry": { "type": "Point", "coordinates": [ 753389.93425676273182, 1968688.30617442750372 ] } },
{ "type": "Feature", "properties": { "Transect": 2457 }, "geometry": { "type": "Point", "coordinates": [ 753382.120809626299888, 1968698.153614254668355 ] } },
{ "type": "Feature", "properties": { "Transect": 2458 }, "geometry": { "type": "Point", "coordinates": [ 753364.947478904970922, 1968707.881666689645499 ] } },
{ "type": "Feature", "properties": { "Transect": 2459 }, "geometry": { "type": "Point", "coordinates": [ 753364.747541264398023, 1968717.826215949142352 ] } },
{ "type": "Feature", "properties": { "Transect": 2460 }, "geometry": { "type": "Point", "coordinates": [ 753371.756770564126782, 1968727.862720033153892 ] } },
{ "type": "Feature", "properties": { "Transect": 2461 }, "geometry": { "type": "Point", "coordinates": [ 753379.27825471572578, 1968737.905759059824049 ] } },
{ "type": "Feature", "properties": { "Transect": 2462 }, "geometry": { "type": "Point", "coordinates": [ 753370.180716109927744, 1968747.736817212309688 ] } },
{ "type": "Feature", "properties": { "Transect": 2463 }, "geometry": { "type": "Point", "coordinates": [ 753388.98225314100273, 1968775.779576297849417 ] } },
{ "type": "Feature", "properties": { "Transect": 2464 }, "geometry": { "type": "Point", "coordinates": [ 753399.101766929379664, 1968804.02111994754523 ] } },
{ "type": "Feature", "properties": { "Transect": 2465 }, "geometry": { "type": "Point", "coordinates": [ 753420.61455265362747, 1968802.777699623489752 ] } },
{ "type": "Feature", "properties": { "Transect": 2466 }, "geometry": { "type": "Point", "coordinates": [ 753445.139839874696918, 1968822.667880361899734 ] } },
{ "type": "Feature", "properties": { "Transect": 2467 }, "geometry": { "type": "Point", "coordinates": [ 753454.090946267009713, 1968867.980079485569149 ] } },
{ "type": "Feature", "properties": { "Transect": 2468 }, "geometry": { "type": "Point", "coordinates": [ 753440.217982257949188, 1968821.354606953915209 ] } },
{ "type": "Feature", "properties": { "Transect": 2469 }, "geometry": { "type": "Point", "coordinates": [ 753445.011374332476407, 1968835.724069667747244 ] } },
{ "type": "Feature", "properties": { "Transect": 2470 }, "geometry": { "type": "Point", "coordinates": [ 753452.51896200934425, 1968847.558962151873857 ] } },
{ "type": "Feature", "properties": { "Transect": 2471 }, "geometry": { "type": "Point", "coordinates": [ 753459.829673065221868, 1968859.57769147795625 ] } },
{ "type": "Feature", "properties": { "Transect": 2472 }, "geometry": { "type": "Point", "coordinates": [ 753456.73289809434209, 1968838.364785011857748 ] } },
{ "type": "Feature", "properties": { "Transect": 2473 }, "geometry": { "type": "Point", "coordinates": [ 753476.186109888600186, 1968872.976378664141521 ] } },
{ "type": "Feature", "properties": { "Transect": 2474 }, "geometry": { "type": "Point", "coordinates": [ 753487.994622617727146, 1968880.795010635629296 ] } },
{ "type": "Feature", "properties": { "Transect": 2475 }, "geometry": { "type": "Point", "coordinates": [ 753463.614133526920341, 1968868.293871270958334 ] } },
{ "type": "Feature", "properties": { "Transect": 2476 }, "geometry": { "type": "Point", "coordinates": [ 753538.187490087118931, 1968998.528419396374375 ] } },
{ "type": "Feature", "properties": { "Transect": 2477 }, "geometry": { "type": "Point", "coordinates": [ 753496.717822885257192, 1968948.031114376615733 ] } },
{ "type": "Feature", "properties": { "Transect": 2478 }, "geometry": { "type": "Point", "coordinates": [ 753509.804899496375583, 1968954.655783745460212 ] } },
{ "type": "Feature", "properties": { "Transect": 2479 }, "geometry": { "type": "Point", "coordinates": [ 753523.890769348363392, 1968960.347787929465994 ] } },
{ "type": "Feature", "properties": { "Transect": 2480 }, "geometry": { "type": "Point", "coordinates": [ 753534.141173471347429, 1968969.621353961294517 ] } },
{ "type": "Feature", "properties": { "Transect": 2481 }, "geometry": { "type": "Point", "coordinates": [ 753535.894526536343619, 1968986.829437925713137 ] } },
{ "type": "Feature", "properties": { "Transect": 2482 }, "geometry": { "type": "Point", "coordinates": [ 753518.695005102199502, 1968948.573548164218664 ] } },
{ "type": "Feature", "properties": { "Transect": 2483 }, "geometry": { "type": "Point", "coordinates": [ 753529.621976651484147, 1968958.66015768609941 ] } },
{ "type": "Feature", "properties": { "Transect": 2484 }, "geometry": { "type": "Point", "coordinates": [ 753519.41494825296104, 1968968.476964666275308 ] } },
{ "type": "Feature", "properties": { "Transect": 2485 }, "geometry": { "type": "Point", "coordinates": [ 753555.852889653411694, 1969016.518479230813682 ] } },
{ "type": "Feature", "properties": { "Transect": 2486 }, "geometry": { "type": "Point", "coordinates": [ 753568.286395738366991, 1969023.753470375435427 ] } },
{ "type": "Feature", "properties": { "Transect": 2487 }, "geometry": { "type": "Point", "coordinates": [ 753573.198543744627386, 1969038.01183999935165 ] } },
{ "type": "Feature", "properties": { "Transect": 2488 }, "geometry": { "type": "Point", "coordinates": [ 753578.527204953483306, 1969051.881257474422455 ] } },
{ "type": "Feature", "properties": { "Transect": 2489 }, "geometry": { "type": "Point", "coordinates": [ 753599.203991713002324, 1969051.418771393364295 ] } },
{ "type": "Feature", "properties": { "Transect": 2490 }, "geometry": { "type": "Point", "coordinates": [ 753606.212422695825808, 1969063.719635298708454 ] } },
{ "type": "Feature", "properties": { "Transect": 2491 }, "geometry": { "type": "Point", "coordinates": [ 753615.047856814577244, 1969074.314461481524631 ] } },
{ "type": "Feature", "properties": { "Transect": 2492 }, "geometry": { "type": "Point", "coordinates": [ 753600.193626009626314, 1969049.085064117563888 ] } },
{ "type": "Feature", "properties": { "Transect": 2493 }, "geometry": { "type": "Point", "coordinates": [ 753629.510806363774464, 1969089.481290268711746 ] } },
{ "type": "Feature", "properties": { "Transect": 2494 }, "geometry": { "type": "Point", "coordinates": [ 753640.951945267152041, 1969097.642952758353204 ] } },
{ "type": "Feature", "properties": { "Transect": 2495 }, "geometry": { "type": "Point", "coordinates": [ 753647.306648454163224, 1969110.554227262502536 ] } },
{ "type": "Feature", "properties": { "Transect": 2496 }, "geometry": { "type": "Point", "coordinates": [ 753688.920042088371702, 1969134.27262885007076 ] } },
{ "type": "Feature", "properties": { "Transect": 2497 }, "geometry": { "type": "Point", "coordinates": [ 753671.787764903274365, 1969115.557721120771021 ] } },
{ "type": "Feature", "properties": { "Transect": 2498 }, "geometry": { "type": "Point", "coordinates": [ 753707.84800789039582, 1969144.465720746433362 ] } },
{ "type": "Feature", "properties": { "Transect": 2499 }, "geometry": { "type": "Point", "coordinates": [ 753717.276145697454922, 1969152.367959571769461 ] } },
{ "type": "Feature", "properties": { "Transect": 2500 }, "geometry": { "type": "Point", "coordinates": [ 753701.652800313197076, 1969124.552136721787974 ] } },
{ "type": "Feature", "properties": { "Transect": 2501 }, "geometry": { "type": "Point", "coordinates": [ 753681.137658647960052, 1969109.801412975182757 ] } },
{ "type": "Feature", "properties": { "Transect": 2502 }, "geometry": { "type": "Point", "coordinates": [ 753699.711227358435281, 1969155.037071418715641 ] } },
{ "type": "Feature", "properties": { "Transect": 2503 }, "geometry": { "type": "Point", "coordinates": [ 753688.184962423634715, 1969129.785663968184963 ] } },
{ "type": "Feature", "properties": { "Transect": 2504 }, "geometry": { "type": "Point", "coordinates": [ 753714.059741954319179, 1969170.310757756698877 ] } },
{ "type": "Feature", "properties": { "Transect": 2505 }, "geometry": { "type": "Point", "coordinates": [ 753728.950827513821423, 1969175.250970548717305 ] } },
{ "type": "Feature", "properties": { "Transect": 2506 }, "geometry": { "type": "Point", "coordinates": [ 753746.715051324339584, 1969177.508355762576684 ] } },
{ "type": "Feature", "properties": { "Transect": 2507 }, "geometry": { "type": "Point", "coordinates": [ 753760.414896528702229, 1969221.250924404943362 ] } },
{ "type": "Feature", "properties": { "Transect": 2508 }, "geometry": { "type": "Point", "coordinates": [ 753768.45636746683158, 1969232.587061399128288 ] } },
{ "type": "Feature", "properties": { "Transect": 2509 }, "geometry": { "type": "Point", "coordinates": [ 753811.123850232106633, 1969265.294837362831458 ] } },
{ "type": "Feature", "properties": { "Transect": 2510 }, "geometry": { "type": "Point", "coordinates": [ 753820.605377945117652, 1969269.011692303465679 ] } },
{ "type": "Feature", "properties": { "Transect": 2511 }, "geometry": { "type": "Point", "coordinates": [ 753786.720884005539119, 1969252.413536520441994 ] } },
{ "type": "Feature", "properties": { "Transect": 2512 }, "geometry": { "type": "Point", "coordinates": [ 753800.193806999595836, 1969258.67799505777657 ] } },
{ "type": "Feature", "properties": { "Transect": 2513 }, "geometry": { "type": "Point", "coordinates": [ 753848.813150783302262, 1969298.688809109153226 ] } },
{ "type": "Feature", "properties": { "Transect": 2514 }, "geometry": { "type": "Point", "coordinates": [ 753828.271357086137868, 1969260.323407864198089 ] } },
{ "type": "Feature", "properties": { "Transect": 2515 }, "geometry": { "type": "Point", "coordinates": [ 753848.996627862565219, 1969259.816002091858536 ] } },
{ "type": "Feature", "properties": { "Transect": 2516 }, "geometry": { "type": "Point", "coordinates": [ 753877.746574896387756, 1969271.591131250374019 ] } },
{ "type": "Feature", "properties": { "Transect": 2517 }, "geometry": { "type": "Point", "coordinates": [ 753887.147922466159798, 1969281.579392252722755 ] } },
{ "type": "Feature", "properties": { "Transect": 2518 }, "geometry": { "type": "Point", "coordinates": [ 753896.686077322694473, 1969280.865229562623426 ] } },
{ "type": "Feature", "properties": { "Transect": 2519 }, "geometry": { "type": "Point", "coordinates": [ 753906.000101400539279, 1969297.683108769124374 ] } },
{ "type": "Feature", "properties": { "Transect": 2520 }, "geometry": { "type": "Point", "coordinates": [ 753889.136943198624067, 1969277.252065800130367 ] } },
{ "type": "Feature", "properties": { "Transect": 2521 }, "geometry": { "type": "Point", "coordinates": [ 753857.201549849589355, 1969261.257835055934265 ] } },
{ "type": "Feature", "properties": { "Transect": 2522 }, "geometry": { "type": "Point", "coordinates": [ 753843.85354994784575, 1969271.034319605911151 ] } },
{ "type": "Feature", "properties": { "Transect": 2523 }, "geometry": { "type": "Point", "coordinates": [ 753886.026702587958425, 1969318.65456933574751 ] } },
{ "type": "Feature", "properties": { "Transect": 2524 }, "geometry": { "type": "Point", "coordinates": [ 753898.255000009085052, 1969326.081229043891653 ] } },
{ "type": "Feature", "properties": { "Transect": 2525 }, "geometry": { "type": "Point", "coordinates": [ 753904.794955278513953, 1969338.819333673920482 ] } },
{ "type": "Feature", "properties": { "Transect": 2526 }, "geometry": { "type": "Point", "coordinates": [ 753952.547713229665533, 1969383.512856660643592 ] } },
{ "type": "Feature", "properties": { "Transect": 2527 }, "geometry": { "type": "Point", "coordinates": [ 753962.301693913759664, 1969365.917447814717889 ] } },
{ "type": "Feature", "properties": { "Transect": 2528 }, "geometry": { "type": "Point", "coordinates": [ 753971.758796629263088, 1969371.538988018175587 ] } },
{ "type": "Feature", "properties": { "Transect": 2529 }, "geometry": { "type": "Point", "coordinates": [ 753964.550943052978255, 1969328.921446953434497 ] } },
{ "type": "Feature", "properties": { "Transect": 2530 }, "geometry": { "type": "Point", "coordinates": [ 753991.092613618820906, 1969349.970232033869252 ] } },
{ "type": "Feature", "properties": { "Transect": 2531 }, "geometry": { "type": "Point", "coordinates": [ 754000.834697992773727, 1969333.309195994865149 ] } },
{ "type": "Feature", "properties": { "Transect": 2532 }, "geometry": { "type": "Point", "coordinates": [ 753995.199597161612473, 1969337.184326403774321 ] } },
{ "type": "Feature", "properties": { "Transect": 2533 }, "geometry": { "type": "Point", "coordinates": [ 754007.724199743708596, 1969344.334374086000025 ] } },
{ "type": "Feature", "properties": { "Transect": 2534 }, "geometry": { "type": "Point", "coordinates": [ 753997.470099216210656, 1969342.628452823031694 ] } },
{ "type": "Feature", "properties": { "Transect": 2535 }, "geometry": { "type": "Point", "coordinates": [ 754030.661283277324401, 1969370.433372074505314 ] } },
{ "type": "Feature", "properties": { "Transect": 2536 }, "geometry": { "type": "Point", "coordinates": [ 754047.714039832004346, 1969393.168444022769108 ] } },
{ "type": "Feature", "properties": { "Transect": 2537 }, "geometry": { "type": "Point", "coordinates": [ 754057.379531419021077, 1969382.49755529104732 ] } },
{ "type": "Feature", "properties": { "Transect": 2538 }, "geometry": { "type": "Point", "coordinates": [ 754066.871777932508849, 1969385.36964011983946 ] } },
{ "type": "Feature", "properties": { "Transect": 2539 }, "geometry": { "type": "Point", "coordinates": [ 754076.445197221590206, 1969381.896735506597906 ] } },
{ "type": "Feature", "properties": { "Transect": 2540 }, "geometry": { "type": "Point", "coordinates": [ 754086.093361121369526, 1969372.581990787992254 ] } },
{ "type": "Feature", "properties": { "Transect": 2541 }, "geometry": { "type": "Point", "coordinates": [ 754090.807651142938994, 1969378.207224097801372 ] } },
{ "type": "Feature", "properties": { "Transect": 2542 }, "geometry": { "type": "Point", "coordinates": [ 754077.257324597332627, 1969383.437645187834278 ] } },
{ "type": "Feature", "properties": { "Transect": 2543 }, "geometry": { "type": "Point", "coordinates": [ 754095.154438248137012, 1969393.613791906973347 ] } },
{ "type": "Feature", "properties": { "Transect": 2544 }, "geometry": { "type": "Point", "coordinates": [ 754109.111076931701973, 1969403.739522768417373 ] } },
{ "type": "Feature", "properties": { "Transect": 2545 }, "geometry": { "type": "Point", "coordinates": [ 754111.432400216348469, 1969407.274175820173696 ] } },
{ "type": "Feature", "properties": { "Transect": 2546 }, "geometry": { "type": "Point", "coordinates": [ 754112.21945085725747, 1969425.383835807442665 ] } },
{ "type": "Feature", "properties": { "Transect": 2547 }, "geometry": { "type": "Point", "coordinates": [ 754123.281797968316823, 1969445.06989121902734 ] } },
{ "type": "Feature", "properties": { "Transect": 2548 }, "geometry": { "type": "Point", "coordinates": [ 754132.639640718931332, 1969458.442097635241225 ] } },
{ "type": "Feature", "properties": { "Transect": 2549 }, "geometry": { "type": "Point", "coordinates": [ 754141.997478035860695, 1969471.813779223943129 ] } },
{ "type": "Feature", "properties": { "Transect": 2550 }, "geometry": { "type": "Point", "coordinates": [ 754134.558811451774091, 1969450.42313244426623 ] } },
{ "type": "Feature", "properties": { "Transect": 2551 }, "geometry": { "type": "Point", "coordinates": [ 754160.825053836917505, 1969489.810745756607503 ] } },
{ "type": "Feature", "properties": { "Transect": 2552 }, "geometry": { "type": "Point", "coordinates": [ 754170.182902204920538, 1969503.17897872813046 ] } },
{ "type": "Feature", "properties": { "Transect": 2553 }, "geometry": { "type": "Point", "coordinates": [ 754143.232877671136521, 1969479.204021356301382 ] } },
{ "type": "Feature", "properties": { "Transect": 2554 }, "geometry": { "type": "Point", "coordinates": [ 754150.554698181687854, 1969491.211960644461215 ] } },
{ "type": "Feature", "properties": { "Transect": 2555 }, "geometry": { "type": "Point", "coordinates": [ 754116.708253584103659, 1969463.519505716161802 ] } },
{ "type": "Feature", "properties": { "Transect": 2556 }, "geometry": { "type": "Point", "coordinates": [ 754129.283320053596981, 1969473.62762794806622 ] } },
{ "type": "Feature", "properties": { "Transect": 2557 }, "geometry": { "type": "Point", "coordinates": [ 754158.774407633929513, 1969483.952281228033826 ] } },
{ "type": "Feature", "properties": { "Transect": 2558 }, "geometry": { "type": "Point", "coordinates": [ 754171.320891618612222, 1969494.060041993157938 ] } },
{ "type": "Feature", "properties": { "Transect": 2559 }, "geometry": { "type": "Point", "coordinates": [ 754183.896557864616625, 1969504.168177971616387 ] } },
{ "type": "Feature", "properties": { "Transect": 2560 }, "geometry": { "type": "Point", "coordinates": [ 754197.93155974172987, 1969568.659697645111009 ] } },
{ "type": "Feature", "properties": { "Transect": 2561 }, "geometry": { "type": "Point", "coordinates": [ 754175.339542395435274, 1969514.005817141849548 ] } },
{ "type": "Feature", "properties": { "Transect": 2562 }, "geometry": { "type": "Point", "coordinates": [ 754175.21000995778013, 1969523.951322187203914 ] } },
{ "type": "Feature", "properties": { "Transect": 2563 }, "geometry": { "type": "Point", "coordinates": [ 754175.080221214680932, 1969533.89682403486222 ] } },
{ "type": "Feature", "properties": { "Transect": 2564 }, "geometry": { "type": "Point", "coordinates": [ 754174.957681861938909, 1969543.84241875866428 ] } },
{ "type": "Feature", "properties": { "Transect": 2565 }, "geometry": { "type": "Point", "coordinates": [ 754174.827891754102893, 1969553.787920754402876 ] } },
{ "type": "Feature", "properties": { "Transect": 2566 }, "geometry": { "type": "Point", "coordinates": [ 754174.528173962025903, 1969576.921005910495296 ] } },
{ "type": "Feature", "properties": { "Transect": 2567 }, "geometry": { "type": "Point", "coordinates": [ 754183.095803721575066, 1969573.788074669661 ] } },
{ "type": "Feature", "properties": { "Transect": 2568 }, "geometry": { "type": "Point", "coordinates": [ 754171.276852101553231, 1969583.583945894613862 ] } },
{ "type": "Feature", "properties": { "Transect": 2569 }, "geometry": { "type": "Point", "coordinates": [ 754166.92829095327761, 1969593.475443778792396 ] } },
{ "type": "Feature", "properties": { "Transect": 2570 }, "geometry": { "type": "Point", "coordinates": [ 754183.716002463246696, 1969603.637506745755672 ] } },
{ "type": "Feature", "properties": { "Transect": 2571 }, "geometry": { "type": "Point", "coordinates": [ 754190.088695289101452, 1969620.543067977996543 ] } },
{ "type": "Feature", "properties": { "Transect": 2572 }, "geometry": { "type": "Point", "coordinates": [ 754199.488513124641031, 1969630.610733977286145 ] } },
{ "type": "Feature", "properties": { "Transect": 2573 }, "geometry": { "type": "Point", "coordinates": [ 754208.88606219086796, 1969640.680515005951747 ] } },
{ "type": "Feature", "properties": { "Transect": 2574 }, "geometry": { "type": "Point", "coordinates": [ 754223.180826045805588, 1969646.177791974740103 ] } },
{ "type": "Feature", "properties": { "Transect": 2575 }, "geometry": { "type": "Point", "coordinates": [ 754233.335057189222425, 1969655.541065189288929 ] } },
{ "type": "Feature", "properties": { "Transect": 2576 }, "geometry": { "type": "Point", "coordinates": [ 754235.228634601226076, 1969672.617236668011174 ] } },
{ "type": "Feature", "properties": { "Transect": 2577 }, "geometry": { "type": "Point", "coordinates": [ 754238.503521805047058, 1969688.403667764971033 ] } },
{ "type": "Feature", "properties": { "Transect": 2578 }, "geometry": { "type": "Point", "coordinates": [ 754242.325608910759911, 1969703.679163198452443 ] } },
{ "type": "Feature", "properties": { "Transect": 2579 }, "geometry": { "type": "Point", "coordinates": [ 754237.943117184215225, 1969726.615144649287686 ] } },
{ "type": "Feature", "properties": { "Transect": 2580 }, "geometry": { "type": "Point", "coordinates": [ 754280.414965486037545, 1969824.54279786394909 ] } },
{ "type": "Feature", "properties": { "Transect": 2581 }, "geometry": { "type": "Point", "coordinates": [ 754259.210861122235656, 1969734.61930414638482 ] } },
{ "type": "Feature", "properties": { "Transect": 2582 }, "geometry": { "type": "Point", "coordinates": [ 754268.607410717755556, 1969744.689955681795254 ] } },
{ "type": "Feature", "properties": { "Transect": 2583 }, "geometry": { "type": "Point", "coordinates": [ 754259.016849570325576, 1969772.488514236640185 ] } },
{ "type": "Feature", "properties": { "Transect": 2584 }, "geometry": { "type": "Point", "coordinates": [ 754318.456513470853679, 1969830.290549819823354 ] } },
{ "type": "Feature", "properties": { "Transect": 2585 }, "geometry": { "type": "Point", "coordinates": [ 754260.502843839931302, 1969798.962448690319434 ] } },
{ "type": "Feature", "properties": { "Transect": 2586 }, "geometry": { "type": "Point", "coordinates": [ 754270.995690771494992, 1969808.009448979049921 ] } },
{ "type": "Feature", "properties": { "Transect": 2587 }, "geometry": { "type": "Point", "coordinates": [ 754295.936312729376368, 1969803.566909453598782 ] } },
{ "type": "Feature", "properties": { "Transect": 2588 }, "geometry": { "type": "Point", "coordinates": [ 754356.770175324520096, 1969814.796043943613768 ] } },
{ "type": "Feature", "properties": { "Transect": 2589 }, "geometry": { "type": "Point", "coordinates": [ 754322.072163813165389, 1969807.025828832760453 ] } },
{ "type": "Feature", "properties": { "Transect": 2590 }, "geometry": { "type": "Point", "coordinates": [ 754341.147903222939931, 1969808.059254992287606 ] } },
{ "type": "Feature", "properties": { "Transect": 2591 }, "geometry": { "type": "Point", "coordinates": [ 754347.075320718693547, 1969821.368907737545669 ] } },
{ "type": "Feature", "properties": { "Transect": 2592 }, "geometry": { "type": "Point", "coordinates": [ 754345.996849076240323, 1969841.219728745054454 ] } },
{ "type": "Feature", "properties": { "Transect": 2593 }, "geometry": { "type": "Point", "coordinates": [ 754372.288805046584457, 1969835.515634532785043 ] } },
{ "type": "Feature", "properties": { "Transect": 2594 }, "geometry": { "type": "Point", "coordinates": [ 754413.236984190065414, 1969869.896209396189079 ] } },
{ "type": "Feature", "properties": { "Transect": 2595 }, "geometry": { "type": "Point", "coordinates": [ 754398.713785667554475, 1969838.70470668328926 ] } },
{ "type": "Feature", "properties": { "Transect": 2596 }, "geometry": { "type": "Point", "coordinates": [ 754431.962684825994074, 1969895.793463809648529 ] } },
{ "type": "Feature", "properties": { "Transect": 2597 }, "geometry": { "type": "Point", "coordinates": [ 754413.340141473687254, 1969852.909755646949634 ] } },
{ "type": "Feature", "properties": { "Transect": 2598 }, "geometry": { "type": "Point", "coordinates": [ 754410.627444695099257, 1969874.286311418516561 ] } },
{ "type": "Feature", "properties": { "Transect": 2599 }, "geometry": { "type": "Point", "coordinates": [ 754460.414750567520969, 1969906.268177489517257 ] } },
{ "type": "Feature", "properties": { "Transect": 2600 }, "geometry": { "type": "Point", "coordinates": [ 754423.784157748799771, 1969889.863451313925907 ] } },
{ "type": "Feature", "properties": { "Transect": 2601 }, "geometry": { "type": "Point", "coordinates": [ 754434.738298576674424, 1969898.479783628601581 ] } },
{ "type": "Feature", "properties": { "Transect": 2602 }, "geometry": { "type": "Point", "coordinates": [ 754488.877954914001748, 1969915.872016487177461 ] } },
{ "type": "Feature", "properties": { "Transect": 2603 }, "geometry": { "type": "Point", "coordinates": [ 754498.334181793150492, 1969921.531022874871269 ] } },
{ "type": "Feature", "properties": { "Transect": 2604 }, "geometry": { "type": "Point", "coordinates": [ 754466.562643149052747, 1969905.644989861641079 ] } },
{ "type": "Feature", "properties": { "Transect": 2605 }, "geometry": { "type": "Point", "coordinates": [ 754482.223660438903607, 1969909.866744994884357 ] } },
{ "type": "Feature", "properties": { "Transect": 2606 }, "geometry": { "type": "Point", "coordinates": [ 754496.727424921817146, 1969915.168985909083858 ] } },
{ "type": "Feature", "properties": { "Transect": 2607 }, "geometry": { "type": "Point", "coordinates": [ 754500.307714228751138, 1969930.669937511207536 ] } },
{ "type": "Feature", "properties": { "Transect": 2608 }, "geometry": { "type": "Point", "coordinates": [ 754545.423104441957548, 1969964.812129691708833 ] } },
{ "type": "Feature", "properties": { "Transect": 2609 }, "geometry": { "type": "Point", "coordinates": [ 754525.123031533556059, 1969935.362003041664138 ] } },
{ "type": "Feature", "properties": { "Transect": 2610 }, "geometry": { "type": "Point", "coordinates": [ 754538.283665916533209, 1969941.918278047814965 ] } },
{ "type": "Feature", "properties": { "Transect": 2611 }, "geometry": { "type": "Point", "coordinates": [ 754526.040682450169697, 1969926.332323172595352 ] } },
{ "type": "Feature", "properties": { "Transect": 2612 }, "geometry": { "type": "Point", "coordinates": [ 754562.619398860493675, 1969947.867484554415569 ] } },
{ "type": "Feature", "properties": { "Transect": 2613 }, "geometry": { "type": "Point", "coordinates": [ 754583.465210209949873, 1969970.495797443669289 ] } },
{ "type": "Feature", "properties": { "Transect": 2614 }, "geometry": { "type": "Point", "coordinates": [ 754577.645422224421054, 1969961.699324619490653 ] } },
{ "type": "Feature", "properties": { "Transect": 2615 }, "geometry": { "type": "Point", "coordinates": [ 754580.302271194988862, 1969978.062383183976635 ] } },
{ "type": "Feature", "properties": { "Transect": 2616 }, "geometry": { "type": "Point", "coordinates": [ 754594.378617902519181, 1969983.763737821485847 ] } },
{ "type": "Feature", "properties": { "Transect": 2617 }, "geometry": { "type": "Point", "coordinates": [ 754608.815783087629825, 1969989.128229695139453 ] } },
{ "type": "Feature", "properties": { "Transect": 2618 }, "geometry": { "type": "Point", "coordinates": [ 754613.573986002942547, 1970003.529354323400185 ] } },
{ "type": "Feature", "properties": { "Transect": 2619 }, "geometry": { "type": "Point", "coordinates": [ 754620.864333014353178, 1970015.566366413142532 ] } },
{ "type": "Feature", "properties": { "Transect": 2620 }, "geometry": { "type": "Point", "coordinates": [ 754627.034256021957844, 1970028.649432976497337 ] } },
{ "type": "Feature", "properties": { "Transect": 2621 }, "geometry": { "type": "Point", "coordinates": [ 754686.971638684859499, 1970072.597460955614224 ] } },
{ "type": "Feature", "properties": { "Transect": 2622 }, "geometry": { "type": "Point", "coordinates": [ 754656.624392419238575, 1970055.934774994850159 ] } },
{ "type": "Feature", "properties": { "Transect": 2623 }, "geometry": { "type": "Point", "coordinates": [ 754678.879824188887142, 1970053.999941390939057 ] } },
{ "type": "Feature", "properties": { "Transect": 2624 }, "geometry": { "type": "Point", "coordinates": [ 754648.884199444903061, 1970037.326673047617078 ] } },
{ "type": "Feature", "properties": { "Transect": 2625 }, "geometry": { "type": "Point", "coordinates": [ 754667.820320818806067, 1970047.516827935818583 ] } },
{ "type": "Feature", "properties": { "Transect": 2626 }, "geometry": { "type": "Point", "coordinates": [ 754695.413501449278556, 1970057.818057361757383 ] } },
{ "type": "Feature", "properties": { "Transect": 2627 }, "geometry": { "type": "Point", "coordinates": [ 754705.407872827607207, 1970077.55541040468961 ] } },
{ "type": "Feature", "properties": { "Transect": 2628 }, "geometry": { "type": "Point", "coordinates": [ 754716.853014428284951, 1970085.713377261767164 ] } },
{ "type": "Feature", "properties": { "Transect": 2629 }, "geometry": { "type": "Point", "coordinates": [ 754726.146614672150463, 1970095.88006787840277 ] } },
{ "type": "Feature", "properties": { "Transect": 2630 }, "geometry": { "type": "Point", "coordinates": [ 754743.570281342370436, 1970117.298273942433298 ] } },
{ "type": "Feature", "properties": { "Transect": 2631 }, "geometry": { "type": "Point", "coordinates": [ 754736.92135195969604, 1970113.680875065270811 ] } },
{ "type": "Feature", "properties": { "Transect": 2632 }, "geometry": { "type": "Point", "coordinates": [ 754762.433211757219397, 1970132.450141212670133 ] } },
{ "type": "Feature", "properties": { "Transect": 2633 }, "geometry": { "type": "Point", "coordinates": [ 754762.009487788658589, 1970118.11844778386876 ] } },
{ "type": "Feature", "properties": { "Transect": 2634 }, "geometry": { "type": "Point", "coordinates": [ 754773.074667423730716, 1970126.631156999850646 ] } },
{ "type": "Feature", "properties": { "Transect": 2635 }, "geometry": { "type": "Point", "coordinates": [ 754773.013783106929623, 1970145.531291699735448 ] } },
{ "type": "Feature", "properties": { "Transect": 2636 }, "geometry": { "type": "Point", "coordinates": [ 754800.082250920240767, 1970168.732675031060353 ] } },
{ "type": "Feature", "properties": { "Transect": 2637 }, "geometry": { "type": "Point", "coordinates": [ 754809.646028353367001, 1970165.997286764439195 ] } },
{ "type": "Feature", "properties": { "Transect": 2638 }, "geometry": { "type": "Point", "coordinates": [ 754819.255029054358602, 1970159.739058785140514 ] } },
{ "type": "Feature", "properties": { "Transect": 2639 }, "geometry": { "type": "Point", "coordinates": [ 754828.864061412285082, 1970153.478887003380805 ] } },
{ "type": "Feature", "properties": { "Transect": 2640 }, "geometry": { "type": "Point", "coordinates": [ 754838.391176604200155, 1970153.600478395819664 ] } },
{ "type": "Feature", "properties": { "Transect": 2641 }, "geometry": { "type": "Point", "coordinates": [ 754832.917840211186558, 1970153.531953066820279 ] } },
{ "type": "Feature", "properties": { "Transect": 2642 }, "geometry": { "type": "Point", "coordinates": [ 754851.92495568911545, 1970173.473248842637986 ] } },
{ "type": "Feature", "properties": { "Transect": 2643 }, "geometry": { "type": "Point", "coordinates": [ 754850.311322957277298, 1970193.822915348690003 ] } },
{ "type": "Feature", "properties": { "Transect": 2644 }, "geometry": { "type": "Point", "coordinates": [ 754829.28531352605205, 1970178.902471523266286 ] } },
{ "type": "Feature", "properties": { "Transect": 2645 }, "geometry": { "type": "Point", "coordinates": [ 754857.216258019208908, 1970216.045956482877955 ] } },
{ "type": "Feature", "properties": { "Transect": 2646 }, "geometry": { "type": "Point", "coordinates": [ 754877.038174842600711, 1970216.383373042568564 ] } },
{ "type": "Feature", "properties": { "Transect": 2647 }, "geometry": { "type": "Point", "coordinates": [ 754888.666352869942784, 1970224.370460776844993 ] } },
{ "type": "Feature", "properties": { "Transect": 2648 }, "geometry": { "type": "Point", "coordinates": [ 754908.554085311247036, 1970224.646475605200976 ] } },
{ "type": "Feature", "properties": { "Transect": 2649 }, "geometry": { "type": "Point", "coordinates": [ 754895.513246453367174, 1970229.488892823690549 ] } },
{ "type": "Feature", "properties": { "Transect": 2650 }, "geometry": { "type": "Point", "coordinates": [ 754889.513973416294903, 1970271.091612904332578 ] } },
{ "type": "Feature", "properties": { "Transect": 2651 }, "geometry": { "type": "Point", "coordinates": [ 754878.716952671180479, 1970249.167611240642145 ] } },
{ "type": "Feature", "properties": { "Transect": 2652 }, "geometry": { "type": "Point", "coordinates": [ 754900.958693665801547, 1970289.076268765609711 ] } },
{ "type": "Feature", "properties": { "Transect": 2653 }, "geometry": { "type": "Point", "coordinates": [ 754940.949645184562542, 1970329.341103590559214 ] } },
{ "type": "Feature", "properties": { "Transect": 2654 }, "geometry": { "type": "Point", "coordinates": [ 754930.379708985215984, 1970289.46882838755846 ] } },
{ "type": "Feature", "properties": { "Transect": 2655 }, "geometry": { "type": "Point", "coordinates": [ 754960.43314570444636, 1970296.151230272371322 ] } },
{ "type": "Feature", "properties": { "Transect": 2656 }, "geometry": { "type": "Point", "coordinates": [ 754960.833134344196878, 1970288.897598917596042 ] } },
{ "type": "Feature", "properties": { "Transect": 2657 }, "geometry": { "type": "Point", "coordinates": [ 754979.532401964534074, 1970292.880063006887212 ] } },
{ "type": "Feature", "properties": { "Transect": 2658 }, "geometry": { "type": "Point", "coordinates": [ 754984.088114911224693, 1970295.046776846051216 ] } },
{ "type": "Feature", "properties": { "Transect": 2659 }, "geometry": { "type": "Point", "coordinates": [ 754986.929120392422192, 1970311.237432116176933 ] } },
{ "type": "Feature", "properties": { "Transect": 2660 }, "geometry": { "type": "Point", "coordinates": [ 754995.548508609528653, 1970310.351473675109446 ] } },
{ "type": "Feature", "properties": { "Transect": 2661 }, "geometry": { "type": "Point", "coordinates": [ 754995.803153828135692, 1970331.622046332573518 ] } },
{ "type": "Feature", "properties": { "Transect": 2662 }, "geometry": { "type": "Point", "coordinates": [ 755005.32282619853504, 1970341.57759831706062 ] } },
{ "type": "Feature", "properties": { "Transect": 2663 }, "geometry": { "type": "Point", "coordinates": [ 755017.820546664646827, 1970348.75291076884605 ] } },
{ "type": "Feature", "properties": { "Transect": 2664 }, "geometry": { "type": "Point", "coordinates": [ 755035.742285292944871, 1970367.74227352719754 ] } },
{ "type": "Feature", "properties": { "Transect": 2665 }, "geometry": { "type": "Point", "coordinates": [ 755034.10967416909989, 1970361.405257929349318 ] } },
{ "type": "Feature", "properties": { "Transect": 2666 }, "geometry": { "type": "Point", "coordinates": [ 755034.171106624533422, 1970380.190759185934439 ] } },
{ "type": "Feature", "properties": { "Transect": 2667 }, "geometry": { "type": "Point", "coordinates": [ 755040.907361888908781, 1970370.61758179939352 ] } },
{ "type": "Feature", "properties": { "Transect": 2668 }, "geometry": { "type": "Point", "coordinates": [ 755039.357479106052779, 1970404.017996947979555 ] } },
{ "type": "Feature", "properties": { "Transect": 2669 }, "geometry": { "type": "Point", "coordinates": [ 755054.792837489629164, 1970408.450807982357219 ] } },
{ "type": "Feature", "properties": { "Transect": 2670 }, "geometry": { "type": "Point", "coordinates": [ 755064.458366319653578, 1970418.270161026390269 ] } },
{ "type": "Feature", "properties": { "Transect": 2671 }, "geometry": { "type": "Point", "coordinates": [ 755057.308730330201797, 1970410.617237892700359 ] } },
{ "type": "Feature", "properties": { "Transect": 2672 }, "geometry": { "type": "Point", "coordinates": [ 755075.202426327508874, 1970436.908887785160914 ] } },
{ "type": "Feature", "properties": { "Transect": 2673 }, "geometry": { "type": "Point", "coordinates": [ 755084.598719641915523, 1970446.979581983759999 ] } },
{ "type": "Feature", "properties": { "Transect": 2674 }, "geometry": { "type": "Point", "coordinates": [ 755110.367820195155218, 1970492.478213557973504 ] } },
{ "type": "Feature", "properties": { "Transect": 2675 }, "geometry": { "type": "Point", "coordinates": [ 755096.848560251877643, 1970463.402774713467807 ] } },
{ "type": "Feature", "properties": { "Transect": 2676 }, "geometry": { "type": "Point", "coordinates": [ 755106.498116451082751, 1970473.237017259467393 ] } },
{ "type": "Feature", "properties": { "Transect": 2677 }, "geometry": { "type": "Point", "coordinates": [ 755094.934929555747658, 1970460.836922877002507 ] } },
{ "type": "Feature", "properties": { "Transect": 2678 }, "geometry": { "type": "Point", "coordinates": [ 755110.042667245608754, 1970498.596867432352155 ] } },
{ "type": "Feature", "properties": { "Transect": 2679 }, "geometry": { "type": "Point", "coordinates": [ 755116.454211173113436, 1970511.453959996346384 ] } },
{ "type": "Feature", "properties": { "Transect": 2680 }, "geometry": { "type": "Point", "coordinates": [ 755120.193783736554906, 1970526.805473363259807 ] } },
{ "type": "Feature", "properties": { "Transect": 2681 }, "geometry": { "type": "Point", "coordinates": [ 755140.11109631601721, 1970527.054175734519958 ] } },
{ "type": "Feature", "properties": { "Transect": 2682 }, "geometry": { "type": "Point", "coordinates": [ 755154.058487539645284, 1970532.876140113687143 ] } },
{ "type": "Feature", "properties": { "Transect": 2683 }, "geometry": { "type": "Point", "coordinates": [ 755165.633705398300663, 1970540.912659148219973 ] } },
{ "type": "Feature", "properties": { "Transect": 2684 }, "geometry": { "type": "Point", "coordinates": [ 755194.87382072256878, 1970589.760995269054547 ] } },
{ "type": "Feature", "properties": { "Transect": 2685 }, "geometry": { "type": "Point", "coordinates": [ 755180.984883438330144, 1970554.4404854234308 ] } },
{ "type": "Feature", "properties": { "Transect": 2686 }, "geometry": { "type": "Point", "coordinates": [ 755178.420248672948219, 1970575.677221468416974 ] } },
{ "type": "Feature", "properties": { "Transect": 2687 }, "geometry": { "type": "Point", "coordinates": [ 755186.530129992635921, 1970586.948772620642558 ] } },
{ "type": "Feature", "properties": { "Transect": 2688 }, "geometry": { "type": "Point", "coordinates": [ 755201.587004577508196, 1970591.734993063146248 ] } },
{ "type": "Feature", "properties": { "Transect": 2689 }, "geometry": { "type": "Point", "coordinates": [ 755221.791076274588704, 1970591.716100045945495 ] } },
{ "type": "Feature", "properties": { "Transect": 2690 }, "geometry": { "type": "Point", "coordinates": [ 755198.576127573731355, 1970581.536098781274632 ] } },
{ "type": "Feature", "properties": { "Transect": 2691 }, "geometry": { "type": "Point", "coordinates": [ 755242.125689852517098, 1970601.401558462297544 ] } },
{ "type": "Feature", "properties": { "Transect": 2692 }, "geometry": { "type": "Point", "coordinates": [ 755242.028435036772862, 1970620.334803324658424 ] } },
{ "type": "Feature", "properties": { "Transect": 2693 }, "geometry": { "type": "Point", "coordinates": [ 755237.233862380147912, 1970643.65313834999688 ] } },
{ "type": "Feature", "properties": { "Transect": 2694 }, "geometry": { "type": "Point", "coordinates": [ 755245.138232967001386, 1970655.116508363513276 ] } },
{ "type": "Feature", "properties": { "Transect": 2695 }, "geometry": { "type": "Point", "coordinates": [ 755289.115625993232243, 1970670.858512006700039 ] } },
{ "type": "Feature", "properties": { "Transect": 2696 }, "geometry": { "type": "Point", "coordinates": [ 755265.134290251531638, 1970664.308074502041563 ] } },
{ "type": "Feature", "properties": { "Transect": 2697 }, "geometry": { "type": "Point", "coordinates": [ 755286.201169776148163, 1970663.483809182420373 ] } },
{ "type": "Feature", "properties": { "Transect": 2698 }, "geometry": { "type": "Point", "coordinates": [ 755294.809893898433074, 1970674.289643636904657 ] } },
{ "type": "Feature", "properties": { "Transect": 2699 }, "geometry": { "type": "Point", "coordinates": [ 755347.200211762101389, 1970709.767240120330825 ] } },
{ "type": "Feature", "properties": { "Transect": 2700 }, "geometry": { "type": "Point", "coordinates": [ 755358.824097821605392, 1970717.758338791783899 ] } },
{ "type": "Feature", "properties": { "Transect": 2701 }, "geometry": { "type": "Point", "coordinates": [ 755359.971639451221563, 1970712.926387913757935 ] } },
{ "type": "Feature", "properties": { "Transect": 2702 }, "geometry": { "type": "Point", "coordinates": [ 755478.09944049268961, 1970794.024847758933902 ] } },
{ "type": "Feature", "properties": { "Transect": 2703 }, "geometry": { "type": "Point", "coordinates": [ 755472.514669163618237, 1970809.064361086348072 ] } },
{ "type": "Feature", "properties": { "Transect": 2704 }, "geometry": { "type": "Point", "coordinates": [ 755464.335415722569451, 1970813.742174297804013 ] } },
{ "type": "Feature", "properties": { "Transect": 2705 }, "geometry": { "type": "Point", "coordinates": [ 755475.874515086063184, 1970834.59608544385992 ] } },
{ "type": "Feature", "properties": { "Transect": 2706 }, "geometry": { "type": "Point", "coordinates": [ 755478.14438781212084, 1970833.814480574568734 ] } },
{ "type": "Feature", "properties": { "Transect": 2707 }, "geometry": { "type": "Point", "coordinates": [ 755490.706518674269319, 1970843.923484116559848 ] } },
{ "type": "Feature", "properties": { "Transect": 2708 }, "geometry": { "type": "Point", "coordinates": [ 755484.844375810120255, 1970853.795275818556547 ] } },
{ "type": "Feature", "properties": { "Transect": 2709 }, "geometry": { "type": "Point", "coordinates": [ 755484.718609777512029, 1970863.740923405857757 ] } },
{ "type": "Feature", "properties": { "Transect": 2710 }, "geometry": { "type": "Point", "coordinates": [ 755484.617917430121452, 1970873.686893904348835 ] } },
{ "type": "Feature", "properties": { "Transect": 2711 }, "geometry": { "type": "Point", "coordinates": [ 755484.488668092642911, 1970883.632496809819713 ] } },
{ "type": "Feature", "properties": { "Transect": 2712 }, "geometry": { "type": "Point", "coordinates": [ 755484.359007129678503, 1970893.578094499884173 ] } },
{ "type": "Feature", "properties": { "Transect": 2713 }, "geometry": { "type": "Point", "coordinates": [ 755483.928206298267469, 1970914.702512635150924 ] } },
{ "type": "Feature", "properties": { "Transect": 2714 }, "geometry": { "type": "Point", "coordinates": [ 755490.787623651092872, 1970927.141216416610405 ] } },
{ "type": "Feature", "properties": { "Transect": 2715 }, "geometry": { "type": "Point", "coordinates": [ 755507.98031361203175, 1970929.933844822226092 ] } },
{ "type": "Feature", "properties": { "Transect": 2716 }, "geometry": { "type": "Point", "coordinates": [ 755511.364112399634905, 1970945.617011699592695 ] } },
{ "type": "Feature", "properties": { "Transect": 2717 }, "geometry": { "type": "Point", "coordinates": [ 755518.234984637820162, 1970943.750612103845924 ] } },
{ "type": "Feature", "properties": { "Transect": 2718 }, "geometry": { "type": "Point", "coordinates": [ 755526.490408413112164, 1970953.804192258045077 ] } },
{ "type": "Feature", "properties": { "Transect": 2719 }, "geometry": { "type": "Point", "coordinates": [ 755528.710262311506085, 1970963.780049490742385 ] } },
{ "type": "Feature", "properties": { "Transect": 2720 }, "geometry": { "type": "Point", "coordinates": [ 755523.68304121599067, 1970982.437454933067784 ] } },
{ "type": "Feature", "properties": { "Transect": 2721 }, "geometry": { "type": "Point", "coordinates": [ 755519.477688773069531, 1970983.555687287356704 ] } },
{ "type": "Feature", "properties": { "Transect": 2722 }, "geometry": { "type": "Point", "coordinates": [ 755530.136320953723043, 1971023.92311592772603 ] } },
{ "type": "Feature", "properties": { "Transect": 2723 }, "geometry": { "type": "Point", "coordinates": [ 755542.850665300968103, 1971030.896247954340652 ] } },
{ "type": "Feature", "properties": { "Transect": 2724 }, "geometry": { "type": "Point", "coordinates": [ 755544.646321580861695, 1971048.06181004177779 ] } },
{ "type": "Feature", "properties": { "Transect": 2725 }, "geometry": { "type": "Point", "coordinates": [ 755530.151757254498079, 1971033.429448227630928 ] } },
{ "type": "Feature", "properties": { "Transect": 2726 }, "geometry": { "type": "Point", "coordinates": [ 755553.996306792250834, 1971068.001536506228149 ] } },
{ "type": "Feature", "properties": { "Transect": 2727 }, "geometry": { "type": "Point", "coordinates": [ 755555.415742757031694, 1971053.649394357344136 ] } },
{ "type": "Feature", "properties": { "Transect": 2728 }, "geometry": { "type": "Point", "coordinates": [ 755576.884875651914626, 1971083.767766698496416 ] } },
{ "type": "Feature", "properties": { "Transect": 2729 }, "geometry": { "type": "Point", "coordinates": [ 755572.512788763968274, 1971093.658723764820024 ] } },
{ "type": "Feature", "properties": { "Transect": 2730 }, "geometry": { "type": "Point", "coordinates": [ 755572.404278100701049, 1971103.6046013366431 ] } },
{ "type": "Feature", "properties": { "Transect": 2731 }, "geometry": { "type": "Point", "coordinates": [ 755572.036760014831088, 1971128.959000430768356 ] } },
{ "type": "Feature", "properties": { "Transect": 2732 }, "geometry": { "type": "Point", "coordinates": [ 755594.577158940257505, 1971156.237830698722973 ] } },
{ "type": "Feature", "properties": { "Transect": 2733 }, "geometry": { "type": "Point", "coordinates": [ 755603.007444480899721, 1971163.682484494755045 ] } },
{ "type": "Feature", "properties": { "Transect": 2734 }, "geometry": { "type": "Point", "coordinates": [ 755588.616003983421251, 1971173.444360085530207 ] } },
{ "type": "Feature", "properties": { "Transect": 2735 }, "geometry": { "type": "Point", "coordinates": [ 755594.757138251559809, 1971194.563491851789877 ] } },
{ "type": "Feature", "properties": { "Transect": 2736 }, "geometry": { "type": "Point", "coordinates": [ 755599.389306116383523, 1971193.477700778516009 ] } },
{ "type": "Feature", "properties": { "Transect": 2737 }, "geometry": { "type": "Point", "coordinates": [ 755608.263477057334967, 1971210.623330804053694 ] } },
{ "type": "Feature", "properties": { "Transect": 2738 }, "geometry": { "type": "Point", "coordinates": [ 755602.935162278474309, 1971213.417931875912473 ] } },
{ "type": "Feature", "properties": { "Transect": 2739 }, "geometry": { "type": "Point", "coordinates": [ 755599.314688006066717, 1971247.644295184873044 ] } },
{ "type": "Feature", "properties": { "Transect": 2740 }, "geometry": { "type": "Point", "coordinates": [ 755599.936139249010012, 1971233.273834865540266 ] } },
{ "type": "Feature", "properties": { "Transect": 2741 }, "geometry": { "type": "Point", "coordinates": [ 755614.616331829805858, 1971262.028243035776541 ] } },
{ "type": "Feature", "properties": { "Transect": 2742 }, "geometry": { "type": "Point", "coordinates": [ 755616.39711486781016, 1971253.380477336933836 ] } },
{ "type": "Feature", "properties": { "Transect": 2743 }, "geometry": { "type": "Point", "coordinates": [ 755624.099306059768423, 1971281.84371502394788 ] } },
{ "type": "Feature", "properties": { "Transect": 2744 }, "geometry": { "type": "Point", "coordinates": [ 755629.753012495231815, 1971273.447124227881432 ] } },
{ "type": "Feature", "properties": { "Transect": 2745 }, "geometry": { "type": "Point", "coordinates": [ 755619.43607500649523, 1971283.261462109396234 ] } },
{ "type": "Feature", "properties": { "Transect": 2746 }, "geometry": { "type": "Point", "coordinates": [ 755636.075714600621723, 1971309.157642525155097 ] } },
{ "type": "Feature", "properties": { "Transect": 2747 }, "geometry": { "type": "Point", "coordinates": [ 755637.998008539667353, 1971303.395203847670928 ] } },
{ "type": "Feature", "properties": { "Transect": 2748 }, "geometry": { "type": "Point", "coordinates": [ 755644.616483221761882, 1971329.852600947255269 ] } },
{ "type": "Feature", "properties": { "Transect": 2749 }, "geometry": { "type": "Point", "coordinates": [ 755646.921115044387989, 1971346.542726257815957 ] } },
{ "type": "Feature", "properties": { "Transect": 2750 }, "geometry": { "type": "Point", "coordinates": [ 755653.631864139460959, 1971406.62853347370401 ] } },
{ "type": "Feature", "properties": { "Transect": 2751 }, "geometry": { "type": "Point", "coordinates": [ 755649.378843229496852, 1971373.172757548978552 ] } },
{ "type": "Feature", "properties": { "Transect": 2752 }, "geometry": { "type": "Point", "coordinates": [ 755643.335304341628216, 1971383.042143492493778 ] } },
{ "type": "Feature", "properties": { "Transect": 2753 }, "geometry": { "type": "Point", "coordinates": [ 755651.635004322743043, 1971393.096405947115272 ] } },
{ "type": "Feature", "properties": { "Transect": 2754 }, "geometry": { "type": "Point", "coordinates": [ 755674.299466258962639, 1971435.655495619866997 ] } },
{ "type": "Feature", "properties": { "Transect": 2755 }, "geometry": { "type": "Point", "coordinates": [ 755659.382870586123317, 1971413.090815222356468 ] } },
{ "type": "Feature", "properties": { "Transect": 2756 }, "geometry": { "type": "Point", "coordinates": [ 755680.394234633888118, 1971458.633546928176656 ] } },
{ "type": "Feature", "properties": { "Transect": 2757 }, "geometry": { "type": "Point", "coordinates": [ 755677.174875606084242, 1971433.214706060476601 ] } },
{ "type": "Feature", "properties": { "Transect": 2758 }, "geometry": { "type": "Point", "coordinates": [ 755696.466587046626955, 1971472.298056158702821 ] } },
{ "type": "Feature", "properties": { "Transect": 2759 }, "geometry": { "type": "Point", "coordinates": [ 755714.004928875016049, 1971484.594165111426264 ] } },
{ "type": "Feature", "properties": { "Transect": 2760 }, "geometry": { "type": "Point", "coordinates": [ 755707.581738558365032, 1971473.395797270117328 ] } },
{ "type": "Feature", "properties": { "Transect": 2761 }, "geometry": { "type": "Point", "coordinates": [ 755725.675011543324217, 1971502.367962789023295 ] } },
{ "type": "Feature", "properties": { "Transect": 2762 }, "geometry": { "type": "Point", "coordinates": [ 755721.797892243601382, 1971493.473636118229479 ] } },
{ "type": "Feature", "properties": { "Transect": 2763 }, "geometry": { "type": "Point", "coordinates": [ 755728.639526508632116, 1971528.26786334766075 ] } },
{ "type": "Feature", "properties": { "Transect": 2764 }, "geometry": { "type": "Point", "coordinates": [ 755729.263984079938382, 1971513.464458795264363 ] } },
{ "type": "Feature", "properties": { "Transect": 2765 }, "geometry": { "type": "Point", "coordinates": [ 755740.981825369293801, 1971545.414166931528598 ] } },
{ "type": "Feature", "properties": { "Transect": 2766 }, "geometry": { "type": "Point", "coordinates": [ 755745.723947815480642, 1971533.571251274552196 ] } },
{ "type": "Feature", "properties": { "Transect": 2767 }, "geometry": { "type": "Point", "coordinates": [ 755754.766340086236596, 1971561.214257947634906 ] } },
{ "type": "Feature", "properties": { "Transect": 2768 }, "geometry": { "type": "Point", "coordinates": [ 755745.055585359921679, 1971553.457201140932739 ] } },
{ "type": "Feature", "properties": { "Transect": 2769 }, "geometry": { "type": "Point", "coordinates": [ 755778.31613841210492, 1971596.566126930294558 ] } },
{ "type": "Feature", "properties": { "Transect": 2770 }, "geometry": { "type": "Point", "coordinates": [ 755792.778350850567222, 1971601.907725729513913 ] } },
{ "type": "Feature", "properties": { "Transect": 2771 }, "geometry": { "type": "Point", "coordinates": [ 755796.42341562861111, 1971617.346347691258416 ] } },
{ "type": "Feature", "properties": { "Transect": 2772 }, "geometry": { "type": "Point", "coordinates": [ 755802.545891349203885, 1971630.472472057444975 ] } },
{ "type": "Feature", "properties": { "Transect": 2773 }, "geometry": { "type": "Point", "coordinates": [ 755802.382915028021671, 1971623.827462133020163 ] } },
{ "type": "Feature", "properties": { "Transect": 2774 }, "geometry": { "type": "Point", "coordinates": [ 755803.324715547612868, 1971633.78690543747507 ] } },
{ "type": "Feature", "properties": { "Transect": 2775 }, "geometry": { "type": "Point", "coordinates": [ 755798.540845166309737, 1971643.672503151698038 ] } },
{ "type": "Feature", "properties": { "Transect": 2776 }, "geometry": { "type": "Point", "coordinates": [ 755812.893514310126193, 1971669.132440384943038 ] } },
{ "type": "Feature", "properties": { "Transect": 2777 }, "geometry": { "type": "Point", "coordinates": [ 755806.004066174384207, 1971663.663339347578585 ] } },
{ "type": "Feature", "properties": { "Transect": 2778 }, "geometry": { "type": "Point", "coordinates": [ 755829.528293605428189, 1971682.272032481618226 ] } },
{ "type": "Feature", "properties": { "Transect": 2779 }, "geometry": { "type": "Point", "coordinates": [ 755836.423666386748664, 1971683.950284264050424 ] } },
{ "type": "Feature", "properties": { "Transect": 2780 }, "geometry": { "type": "Point", "coordinates": [ 755844.245205823448487, 1971697.201813267078251 ] } },
{ "type": "Feature", "properties": { "Transect": 2781 }, "geometry": { "type": "Point", "coordinates": [ 755856.561748188338242, 1971704.546248393366113 ] } },
{ "type": "Feature", "properties": { "Transect": 2782 }, "geometry": { "type": "Point", "coordinates": [ 755877.752811731654219, 1971714.325295693939552 ] } },
{ "type": "Feature", "properties": { "Transect": 2783 }, "geometry": { "type": "Point", "coordinates": [ 755863.861694057937711, 1971726.399145086528733 ] } },
{ "type": "Feature", "properties": { "Transect": 2784 }, "geometry": { "type": "Point", "coordinates": [ 755873.259944706805982, 1971736.46755067887716 ] } },
{ "type": "Feature", "properties": { "Transect": 2785 }, "geometry": { "type": "Point", "coordinates": [ 755885.188682343927212, 1971744.173968837596476 ] } },
{ "type": "Feature", "properties": { "Transect": 2786 }, "geometry": { "type": "Point", "coordinates": [ 755905.77468414127361, 1971754.47602274408564 ] } },
{ "type": "Feature", "properties": { "Transect": 2787 }, "geometry": { "type": "Point", "coordinates": [ 755900.862300494452938, 1971758.210769047029316 ] } },
{ "type": "Feature", "properties": { "Transect": 2788 }, "geometry": { "type": "Point", "coordinates": [ 755905.993454369832762, 1971772.262112973025069 ] } },
{ "type": "Feature", "properties": { "Transect": 2789 }, "geometry": { "type": "Point", "coordinates": [ 755915.586557046859525, 1971784.444537113187835 ] } },
{ "type": "Feature", "properties": { "Transect": 2790 }, "geometry": { "type": "Point", "coordinates": [ 755917.763654183479957, 1971808.783144345739856 ] } },
{ "type": "Feature", "properties": { "Transect": 2791 }, "geometry": { "type": "Point", "coordinates": [ 755918.067795953247696, 1971814.318465242162347 ] } },
{ "type": "Feature", "properties": { "Transect": 2792 }, "geometry": { "type": "Point", "coordinates": [ 755971.194476110860705, 1971894.582514632958919 ] } },
{ "type": "Feature", "properties": { "Transect": 2793 }, "geometry": { "type": "Point", "coordinates": [ 755960.890450515085831, 1971920.875999500975013 ] } },
{ "type": "Feature", "properties": { "Transect": 2794 }, "geometry": { "type": "Point", "coordinates": [ 755975.569470960763283, 1971935.841122341575101 ] } },
{ "type": "Feature", "properties": { "Transect": 2795 }, "geometry": { "type": "Point", "coordinates": [ 755977.984166145790368, 1971934.459382746601477 ] } },
{ "type": "Feature", "properties": { "Transect": 2796 }, "geometry": { "type": "Point", "coordinates": [ 755985.059702671947889, 1971974.489921513246372 ] } },
{ "type": "Feature", "properties": { "Transect": 2797 }, "geometry": { "type": "Point", "coordinates": [ 755979.742197455139831, 1971964.323985433205962 ] } },
{ "type": "Feature", "properties": { "Transect": 2798 }, "geometry": { "type": "Point", "coordinates": [ 755987.690776292118244, 1971974.373906144406646 ] } },
{ "type": "Feature", "properties": { "Transect": 2799 }, "geometry": { "type": "Point", "coordinates": [ 756005.886216792860068, 1971993.542873722268268 ] } },
{ "type": "Feature", "properties": { "Transect": 2800 }, "geometry": { "type": "Point", "coordinates": [ 756011.94480517366901, 1971994.581626668106765 ] } },
{ "type": "Feature", "properties": { "Transect": 2801 }, "geometry": { "type": "Point", "coordinates": [ 756026.258213452296332, 1972034.555662903701887 ] } },
{ "type": "Feature", "properties": { "Transect": 2802 }, "geometry": { "type": "Point", "coordinates": [ 756034.707383734406903, 1972052.640482344198972 ] } },
{ "type": "Feature", "properties": { "Transect": 2803 }, "geometry": { "type": "Point", "coordinates": [ 756039.273084320244379, 1972054.618325488641858 ] } },
{ "type": "Feature", "properties": { "Transect": 2804 }, "geometry": { "type": "Point", "coordinates": [ 756036.683520759223029, 1972079.462176518747583 ] } },
{ "type": "Feature", "properties": { "Transect": 2805 }, "geometry": { "type": "Point", "coordinates": [ 756049.332266642013565, 1972086.496505562448874 ] } },
{ "type": "Feature", "properties": { "Transect": 2806 }, "geometry": { "type": "Point", "coordinates": [ 756063.731673228554428, 1972091.896822115872055 ] } },
{ "type": "Feature", "properties": { "Transect": 2807 }, "geometry": { "type": "Point", "coordinates": [ 756080.46232451160904, 1972109.819237913936377 ] } },
{ "type": "Feature", "properties": { "Transect": 2808 }, "geometry": { "type": "Point", "coordinates": [ 756096.970929496106692, 1973044.78574566822499 ] } },
{ "type": "Feature", "properties": { "Transect": 2809 }, "geometry": { "type": "Point", "coordinates": [ 756108.83117914875038, 1972104.700724089285359 ] } },
{ "type": "Feature", "properties": { "Transect": 2810 }, "geometry": { "type": "Point", "coordinates": [ 756116.171700210659765, 1973033.477010115049779 ] } },
{ "type": "Feature", "properties": { "Transect": 2811 }, "geometry": { "type": "Point", "coordinates": [ 756128.245501376804896, 1972114.434829428559169 ] } },
{ "type": "Feature", "properties": { "Transect": 2812 }, "geometry": { "type": "Point", "coordinates": [ 756142.610628574155271, 1972119.867186410352588 ] } },
{ "type": "Feature", "properties": { "Transect": 2813 }, "geometry": { "type": "Point", "coordinates": [ 756148.0185109017184, 1972125.653885382693261 ] } },
{ "type": "Feature", "properties": { "Transect": 2814 }, "geometry": { "type": "Point", "coordinates": [ 756143.65751619276125, 1972135.544878964079544 ] } },
{ "type": "Feature", "properties": { "Transect": 2815 }, "geometry": { "type": "Point", "coordinates": [ 756143.529069825308397, 1972145.490545152220875 ] } },
{ "type": "Feature", "properties": { "Transect": 2816 }, "geometry": { "type": "Point", "coordinates": [ 756143.400581190013327, 1972155.43621087889187 ] } },
{ "type": "Feature", "properties": { "Transect": 2817 }, "geometry": { "type": "Point", "coordinates": [ 756143.272120310808532, 1972165.381877046776935 ] } },
{ "type": "Feature", "properties": { "Transect": 2818 }, "geometry": { "type": "Point", "coordinates": [ 756143.143631920102052, 1972175.327542941784486 ] } },
{ "type": "Feature", "properties": { "Transect": 2819 }, "geometry": { "type": "Point", "coordinates": [ 756143.015198659733869, 1972185.273209632840008 ] } },
{ "type": "Feature", "properties": { "Transect": 2820 }, "geometry": { "type": "Point", "coordinates": [ 756142.886709025711752, 1972195.218875678721815 ] } },
{ "type": "Feature", "properties": { "Transect": 2821 }, "geometry": { "type": "Point", "coordinates": [ 756142.758246128563769, 1972205.164542151847854 ] } },
{ "type": "Feature", "properties": { "Transect": 2822 }, "geometry": { "type": "Point", "coordinates": [ 756142.629783627111465, 1972215.110208714846522 ] } },
{ "type": "Feature", "properties": { "Transect": 2823 }, "geometry": { "type": "Point", "coordinates": [ 756142.501319470698945, 1972225.055875339312479 ] } },
{ "type": "Feature", "properties": { "Transect": 2824 }, "geometry": { "type": "Point", "coordinates": [ 756139.193089103908278, 1972249.98042731708847 ] } },
{ "type": "Feature", "properties": { "Transect": 2825 }, "geometry": { "type": "Point", "coordinates": [ 756145.049073425354436, 1972244.983432155800983 ] } },
{ "type": "Feature", "properties": { "Transect": 2826 }, "geometry": { "type": "Point", "coordinates": [ 756144.924918185453862, 1972254.929154870100319 ] } },
{ "type": "Feature", "properties": { "Transect": 2827 }, "geometry": { "type": "Point", "coordinates": [ 756140.570249299984425, 1972264.82022566255182 ] } },
{ "type": "Feature", "properties": { "Transect": 2828 }, "geometry": { "type": "Point", "coordinates": [ 756140.440707322559319, 1972274.765878689242527 ] } },
{ "type": "Feature", "properties": { "Transect": 2829 }, "geometry": { "type": "Point", "coordinates": [ 756157.223756744642742, 1972284.930019705556333 ] } },
{ "type": "Feature", "properties": { "Transect": 2830 }, "geometry": { "type": "Point", "coordinates": [ 756161.738072936073877, 1972294.935666650068015 ] } },
{ "type": "Feature", "properties": { "Transect": 2831 }, "geometry": { "type": "Point", "coordinates": [ 756161.649881575256586, 1972304.881855483166873 ] } },
{ "type": "Feature", "properties": { "Transect": 2832 }, "geometry": { "type": "Point", "coordinates": [ 756164.678894842392765, 1972228.564036071300507 ] } },
{ "type": "Feature", "properties": { "Transect": 2833 }, "geometry": { "type": "Point", "coordinates": [ 756136.34624687267933, 1972374.186262821778655 ] } },
{ "type": "Feature", "properties": { "Transect": 2834 }, "geometry": { "type": "Point", "coordinates": [ 756123.541601177304983, 1972383.968169422354549 ] } },
{ "type": "Feature", "properties": { "Transect": 2835 }, "geometry": { "type": "Point", "coordinates": [ 756123.41218329127878, 1972393.913824073737487 ] } },
{ "type": "Feature", "properties": { "Transect": 2836 }, "geometry": { "type": "Point", "coordinates": [ 756123.282547358074225, 1972403.859475992619991 ] } },
{ "type": "Feature", "properties": { "Transect": 2837 }, "geometry": { "type": "Point", "coordinates": [ 756154.04564217326697, 1972314.140286215115339 ] } },
{ "type": "Feature", "properties": { "Transect": 2838 }, "geometry": { "type": "Point", "coordinates": [ 756126.479603697429411, 1972499.28741785348393 ] } },
{ "type": "Feature", "properties": { "Transect": 2839 }, "geometry": { "type": "Point", "coordinates": [ 756128.309889771044254, 1972503.397708373144269 ] } },
{ "type": "Feature", "properties": { "Transect": 2840 }, "geometry": { "type": "Point", "coordinates": [ 756129.249383055139333, 1972513.357173833297566 ] } },
{ "type": "Feature", "properties": { "Transect": 2841 }, "geometry": { "type": "Point", "coordinates": [ 756129.120908354059793, 1972523.302842215169221 ] } },
{ "type": "Feature", "properties": { "Transect": 2842 }, "geometry": { "type": "Point", "coordinates": [ 756128.992405671975575, 1972533.24851031950675 ] } },
{ "type": "Feature", "properties": { "Transect": 2843 }, "geometry": { "type": "Point", "coordinates": [ 756128.863929228624329, 1972543.194178845034912 ] } },
{ "type": "Feature", "properties": { "Transect": 2844 }, "geometry": { "type": "Point", "coordinates": [ 756128.735453160479665, 1972553.139847458805889 ] } },
{ "type": "Feature", "properties": { "Transect": 2845 }, "geometry": { "type": "Point", "coordinates": [ 756128.606948572443798, 1972563.085515787359327 ] } },
{ "type": "Feature", "properties": { "Transect": 2846 }, "geometry": { "type": "Point", "coordinates": [ 756128.478471261449158, 1972573.031184552004561 ] } },
{ "type": "Feature", "properties": { "Transect": 2847 }, "geometry": { "type": "Point", "coordinates": [ 756128.735234375111759, 1972582.981830543838441 ] } },
{ "type": "Feature", "properties": { "Transect": 2848 }, "geometry": { "type": "Point", "coordinates": [ 756128.60608793864958, 1972592.927490853238851 ] } },
{ "type": "Feature", "properties": { "Transect": 2849 }, "geometry": { "type": "Point", "coordinates": [ 756144.228756941156462, 1972336.536786190699786 ] } },
{ "type": "Feature", "properties": { "Transect": 2850 }, "geometry": { "type": "Point", "coordinates": [ 756113.834467403939925, 1972612.631313764955848 ] } },
{ "type": "Feature", "properties": { "Transect": 2851 }, "geometry": { "type": "Point", "coordinates": [ 756113.678255913313478, 1972622.576623747125268 ] } },
{ "type": "Feature", "properties": { "Transect": 2852 }, "geometry": { "type": "Point", "coordinates": [ 756115.203460178803653, 1972632.543656717985868 ] } },
{ "type": "Feature", "properties": { "Transect": 2853 }, "geometry": { "type": "Point", "coordinates": [ 756120.779286556877196, 1972642.563021906185895 ] } },
{ "type": "Feature", "properties": { "Transect": 2854 }, "geometry": { "type": "Point", "coordinates": [ 756120.669039304833859, 1972652.508926431648433 ] } },
{ "type": "Feature", "properties": { "Transect": 2855 }, "geometry": { "type": "Point", "coordinates": [ 756120.529808820574544, 1972662.454456590116024 ] } },
{ "type": "Feature", "properties": { "Transect": 2856 }, "geometry": { "type": "Point", "coordinates": [ 756126.131531619583257, 1972672.474158038850874 ] } },
{ "type": "Feature", "properties": { "Transect": 2857 }, "geometry": { "type": "Point", "coordinates": [ 756109.079853030503727, 1972682.201184446923435 ] } },
{ "type": "Feature", "properties": { "Transect": 2858 }, "geometry": { "type": "Point", "coordinates": [ 756108.971174801932648, 1972692.147108875913545 ] } },
{ "type": "Feature", "properties": { "Transect": 2859 }, "geometry": { "type": "Point", "coordinates": [ 756137.669830265454948, 1972106.76415228145197 ] } },
{ "type": "Feature", "properties": { "Transect": 2860 }, "geometry": { "type": "Point", "coordinates": [ 756092.953262802329846, 1972721.782159582013264 ] } },
{ "type": "Feature", "properties": { "Transect": 2861 }, "geometry": { "type": "Point", "coordinates": [ 756091.742640675278381, 1972731.71384672052227 ] } },
{ "type": "Feature", "properties": { "Transect": 2862 }, "geometry": { "type": "Point", "coordinates": [ 756095.454085070057772, 1972771.551109986612573 ] } },
{ "type": "Feature", "properties": { "Transect": 2863 }, "geometry": { "type": "Point", "coordinates": [ 756099.5460646210704, 1972781.551306374603882 ] } },
{ "type": "Feature", "properties": { "Transect": 2864 }, "geometry": { "type": "Point", "coordinates": [ 756099.416060561779886, 1972791.49695558915846 ] } },
{ "type": "Feature", "properties": { "Transect": 2865 }, "geometry": { "type": "Point", "coordinates": [ 756109.615187353687361, 1972801.576057317433879 ] } },
{ "type": "Feature", "properties": { "Transect": 2866 }, "geometry": { "type": "Point", "coordinates": [ 756109.499903447576798, 1972811.521897534839809 ] } },
{ "type": "Feature", "properties": { "Transect": 2867 }, "geometry": { "type": "Point", "coordinates": [ 756109.370230838656425, 1972821.467551932903007 ] } },
{ "type": "Feature", "properties": { "Transect": 2868 }, "geometry": { "type": "Point", "coordinates": [ 756128.009838504367508, 1972117.026909885695204 ] } },
{ "type": "Feature", "properties": { "Transect": 2869 }, "geometry": { "type": "Point", "coordinates": [ 756100.708305158419535, 1972831.302974743302912 ] } },
{ "type": "Feature", "properties": { "Transect": 2870 }, "geometry": { "type": "Point", "coordinates": [ 756118.543710039113648, 1972112.254387183580548 ] } },
{ "type": "Feature", "properties": { "Transect": 2871 }, "geometry": { "type": "Point", "coordinates": [ 756083.847157515352592, 1972860.927128800423816 ] } },
{ "type": "Feature", "properties": { "Transect": 2872 }, "geometry": { "type": "Point", "coordinates": [ 756083.433527886634693, 1972870.869113461812958 ] } },
{ "type": "Feature", "properties": { "Transect": 2873 }, "geometry": { "type": "Point", "coordinates": [ 756108.992317175958306, 1972114.091967953369021 ] } },
{ "type": "Feature", "properties": { "Transect": 2874 }, "geometry": { "type": "Point", "coordinates": [ 756056.331452607992105, 1972880.466314090881497 ] } },
{ "type": "Feature", "properties": { "Transect": 2875 }, "geometry": { "type": "Point", "coordinates": [ 756065.060932591906749, 1972890.526418323162943 ] } },
{ "type": "Feature", "properties": { "Transect": 2876 }, "geometry": { "type": "Point", "coordinates": [ 756064.937454360770062, 1972900.472150679444894 ] } },
{ "type": "Feature", "properties": { "Transect": 2877 }, "geometry": { "type": "Point", "coordinates": [ 756064.814474232145585, 1972910.417889556381851 ] } },
{ "type": "Feature", "properties": { "Transect": 2878 }, "geometry": { "type": "Point", "coordinates": [ 756064.690644300077111, 1972920.363617536844686 ] } },
{ "type": "Feature", "properties": { "Transect": 2879 }, "geometry": { "type": "Point", "coordinates": [ 756064.277435248484835, 1972953.619439486647025 ] } },
{ "type": "Feature", "properties": { "Transect": 2880 }, "geometry": { "type": "Point", "coordinates": [ 756072.955107504152693, 1972940.365035448223352 ] } },
{ "type": "Feature", "properties": { "Transect": 2881 }, "geometry": { "type": "Point", "coordinates": [ 756080.902831405634061, 1972950.415048603201285 ] } },
{ "type": "Feature", "properties": { "Transect": 2882 }, "geometry": { "type": "Point", "coordinates": [ 756078.456683966098353, 1972978.876570175401866 ] } },
{ "type": "Feature", "properties": { "Transect": 2883 }, "geometry": { "type": "Point", "coordinates": [ 756079.263743466581218, 1972970.288518434856087 ] } },
{ "type": "Feature", "properties": { "Transect": 2884 }, "geometry": { "type": "Point", "coordinates": [ 756097.126586189842783, 1972980.466647534631193 ] } },
{ "type": "Feature", "properties": { "Transect": 2885 }, "geometry": { "type": "Point", "coordinates": [ 756095.106977843330242, 1973021.478899439331144 ] } },
{ "type": "Feature", "properties": { "Transect": 2886 }, "geometry": { "type": "Point", "coordinates": [ 756120.557855839491822, 1973020.558728021336719 ] } },
{ "type": "Feature", "properties": { "Transect": 2887 }, "geometry": { "type": "Point", "coordinates": [ 756120.485499279922806, 1973026.457912652986124 ] } },
{ "type": "Feature", "properties": { "Transect": 2888 }, "geometry": { "type": "Point", "coordinates": [ 756124.079043487785384, 1973041.943364744074643 ] } },
{ "type": "Feature", "properties": { "Transect": 2889 }, "geometry": { "type": "Point", "coordinates": [ 756132.125602019717917, 1973050.550205380655825 ] } },
{ "type": "Feature", "properties": { "Transect": 2890 }, "geometry": { "type": "Point", "coordinates": [ 756120.380219130776823, 1973060.345758153358474 ] } },
{ "type": "Feature", "properties": { "Transect": 2891 }, "geometry": { "type": "Point", "coordinates": [ 756120.251590120489709, 1973070.291429001837969 ] } },
{ "type": "Feature", "properties": { "Transect": 2892 }, "geometry": { "type": "Point", "coordinates": [ 756120.127552994992584, 1973080.237159271724522 ] } },
{ "type": "Feature", "properties": { "Transect": 2893 }, "geometry": { "type": "Point", "coordinates": [ 756119.996230374206789, 1973090.182795477332547 ] } },
{ "type": "Feature", "properties": { "Transect": 2894 }, "geometry": { "type": "Point", "coordinates": [ 756119.872192232054658, 1973100.12852590251714 ] } },
{ "type": "Feature", "properties": { "Transect": 2895 }, "geometry": { "type": "Point", "coordinates": [ 756119.740577629301697, 1973110.074158500647172 ] } },
{ "type": "Feature", "properties": { "Transect": 2896 }, "geometry": { "type": "Point", "coordinates": [ 756119.609400099259801, 1973120.019796829903498 ] } },
{ "type": "Feature", "properties": { "Transect": 2897 }, "geometry": { "type": "Point", "coordinates": [ 756107.610811927937903, 1973129.812072147615254 ] } },
{ "type": "Feature", "properties": { "Transect": 2898 }, "geometry": { "type": "Point", "coordinates": [ 756107.48371614725329, 1973139.757762643042952 ] } },
{ "type": "Feature", "properties": { "Transect": 2899 }, "geometry": { "type": "Point", "coordinates": [ 756107.35115421062801, 1973149.703382584033534 ] } },
{ "type": "Feature", "properties": { "Transect": 2900 }, "geometry": { "type": "Point", "coordinates": [ 756111.448874531779438, 1973159.703671537572518 ] } },
{ "type": "Feature", "properties": { "Transect": 2901 }, "geometry": { "type": "Point", "coordinates": [ 756145.776580237899907, 1972216.905384241370484 ] } },
{ "type": "Feature", "properties": { "Transect": 2902 }, "geometry": { "type": "Point", "coordinates": [ 756115.456627391278744, 1973169.702805100241676 ] } },
{ "type": "Feature", "properties": { "Transect": 2903 }, "geometry": { "type": "Point", "coordinates": [ 756136.003736466052942, 1972235.873532725730911 ] } },
{ "type": "Feature", "properties": { "Transect": 2904 }, "geometry": { "type": "Point", "coordinates": [ 756101.588170645642094, 1973179.470927190966904 ] } },
{ "type": "Feature", "properties": { "Transect": 2905 }, "geometry": { "type": "Point", "coordinates": [ 756122.14485801954288, 1972571.045954648172483 ] } },
{ "type": "Feature", "properties": { "Transect": 2906 }, "geometry": { "type": "Point", "coordinates": [ 756098.529848511563614, 1973245.088284541852772 ] } },
{ "type": "Feature", "properties": { "Transect": 2907 }, "geometry": { "type": "Point", "coordinates": [ 756106.875536709325388, 1973259.117922872304916 ] } },
{ "type": "Feature", "properties": { "Transect": 2908 }, "geometry": { "type": "Point", "coordinates": [ 756110.01970893854741, 1973302.332587824668735 ] } },
{ "type": "Feature", "properties": { "Transect": 2909 }, "geometry": { "type": "Point", "coordinates": [ 756115.625351555761881, 1973318.915004147682339 ] } },
{ "type": "Feature", "properties": { "Transect": 2910 }, "geometry": { "type": "Point", "coordinates": [ 756116.574174570734613, 1973328.874601352261379 ] } },
{ "type": "Feature", "properties": { "Transect": 2911 }, "geometry": { "type": "Point", "coordinates": [ 756130.71457279426977, 1973382.407218300970271 ] } },
{ "type": "Feature", "properties": { "Transect": 2912 }, "geometry": { "type": "Point", "coordinates": [ 755461.90452616289258, 1974002.218089525122195 ] } },
{ "type": "Feature", "properties": { "Transect": 2913 }, "geometry": { "type": "Point", "coordinates": [ 755469.153226417023689, 1974014.29093280993402 ] } },
{ "type": "Feature", "properties": { "Transect": 2914 }, "geometry": { "type": "Point", "coordinates": [ 756144.460454648127779, 1973388.919030056335032 ] } },
{ "type": "Feature", "properties": { "Transect": 2915 }, "geometry": { "type": "Point", "coordinates": [ 756155.121057393262163, 1973399.004169091349468 ] } },
{ "type": "Feature", "properties": { "Transect": 2916 }, "geometry": { "type": "Point", "coordinates": [ 756155.000302139553241, 1973408.949947008630261 ] } },
{ "type": "Feature", "properties": { "Transect": 2917 }, "geometry": { "type": "Point", "coordinates": [ 756154.85814807144925, 1973418.895448402268812 ] } },
{ "type": "Feature", "properties": { "Transect": 2918 }, "geometry": { "type": "Point", "coordinates": [ 756154.744386894861236, 1973428.841316894628108 ] } },
{ "type": "Feature", "properties": { "Transect": 2919 }, "geometry": { "type": "Point", "coordinates": [ 756154.631316208397038, 1973438.787194397533312 ] } },
{ "type": "Feature", "properties": { "Transect": 2920 }, "geometry": { "type": "Point", "coordinates": [ 756154.489696416188963, 1973448.732702945591882 ] } },
{ "type": "Feature", "properties": { "Transect": 2921 }, "geometry": { "type": "Point", "coordinates": [ 756158.608869696268812, 1973435.584106637397781 ] } },
{ "type": "Feature", "properties": { "Transect": 2922 }, "geometry": { "type": "Point", "coordinates": [ 756151.933874175068922, 1973458.64700529887341 ] } },
{ "type": "Feature", "properties": { "Transect": 2923 }, "geometry": { "type": "Point", "coordinates": [ 756133.094846596708521, 1973468.350828367983922 ] } },
{ "type": "Feature", "properties": { "Transect": 2924 }, "geometry": { "type": "Point", "coordinates": [ 756135.69197858334519, 1973478.331737525528297 ] } },
{ "type": "Feature", "properties": { "Transect": 2925 }, "geometry": { "type": "Point", "coordinates": [ 756118.646746308659203, 1973488.058744490379468 ] } },
{ "type": "Feature", "properties": { "Transect": 2926 }, "geometry": { "type": "Point", "coordinates": [ 756118.525101827224717, 1973498.004509437363595 ] } },
{ "type": "Feature", "properties": { "Transect": 2927 }, "geometry": { "type": "Point", "coordinates": [ 756118.388920836616307, 1973507.950086564058438 ] } },
{ "type": "Feature", "properties": { "Transect": 2928 }, "geometry": { "type": "Point", "coordinates": [ 756115.53130846505519, 1973517.860485285753384 ] } },
{ "type": "Feature", "properties": { "Transect": 2929 }, "geometry": { "type": "Point", "coordinates": [ 756117.204820360871963, 1973527.829455450642854 ] } },
{ "type": "Feature", "properties": { "Transect": 2930 }, "geometry": { "type": "Point", "coordinates": [ 756117.077496561571024, 1973537.775147260632366 ] } },
{ "type": "Feature", "properties": { "Transect": 2931 }, "geometry": { "type": "Point", "coordinates": [ 756116.950272441259585, 1973547.720840440597385 ] } },
{ "type": "Feature", "properties": { "Transect": 2932 }, "geometry": { "type": "Point", "coordinates": [ 756116.823157892911695, 1973557.666535121388733 ] } },
{ "type": "Feature", "properties": { "Transect": 2933 }, "geometry": { "type": "Point", "coordinates": [ 756116.688691635034047, 1973567.612134851515293 ] } },
{ "type": "Feature", "properties": { "Transect": 2934 }, "geometry": { "type": "Point", "coordinates": [ 756141.35510204907041, 1974033.314290419220924 ] } },
{ "type": "Feature", "properties": { "Transect": 2935 }, "geometry": { "type": "Point", "coordinates": [ 756061.006641475716606, 1973615.914958812994882 ] } },
{ "type": "Feature", "properties": { "Transect": 2936 }, "geometry": { "type": "Point", "coordinates": [ 756051.606109966291115, 1973606.119668860686943 ] } },
{ "type": "Feature", "properties": { "Transect": 2937 }, "geometry": { "type": "Point", "coordinates": [ 756042.117525180685334, 1973603.138164813863114 ] } },
{ "type": "Feature", "properties": { "Transect": 2938 }, "geometry": { "type": "Point", "coordinates": [ 756032.591678806580603, 1973603.040281865512952 ] } },
{ "type": "Feature", "properties": { "Transect": 2939 }, "geometry": { "type": "Point", "coordinates": [ 756023.066178870969452, 1973602.915632288902998 ] } },
{ "type": "Feature", "properties": { "Transect": 2940 }, "geometry": { "type": "Point", "coordinates": [ 756013.618093370227143, 1973596.799238364910707 ] } },
{ "type": "Feature", "properties": { "Transect": 2941 }, "geometry": { "type": "Point", "coordinates": [ 756004.092802577535622, 1973596.658266427228227 ] } },
{ "type": "Feature", "properties": { "Transect": 2942 }, "geometry": { "type": "Point", "coordinates": [ 755994.56675784336403, 1973596.575696266721934 ] } },
{ "type": "Feature", "properties": { "Transect": 2943 }, "geometry": { "type": "Point", "coordinates": [ 755985.04143441573251, 1973596.437338727759197 ] } },
{ "type": "Feature", "properties": { "Transect": 2944 }, "geometry": { "type": "Point", "coordinates": [ 755975.401802373467945, 1973605.147698542103171 ] } },
{ "type": "Feature", "properties": { "Transect": 2945 }, "geometry": { "type": "Point", "coordinates": [ 755965.876606139703654, 1973604.99991084006615 ] } },
{ "type": "Feature", "properties": { "Transect": 2946 }, "geometry": { "type": "Point", "coordinates": [ 755956.350739732268266, 1973604.904048101510853 ] } },
{ "type": "Feature", "properties": { "Transect": 2947 }, "geometry": { "type": "Point", "coordinates": [ 755946.825612184824422, 1973604.751029812265188 ] } },
{ "type": "Feature", "properties": { "Transect": 2948 }, "geometry": { "type": "Point", "coordinates": [ 756154.970917660160922, 1973411.753112411592156 ] } },
{ "type": "Feature", "properties": { "Transect": 2949 }, "geometry": { "type": "Point", "coordinates": [ 755927.897532980656251, 1973594.985788573045284 ] } },
{ "type": "Feature", "properties": { "Transect": 2950 }, "geometry": { "type": "Point", "coordinates": [ 755908.86004304792732, 1973593.690924203256145 ] } },
{ "type": "Feature", "properties": { "Transect": 2951 }, "geometry": { "type": "Point", "coordinates": [ 755899.43039896292612, 1973586.144077564356849 ] } },
{ "type": "Feature", "properties": { "Transect": 2952 }, "geometry": { "type": "Point", "coordinates": [ 755889.827567582484335, 1973592.007777695544064 ] } },
{ "type": "Feature", "properties": { "Transect": 2953 }, "geometry": { "type": "Point", "coordinates": [ 756121.579755241516978, 1973379.010927293682471 ] } },
{ "type": "Feature", "properties": { "Transect": 2954 }, "geometry": { "type": "Point", "coordinates": [ 755832.598212709766813, 1973597.176689220126718 ] } },
{ "type": "Feature", "properties": { "Transect": 2955 }, "geometry": { "type": "Point", "coordinates": [ 755822.877553814672865, 1973612.169334659352899 ] } },
{ "type": "Feature", "properties": { "Transect": 2956 }, "geometry": { "type": "Point", "coordinates": [ 755520.564464877475984, 1973589.755821046885103 ] } },
{ "type": "Feature", "properties": { "Transect": 2957 }, "geometry": { "type": "Point", "coordinates": [ 755813.223401240538806, 1973622.011259648948908 ] } },
{ "type": "Feature", "properties": { "Transect": 2958 }, "geometry": { "type": "Point", "coordinates": [ 755825.106898215599358, 1973603.634814082179219 ] } },
{ "type": "Feature", "properties": { "Transect": 2959 }, "geometry": { "type": "Point", "coordinates": [ 755803.87473106966354, 1973608.190550822997466 ] } },
{ "type": "Feature", "properties": { "Transect": 2960 }, "geometry": { "type": "Point", "coordinates": [ 755815.474249222199433, 1973613.457768990658224 ] } },
{ "type": "Feature", "properties": { "Transect": 2961 }, "geometry": { "type": "Point", "coordinates": [ 755794.220944835338742, 1973618.004807871766388 ] } },
{ "type": "Feature", "properties": { "Transect": 2962 }, "geometry": { "type": "Point", "coordinates": [ 755783.119809661991894, 1973622.98741455306299 ] } },
{ "type": "Feature", "properties": { "Transect": 2963 }, "geometry": { "type": "Point", "coordinates": [ 755784.609592112479731, 1973624.53259116737172 ] } },
{ "type": "Feature", "properties": { "Transect": 2964 }, "geometry": { "type": "Point", "coordinates": [ 755773.470825338037685, 1973632.810174998361617 ] } },
{ "type": "Feature", "properties": { "Transect": 2965 }, "geometry": { "type": "Point", "coordinates": [ 755775.033115823520347, 1973628.359026470221579 ] } },
{ "type": "Feature", "properties": { "Transect": 2966 }, "geometry": { "type": "Point", "coordinates": [ 755765.639604482799768, 1973642.656402671942487 ] } },
{ "type": "Feature", "properties": { "Transect": 2967 }, "geometry": { "type": "Point", "coordinates": [ 755761.346762282424606, 1973652.54830448422581 ] } },
{ "type": "Feature", "properties": { "Transect": 2968 }, "geometry": { "type": "Point", "coordinates": [ 755764.877464462071657, 1973677.055582802509889 ] } },
{ "type": "Feature", "properties": { "Transect": 2969 }, "geometry": { "type": "Point", "coordinates": [ 755754.063492106972262, 1973662.401608216110617 ] } },
{ "type": "Feature", "properties": { "Transect": 2970 }, "geometry": { "type": "Point", "coordinates": [ 755755.306151590892114, 1973680.484165522269905 ] } },
{ "type": "Feature", "properties": { "Transect": 2971 }, "geometry": { "type": "Point", "coordinates": [ 755763.118886146694422, 1973672.465800934005529 ] } },
{ "type": "Feature", "properties": { "Transect": 2972 }, "geometry": { "type": "Point", "coordinates": [ 755745.85433986200951, 1973674.654482581885532 ] } },
{ "type": "Feature", "properties": { "Transect": 2973 }, "geometry": { "type": "Point", "coordinates": [ 755751.038243863265961, 1973682.257181845139712 ] } },
{ "type": "Feature", "properties": { "Transect": 2974 }, "geometry": { "type": "Point", "coordinates": [ 755744.879727223073132, 1973692.125007972354069 ] } },
{ "type": "Feature", "properties": { "Transect": 2975 }, "geometry": { "type": "Point", "coordinates": [ 755731.92808509466704, 1973701.905154726002365 ] } },
{ "type": "Feature", "properties": { "Transect": 2976 }, "geometry": { "type": "Point", "coordinates": [ 755735.927019621361978, 1973705.666277916869149 ] } },
{ "type": "Feature", "properties": { "Transect": 2977 }, "geometry": { "type": "Point", "coordinates": [ 755736.027242154930718, 1973711.905373175162822 ] } },
{ "type": "Feature", "properties": { "Transect": 2978 }, "geometry": { "type": "Point", "coordinates": [ 755726.258925116271712, 1973716.595248616999015 ] } },
{ "type": "Feature", "properties": { "Transect": 2979 }, "geometry": { "type": "Point", "coordinates": [ 755720.631150451139547, 1973721.653975214809179 ] } },
{ "type": "Feature", "properties": { "Transect": 2980 }, "geometry": { "type": "Point", "coordinates": [ 755716.682326867128722, 1973720.435553802642971 ] } },
{ "type": "Feature", "properties": { "Transect": 2981 }, "geometry": { "type": "Point", "coordinates": [ 755710.982336497399956, 1973731.476758281700313 ] } },
{ "type": "Feature", "properties": { "Transect": 2982 }, "geometry": { "type": "Point", "coordinates": [ 755706.97145185363479, 1973734.680815602885559 ] } },
{ "type": "Feature", "properties": { "Transect": 2983 }, "geometry": { "type": "Point", "coordinates": [ 755701.335770102567039, 1973741.29957381868735 ] } },
{ "type": "Feature", "properties": { "Transect": 2984 }, "geometry": { "type": "Point", "coordinates": [ 755678.083750261226669, 1973758.442694913828745 ] } },
{ "type": "Feature", "properties": { "Transect": 2985 }, "geometry": { "type": "Point", "coordinates": [ 755637.030730604659766, 1973770.311685184715316 ] } },
{ "type": "Feature", "properties": { "Transect": 2986 }, "geometry": { "type": "Point", "coordinates": [ 755649.214014687109739, 1973780.817990532610565 ] } },
{ "type": "Feature", "properties": { "Transect": 2987 }, "geometry": { "type": "Point", "coordinates": [ 755639.74546478537377, 1973776.28801833325997 ] } },
{ "type": "Feature", "properties": { "Transect": 2988 }, "geometry": { "type": "Point", "coordinates": [ 755586.557883010827936, 1973779.607806646963581 ] } },
{ "type": "Feature", "properties": { "Transect": 2989 }, "geometry": { "type": "Point", "coordinates": [ 755629.952501851716079, 1973796.902086513815448 ] } },
{ "type": "Feature", "properties": { "Transect": 2990 }, "geometry": { "type": "Point", "coordinates": [ 755597.154621359659359, 1973789.69184575532563 ] } },
{ "type": "Feature", "properties": { "Transect": 2991 }, "geometry": { "type": "Point", "coordinates": [ 755610.797618386452086, 1973804.723533102776855 ] } },
{ "type": "Feature", "properties": { "Transect": 2992 }, "geometry": { "type": "Point", "coordinates": [ 755571.873500127345324, 1973799.313015372259542 ] } },
{ "type": "Feature", "properties": { "Transect": 2993 }, "geometry": { "type": "Point", "coordinates": [ 755572.37401077861432, 1973829.195461166091263 ] } },
{ "type": "Feature", "properties": { "Transect": 2994 }, "geometry": { "type": "Point", "coordinates": [ 755541.342361526680179, 1973838.708419591886923 ] } },
{ "type": "Feature", "properties": { "Transect": 2995 }, "geometry": { "type": "Point", "coordinates": [ 755562.587283571599983, 1973849.333255134988576 ] } },
{ "type": "Feature", "properties": { "Transect": 2996 }, "geometry": { "type": "Point", "coordinates": [ 755527.446748333866708, 1973848.476492267334834 ] } },
{ "type": "Feature", "properties": { "Transect": 2997 }, "geometry": { "type": "Point", "coordinates": [ 755533.592138381442055, 1973881.452319853473455 ] } },
{ "type": "Feature", "properties": { "Transect": 2998 }, "geometry": { "type": "Point", "coordinates": [ 755498.164785800385289, 1973907.782639734679833 ] } },
{ "type": "Feature", "properties": { "Transect": 2999 }, "geometry": { "type": "Point", "coordinates": [ 755524.001248848391697, 1973886.410509909735993 ] } },
{ "type": "Feature", "properties": { "Transect": 3000 }, "geometry": { "type": "Point", "coordinates": [ 755485.671924927271903, 1973927.516122332075611 ] } },
{ "type": "Feature", "properties": { "Transect": 3001 }, "geometry": { "type": "Point", "coordinates": [ 755479.155312152463011, 1973977.168578344862908 ] } },
{ "type": "Feature", "properties": { "Transect": 3002 }, "geometry": { "type": "Point", "coordinates": [ 755505.067080931272358, 1973877.129705945495516 ] } },
{ "type": "Feature", "properties": { "Transect": 3003 }, "geometry": { "type": "Point", "coordinates": [ 755471.044361529755406, 1974006.905876126373187 ] } },
{ "type": "Feature", "properties": { "Transect": 3004 }, "geometry": { "type": "Point", "coordinates": [ 755473.341523104347289, 1974016.882800214225426 ] } },
{ "type": "Feature", "properties": { "Transect": 3005 }, "geometry": { "type": "Point", "coordinates": [ 755494.910986451315694, 1973925.915393782081082 ] } },
{ "type": "Feature", "properties": { "Transect": 3006 }, "geometry": { "type": "Point", "coordinates": [ 755484.617746690753847, 1973985.33844992867671 ] } },
{ "type": "Feature", "properties": { "Transect": 3007 }, "geometry": { "type": "Point", "coordinates": [ 755455.885805825935677, 1974086.288781514158472 ] } },
{ "type": "Feature", "properties": { "Transect": 3008 }, "geometry": { "type": "Point", "coordinates": [ 755451.150525479344651, 1974411.435492692980915 ] } },
{ "type": "Feature", "properties": { "Transect": 3009 }, "geometry": { "type": "Point", "coordinates": [ 755452.579404509509914, 1974394.612373877549544 ] } },
{ "type": "Feature", "properties": { "Transect": 3010 }, "geometry": { "type": "Point", "coordinates": [ 755466.123338252771646, 1974404.73438301612623 ] } },
{ "type": "Feature", "properties": { "Transect": 3011 }, "geometry": { "type": "Point", "coordinates": [ 755460.265528679825366, 1974414.606121727265418 ] } },
{ "type": "Feature", "properties": { "Transect": 3012 }, "geometry": { "type": "Point", "coordinates": [ 755459.787785967811942, 1974451.690538790542632 ] } },
{ "type": "Feature", "properties": { "Transect": 3013 }, "geometry": { "type": "Point", "coordinates": [ 755468.540824948460795, 1974434.607459866907448 ] } },
{ "type": "Feature", "properties": { "Transect": 3014 }, "geometry": { "type": "Point", "coordinates": [ 755463.751931122271344, 1974444.492984330514446 ] } },
{ "type": "Feature", "properties": { "Transect": 3015 }, "geometry": { "type": "Point", "coordinates": [ 755460.90019447891973, 1974454.40349801373668 ] } },
{ "type": "Feature", "properties": { "Transect": 3016 }, "geometry": { "type": "Point", "coordinates": [ 755473.465516849420965, 1974464.512895610183477 ] } },
{ "type": "Feature", "properties": { "Transect": 3017 }, "geometry": { "type": "Point", "coordinates": [ 755473.338255540351383, 1974474.458556374069303 ] } },
{ "type": "Feature", "properties": { "Transect": 3018 }, "geometry": { "type": "Point", "coordinates": [ 755475.011986890574917, 1974484.42745073325932 ] } },
{ "type": "Feature", "properties": { "Transect": 3019 }, "geometry": { "type": "Point", "coordinates": [ 755471.238458903040737, 1974518.797517501749098 ] } },
{ "type": "Feature", "properties": { "Transect": 3020 }, "geometry": { "type": "Point", "coordinates": [ 755476.334809908643365, 1974504.339108955580741 ] } },
{ "type": "Feature", "properties": { "Transect": 3021 }, "geometry": { "type": "Point", "coordinates": [ 755484.055162731790915, 1974535.500130425207317 ] } },
{ "type": "Feature", "properties": { "Transect": 3022 }, "geometry": { "type": "Point", "coordinates": [ 755474.566061092307791, 1974524.210878600133583 ] } },
{ "type": "Feature", "properties": { "Transect": 3023 }, "geometry": { "type": "Point", "coordinates": [ 755492.404899890185334, 1974534.388332659844309 ] } },
{ "type": "Feature", "properties": { "Transect": 3024 }, "geometry": { "type": "Point", "coordinates": [ 755488.072842244757339, 1974544.27974610007368 ] } },
{ "type": "Feature", "properties": { "Transect": 3025 }, "geometry": { "type": "Point", "coordinates": [ 755486.283523230114952, 1974554.203964985441417 ] } },
{ "type": "Feature", "properties": { "Transect": 3026 }, "geometry": { "type": "Point", "coordinates": [ 755480.042323234025389, 1974564.070746212266386 ] } },
{ "type": "Feature", "properties": { "Transect": 3027 }, "geometry": { "type": "Point", "coordinates": [ 755488.35159134271089, 1974599.458027916029096 ] } },
{ "type": "Feature", "properties": { "Transect": 3028 }, "geometry": { "type": "Point", "coordinates": [ 755497.086245717015117, 1974584.185243515297771 ] } },
{ "type": "Feature", "properties": { "Transect": 3029 }, "geometry": { "type": "Point", "coordinates": [ 755502.119300877326168, 1974625.098948296159506 ] } },
{ "type": "Feature", "properties": { "Transect": 3030 }, "geometry": { "type": "Point", "coordinates": [ 755511.256356703233905, 1974614.209983062930405 ] } },
{ "type": "Feature", "properties": { "Transect": 3031 }, "geometry": { "type": "Point", "coordinates": [ 755503.366771444911137, 1974624.055488778511062 ] } },
{ "type": "Feature", "properties": { "Transect": 3032 }, "geometry": { "type": "Point", "coordinates": [ 755497.512189193745144, 1974633.927251773187891 ] } },
{ "type": "Feature", "properties": { "Transect": 3033 }, "geometry": { "type": "Point", "coordinates": [ 755505.442172927083448, 1974670.313566147815436 ] } },
{ "type": "Feature", "properties": { "Transect": 3034 }, "geometry": { "type": "Point", "coordinates": [ 755492.598254568642005, 1974653.758435217430815 ] } },
{ "type": "Feature", "properties": { "Transect": 3035 }, "geometry": { "type": "Point", "coordinates": [ 755506.652261666604318, 1974663.887093014316633 ] } },
{ "type": "Feature", "properties": { "Transect": 3036 }, "geometry": { "type": "Point", "coordinates": [ 755511.333233322598971, 1974723.631323104491457 ] } },
{ "type": "Feature", "properties": { "Transect": 3037 }, "geometry": { "type": "Point", "coordinates": [ 755521.586352105718106, 1974761.703928919741884 ] } },
{ "type": "Feature", "properties": { "Transect": 3038 }, "geometry": { "type": "Point", "coordinates": [ 755536.433214559336193, 1974766.685952730476856 ] } },
{ "type": "Feature", "properties": { "Transect": 3039 }, "geometry": { "type": "Point", "coordinates": [ 755543.477845357148908, 1974753.888055377872661 ] } },
{ "type": "Feature", "properties": { "Transect": 3040 }, "geometry": { "type": "Point", "coordinates": [ 755529.521684278734028, 1974801.799997216323391 ] } },
{ "type": "Feature", "properties": { "Transect": 3041 }, "geometry": { "type": "Point", "coordinates": [ 755518.012437158846296, 1974773.453990287147462 ] } },
{ "type": "Feature", "properties": { "Transect": 3042 }, "geometry": { "type": "Point", "coordinates": [ 755520.719866004772484, 1974783.436242927098647 ] } },
{ "type": "Feature", "properties": { "Transect": 3043 }, "geometry": { "type": "Point", "coordinates": [ 755547.346950408536941, 1974823.654085423564538 ] } },
{ "type": "Feature", "properties": { "Transect": 3044 }, "geometry": { "type": "Point", "coordinates": [ 755561.197089609340765, 1974868.05585280363448 ] } },
{ "type": "Feature", "properties": { "Transect": 3045 }, "geometry": { "type": "Point", "coordinates": [ 755564.904210945707746, 1974843.690345326671377 ] } },
{ "type": "Feature", "properties": { "Transect": 3046 }, "geometry": { "type": "Point", "coordinates": [ 755561.625463466043584, 1974853.595334375742823 ] } },
{ "type": "Feature", "properties": { "Transect": 3047 }, "geometry": { "type": "Point", "coordinates": [ 755568.485070929629728, 1974863.631194639485329 ] } },
{ "type": "Feature", "properties": { "Transect": 3048 }, "geometry": { "type": "Point", "coordinates": [ 755575.383191228262149, 1974903.132016655057669 ] } },
{ "type": "Feature", "properties": { "Transect": 3049 }, "geometry": { "type": "Point", "coordinates": [ 755572.656331048347056, 1974883.579647704260424 ] } },
{ "type": "Feature", "properties": { "Transect": 3050 }, "geometry": { "type": "Point", "coordinates": [ 755581.419704301282763, 1974926.162087069358677 ] } },
{ "type": "Feature", "properties": { "Transect": 3051 }, "geometry": { "type": "Point", "coordinates": [ 755584.759484356734902, 1974903.63050081487745 ] } },
{ "type": "Feature", "properties": { "Transect": 3052 }, "geometry": { "type": "Point", "coordinates": [ 755601.505469486350194, 1974936.080781281460077 ] } },
{ "type": "Feature", "properties": { "Transect": 3053 }, "geometry": { "type": "Point", "coordinates": [ 755603.096520447870716, 1974953.603777621174231 ] } },
{ "type": "Feature", "properties": { "Transect": 3054 }, "geometry": { "type": "Point", "coordinates": [ 755611.010991026414558, 1974994.362747496459633 ] } },
{ "type": "Feature", "properties": { "Transect": 3055 }, "geometry": { "type": "Point", "coordinates": [ 755614.254916927311569, 1974973.642462081741542 ] } },
{ "type": "Feature", "properties": { "Transect": 3056 }, "geometry": { "type": "Point", "coordinates": [ 755616.667233154876158, 1975017.747612547129393 ] } },
{ "type": "Feature", "properties": { "Transect": 3057 }, "geometry": { "type": "Point", "coordinates": [ 755621.889710942050442, 1975003.582976657431573 ] } },
{ "type": "Feature", "properties": { "Transect": 3058 }, "geometry": { "type": "Point", "coordinates": [ 755634.791330627747811, 1975039.322836281498894 ] } },
{ "type": "Feature", "properties": { "Transect": 3059 }, "geometry": { "type": "Point", "coordinates": [ 755624.192989808740094, 1975023.507333627901971 ] } },
{ "type": "Feature", "properties": { "Transect": 3060 }, "geometry": { "type": "Point", "coordinates": [ 755642.004937523510307, 1975061.25428507826291 ] } },
{ "type": "Feature", "properties": { "Transect": 3061 }, "geometry": { "type": "Point", "coordinates": [ 755654.360664180130698, 1975068.561151439789683 ] } },
{ "type": "Feature", "properties": { "Transect": 3062 }, "geometry": { "type": "Point", "coordinates": [ 755655.441898565622978, 1975086.389686320442706 ] } },
{ "type": "Feature", "properties": { "Transect": 3063 }, "geometry": { "type": "Point", "coordinates": [ 755666.502231860533357, 1975094.905441297683865 ] } },
{ "type": "Feature", "properties": { "Transect": 3064 }, "geometry": { "type": "Point", "coordinates": [ 755653.48095375392586, 1975073.622059855144471 ] } },
{ "type": "Feature", "properties": { "Transect": 3065 }, "geometry": { "type": "Point", "coordinates": [ 755683.183670544531196, 1975108.001224270090461 ] } },
{ "type": "Feature", "properties": { "Transect": 3066 }, "geometry": { "type": "Point", "coordinates": [ 755672.57957249158062, 1975093.763346978463233 ] } },
{ "type": "Feature", "properties": { "Transect": 3067 }, "geometry": { "type": "Point", "coordinates": [ 755677.392346414271742, 1975103.772830743109807 ] } },
{ "type": "Feature", "properties": { "Transect": 3068 }, "geometry": { "type": "Point", "coordinates": [ 755679.75833625823725, 1975149.686864452902228 ] } },
{ "type": "Feature", "properties": { "Transect": 3069 }, "geometry": { "type": "Point", "coordinates": [ 755682.802737320656888, 1975165.683225175831467 ] } },
{ "type": "Feature", "properties": { "Transect": 3070 }, "geometry": { "type": "Point", "coordinates": [ 755683.114425576408394, 1975133.688664143439382 ] } },
{ "type": "Feature", "properties": { "Transect": 3071 }, "geometry": { "type": "Point", "coordinates": [ 755679.850236327270977, 1975143.59382434701547 ] } },
{ "type": "Feature", "properties": { "Transect": 3072 }, "geometry": { "type": "Point", "coordinates": [ 755697.446757126133889, 1975190.506102646235377 ] } },
{ "type": "Feature", "properties": { "Transect": 3073 }, "geometry": { "type": "Point", "coordinates": [ 755708.274533533025533, 1975199.238855365198106 ] } },
{ "type": "Feature", "properties": { "Transect": 3074 }, "geometry": { "type": "Point", "coordinates": [ 755710.301236123894341, 1975216.184892285382375 ] } },
{ "type": "Feature", "properties": { "Transect": 3075 }, "geometry": { "type": "Point", "coordinates": [ 755699.623724787146784, 1975183.638466525124386 ] } },
{ "type": "Feature", "properties": { "Transect": 3076 }, "geometry": { "type": "Point", "coordinates": [ 755713.010333773097955, 1975242.319819298572838 ] } },
{ "type": "Feature", "properties": { "Transect": 3077 }, "geometry": { "type": "Point", "coordinates": [ 755726.928376907249913, 1975248.168677871581167 ] } },
{ "type": "Feature", "properties": { "Transect": 3078 }, "geometry": { "type": "Point", "coordinates": [ 755705.575067559722811, 1975213.557262687943876 ] } },
{ "type": "Feature", "properties": { "Transect": 3079 }, "geometry": { "type": "Point", "coordinates": [ 755735.097127567976713, 1975269.208564285188913 ] } },
{ "type": "Feature", "properties": { "Transect": 3080 }, "geometry": { "type": "Point", "coordinates": [ 755725.643819088465534, 1975233.711174382828176 ] } },
{ "type": "Feature", "properties": { "Transect": 3081 }, "geometry": { "type": "Point", "coordinates": [ 755742.88420306018088, 1975290.604614942567423 ] } },
{ "type": "Feature", "properties": { "Transect": 3082 }, "geometry": { "type": "Point", "coordinates": [ 755736.060159141663462, 1975253.740386557998136 ] } },
{ "type": "Feature", "properties": { "Transect": 3083 }, "geometry": { "type": "Point", "coordinates": [ 755753.969168041599914, 1975308.923043349990621 ] } },
{ "type": "Feature", "properties": { "Transect": 3084 }, "geometry": { "type": "Point", "coordinates": [ 755765.392692204914056, 1975317.099807180697098 ] } },
{ "type": "Feature", "properties": { "Transect": 3085 }, "geometry": { "type": "Point", "coordinates": [ 755774.187436559121124, 1975327.729753475403413 ] } },
{ "type": "Feature", "properties": { "Transect": 3086 }, "geometry": { "type": "Point", "coordinates": [ 755767.879043493536301, 1975303.888075798517093 ] } },
{ "type": "Feature", "properties": { "Transect": 3087 }, "geometry": { "type": "Point", "coordinates": [ 755798.875037267804146, 1975352.191393169108778 ] } },
{ "type": "Feature", "properties": { "Transect": 3088 }, "geometry": { "type": "Point", "coordinates": [ 755802.123432685621083, 1975367.997159835416824 ] } },
{ "type": "Feature", "properties": { "Transect": 3089 }, "geometry": { "type": "Point", "coordinates": [ 755800.965692258789204, 1975334.157621701480821 ] } },
{ "type": "Feature", "properties": { "Transect": 3090 }, "geometry": { "type": "Point", "coordinates": [ 755813.423448179033585, 1975386.114872957579792 ] } },
{ "type": "Feature", "properties": { "Transect": 3091 }, "geometry": { "type": "Point", "coordinates": [ 755833.389889005222358, 1975384.31331455335021 ] } },
{ "type": "Feature", "properties": { "Transect": 3092 }, "geometry": { "type": "Point", "coordinates": [ 755857.924484401126392, 1975420.749586017103866 ] } },
{ "type": "Feature", "properties": { "Transect": 3093 }, "geometry": { "type": "Point", "coordinates": [ 755852.057763308635913, 1975414.396593086887151 ] } },
{ "type": "Feature", "properties": { "Transect": 3094 }, "geometry": { "type": "Point", "coordinates": [ 755869.410919638583437, 1975457.530376915819943 ] } },
{ "type": "Feature", "properties": { "Transect": 3095 }, "geometry": { "type": "Point", "coordinates": [ 755882.937657653121278, 1975444.637781909899786 ] } },
{ "type": "Feature", "properties": { "Transect": 3096 }, "geometry": { "type": "Point", "coordinates": [ 755903.128538862452842, 1975473.565368819283321 ] } },
{ "type": "Feature", "properties": { "Transect": 3097 }, "geometry": { "type": "Point", "coordinates": [ 755903.584879987174645, 1975491.976500285789371 ] } },
{ "type": "Feature", "properties": { "Transect": 3098 }, "geometry": { "type": "Point", "coordinates": [ 755879.393746625515632, 1975474.433934818720445 ] } },
{ "type": "Feature", "properties": { "Transect": 3099 }, "geometry": { "type": "Point", "coordinates": [ 755912.249504366889596, 1975512.553476028842852 ] } },
{ "type": "Feature", "properties": { "Transect": 3100 }, "geometry": { "type": "Point", "coordinates": [ 755924.406271260464564, 1975520.045995882479474 ] } },
{ "type": "Feature", "properties": { "Transect": 3101 }, "geometry": { "type": "Point", "coordinates": [ 755921.742827812558971, 1975541.368360180407763 ] } },
{ "type": "Feature", "properties": { "Transect": 3102 }, "geometry": { "type": "Point", "coordinates": [ 755968.891568065388128, 1975582.969200971769169 ] } },
{ "type": "Feature", "properties": { "Transect": 3103 }, "geometry": { "type": "Point", "coordinates": [ 755935.654358172905631, 1975556.234594125067815 ] } },
{ "type": "Feature", "properties": { "Transect": 3104 }, "geometry": { "type": "Point", "coordinates": [ 755910.335135150351562, 1975524.570581434993073 ] } },
{ "type": "Feature", "properties": { "Transect": 3105 }, "geometry": { "type": "Point", "coordinates": [ 755958.386833318741992, 1975563.683801638660952 ] } },
{ "type": "Feature", "properties": { "Transect": 3106 }, "geometry": { "type": "Point", "coordinates": [ 755967.81489376607351, 1975573.722666731569916 ] } },
{ "type": "Feature", "properties": { "Transect": 3107 }, "geometry": { "type": "Point", "coordinates": [ 755983.57064054813236, 1975596.693548892624676 ] } },
{ "type": "Feature", "properties": { "Transect": 3108 }, "geometry": { "type": "Point", "coordinates": [ 755990.496643827646039, 1975609.067228952422738 ] } },
{ "type": "Feature", "properties": { "Transect": 3109 }, "geometry": { "type": "Point", "coordinates": [ 755974.14138108107727, 1975585.079748539021239 ] } },
{ "type": "Feature", "properties": { "Transect": 3110 }, "geometry": { "type": "Point", "coordinates": [ 756014.239627502392977, 1975653.247016849461943 ] } },
{ "type": "Feature", "properties": { "Transect": 3111 }, "geometry": { "type": "Point", "coordinates": [ 756012.379329150309786, 1975625.363716022809967 ] } },
{ "type": "Feature", "properties": { "Transect": 3112 }, "geometry": { "type": "Point", "coordinates": [ 756049.901249273214489, 1975705.141418389277533 ] } },
{ "type": "Feature", "properties": { "Transect": 3113 }, "geometry": { "type": "Point", "coordinates": [ 756060.045893957372755, 1975714.511540318606421 ] } },
{ "type": "Feature", "properties": { "Transect": 3114 }, "geometry": { "type": "Point", "coordinates": [ 756072.467587175080553, 1975721.756835212931037 ] } },
{ "type": "Feature", "properties": { "Transect": 3115 }, "geometry": { "type": "Point", "coordinates": [ 756118.778821049374528, 1975778.589023794978857 ] } },
{ "type": "Feature", "properties": { "Transect": 3116 }, "geometry": { "type": "Point", "coordinates": [ 756090.300653356593102, 1975732.963524711318314 ] } },
{ "type": "Feature", "properties": { "Transect": 3117 }, "geometry": { "type": "Point", "coordinates": [ 756093.479691238608211, 1975748.833569028414786 ] } },
{ "type": "Feature", "properties": { "Transect": 3118 }, "geometry": { "type": "Point", "coordinates": [ 756073.340446313726716, 1975715.678427704609931 ] } },
{ "type": "Feature", "properties": { "Transect": 3119 }, "geometry": { "type": "Point", "coordinates": [ 756106.335510205244645, 1975765.499324238160625 ] } },
{ "type": "Feature", "properties": { "Transect": 3120 }, "geometry": { "type": "Point", "coordinates": [ 756085.911087104352191, 1975735.735797978006303 ] } },
{ "type": "Feature", "properties": { "Transect": 3121 }, "geometry": { "type": "Point", "coordinates": [ 756175.09667455253657, 1975843.376584820449352 ] } },
{ "type": "Feature", "properties": { "Transect": 3122 }, "geometry": { "type": "Point", "coordinates": [ 756149.825548350228928, 1975800.262962164590135 ] } },
{ "type": "Feature", "properties": { "Transect": 3123 }, "geometry": { "type": "Point", "coordinates": [ 756138.941606326261535, 1975776.211515710689127 ] } },
{ "type": "Feature", "properties": { "Transect": 3124 }, "geometry": { "type": "Point", "coordinates": [ 756212.210421959636733, 1975864.893564181169495 ] } },
{ "type": "Feature", "properties": { "Transect": 3125 }, "geometry": { "type": "Point", "coordinates": [ 756220.096544681000523, 1975876.37115102331154 ] } },
{ "type": "Feature", "properties": { "Transect": 3126 }, "geometry": { "type": "Point", "coordinates": [ 756222.042273872182705, 1975893.391857617534697 ] } },
{ "type": "Feature", "properties": { "Transect": 3127 }, "geometry": { "type": "Point", "coordinates": [ 756229.966045996872708, 1975904.834288376616314 ] } },
{ "type": "Feature", "properties": { "Transect": 3128 }, "geometry": { "type": "Point", "coordinates": [ 756239.685137637075968, 1975914.601459913887084 ] } },
{ "type": "Feature", "properties": { "Transect": 3129 }, "geometry": { "type": "Point", "coordinates": [ 756245.032598614925519, 1975928.447885780129582 ] } },
{ "type": "Feature", "properties": { "Transect": 3130 }, "geometry": { "type": "Point", "coordinates": [ 756265.292460292228498, 1975928.379256937419996 ] } },
{ "type": "Feature", "properties": { "Transect": 3131 }, "geometry": { "type": "Point", "coordinates": [ 756277.004561960231513, 1975936.28671882650815 ] } },
{ "type": "Feature", "properties": { "Transect": 3132 }, "geometry": { "type": "Point", "coordinates": [ 756286.654001828166656, 1975946.118886364391074 ] } },
{ "type": "Feature", "properties": { "Transect": 3133 }, "geometry": { "type": "Point", "coordinates": [ 756296.776563179213554, 1975955.509574991650879 ] } },
{ "type": "Feature", "properties": { "Transect": 3134 }, "geometry": { "type": "Point", "coordinates": [ 756309.415364145883359, 1975962.552327424986288 ] } },
{ "type": "Feature", "properties": { "Transect": 3135 }, "geometry": { "type": "Point", "coordinates": [ 756314.576669786940329, 1975976.572420681361109 ] } },
{ "type": "Feature", "properties": { "Transect": 3136 }, "geometry": { "type": "Point", "coordinates": [ 756322.473597723292187, 1975988.039862310513854 ] } },
{ "type": "Feature", "properties": { "Transect": 3137 }, "geometry": { "type": "Point", "coordinates": [ 756330.159270773874596, 1975999.704419813817367 ] } },
{ "type": "Feature", "properties": { "Transect": 3138 }, "geometry": { "type": "Point", "coordinates": [ 756341.710538775310852, 1976007.761956406058744 ] } },
{ "type": "Feature", "properties": { "Transect": 3139 }, "geometry": { "type": "Point", "coordinates": [ 756351.127263928763568, 1976017.811249125981703 ] } },
{ "type": "Feature", "properties": { "Transect": 3140 }, "geometry": { "type": "Point", "coordinates": [ 756391.294140602578409, 1976067.352505675982684 ] } },
{ "type": "Feature", "properties": { "Transect": 3141 }, "geometry": { "type": "Point", "coordinates": [ 756337.915998738724738, 1976007.577198154525831 ] } },
{ "type": "Feature", "properties": { "Transect": 3142 }, "geometry": { "type": "Point", "coordinates": [ 756328.540554338367656, 1976017.403096848167479 ] } },
{ "type": "Feature", "properties": { "Transect": 3143 }, "geometry": { "type": "Point", "coordinates": [ 756370.605718931881711, 1976065.969448084710166 ] } },
{ "type": "Feature", "properties": { "Transect": 3144 }, "geometry": { "type": "Point", "coordinates": [ 756380.247691473690793, 1976075.808532418916002 ] } },
{ "type": "Feature", "properties": { "Transect": 3145 }, "geometry": { "type": "Point", "coordinates": [ 756428.767960968310945, 1976115.969233720796183 ] } },
{ "type": "Feature", "properties": { "Transect": 3146 }, "geometry": { "type": "Point", "coordinates": [ 756392.650600364198908, 1976092.08193271048367 ] } },
{ "type": "Feature", "properties": { "Transect": 3147 }, "geometry": { "type": "Point", "coordinates": [ 756412.018764908192679, 1976092.845544832525775 ] } },
{ "type": "Feature", "properties": { "Transect": 3148 }, "geometry": { "type": "Point", "coordinates": [ 756457.034421854419634, 1976139.992343955673277 ] } },
{ "type": "Feature", "properties": { "Transect": 3149 }, "geometry": { "type": "Point", "coordinates": [ 756431.744334123446606, 1976102.286211823578924 ] } },
{ "type": "Feature", "properties": { "Transect": 3150 }, "geometry": { "type": "Point", "coordinates": [ 756403.315796659444459, 1976078.056133742211387 ] } },
{ "type": "Feature", "properties": { "Transect": 3151 }, "geometry": { "type": "Point", "coordinates": [ 756438.976415154756978, 1976124.199355388293043 ] } },
{ "type": "Feature", "properties": { "Transect": 3152 }, "geometry": { "type": "Point", "coordinates": [ 756451.637785547878593, 1976131.221061040647328 ] } },
{ "type": "Feature", "properties": { "Transect": 3153 }, "geometry": { "type": "Point", "coordinates": [ 756494.653594917501323, 1976177.372134582372382 ] } },
{ "type": "Feature", "properties": { "Transect": 3154 }, "geometry": { "type": "Point", "coordinates": [ 756470.003452350851148, 1976141.930635397322476 ] } },
{ "type": "Feature", "properties": { "Transect": 3155 }, "geometry": { "type": "Point", "coordinates": [ 756435.888336851960048, 1976118.267731997184455 ] } },
{ "type": "Feature", "properties": { "Transect": 3156 }, "geometry": { "type": "Point", "coordinates": [ 756473.349879791494459, 1976167.469379257410765 ] } },
{ "type": "Feature", "properties": { "Transect": 3157 }, "geometry": { "type": "Point", "coordinates": [ 756483.687852217000909, 1976176.659008962800726 ] } },
{ "type": "Feature", "properties": { "Transect": 3158 }, "geometry": { "type": "Point", "coordinates": [ 756493.09942340082489, 1976186.713045781478286 ] } },
{ "type": "Feature", "properties": { "Transect": 3159 }, "geometry": { "type": "Point", "coordinates": [ 756541.464709864812903, 1976240.498855081386864 ] } },
{ "type": "Feature", "properties": { "Transect": 3160 }, "geometry": { "type": "Point", "coordinates": [ 756510.506407877313904, 1976198.317118092672899 ] } },
{ "type": "Feature", "properties": { "Transect": 3161 }, "geometry": { "type": "Point", "coordinates": [ 756519.931577694602311, 1976208.358458686387166 ] } },
{ "type": "Feature", "properties": { "Transect": 3162 }, "geometry": { "type": "Point", "coordinates": [ 756529.309269235935062, 1976218.444096876773983 ] } },
{ "type": "Feature", "properties": { "Transect": 3163 }, "geometry": { "type": "Point", "coordinates": [ 756534.724641459411941, 1976232.226870246697217 ] } },
{ "type": "Feature", "properties": { "Transect": 3164 }, "geometry": { "type": "Point", "coordinates": [ 756588.709734636824578, 1976270.141121145803481 ] } },
{ "type": "Feature", "properties": { "Transect": 3165 }, "geometry": { "type": "Point", "coordinates": [ 756598.106128679239191, 1976280.125426073325798 ] } },
{ "type": "Feature", "properties": { "Transect": 3166 }, "geometry": { "type": "Point", "coordinates": [ 756555.888559345155954, 1976249.335754644824192 ] } },
{ "type": "Feature", "properties": { "Transect": 3167 }, "geometry": { "type": "Point", "coordinates": [ 756573.755471557495184, 1976251.5003348053433 ] } },
{ "type": "Feature", "properties": { "Transect": 3168 }, "geometry": { "type": "Point", "coordinates": [ 756592.370224824990146, 1976252.967150411335751 ] } },
{ "type": "Feature", "properties": { "Transect": 3169 }, "geometry": { "type": "Point", "coordinates": [ 756602.767918082536198, 1976262.101054268889129 ] } },
{ "type": "Feature", "properties": { "Transect": 3170 }, "geometry": { "type": "Point", "coordinates": [ 756645.557547084521502, 1976293.842668154975399 ] } },
{ "type": "Feature", "properties": { "Transect": 3171 }, "geometry": { "type": "Point", "coordinates": [ 756621.676164626842365, 1976272.304346011951566 ] } },
{ "type": "Feature", "properties": { "Transect": 3172 }, "geometry": { "type": "Point", "coordinates": [ 756629.441983774420805, 1976283.893953253049403 ] } },
{ "type": "Feature", "properties": { "Transect": 3173 }, "geometry": { "type": "Point", "coordinates": [ 756596.580403540865518, 1976259.61438215454109 ] } },
{ "type": "Feature", "properties": { "Transect": 3174 }, "geometry": { "type": "Point", "coordinates": [ 756639.152739319484681, 1976303.494134960696101 ] } },
{ "type": "Feature", "properties": { "Transect": 3175 }, "geometry": { "type": "Point", "coordinates": [ 756645.767102637095377, 1976316.158099826425314 ] } },
{ "type": "Feature", "properties": { "Transect": 3176 }, "geometry": { "type": "Point", "coordinates": [ 756655.430839828099124, 1976325.976811627857387 ] } },
{ "type": "Feature", "properties": { "Transect": 3177 }, "geometry": { "type": "Point", "coordinates": [ 756701.617736266576685, 1976378.242859828518704 ] } },
{ "type": "Feature", "properties": { "Transect": 3178 }, "geometry": { "type": "Point", "coordinates": [ 756673.420302773360163, 1976337.037357155932114 ] } },
{ "type": "Feature", "properties": { "Transect": 3179 }, "geometry": { "type": "Point", "coordinates": [ 756682.843162243487313, 1976347.080815378343686 ] } },
{ "type": "Feature", "properties": { "Transect": 3180 }, "geometry": { "type": "Point", "coordinates": [ 756729.890392992063425, 1976401.735085409600288 ] } },
{ "type": "Feature", "properties": { "Transect": 3181 }, "geometry": { "type": "Point", "coordinates": [ 756698.946201603161171, 1976359.901486943941563 ] } },
{ "type": "Feature", "properties": { "Transect": 3182 }, "geometry": { "type": "Point", "coordinates": [ 756749.232721015112475, 1976379.334128939313814 ] } },
{ "type": "Feature", "properties": { "Transect": 3183 }, "geometry": { "type": "Point", "coordinates": [ 756712.533596812631004, 1976375.069368046475574 ] } },
{ "type": "Feature", "properties": { "Transect": 3184 }, "geometry": { "type": "Point", "coordinates": [ 756736.019603414344601, 1976371.991223794408143 ] } },
{ "type": "Feature", "properties": { "Transect": 3185 }, "geometry": { "type": "Point", "coordinates": [ 756747.261390797095373, 1976380.337536970851943 ] } },
{ "type": "Feature", "properties": { "Transect": 3186 }, "geometry": { "type": "Point", "coordinates": [ 756768.405902729835361, 1976379.444170638220385 ] } },
{ "type": "Feature", "properties": { "Transect": 3187 }, "geometry": { "type": "Point", "coordinates": [ 756774.051395849557593, 1976393.012085741851479 ] } },
{ "type": "Feature", "properties": { "Transect": 3188 }, "geometry": { "type": "Point", "coordinates": [ 756779.937641328433529, 1976406.355354388710111 ] } },
{ "type": "Feature", "properties": { "Transect": 3189 }, "geometry": { "type": "Point", "coordinates": [ 756789.660948384320363, 1976416.118477622512728 ] } },
{ "type": "Feature", "properties": { "Transect": 3190 }, "geometry": { "type": "Point", "coordinates": [ 756824.566982245538384, 1976446.54176358343102 ] } },
{ "type": "Feature", "properties": { "Transect": 3191 }, "geometry": { "type": "Point", "coordinates": [ 756800.57904644170776, 1976433.776880424236879 ] } },
{ "type": "Feature", "properties": { "Transect": 3192 }, "geometry": { "type": "Point", "coordinates": [ 756818.399074468994513, 1976435.985455661080778 ] } },
{ "type": "Feature", "properties": { "Transect": 3193 }, "geometry": { "type": "Point", "coordinates": [ 756826.619976962916553, 1976447.150368317728862 ] } },
{ "type": "Feature", "properties": { "Transect": 3194 }, "geometry": { "type": "Point", "coordinates": [ 756829.46720487147104, 1976463.329090003389865 ] } },
{ "type": "Feature", "properties": { "Transect": 3195 }, "geometry": { "type": "Point", "coordinates": [ 756832.289319087169133, 1976479.5312206344679 ] } },
{ "type": "Feature", "properties": { "Transect": 3196 }, "geometry": { "type": "Point", "coordinates": [ 756880.620522037963383, 1976531.360602649627253 ] } },
{ "type": "Feature", "properties": { "Transect": 3197 }, "geometry": { "type": "Point", "coordinates": [ 756850.651480589527637, 1976490.243990399409086 ] } },
{ "type": "Feature", "properties": { "Transect": 3198 }, "geometry": { "type": "Point", "coordinates": [ 756860.696457672514953, 1976499.706948631210253 ] } },
{ "type": "Feature", "properties": { "Transect": 3199 }, "geometry": { "type": "Point", "coordinates": [ 756909.174397477298044, 1976533.164690085221082 ] } },
{ "type": "Feature", "properties": { "Transect": 3200 }, "geometry": { "type": "Point", "coordinates": [ 756888.324066247791052, 1976501.774822381557897 ] } },
{ "type": "Feature", "properties": { "Transect": 3201 }, "geometry": { "type": "Point", "coordinates": [ 756889.828179160947911, 1976519.206620692275465 ] } },
{ "type": "Feature", "properties": { "Transect": 3202 }, "geometry": { "type": "Point", "coordinates": [ 756905.91318680299446, 1976523.034092982066795 ] } },
{ "type": "Feature", "properties": { "Transect": 3203 }, "geometry": { "type": "Point", "coordinates": [ 756947.083414319902658, 1976548.106585080502555 ] } },
{ "type": "Feature", "properties": { "Transect": 3204 }, "geometry": { "type": "Point", "coordinates": [ 756929.357170831179246, 1976529.005436114966869 ] } },
{ "type": "Feature", "properties": { "Transect": 3205 }, "geometry": { "type": "Point", "coordinates": [ 756929.120832419837825, 1976548.061061077052727 ] } },
{ "type": "Feature", "properties": { "Transect": 3206 }, "geometry": { "type": "Point", "coordinates": [ 756945.062982093426399, 1976552.021851906785741 ] } },
{ "type": "Feature", "properties": { "Transect": 3207 }, "geometry": { "type": "Point", "coordinates": [ 756984.664236561744474, 1976588.310053398367018 ] } },
{ "type": "Feature", "properties": { "Transect": 3208 }, "geometry": { "type": "Point", "coordinates": [ 756994.028388077509589, 1976600.74968193564564 ] } },
{ "type": "Feature", "properties": { "Transect": 3209 }, "geometry": { "type": "Point", "coordinates": [ 756969.650032970239408, 1976565.936603839509189 ] } },
{ "type": "Feature", "properties": { "Transect": 3210 }, "geometry": { "type": "Point", "coordinates": [ 756972.779571578605101, 1976581.851746323518455 ] } },
{ "type": "Feature", "properties": { "Transect": 3211 }, "geometry": { "type": "Point", "coordinates": [ 756982.405220139422454, 1976591.705927569651976 ] } },
{ "type": "Feature", "properties": { "Transect": 3212 }, "geometry": { "type": "Point", "coordinates": [ 756996.265408342704177, 1976597.609242351027206 ] } },
{ "type": "Feature", "properties": { "Transect": 3213 }, "geometry": { "type": "Point", "coordinates": [ 757002.88767160801217, 1976610.26560589321889 ] } },
{ "type": "Feature", "properties": { "Transect": 3214 }, "geometry": { "type": "Point", "coordinates": [ 757050.598454874008894, 1976645.725434150081128 ] } },
{ "type": "Feature", "properties": { "Transect": 3215 }, "geometry": { "type": "Point", "coordinates": [ 757060.255516847362742, 1976635.618131698807701 ] } },
{ "type": "Feature", "properties": { "Transect": 3216 }, "geometry": { "type": "Point", "coordinates": [ 757029.30539667152334, 1976622.472285581519827 ] } },
{ "type": "Feature", "properties": { "Transect": 3217 }, "geometry": { "type": "Point", "coordinates": [ 757079.174759706598707, 1976645.792642656946555 ] } },
{ "type": "Feature", "properties": { "Transect": 3218 }, "geometry": { "type": "Point", "coordinates": [ 757049.737763818702661, 1976631.253544723847881 ] } },
{ "type": "Feature", "properties": { "Transect": 3219 }, "geometry": { "type": "Point", "coordinates": [ 757098.093721609679051, 1976655.987429039552808 ] } },
{ "type": "Feature", "properties": { "Transect": 3220 }, "geometry": { "type": "Point", "coordinates": [ 757072.679067249642685, 1976637.693978943163529 ] } },
{ "type": "Feature", "properties": { "Transect": 3221 }, "geometry": { "type": "Point", "coordinates": [ 757023.322082231403328, 1976613.313040883513168 ] } },
{ "type": "Feature", "properties": { "Transect": 3222 }, "geometry": { "type": "Point", "coordinates": [ 757088.956357171176933, 1976651.167324484325945 ] } },
{ "type": "Feature", "properties": { "Transect": 3223 }, "geometry": { "type": "Point", "coordinates": [ 757094.886876952834427, 1976664.469044608529657 ] } },
{ "type": "Feature", "properties": { "Transect": 3224 }, "geometry": { "type": "Point", "coordinates": [ 757135.520111835096031, 1976708.033197958022356 ] } },
{ "type": "Feature", "properties": { "Transect": 3225 }, "geometry": { "type": "Point", "coordinates": [ 757107.514629315468483, 1976680.531988284550607 ] } },
{ "type": "Feature", "properties": { "Transect": 3226 }, "geometry": { "type": "Point", "coordinates": [ 757114.928815809311345, 1976692.44942567544058 ] } },
{ "type": "Feature", "properties": { "Transect": 3227 }, "geometry": { "type": "Point", "coordinates": [ 757163.67280136491172, 1976740.680658491328359 ] } },
{ "type": "Feature", "properties": { "Transect": 3228 }, "geometry": { "type": "Point", "coordinates": [ 757140.413121619960293, 1976696.517296449281275 ] } },
{ "type": "Feature", "properties": { "Transect": 3229 }, "geometry": { "type": "Point", "coordinates": [ 757141.806059035938233, 1976714.052481164457276 ] } },
{ "type": "Feature", "properties": { "Transect": 3230 }, "geometry": { "type": "Point", "coordinates": [ 757154.082300564856268, 1976721.433661830378696 ] } },
{ "type": "Feature", "properties": { "Transect": 3231 }, "geometry": { "type": "Point", "coordinates": [ 757201.608801719266921, 1976753.505751685705036 ] } },
{ "type": "Feature", "properties": { "Transect": 3232 }, "geometry": { "type": "Point", "coordinates": [ 757211.060683863586746, 1976759.181766849709675 ] } },
{ "type": "Feature", "properties": { "Transect": 3233 }, "geometry": { "type": "Point", "coordinates": [ 757179.463986341608688, 1976734.606952293310314 ] } },
{ "type": "Feature", "properties": { "Transect": 3234 }, "geometry": { "type": "Point", "coordinates": [ 757182.616690942086279, 1976750.500236014369875 ] } },
{ "type": "Feature", "properties": { "Transect": 3235 }, "geometry": { "type": "Point", "coordinates": [ 757191.638449368649162, 1976760.917786164442077 ] } },
{ "type": "Feature", "properties": { "Transect": 3236 }, "geometry": { "type": "Point", "coordinates": [ 757195.480838144314475, 1976776.167573952348903 ] } },
{ "type": "Feature", "properties": { "Transect": 3237 }, "geometry": { "type": "Point", "coordinates": [ 757257.832225299091078, 1976825.068920282414183 ] } },
{ "type": "Feature", "properties": { "Transect": 3238 }, "geometry": { "type": "Point", "coordinates": [ 757267.249702144879848, 1976833.386629968881607 ] } },
{ "type": "Feature", "properties": { "Transect": 3239 }, "geometry": { "type": "Point", "coordinates": [ 757276.868184471153654, 1976826.249210375826806 ] } },
{ "type": "Feature", "properties": { "Transect": 3240 }, "geometry": { "type": "Point", "coordinates": [ 757286.379117894684896, 1976827.381103155203164 ] } },
{ "type": "Feature", "properties": { "Transect": 3241 }, "geometry": { "type": "Point", "coordinates": [ 757246.16834066179581, 1976783.750241243513301 ] } },
{ "type": "Feature", "properties": { "Transect": 3242 }, "geometry": { "type": "Point", "coordinates": [ 757253.163532086531632, 1976796.058509584283456 ] } },
{ "type": "Feature", "properties": { "Transect": 3243 }, "geometry": { "type": "Point", "coordinates": [ 757263.154521190444939, 1976805.571775981225073 ] } },
{ "type": "Feature", "properties": { "Transect": 3244 }, "geometry": { "type": "Point", "coordinates": [ 757267.955156204756349, 1976819.927481367718428 ] } },
{ "type": "Feature", "properties": { "Transect": 3245 }, "geometry": { "type": "Point", "coordinates": [ 757333.799441282404587, 1976843.366058094194159 ] } },
{ "type": "Feature", "properties": { "Transect": 3246 }, "geometry": { "type": "Point", "coordinates": [ 757297.696997243212536, 1976820.023341567255557 ] } },
{ "type": "Feature", "properties": { "Transect": 3247 }, "geometry": { "type": "Point", "coordinates": [ 757319.518984799389727, 1976818.498701481381431 ] } },
{ "type": "Feature", "properties": { "Transect": 3248 }, "geometry": { "type": "Point", "coordinates": [ 757333.955998114775866, 1976823.864009005948901 ] } },
{ "type": "Feature", "properties": { "Transect": 3249 }, "geometry": { "type": "Point", "coordinates": [ 757342.997832967666909, 1976834.262826511170715 ] } },
{ "type": "Feature", "properties": { "Transect": 3250 }, "geometry": { "type": "Point", "coordinates": [ 757349.343441013945267, 1976847.177113620564342 ] } },
{ "type": "Feature", "properties": { "Transect": 3251 }, "geometry": { "type": "Point", "coordinates": [ 757390.424216720624827, 1976884.030076384078711 ] } },
{ "type": "Feature", "properties": { "Transect": 3252 }, "geometry": { "type": "Point", "coordinates": [ 757359.309359728242271, 1976865.723232899094 ] } },
{ "type": "Feature", "properties": { "Transect": 3253 }, "geometry": { "type": "Point", "coordinates": [ 757358.135609471937642, 1976885.652722056023777 ] } },
{ "type": "Feature", "properties": { "Transect": 3254 }, "geometry": { "type": "Point", "coordinates": [ 757418.4438355199527, 1976926.852011570474133 ] } },
{ "type": "Feature", "properties": { "Transect": 3255 }, "geometry": { "type": "Point", "coordinates": [ 757437.55598087143153, 1976922.171964151086286 ] } },
{ "type": "Feature", "properties": { "Transect": 3256 }, "geometry": { "type": "Point", "coordinates": [ 757412.949467716389336, 1976890.201506661484018 ] } },
{ "type": "Feature", "properties": { "Transect": 3257 }, "geometry": { "type": "Point", "coordinates": [ 757429.669115012162365, 1976911.456038693897426 ] } },
{ "type": "Feature", "properties": { "Transect": 3258 }, "geometry": { "type": "Point", "coordinates": [ 757437.079910487751476, 1976923.376480823382735 ] } },
{ "type": "Feature", "properties": { "Transect": 3259 }, "geometry": { "type": "Point", "coordinates": [ 757378.740492680924945, 1976886.515160984592512 ] } },
{ "type": "Feature", "properties": { "Transect": 3260 }, "geometry": { "type": "Point", "coordinates": [ 757440.961130047217011, 1976948.414773500990123 ] } },
{ "type": "Feature", "properties": { "Transect": 3261 }, "geometry": { "type": "Point", "coordinates": [ 757443.120425506029278, 1976965.234540462959558 ] } },
{ "type": "Feature", "properties": { "Transect": 3262 }, "geometry": { "type": "Point", "coordinates": [ 757512.538893321179785, 1977016.037948467768729 ] } },
{ "type": "Feature", "properties": { "Transect": 3263 }, "geometry": { "type": "Point", "coordinates": [ 757468.189168094540946, 1976969.690394232980907 ] } },
{ "type": "Feature", "properties": { "Transect": 3264 }, "geometry": { "type": "Point", "coordinates": [ 757531.608512050937861, 1977014.620325416326523 ] } },
{ "type": "Feature", "properties": { "Transect": 3265 }, "geometry": { "type": "Point", "coordinates": [ 757494.914523983141407, 1976972.60076252091676 ] } },
{ "type": "Feature", "properties": { "Transect": 3266 }, "geometry": { "type": "Point", "coordinates": [ 757550.409825912909582, 1977033.808015922550112 ] } },
{ "type": "Feature", "properties": { "Transect": 3267 }, "geometry": { "type": "Point", "coordinates": [ 757515.476495511014946, 1976981.261218782281503 ] } },
{ "type": "Feature", "properties": { "Transect": 3268 }, "geometry": { "type": "Point", "coordinates": [ 757519.542042373795994, 1976996.302516822470352 ] } },
{ "type": "Feature", "properties": { "Transect": 3269 }, "geometry": { "type": "Point", "coordinates": [ 757579.01869202661328, 1977031.33991936291568 ] } },
{ "type": "Feature", "properties": { "Transect": 3270 }, "geometry": { "type": "Point", "coordinates": [ 757588.637229990912601, 1977024.202159707667306 ] } },
{ "type": "Feature", "properties": { "Transect": 3271 }, "geometry": { "type": "Point", "coordinates": [ 757542.754500808543526, 1977011.499481993028894 ] } },
{ "type": "Feature", "properties": { "Transect": 3272 }, "geometry": { "type": "Point", "coordinates": [ 757564.669259303482249, 1977009.888664921279997 ] } },
{ "type": "Feature", "properties": { "Transect": 3273 }, "geometry": { "type": "Point", "coordinates": [ 757569.343492085463367, 1977024.362064128974453 ] } },
{ "type": "Feature", "properties": { "Transect": 3274 }, "geometry": { "type": "Point", "coordinates": [ 757575.503883658326231, 1977037.448967838427052 ] } },
{ "type": "Feature", "properties": { "Transect": 3275 }, "geometry": { "type": "Point", "coordinates": [ 757635.46420816378668, 1977085.689433698076755 ] } },
{ "type": "Feature", "properties": { "Transect": 3276 }, "geometry": { "type": "Point", "coordinates": [ 757600.359133204095997, 1977042.104132786393166 ] } },
{ "type": "Feature", "properties": { "Transect": 3277 }, "geometry": { "type": "Point", "coordinates": [ 757607.325322659919038, 1977054.439274820499122 ] } },
{ "type": "Feature", "properties": { "Transect": 3278 }, "geometry": { "type": "Point", "coordinates": [ 757664.085456252098083, 1977082.267585112713277 ] } },
{ "type": "Feature", "properties": { "Transect": 3279 }, "geometry": { "type": "Point", "coordinates": [ 757636.129809110192582, 1977074.24417928699404 ] } },
{ "type": "Feature", "properties": { "Transect": 3280 }, "geometry": { "type": "Point", "coordinates": [ 757389.053962846985087, 1977323.579674671869725 ] } },
{ "type": "Feature", "properties": { "Transect": 3281 }, "geometry": { "type": "Point", "coordinates": [ 757696.525492204120383, 1977516.823914589360356 ] } },
{ "type": "Feature", "properties": { "Transect": 3282 }, "geometry": { "type": "Point", "coordinates": [ 757713.206907301093452, 1976967.639741644728929 ] } },
{ "type": "Feature", "properties": { "Transect": 3283 }, "geometry": { "type": "Point", "coordinates": [ 757725.901459880755283, 1976724.452398888068274 ] } },
{ "type": "Feature", "properties": { "Transect": 3284 }, "geometry": { "type": "Point", "coordinates": [ 757736.239113693940453, 1976662.14737595571205 ] } },
{ "type": "Feature", "properties": { "Transect": 3285 }, "geometry": { "type": "Point", "coordinates": [ 757737.080592249287292, 1977328.539922576630488 ] } },
{ "type": "Feature", "properties": { "Transect": 3286 }, "geometry": { "type": "Point", "coordinates": [ 743716.962554464698769, 1956709.462461075745523 ] } },
{ "type": "Feature", "properties": { "Transect": 3287 }, "geometry": { "type": "Point", "coordinates": [ 743699.554152066470124, 1956760.71601413236931 ] } },
{ "type": "Feature", "properties": { "Transect": 3288 }, "geometry": { "type": "Point", "coordinates": [ 743707.742767387535423, 1956746.783972312696278 ] } },
{ "type": "Feature", "properties": { "Transect": 3289 }, "geometry": { "type": "Point", "coordinates": [ 743717.547464733943343, 1956756.477366822538897 ] } },
{ "type": "Feature", "properties": { "Transect": 3290 }, "geometry": { "type": "Point", "coordinates": [ 743729.984349704813212, 1956763.708469987148419 ] } },
{ "type": "Feature", "properties": { "Transect": 3291 }, "geometry": { "type": "Point", "coordinates": [ 743743.135191889829002, 1956770.271706049097702 ] } },
{ "type": "Feature", "properties": { "Transect": 3292 }, "geometry": { "type": "Point", "coordinates": [ 743747.075149565353058, 1956785.451276909792796 ] } },
{ "type": "Feature", "properties": { "Transect": 3293 }, "geometry": { "type": "Point", "coordinates": [ 743753.746486685122363, 1956798.075761853484437 ] } },
{ "type": "Feature", "properties": { "Transect": 3294 }, "geometry": { "type": "Point", "coordinates": [ 743778.000338896992616, 1956831.296556630637497 ] } },
{ "type": "Feature", "properties": { "Transect": 3295 }, "geometry": { "type": "Point", "coordinates": [ 743761.795394531916827, 1956841.045352916466072 ] } },
{ "type": "Feature", "properties": { "Transect": 3296 }, "geometry": { "type": "Point", "coordinates": [ 743755.793895232025534, 1956850.918528861599043 ] } },
{ "type": "Feature", "properties": { "Transect": 3297 }, "geometry": { "type": "Point", "coordinates": [ 743753.241381802363321, 1956860.833748039323837 ] } },
{ "type": "Feature", "properties": { "Transect": 3298 }, "geometry": { "type": "Point", "coordinates": [ 743751.976799837779254, 1956857.922213228419423 ] } },
{ "type": "Feature", "properties": { "Transect": 3299 }, "geometry": { "type": "Point", "coordinates": [ 743765.570671048597433, 1956890.823062029900029 ] } },
{ "type": "Feature", "properties": { "Transect": 3300 }, "geometry": { "type": "Point", "coordinates": [ 743748.459150728886016, 1956900.560792658478022 ] } },
{ "type": "Feature", "properties": { "Transect": 3301 }, "geometry": { "type": "Point", "coordinates": [ 743750.125361516373232, 1956910.527440362609923 ] } },
{ "type": "Feature", "properties": { "Transect": 3302 }, "geometry": { "type": "Point", "coordinates": [ 743750.008805394521914, 1956920.472354574361816 ] } },
{ "type": "Feature", "properties": { "Transect": 3303 }, "geometry": { "type": "Point", "coordinates": [ 743732.959758543060161, 1956930.210843106266111 ] } },
{ "type": "Feature", "properties": { "Transect": 3304 }, "geometry": { "type": "Point", "coordinates": [ 743732.824846041738056, 1956940.155532685806975 ] } },
{ "type": "Feature", "properties": { "Transect": 3305 }, "geometry": { "type": "Point", "coordinates": [ 743730.964071236550808, 1956700.494839093415067 ] } },
{ "type": "Feature", "properties": { "Transect": 3306 }, "geometry": { "type": "Point", "coordinates": [ 743720.858008504612371, 1956747.399766186485067 ] } },
{ "type": "Feature", "properties": { "Transect": 3307 }, "geometry": { "type": "Point", "coordinates": [ 743712.50209053803701, 1956650.726440180325881 ] } },
{ "type": "Feature", "properties": { "Transect": 3308 }, "geometry": { "type": "Point", "coordinates": [ 743702.693449320038781, 1956673.231765572214499 ] } },
{ "type": "Feature", "properties": { "Transect": 3309 }, "geometry": { "type": "Point", "coordinates": [ 743693.460583637119271, 1956648.498548222472891 ] } },
{ "type": "Feature", "properties": { "Transect": 3310 }, "geometry": { "type": "Point", "coordinates": [ 743683.894874938647263, 1956651.073115786537528 ] } }
]
}
