Year,Transect,Shoreline_Distance
2016,0,999.9999999999836
2017,0,993.1178853454085
2018,0,993.1178853454085
2019,0,985.6272455549711
2020,0,993.1178853454085
2021,0,986.2357671472939
2022,0,993.1178853454085
2023,0,993.1178853454085
2024,0,986.2357671472939
2025,0,993.1178853454085
2016,1,1000.0000000000343
2017,1,986.235785416204
2018,1,986.235785416204
2019,1,986.235785416204
2020,1,986.235785416204
2021,1,986.235785416204
2022,1,986.235785416204
2023,1,986.235785416204
2024,1,993.117893865786
2025,1,993.117893865786
2016,2,1800.7782457672704
2017,2,1800.7782457672704
2018,2,1800.7782457672704
2019,2,1810.3113434662312
2020,2,1810.3113434662312
2021,2,1810.3113434662312
2022,2,1810.3113434662312
2023,2,1810.3113434662312
2024,2,1810.3113434662312
2025,2,1800.7782457672704
2016,3,999.9999999998926
2017,3,999.9999999998926
2018,3,999.9999999998926
2019,3,999.9999999998926
2020,3,990.042467201006
2021,3,999.9999999998926
2022,3,990.042467201006
2023,3,999.9999999998926
2024,3,999.9999999998926
2025,3,999.9999999998926
2016,4,1000.0000000000504
2017,4,1000.0000000000504
2018,4,1000.0000000000504
2019,4,1000.0000000000504
2020,4,990.0424669950677
2021,4,1000.0000000000504
2022,4,990.0424669950677
2023,4,1000.0000000000504
2024,4,1000.0000000000504
2025,4,1000.0000000000504
2016,5,1772.1927790481548
2017,5,1772.1927790481548
2018,5,1772.1927790481548
2019,5,1781.726043715225
2020,5,1781.726043715225
2021,5,1781.726043715225
2022,5,1781.726043715225
2023,5,1781.726043715225
2024,5,1781.726043715225
2025,5,1781.726043715225
2016,6,1743.5699736098125
2017,6,1743.5832599172363
2018,6,1743.5832599172363
2019,6,1753.1164003320246
2020,6,1753.1164003320246
2021,6,1753.1164003320246
2022,6,1753.1164003320246
2023,6,1753.1164003320246
2024,6,1753.1164003320246
2025,6,1753.1164003320246
2016,7,1009.9456122681477
2017,7,1029.8368370558799
2018,7,1029.8368370558799
2019,7,1039.7824495740858
2020,7,1009.9456122681477
2021,7,1000.0000000000201
2022,7,1009.9456122681477
2023,7,1039.7824495740858
2024,7,1049.7280621761174
2025,7,1049.7280621761174
2016,8,1419.4528126964478
2017,8,1734.050527775787
2018,8,1734.050527775787
2019,8,1743.5836729365958
2020,8,1743.5836729365958
2021,8,1743.5836729365958
2022,8,1743.5836729365958
2023,8,1743.5836729365958
2024,8,1743.5836729365958
2025,8,1743.5836729365958
2016,9,1009.9456127567313
2017,9,1009.9456127567313
2018,9,1009.9456127567313
2019,9,1039.7824515283291
2020,9,1009.9456127567313
2021,9,1009.9456127567313
2022,9,999.9999999999717
2023,9,1049.7280646182946
2024,9,1049.7280646182946
2025,9,1049.7280646182946
2016,10,1402.5028201856696
2017,10,1724.5284744122039
2018,10,1724.5284744122039
2019,10,1734.0617630460486
2020,10,1734.0617630460486
2021,10,1734.0617630460486
2022,10,1734.0617630460486
2023,10,1734.0617630460486
2024,10,1734.0617630460486
2025,10,1734.0617630460486
2016,11,1373.7530392617061
2017,11,1709.1673465950291
2018,11,1709.1673465950291
2019,11,1718.750541828055
2020,11,1724.5288766521364
2021,11,1724.5288766521364
2022,11,1724.5288766521364
2023,11,1724.5288766521364
2024,11,1724.5288766521364
2025,11,1724.5288766521364
2016,12,1000.0000000001135
2017,12,1009.9456143055037
2018,12,1009.9456143055037
2019,12,980.1087716398772
2020,12,980.1087716398772
2021,12,1029.836843166364
2022,12,1000.0000000001135
2023,12,1029.836843166364
2024,12,1039.7824577215997
2025,12,1039.7824577215997
2016,13,1345.0031941884463
2017,13,1354.5865435741225
2018,13,1354.5865435741225
2019,13,1373.7532305583234
2020,13,1705.4627223474743
2021,13,1705.4627223474743
2022,13,1705.4627223474743
2023,13,1705.4627223474743
2024,13,1705.4627223474743
2025,13,1705.4627223474743
2016,14,1287.5034554665056
2017,14,1297.0868430909768
2018,14,1297.0868430909768
2019,14,1306.670226787099
2020,14,1676.8639563685995
2021,14,1670.835896830744
2022,14,1676.8639563685995
2023,14,1676.8639563685995
2024,14,1676.8639563685995
2025,14,1676.8639563685995
2016,15,1266.9264241853589
2017,15,1276.4594554923447
2018,15,1276.4594554923447
2019,15,1285.9924829871452
2020,15,1667.3104576730047
2021,15,1600.5802522438998
2022,15,1667.321160036031
2023,15,1667.321160036031
2024,15,1667.321160036031
2025,15,1667.321160036031
2016,16,1009.9456167478071
2017,16,1019.8912335788189
2018,16,1019.8912335788189
2019,16,990.0543833358606
2020,16,990.0543833358606
2021,16,1009.9456167478071
2022,16,1019.8912335788189
2023,16,1019.8912335788189
2024,16,1059.673701736231
2025,16,1049.728084572245
2016,17,1247.8604877990158
2017,17,1257.3935320225496
2018,17,1257.3935320225496
2019,17,1266.9265724366899
2020,17,1571.981853336871
2021,17,1552.916012608282
2022,17,1657.7883470106635
2023,17,1657.7883470106635
2024,17,1657.7779480021798
2025,17,1657.7883470106635
2016,18,1009.9456172357588
2017,18,1009.9456172357588
2018,18,1009.9456172357588
2019,18,999.9999999999305
2020,18,999.9999999999305
2021,18,1009.9456172357588
2022,18,1029.8368519586575
2023,18,1029.8368519586575
2024,18,1059.6737046671547
2025,18,1049.7280870147622
2016,19,1230.0033992643173
2017,19,1239.5868251276956
2018,19,1239.5868251276956
2019,19,1249.1702470619139
2020,19,1555.8376751072954
2021,19,1536.6710786803317
2022,19,1648.2650996102993
2023,19,1648.2650996102993
2024,19,1642.0871646418395
2025,19,1648.2650996102993
2016,20,999.9999999999543
2017,20,1009.9456182969682
2018,20,1009.9456182969682
2019,20,980.108763656005
2020,20,980.108763656005
2021,20,999.9999999999543
2022,20,1029.8368551403773
2023,20,1039.7824736872367
2024,20,1049.728092317689
2025,20,1049.728092317689
2016,21,1200.1964106475598
2017,21,1209.72957909389
2018,21,1209.72957909389
2019,21,1219.2615884280171
2020,21,1486.186018122552
2021,21,1495.7189782092773
2022,21,1629.1895344492104
2023,21,1629.1895344492104
2024,21,1619.6563418299968
2025,21,1619.6563418299968
2016,22,1009.9456187846445
2017,22,1009.9456187846445
2018,22,1009.9456187846445
2019,22,980.1087626786828
2020,22,980.1087626786828
2021,22,999.9999999999186
2022,22,1009.9456187846445
2023,22,1049.7280947594713
2024,22,1019.8912376538944
2025,22,1019.8912376538944
2016,23,1190.6624710563106
2017,23,1200.1955545847334
2018,23,1200.1955545847334
2019,23,1200.1965218312419
2020,23,1467.1255941391057
2021,23,1476.6587832578123
2022,23,1619.6566860049197
2023,23,1619.6566860049197
2024,23,1610.1234886400216
2025,23,1610.1234886400216
2016,24,1009.9456192738588
2017,24,1009.9456192738588
2018,24,1009.9456192738588
2019,24,980.108761702178
2020,24,980.108761702178
2021,24,1009.9456192738588
2022,24,1009.9456192738588
2023,24,1049.7280972037565
2024,24,1019.8912386312937
2025,24,1019.8912386312937
2016,25,1171.5963878677499
2017,25,1181.129484315759
2018,25,1181.129484315759
2019,25,1190.6625769507627
2020,25,1457.587623339174
2021,25,1467.1258535876161
2022,25,1610.123827521893
2023,25,1610.123827521893
2024,25,1600.5906254111894
2025,25,1600.5906254111894
2016,26,1009.9456197627778
2017,26,1009.9456197627778
2018,26,1009.9456197627778
2019,26,990.0543803211416
2020,26,980.1087607248984
2021,26,1009.9456197627778
2022,26,1009.9456197627778
2023,26,1049.728099646831
2024,26,1019.8912396091008
2025,26,1029.8368595385507
2016,27,1152.530268253313
2017,27,1162.0633776179943
2018,27,1162.0633776179943
2019,27,1171.5964831726997
2020,27,1438.5218912637133
2021,27,1457.5878775107615
2022,27,1600.5909589958196
2023,27,1600.5909589958196
2024,27,1591.057752139312
2025,27,1591.057752139312
2016,28,1009.9456202509243
2017,28,1009.9456202509243
2018,28,1009.9456202509243
2019,28,1000.0000000000141
2020,28,990.0543798317655
2021,28,1009.9456202509243
2022,28,1009.9456202509243
2023,28,1059.6737227577323
2024,28,1000.0000000000141
2025,28,1039.78248150521
2016,29,1133.4645433752726
2017,29,1142.9972344960606
2018,29,1142.9972344960606
2019,29,1152.5303529674425
2020,29,1419.4603556997977
2021,29,1438.5267607648702
2022,29,1591.0580804285155
2023,29,1591.0580804285155
2024,29,1581.5248688260829
2025,29,1581.5248688260829
2016,30,1009.9456207404164
2017,30,1009.9456207404164
2018,30,1009.9456207404164
2019,30,1009.9456207404164
2020,30,999.9999999999163
2021,30,1009.9456207404164
2022,30,1009.9456207404164
2023,30,1059.6737256912152
2024,30,999.9999999999163
2025,30,1039.7824834606765
2016,31,1123.9314269664505
2017,31,1123.9314269664505
2018,31,1123.9314269664505
2019,31,1133.4641863319682
2020,31,1409.9233386829728
2021,31,1428.9893689790954
2022,31,1581.525191818189
2023,31,1581.525191818189
2024,31,1571.9919754701843
2025,31,1571.9919754701843
2016,32,1009.9456212288228
2017,32,1009.9456212288228
2018,32,1009.9456212288228
2019,32,1019.8912425418032
2020,32,999.999999999901
2021,32,1019.8912425418032
2022,32,1009.9456212288228
2023,32,1019.8912425418032
2024,32,999.999999999901
2025,32,1039.78248541528
2016,33,999.9999999999579
2017,33,1535.1758454187243
2018,33,1535.1758454187243
2019,33,1009.9575383151077
2020,33,999.9999999999579
2021,33,1019.9150767735442
2022,33,1009.9575383151077
2023,33,999.9999999999579
2024,33,990.0424620589862
2025,33,1029.8726153729365
2016,34,1009.9456222893721
2017,34,1527.1188273851365
2018,34,1527.1188273851365
2019,34,1019.8912446622987
2020,34,1009.9456222893721
2021,34,1029.8368671190494
2022,34,1019.8912446622987
2023,34,1009.9456222893721
2024,34,990.054377793367
2025,34,1039.7824896582279
2016,35,1505.2585651234456
2017,35,1114.398300518559
2018,35,1114.398300518559
2019,35,1476.6590647841595
2020,35,1400.3937064590664
2021,35,1390.860534203454
2022,35,1381.3273614015854
2023,35,1381.3273614015854
2024,35,1495.7313086173301
2025,35,1486.1922321111929
2016,36,1486.1953970424931
2017,36,1133.4655539461112
2018,36,1133.4655539461112
2019,36,1486.1953970424931
2020,36,1476.6621685150517
2021,36,1409.9295525344787
2022,36,1400.3963193532852
2023,36,1400.3963193532852
2024,36,1495.7286249881865
2025,36,1486.1953970424931
2016,37,1000.0000000000254
2017,37,993.1178388931517
2018,37,993.1178388931517
2019,37,986.235675796776
2020,37,787.0710077298003
2021,37,772.8881162468019
2022,37,470.8737661148487
2023,37,470.8737661148487
2024,37,470.8737661148487
2025,37,476.9527387261553
2016,38,1000.00000000007
2017,38,993.0787624051344
2018,38,993.0787624051344
2019,38,992.548231158624
2020,38,792.3625223903739
2021,38,775.6866877825618
2022,38,594.9664665436686
2023,38,594.9664665436686
2024,38,594.9664665436686
2025,38,594.9664665436686
2016,39,1537.0649433571214
2017,39,1517.1736448250992
2018,39,1517.1736448250992
2019,39,1507.2279956831965
2020,39,1517.1736448250992
2021,39,1507.2279956831965
2022,39,1507.2279956831965
2023,39,1507.2279956831965
2024,39,1507.2279956831965
2025,39,1487.3366976517984
2016,40,1790.5791050823095
2017,40,1447.554373093426
2018,40,1447.554373093426
2019,40,1447.554373093426
2020,40,1447.554373093426
2021,40,1780.6334009507445
2022,40,1457.5000277459399
2023,40,1447.554373093426
2024,40,1780.6334009507445
2025,40,1770.6876975265716
2016,41,1743.5832599181226
2017,41,1743.5832599181226
2018,41,1743.5832599181226
2019,41,1734.0501623113125
2020,41,1743.5832599181226
2021,41,1753.1163569771543
2022,41,1743.5832599181226
2023,41,1714.9839654534394
2024,41,1695.917766407493
2025,41,1705.4508662049375
2016,42,1753.1159820171897
2017,42,1743.5828897044971
2018,42,1743.5828897044971
2019,42,1734.0497968440286
2020,42,1753.1159820171897
2021,42,1762.6490737824558
2022,42,1753.1159820171897
2023,42,1714.9836094788366
2024,42,1714.9836094788366
2025,42,1714.9836094788366
2016,43,1762.6486940744396
2017,43,1743.5825194890483
2018,43,1743.5825194890483
2019,43,1734.0494313748084
2020,43,1762.6486940744396
2021,43,1762.6486940744396
2022,43,1762.6486940744396
2023,43,1724.516342711745
2024,43,1724.516342711745
2025,43,1724.516342711745
2016,44,1772.1813960909028
2017,44,1753.1152320922329
2018,44,1753.1152320922329
2019,44,1962.8651867048625
2020,44,1762.6483143645826
2021,44,1962.8651867048625
2022,44,1762.6483143645826
2023,44,1734.0490659042096
2024,44,1962.8651867048625
2025,44,1734.0490659042096
2016,45,1772.1810116329448
2017,45,1962.8647074151108
2018,45,1962.8647074151108
2019,45,1943.7977020309836
2020,45,1962.8647074151108
2021,45,1953.3312028154398
2022,45,1962.8647074151108
2023,45,1962.8647074151108
2024,45,1953.3312028154398
2025,45,1962.8647074151108
2016,46,1962.864228122828
2017,46,1943.7972322277703
2018,46,1943.7972322277703
2019,46,1943.775833749861
2020,46,1943.7972322277703
2021,46,1943.7972322277703
2022,46,1943.7972322277703
2023,46,1943.7972322277703
2024,46,1943.7972322277703
2025,46,1943.7972322277703
2016,47,1943.7967624015357
2017,47,1934.2632749210222
2018,47,1934.2632749210222
2019,47,1934.2632749210222
2020,47,1934.2632749210222
2021,47,1934.2632749210222
2022,47,1934.2632749210222
2023,47,1934.2632749210222
2024,47,1934.2632749210222
2025,47,1943.7753638528231
2016,48,1943.7748939533526
2017,48,1924.7293309374304
2018,48,1924.7293309374304
2019,48,1924.7293309374304
2020,48,1924.7293309374304
2021,48,1924.7293309374304
2022,48,1924.7293309374304
2023,48,1924.7293309374304
2024,48,1934.2418410659454
2025,48,1934.2628098587159
2016,49,1934.262344781757
2017,49,1915.195400243006
2018,49,1915.195400243006
2019,49,1915.195400243006
2020,49,1915.195400243006
2021,49,1915.195400243006
2022,49,1915.195400243006
2023,49,1915.195400243006
2024,49,1924.7288706050638
2025,49,1924.7288706050638
2016,50,1924.7284102720516
2017,50,1905.661482851523
2018,50,1905.661482851523
2019,50,1905.661482851523
2020,50,1905.661482851523
2021,50,1905.661482851523
2022,50,1905.661482851523
2023,50,1905.661482851523
2024,50,1915.1949446547058
2025,50,1915.1949446547058
2016,51,1915.1944890649074
2017,51,1896.1275787624852
2018,51,1896.1275787624852
2019,51,1896.1275787624852
2020,51,1896.1275787624852
2021,51,1896.1275787624852
2022,51,1896.1275787624852
2023,51,1896.1275787624852
2024,51,1905.6610320066698
2025,51,1905.6610320066698
2016,52,1905.6605811587738
2017,52,1886.5936879743472
2018,52,1886.5936879743472
2019,52,1886.5936879743472
2020,52,1886.5936879743472
2021,52,1886.5936879743472
2022,52,1886.5936879743472
2023,52,1886.5936879743472
2024,52,1896.127132659883
2025,52,1896.127132659883
2016,53,1896.1266865645318
2017,53,1877.0598104969279
2018,53,1877.0598104969279
2019,53,1877.0598104969279
2020,53,1877.0598104969279
2021,53,1877.0598104969279
2022,53,1877.0598104969279
2023,53,1877.0598104969279
2024,53,1886.593246624054
2025,53,1886.593246624054
2016,54,1886.5928052521908
2017,54,1867.5259463036298
2018,54,1867.5259463036298
2019,54,1867.5259463036298
2020,54,1867.5259463036298
2021,54,1867.5259463036298
2022,54,1867.5259463036298
2023,54,1867.5259463036298
2024,54,1877.0593738701257
2025,54,1877.0593738701257
2016,55,1877.0589372510283
2017,55,1219.2605492149855
2018,55,1219.2605492149855
2019,55,990.4669260498295
2020,55,1209.7274878997534
2021,55,1209.7274878997534
2022,55,1209.7274878997534
2023,55,1152.5291084756284
2024,55,1152.5291084756284
2025,55,1209.7274878997534
2016,56,1219.2604400415019
2017,56,1228.7934960608736
2018,56,1228.7934960608736
2019,56,1152.5290325288454
2020,56,1219.2604400415019
2021,56,1219.2604400415019
2022,56,1219.2604400415019
2023,56,1200.1943263552407
2024,56,1209.727383472841
2025,56,1219.2604400415019
2016,57,1219.2603308672992
2017,57,1228.7933821402103
2018,57,1228.7933821402103
2019,57,1200.1942266744218
2020,57,1219.2603308672992
2021,57,1219.2603308672992
2022,57,1219.2603308672992
2023,57,1209.727279045329
2024,57,1219.2603308672992
2025,57,1219.2603308672992
2016,58,1219.2602216925911
2017,58,1228.793268218815
2018,58,1228.793268218815
2019,58,1209.727174617428
2020,58,1219.2602216925911
2021,58,1219.2602216925911
2022,58,1219.2602216925911
2023,58,1209.727174617428
2024,58,1219.2602216925911
2025,58,1219.2602216925911
2016,59,1228.7947668583674
2017,59,1285.9934060650771
2018,59,1285.9934060650771
2019,59,1276.4603009888951
2020,59,1285.9934060650771
2021,59,1228.7947668583674
2022,59,1228.7947668583674
2023,59,1276.4603009888951
2024,59,1238.327874851905
2025,59,1238.327874851905
2016,60,1305.05704823632
2017,60,1314.5900719319168
2018,60,1314.5900719319168
2019,60,1305.05704823632
2020,60,1314.5900719319168
2021,60,1285.9909991947022
2022,60,1314.5900719319168
2023,60,1305.05704823632
2024,60,1314.5900719319168
2025,60,1305.05704823632
2016,61,1314.589915285972
2017,61,1324.1229336872195
2018,61,1324.1229336872195
2019,61,1305.0568963373012
2020,61,1324.1229336872195
2021,61,1295.5238768385261
2022,61,1314.589915285972
2023,61,1305.0568963373012
2024,61,1314.589915285972
2025,61,1314.589915285972
2016,62,1314.589758639704
2017,62,1371.7878323371494
2018,62,1371.7878323371494
2019,62,1314.589758639704
2020,62,1371.7878323371494
2021,62,1305.0567444379558
2022,62,1314.589758639704
2023,62,1314.589758639704
2024,62,1324.1227722939127
2025,62,1324.1227722939127
2016,63,1324.1226108999967
2017,63,1381.320652823781
2018,63,1381.320652823781
2019,63,1333.655619259856
2020,63,1381.320652823781
2021,63,1343.1886270698442
2022,63,1324.1226108999967
2023,63,1333.655619259856
2024,63,1333.655619259856
2025,63,1371.7876472086177
2016,64,1371.7874620794412
2017,64,1381.3204629476825
2018,64,1381.3204629476825
2019,64,1362.2544606612134
2020,64,1381.3204629476825
2021,64,1352.7214586956748
2022,64,1333.655453118364
2023,64,1362.2544606612134
2024,64,1343.1884561813135
2025,64,1381.3204629476825
2016,65,1381.3260044291403
2017,65,1381.3260044291403
2018,65,1381.3260044291403
2019,65,1371.7928640544335
2020,65,1381.3260044291403
2021,65,1362.2597231795328
2022,65,1362.2597231795328
2023,65,1371.7928640544335
2024,65,1371.7928640544335
2025,65,1381.3260044291403
2016,66,1371.7926576012553
2017,66,1381.3257926827916
2018,66,1381.3257926827916
2019,66,1362.259522020917
2020,66,1381.3257926827916
2021,66,1362.259522020917
2022,66,1362.259522020917
2023,66,1362.259522020917
2024,66,1371.7926576012553
2025,66,1371.7926576012553
2016,67,1079.2302152168513
2017,67,1079.2302152168513
2018,67,1079.2302152168513
2019,67,1079.2302152168513
2020,67,1079.2302152168513
2021,67,1079.2302152168513
2022,67,1079.2302152168513
2023,67,1079.2302152168513
2024,67,1079.2302152168513
2025,67,1079.2302152168513
2016,68,1066.7311112280677
2017,68,1066.7311112280677
2018,68,1066.7311112280677
2019,68,1076.2641293145743
2020,68,1066.7311112280677
2021,68,1066.7311112280677
2022,68,1066.7311112280677
2023,68,1066.7311112280677
2024,68,1066.7311112280677
2025,68,1066.7311112280677
2016,69,1076.2642768199587
2017,69,1076.2642768199587
2018,69,1076.2642768199587
2019,69,1076.2642768199587
2020,69,1076.2642768199587
2021,69,1076.2642768199587
2022,69,1076.2642768199587
2023,69,1076.2642768199587
2024,69,1076.2642768199587
2025,69,1076.2642768199587
2016,70,1076.264173040352
2017,70,1076.2643147948882
2018,70,1076.2643147948882
2019,70,1076.2643147948882
2020,70,1076.2643147948882
2021,70,1076.2643147948882
2022,70,1076.2643147948882
2023,70,1076.2643147948882
2024,70,1076.2643147948882
2025,70,1076.2643147948882
2016,71,1066.4916403151499
2017,71,1075.9904311438227
2018,71,1075.9904311438227
2019,71,1076.2648947442167
2020,71,1076.2648947442167
2021,71,1076.2648947442167
2022,71,1076.2648947442167
2023,71,1076.2648947442167
2024,71,1076.2648947442167
2025,71,1076.2648947442167
2016,72,1092.435893539097
2017,72,1092.435893539097
2018,72,1092.435893539097
2019,72,1105.6410697831968
2020,72,1105.6410697831968
2021,72,1105.6410697831968
2022,72,1105.6410697831968
2023,72,1105.6410697831968
2024,72,1105.6410697831968
2025,72,1092.435893539097
2016,73,1105.641141911542
2017,73,1105.641141911542
2018,73,1105.641141911542
2019,73,1118.8463393205502
2020,73,1118.8463393205502
2021,73,1118.8463393205502
2022,73,1118.8463393205502
2023,73,1118.8463393205502
2024,73,1118.8463393205502
2025,73,1105.641141911542
2016,74,1085.7976835443742
2017,74,1085.7976835443742
2018,74,1085.7976835443742
2019,74,1095.3307622415525
2020,74,1095.3307622415525
2021,74,1095.3307622415525
2022,74,1095.3307622415525
2023,74,1095.3307622415525
2024,74,1095.3307622415525
2025,74,1085.7976835443742
2016,75,1118.8467723935285
2017,75,1118.8467723935285
2018,75,1118.8467723935285
2019,75,1132.05203006918
2020,75,1132.05203006918
2021,75,1132.05203006918
2022,75,1132.05203006918
2023,75,1132.05203006918
2024,75,1132.05203006918
2025,75,1132.05203006918
2016,76,1776.269993752548
2017,76,1757.1025229562488
2018,76,1757.1025229562488
2019,76,1757.1025229562488
2020,76,1757.1025229562488
2021,76,1757.1025229562488
2022,76,1757.1025229562488
2023,76,1757.1025229562488
2024,76,1766.686256389407
2025,76,1766.686256389407
2016,77,1129.2934347751116
2017,77,1149.1847311830732
2018,77,1149.1847311830732
2019,77,1149.1847311830732
2020,77,1238.6954406679095
2021,77,1268.532342114827
2022,77,1586.7931678327914
2023,77,1586.7931678327914
2024,77,1586.7931678327914
2025,77,1586.7931678327914
2016,78,1743.591420469176
2017,78,1724.5246839810063
2018,78,1724.5246839810063
2019,78,1724.5246839810063
2020,78,1724.5246839810063
2021,78,1724.5246839810063
2022,78,1724.5246839810063
2023,78,1724.5246839810063
2024,78,1734.0580503185301
2025,78,1734.0580503185301
2016,79,1139.2390761635804
2017,79,1159.1303714254711
2018,79,1159.1303714254711
2019,79,1159.1303714254711
2020,79,1268.5323289038329
2021,79,1298.3692225200796
2022,79,1596.7387828588023
2023,79,1596.7387828588023
2024,79,1596.7387828588023
2025,79,1596.7387828588023
2016,80,1139.239068140795
2017,80,1159.13036225618
2018,80,1159.13036225618
2019,80,1159.13036225618
2020,80,1278.4779447986625
2021,80,1308.3148345786792
2022,80,1596.7387484752296
2023,80,1596.7387484752296
2024,80,1596.7387484752296
2025,80,1596.7387484752296
2016,81,1139.2390601185464
2017,81,1159.1303530881576
2018,81,1159.1303530881576
2019,81,1159.1303530881576
2020,81,1298.3691881612597
2021,81,1318.2604447478948
2022,81,1596.7387140922694
2023,81,1596.7387140922694
2024,81,1596.7387140922694
2025,81,1596.7387140922694
2016,82,1139.2390520964925
2017,82,1159.1303439198507
2018,82,1159.1303439198507
2019,82,1159.1303439198507
2020,82,1318.2604264284348
2021,82,1328.2060530894005
2022,82,1596.7386797115398
2023,82,1586.7930375075
2024,82,1586.7930375075
2025,82,1586.7930375075
2016,83,1139.239044075199
2017,83,1159.1303347523144
2018,83,1159.1303347523144
2019,83,1159.1303347523144
2020,83,1318.2606481719752
2021,83,1338.1516595746186
2022,83,1586.7930037008625
2023,83,1576.8473619863514
2024,83,1576.8473619863514
2025,83,1576.8473619863514
2016,84,1139.2390360534093
2017,84,1149.184680860765
2018,84,1149.184680860765
2019,84,1159.1303255847595
2020,84,1328.206015285744
2021,84,1348.0972641979147
2022,84,1576.8473287537627
2023,84,1576.8473287537627
2024,84,1576.8473287537627
2025,84,1576.8473287537627
2016,85,1680.432097143317
2017,85,1661.2647246553802
2018,85,1661.2647246553802
2019,85,1661.2647246553802
2020,85,1661.2647246553802
2021,85,1661.2647246553802
2022,85,1661.2647246553802
2023,85,1661.2647246553802
2024,85,1670.8484089338333
2025,85,1670.8484089338333
2016,86,1657.7903067394927
2017,86,1000.0000000000057
2018,86,1000.0000000000057
2019,86,771.2063768339134
2020,86,1000.0000000000057
2021,86,1000.0000000000057
2022,86,1000.0000000000057
2023,86,933.2685592663825
2024,86,933.2685592663825
2025,86,1000.0000000000057
2016,87,1000.0000000000365
2017,87,1000.0000000000365
2018,87,1000.0000000000365
2019,87,990.4669763066689
2020,87,1000.0000000000365
2021,87,971.4009272693896
2022,87,1000.0000000000365
2023,87,990.4669763066689
2024,87,1000.0000000000365
2025,87,1000.0000000000365
2016,88,999.9999999999679
2017,88,999.9999999999679
2018,88,999.9999999999679
2019,88,980.9339977201759
2020,88,999.9999999999679
2021,88,971.4009957576283
2022,88,952.3349901859464
2023,88,980.9339977201759
2024,88,961.8679932462543
2025,88,999.9999999999679
2016,89,1000.0000000000273
2017,89,1000.0000000000273
2018,89,1000.0000000000273
2019,89,990.4670038821449
2020,89,1000.0000000000273
2021,89,980.934007213929
2022,89,980.934007213929
2023,89,990.4670038821449
2024,89,1000.0000000000273
2025,89,1000.0000000000273
2016,90,1719.4109595672592
2017,90,1424.9243131497149
2018,90,1424.9243131497149
2019,90,1701.7083490486384
2020,90,1737.1135982153535
2021,90,1696.4014254984031
2022,90,1720.0080463007437
2023,90,1696.4014254984031
2024,90,1720.0080463007437
2025,90,1401.3175231747232
2016,91,1000.0000000000085
2017,91,1000.0000000000085
2018,91,1000.0000000000085
2019,91,980.9339959851217
2020,91,971.5039315482896
2021,91,990.5013067825294
2022,91,981.0026172983909
2023,91,990.5013067825294
2024,91,990.4669982839056
2025,91,981.0026172983909
2016,92,999.9999999998886
2017,92,999.9999999998886
2018,92,999.9999999998886
2019,92,985.6270332696198
2020,92,986.2358689538936
2021,92,993.1179362493616
2022,92,986.2358689538936
2023,92,993.1179362493616
2024,92,993.1179362493616
2025,92,993.1179362493616
2016,93,999.9999999999688
2017,93,999.9999999999688
2018,93,999.9999999999688
2019,93,979.3538069544611
2020,93,986.2358716793672
2021,93,986.2358716793672
2022,93,986.2358716793672
2023,93,993.1179376119794
2024,93,993.1179376119794
2025,93,993.1179376119794
2016,94,999.9999999999549
2017,94,999.9999999999549
2018,94,999.9999999999549
2019,94,979.353811041504
2020,94,986.2358744048008
2021,94,986.2358744048008
2022,94,985.6270237863203
2023,94,986.2358744048008
2024,94,993.1179389749758
2025,94,993.1179389749758
2016,95,1000.0000000000629
2017,95,1000.0000000000629
2018,95,1000.0000000000629
2019,95,986.2358771283875
2020,95,986.2358771283875
2021,95,986.2358771283875
2022,95,979.3538151277377
2023,95,986.2358771283875
2024,95,993.1179403365736
2025,95,993.1179403365736
2016,96,1000.0000000000095
2017,96,1000.0000000000095
2018,96,1000.0000000000095
2019,96,986.2358798540719
2020,96,986.2358798540719
2021,96,986.2358798540719
2022,96,979.3538192163389
2023,96,986.2358798540719
2024,96,985.6270143055018
2025,96,993.1179416994371
2016,97,999.9999999999852
2017,97,999.9999999999852
2018,97,999.9999999999852
2019,97,980.7830707472779
2020,97,980.7830707472779
2021,97,980.7830707472779
2022,97,971.1746065229887
2023,97,980.7830707472779
2024,97,980.0970825131807
2025,97,990.0485412350233
2016,98,1000.0000000000858
2017,98,1000.0000000000858
2018,98,1000.0000000000858
2019,98,993.1179440275471
2020,98,979.353826200697
2021,98,985.6270039964794
2022,98,985.6270039964794
2023,98,985.6270039964794
2024,98,985.6270039964794
2025,98,986.2358845103114
2016,99,999.9999999999928
2017,99,999.9999999999928
2018,99,999.9999999999928
2019,99,993.1179453908327
2020,99,979.3538302899004
2021,99,979.3538302899004
2022,99,979.3538302899004
2023,99,979.3538302899004
2024,99,979.3538302899004
2025,99,986.2358872367205
2016,100,1000.0000000001008
2017,100,1000.0000000001008
2018,100,1000.0000000001008
2019,100,990.0485383802909
2020,100,971.1746265092889
2021,100,971.1746265092889
2022,100,971.1746265092889
2023,100,971.1746265092889
2024,100,971.1746265092889
2025,100,980.7830840722179
2016,101,1000.000000000109
2017,101,1000.000000000109
2018,101,1000.000000000109
2019,101,990.0485370560734
2020,101,980.783087265733
2021,101,971.1746312996819
2022,101,980.783087265733
2023,101,980.783087265733
2024,101,970.1456112961965
2025,101,980.097074155157
2016,102,1000.0000000001074
2017,102,1000.0000000001074
2018,102,1000.0000000001074
2019,102,970.1272572012076
2020,102,980.0848379922076
2021,102,980.0848379922076
2022,102,980.0848379922076
2023,102,980.0848379922076
2024,102,960.1696765527964
2025,102,950.2120960455778
2016,103,999.9999999999634
2017,103,999.9999999999634
2018,103,999.9999999999634
2019,103,980.0848375800882
2020,103,980.0848375800882
2021,103,980.0848375800882
2022,103,980.0848375800882
2023,103,980.0848375800882
2024,103,970.1272565829822
2025,103,960.1696757273016
2016,104,1104.861774655753
2017,104,1095.328883303903
2018,104,1095.328883303903
2019,104,1104.861774655753
2020,104,1104.861774655753
2021,104,1104.861774655753
2022,104,1104.861774655753
2023,104,1104.861774655753
2024,104,1104.861774655753
2025,104,1104.861774655753
2016,105,1352.7204276471687
2017,105,1352.7204276471687
2018,105,1352.7204276471687
2019,105,1324.1212795994888
2020,105,1333.6543251370304
2021,105,1333.6543251370304
2022,105,1333.6543251370304
2023,105,1343.1873744847833
2024,105,1343.1873744847833
2025,105,1343.1873744847833
2016,106,1343.187203596547
2017,106,1343.187203596547
2018,106,1343.187203596547
2019,106,1324.1185878228112
2020,106,1324.1211182050952
2021,106,1324.1211182050952
2022,106,1314.5880812291098
2023,106,1324.1211182050952
2024,106,1333.654158995599
2025,106,1333.654158995599
2016,107,1333.6539928452842
2017,107,1333.6539928452842
2018,107,1333.6539928452842
2019,107,1314.5879245719443
2020,107,1314.5879245719443
2021,107,1314.5879245719443
2022,107,1305.0548961561212
2023,107,1314.5879245719443
2024,107,1324.120956801355
2025,107,1324.120956801355
2016,108,1324.120795490519
2017,108,1324.120795490519
2018,108,1324.120795490519
2019,108,1305.054744333128
2020,108,1305.054744333128
2021,108,1305.054744333128
2022,108,1295.5217244745195
2023,108,1305.054744333128
2024,108,1295.5217244745195
2025,108,1314.5877680052072
2016,109,1285.9884070286666
2017,109,1295.5214130280133
2018,109,1295.5214130280133
2019,109,1276.4554048402301
2020,109,1257.3894119060894
2021,109,1257.3894119060894
2022,109,1257.3894119060894
2023,109,1257.3894119060894
2024,109,1257.3894119060894
2025,109,1266.922406466542
2016,110,1277.914926465062
2017,110,1277.914926465062
2018,110,1277.914926465062
2019,110,1268.3315981272483
2020,110,1249.1649532416855
2021,110,1239.5816366917254
2022,110,1249.1649532416855
2023,110,1249.1649532416855
2024,110,1000.0000000000277
2025,110,1258.7482737194211
2016,111,1257.389140724281
2017,111,1257.389140724281
2018,111,1257.389140724281
2019,111,1238.3231831283094
2020,111,1228.7902100493627
2021,111,1219.2572407835382
2022,111,1228.7902100493627
2023,111,1228.7902100493627
2024,111,1000.0000000000408
2025,111,1000.0000000000408
2016,112,1238.3230644478404
2017,112,1247.8560365922856
2018,112,1247.8560365922856
2019,112,1000.0000000000174
2020,112,1000.0000000000174
2021,112,1000.0000000000174
2022,112,1000.0000000000174
2023,112,1000.0000000000174
2024,112,1000.0000000000174
2025,112,1000.0000000000174
2016,113,1219.25702240471
2017,113,1228.7899821757517
2018,113,1228.7899821757517
2019,113,1000.000000000056
2020,113,1000.000000000056
2021,113,1000.000000000056
2022,113,1000.000000000056
2023,113,1000.000000000056
2024,113,1000.000000000056
2025,113,1000.000000000056
2016,114,1576.8479735295896
2017,114,1596.7392779619754
2018,114,1596.7392779619754
2019,114,1596.7392779619754
2020,114,1656.413189258969
2021,114,1656.413189258969
2022,114,1387.8801868999592
2023,114,1397.825818574062
2024,114,1397.825818574062
2025,114,1397.825818574062
2016,115,1000.0000000000425
2017,115,1209.72394992042
2018,115,1209.72394992042
2019,115,1000.0000000000425
2020,115,990.4671351240454
2021,115,1000.0000000000425
2022,115,990.4671351240454
2023,115,990.4671351240454
2024,115,1000.0000000000425
2025,115,1000.0000000000425
2016,116,999.9999999999461
2017,116,1200.1909033744396
2018,116,1200.1909033744396
2019,116,999.9999999999461
2020,116,990.4671398714584
2021,116,999.9999999999461
2022,116,990.4671398714584
2023,116,990.4671398714584
2024,116,999.9999999999461
2025,116,999.9999999999461
2016,117,999.9999999999555
2017,117,999.9999999999555
2018,117,999.9999999999555
2019,117,999.9999999999555
2020,117,999.9999999999555
2021,117,999.9999999999555
2022,117,999.9999999999555
2023,117,999.9999999999555
2024,117,999.9999999999555
2025,117,999.9999999999555
2016,118,1000.0000000000169
2017,118,1000.0000000000169
2018,118,1000.0000000000169
2019,118,1000.0000000000169
2020,118,1000.0000000000169
2021,118,1000.0000000000169
2022,118,1000.0000000000169
2023,118,1000.0000000000169
2024,118,1000.0000000000169
2025,118,1000.0000000000169
2016,119,1617.370402854335
2017,119,1637.2855671633565
2018,119,1637.2855671633565
2019,119,1637.2855671633565
2020,119,1706.9886377691103
2021,119,1713.5971036709632
2022,119,1482.7282121853218
2023,119,1487.9218187356591
2024,119,1487.9218187356591
2025,119,1507.8369872044393
2016,120,999.9999999999935
2017,120,999.9999999999935
2018,120,999.9999999999935
2019,120,999.9999999999935
2020,120,999.9999999999935
2021,120,999.9999999999935
2022,120,999.9999999999935
2023,120,999.9999999999935
2024,120,999.9999999999935
2025,120,999.9999999999935
2016,121,1000.0000000000251
2017,121,1000.0000000000251
2018,121,1000.0000000000251
2019,121,1000.0000000000251
2020,121,1000.0000000000251
2021,121,1000.0000000000251
2022,121,1000.0000000000251
2023,121,1000.0000000000251
2024,121,1000.0000000000251
2025,121,1000.0000000000251
2016,122,1000.000000000013
2017,122,1000.000000000013
2018,122,1000.000000000013
2019,122,1000.000000000013
2020,122,1000.000000000013
2021,122,1000.000000000013
2022,122,1000.000000000013
2023,122,1000.000000000013
2024,122,1000.000000000013
2025,122,1000.000000000013
2016,123,999.9999999999507
2017,123,999.9999999999507
2018,123,999.9999999999507
2019,123,999.9999999999507
2020,123,999.9999999999507
2021,123,999.9999999999507
2022,123,990.4672068910523
2023,123,999.9999999999507
2024,123,999.9999999999507
2025,123,999.9999999999507
2016,124,1736.8616398300821
2017,124,1756.7768077454755
2018,124,1756.7768077454755
2019,124,1756.7768077454755
2020,124,1839.5316969066866
2021,124,1871.013948190962
2022,124,1607.4130345237877
2023,124,1607.4130345237877
2024,124,1607.4130345237877
2025,124,1627.3282061334342
2016,125,1000.0000000000109
2017,125,993.1179832561924
2018,125,993.1179832561924
2019,125,986.2359629715412
2020,125,979.3539443512188
2021,125,993.1179832561924
2022,125,979.3539443512188
2023,125,986.2359629715412
2024,125,993.1179832561924
2025,125,993.1179832561924
2016,126,1000.0000000000019
2017,126,986.2359750902456
2018,126,986.2359750902456
2019,126,983.6138009482472
2020,126,972.4719459649241
2021,126,983.6138009482472
2022,126,972.4719459649241
2023,126,986.2359750902456
2024,126,997.9869589944666
2025,126,983.6138009482472
2016,127,1009.9456715499858
2017,127,1000.0000000000553
2018,127,1000.0000000000553
2019,127,980.1086571488753
2020,127,980.1086571488753
2021,127,980.1086571488753
2022,127,980.1086571488753
2023,127,1000.0000000000553
2024,127,990.0543285332516
2025,127,990.0543285332516
2016,128,1200.1884347381151
2017,128,1162.057174680705
2018,128,1162.057174680705
2019,128,999.9999999999696
2020,128,999.9999999999696
2021,128,1142.991567528861
2022,128,999.9999999999696
2023,128,1162.057174680705
2024,128,1190.6556140046644
2025,128,999.9999999999696
2016,129,1171.589898503437
2017,129,999.9999999999613
2018,129,999.9999999999613
2019,129,999.9999999999613
2020,129,999.9999999999613
2021,129,999.9999999999613
2022,129,999.9999999999613
2023,129,999.9999999999613
2024,129,999.9999999999613
2025,129,999.9999999999613
2016,130,999.9999999999452
2017,130,999.9999999999452
2018,130,999.9999999999452
2019,130,999.9999999999452
2020,130,999.9999999999452
2021,130,999.9999999999452
2022,130,999.9999999999452
2023,130,999.9999999999452
2024,130,999.9999999999452
2025,130,999.9999999999452
2016,131,1000.0000000000314
2017,131,1000.0000000000314
2018,131,1000.0000000000314
2019,131,1000.0000000000314
2020,131,1000.0000000000314
2021,131,1000.0000000000314
2022,131,1000.0000000000314
2023,131,1000.0000000000314
2024,131,1000.0000000000314
2025,131,1000.0000000000314
2016,132,1000.0000000000545
2017,132,1000.0000000000545
2018,132,1000.0000000000545
2019,132,1000.0000000000545
2020,132,1000.0000000000545
2021,132,1000.0000000000545
2022,132,1000.0000000000545
2023,132,1000.0000000000545
2024,132,1000.0000000000545
2025,132,1000.0000000000545
2016,133,1000.0000000000344
2017,133,1000.0000000000344
2018,133,1000.0000000000344
2019,133,1000.0000000000344
2020,133,1000.0000000000344
2021,133,1000.0000000000344
2022,133,1000.0000000000344
2023,133,1000.0000000000344
2024,133,1000.0000000000344
2025,133,1000.0000000000344
2016,134,1000.0000000000008
2017,134,1000.0000000000008
2018,134,1000.0000000000008
2019,134,1000.0000000000008
2020,134,1000.0000000000008
2021,134,1000.0000000000008
2022,134,1000.0000000000008
2023,134,1000.0000000000008
2024,134,1000.0000000000008
2025,134,1000.0000000000008
2016,135,999.9999999999908
2017,135,999.9999999999908
2018,135,999.9999999999908
2019,135,999.9999999999908
2020,135,999.9999999999908
2021,135,999.9999999999908
2022,135,999.9999999999908
2023,135,999.9999999999908
2024,135,999.9999999999908
2025,135,999.9999999999908
2016,136,1000.0000000000078
2017,136,1000.0000000000078
2018,136,1000.0000000000078
2019,136,1000.0000000000078
2020,136,1000.0000000000078
2021,136,1000.0000000000078
2022,136,1000.0000000000078
2023,136,1000.0000000000078
2024,136,1000.0000000000078
2025,136,1000.0000000000078
2016,137,999.9999999999645
2017,137,999.9999999999645
2018,137,999.9999999999645
2019,137,999.9999999999645
2020,137,999.9999999999645
2021,137,999.9999999999645
2022,137,999.9999999999645
2023,137,999.9999999999645
2024,137,999.9999999999645
2025,137,999.9999999999645
2016,138,999.9999999999653
2017,138,999.9999999999653
2018,138,999.9999999999653
2019,138,999.9999999999653
2020,138,999.9999999999653
2021,138,999.9999999999653
2022,138,999.9999999999653
2023,138,999.9999999999653
2024,138,999.9999999999653
2025,138,999.9999999999653
2016,139,1000.000000000023
2017,139,1000.000000000023
2018,139,1000.000000000023
2019,139,1000.000000000023
2020,139,1000.000000000023
2021,139,1000.000000000023
2022,139,1000.000000000023
2023,139,1000.000000000023
2024,139,1000.000000000023
2025,139,1000.000000000023
2016,140,999.9999999999552
2017,140,999.9999999999552
2018,140,999.9999999999552
2019,140,999.9999999999552
2020,140,999.9999999999552
2021,140,999.9999999999552
2022,140,999.9999999999552
2023,140,999.9999999999552
2024,140,999.9999999999552
2025,140,999.9999999999552
2016,141,1000.0000000000061
2017,141,1000.0000000000061
2018,141,1000.0000000000061
2019,141,990.4673210574944
2020,141,1000.0000000000061
2021,141,1000.0000000000061
2022,141,1000.0000000000061
2023,141,1000.0000000000061
2024,141,1000.0000000000061
2025,141,1000.0000000000061
2016,142,999.9999999999949
2017,142,958.6572175233867
2018,142,958.6572175233867
2019,142,953.6229628186504
2020,142,958.6572175233867
2021,142,958.6572175233867
2022,142,958.6572175233867
2023,142,958.6572175233867
2024,142,991.4834943272805
2025,142,966.2431505834569
2016,143,1000.0000000000747
2017,143,987.8322801661388
2018,143,987.8322801661388
2019,143,987.8322801661388
2020,143,987.8322801661388
2021,143,987.8322801661388
2022,143,987.8322801661388
2023,143,987.8322801661388
2024,143,994.8465667891961
2025,143,994.8465667891961
2016,144,1000.0000000000052
2017,144,986.1993769908604
2018,144,986.1993769908604
2019,144,986.1993769908604
2020,144,986.1993769908604
2021,144,986.1993769908604
2022,144,986.1993769908604
2023,144,986.1993769908604
2024,144,986.1993769908604
2025,144,990.6803729566061
2016,145,1000.0000000000085
2017,145,972.4721725686089
2018,145,972.4721725686089
2019,145,978.4636250659917
2020,145,979.3541299837999
2021,145,993.1180434680937
2022,145,978.4636250659917
2023,145,986.236088393121
2024,145,1000.0000000000085
2025,145,1000.0000000000085
2016,146,1000.0000000001828
2017,146,958.6004285862465
2018,146,958.6004285862465
2019,146,979.2474543498653
2020,146,979.2474543498653
2021,146,985.7830476650819
2022,146,972.3651127336155
2023,146,985.7830476650819
2024,146,999.894468309194
2025,146,986.1297926144783
2016,147,1000.0000000000524
2017,147,1000.0000000000524
2018,147,1000.0000000000524
2019,147,1000.0000000000524
2020,147,1000.0000000000524
2021,147,1000.0000000000524
2022,147,1006.881948775994
2023,147,1006.881948775994
2024,147,1006.881948775994
2025,147,1020.6458404389906
2016,148,999.9999999999968
2017,148,972.472239566255
2018,148,972.472239566255
2019,148,993.1180613103068
2020,148,986.2361218930901
2021,148,990.2139730416188
2022,148,993.1180613103068
2023,148,993.1180613103068
2024,148,999.9999999999968
2025,148,999.9999999999968
2016,149,999.9999999999229
2017,149,999.9999999999229
2018,149,999.9999999999229
2019,149,993.1180682101881
2020,149,999.9999999999229
2021,149,972.4722615262677
2022,149,1006.8819334579465
2023,149,1006.8819334579465
2024,149,1013.7638633684599
2025,149,1013.7638633684599
2016,150,1000.0000000000126
2017,150,1000.0000000000126
2018,150,1000.0000000000126
2019,150,1006.8819332909316
2020,150,1000.0000000000126
2021,150,993.1180683777967
2022,150,1014.3734866733024
2023,150,1014.3734866733024
2024,150,1020.6457939836398
2025,150,1020.6457939836398
2016,151,1000.0000000000416
2017,151,1000.0000000000416
2018,151,1000.0000000000416
2019,151,1000.0000000000416
2020,151,1000.0000000000416
2021,151,993.1180697405053
2022,151,1006.8819319299264
2023,151,1013.7638603113132
2024,151,1020.6457898995783
2025,151,1020.6457898995783
2016,152,999.9999999999884
2017,152,999.9999999999884
2018,152,999.9999999999884
2019,152,999.9999999999884
2020,152,999.9999999999884
2021,152,985.626510469087
2022,152,999.9999999999884
2023,152,999.9999999999884
2024,152,1014.3734961689593
2025,152,1014.3734961689593
2016,153,999.9999999999869
2017,153,999.9999999999869
2018,153,999.9999999999869
2019,153,999.9999999999869
2020,153,999.9999999999869
2021,153,986.7961666081264
2022,153,999.9999999999869
2023,153,1006.8819296043235
2024,153,1013.7638556605766
2025,153,1013.7638556605766
2016,154,999.9999999999484
2017,154,999.9999999999484
2018,154,999.9999999999484
2019,154,999.9999999999484
2020,154,993.1180734270749
2021,154,993.1180734270749
2022,154,999.9999999999484
2023,154,1006.881928242098
2024,154,1006.881928242098
2025,154,1013.7638529359939
2016,155,999.9999999998082
2017,155,993.1180818402171
2018,155,993.1180818402171
2019,155,1006.881917007619
2020,155,1006.881917007619
2021,155,1013.7638328257601
2022,155,1006.881917007619
2023,155,1013.7638328257601
2024,155,1020.6457479541792
2025,155,1016.6218411942398
2016,156,1000.0000000000032
2017,156,1000.0000000000032
2018,156,1000.0000000000032
2019,156,1006.88190861477
2020,156,1006.88190861477
2021,156,1006.88190861477
2022,156,1006.88190861477
2023,156,1000.0000000000032
2024,156,1020.6457199545157
2025,156,1020.6457199545157
2016,157,999.999999999945
2017,157,999.999999999945
2018,157,999.999999999945
2019,157,1006.88190725329
2020,157,1006.88190725329
2021,157,1006.88190725329
2022,157,1006.88190725329
2023,157,993.1180944163751
2024,157,1020.6457158696081
2025,157,1014.3735841316347
2016,158,1000.0000000000053
2017,158,1000.0000000000053
2018,158,1000.0000000000053
2019,158,1006.8819058916558
2020,158,1006.8819058916558
2021,158,1006.8819058916558
2022,158,1006.8819058916558
2023,158,986.2361880057715
2024,158,1020.6457117846696
2025,158,1013.7638082343097
2016,159,1000.0000000000284
2017,159,986.2362020055166
2018,159,986.2362020055166
2019,159,1006.8818979798357
2020,159,1006.8818979798357
2021,159,1006.8818979798357
2022,159,1006.8818979798357
2023,159,979.3543024538682
2024,159,1013.7637937729558
2025,159,1013.7637937729558
2016,160,1000.0000000000908
2017,160,990.2762028314952
2018,160,990.2762028314952
2019,160,1004.5624513215015
2020,160,1011.5635309579698
2021,160,1011.5635309579698
2022,160,1011.5635309579698
2023,160,990.2762028314952
2024,160,1018.8486941255878
2025,160,1011.5635309579698
2016,161,1000.0000000000715
2017,161,979.354341914218
2018,161,979.354341914218
2019,161,986.2362281015794
2020,161,993.1181156920168
2021,161,986.5880374064805
2022,161,986.2362281015794
2023,161,986.5880374064805
2024,161,1000.0000000000715
2025,161,1000.0000000000715
2016,162,1000.0000000000048
2017,162,979.3543504929319
2018,162,979.3543504929319
2019,162,979.3543504929319
2020,162,972.4724648791657
2021,162,975.1005638929358
2022,162,979.3543504929319
2023,162,986.23623455042
2024,162,993.1181178219082
2025,162,986.23623455042
2016,163,999.9999999999723
2017,163,973.5520710433266
2018,163,973.5520710433266
2019,163,985.3391391324573
2020,163,971.5230423643504
2021,163,978.431091978518
2022,163,985.3391391324573
2023,163,992.2471866747557
2024,163,992.2471866747557
2025,163,986.7760336584713
2016,164,1000.0000000000028
2017,164,964.7136530947415
2018,164,964.7136530947415
2019,164,982.3370692059475
2020,164,964.7136530947415
2021,164,970.4216979874988
2022,164,971.7709241423443
2023,164,978.828195373863
2024,164,985.8854647625345
2025,164,978.828195373863
2016,165,1000.0000000000298
2017,165,979.0837823639429
2018,165,979.0837823639429
2019,165,979.0837823639429
2020,165,979.0837823639429
2021,165,979.0837823639429
2022,165,985.9680844049616
2023,165,986.0097229511863
2024,165,992.8523880542654
2025,165,986.0097229511863
2016,166,999.999999999887
2017,166,976.8217377920187
2018,166,976.8217377920187
2019,166,976.8217377920187
2020,166,968.46501352349
2021,166,976.8217377920187
2022,166,976.8217377920187
2023,166,985.1784607998362
2024,166,985.1784607998362
2025,166,989.8448742124007
2016,167,999.9999999999508
2017,167,979.3079015134382
2018,167,979.3079015134382
2019,167,972.4105334671816
2020,167,972.4105334671816
2021,167,968.5007410775574
2022,167,981.9632655327274
2023,167,981.9632655327274
2024,167,986.2052690023297
2025,167,986.2052690023297
2016,168,1000.0000000000036
2017,168,1000.0000000000036
2018,168,1000.0000000000036
2019,168,985.6261384640666
2020,168,985.6261384640666
2021,168,986.2363059536951
2022,168,993.1181547522186
2023,168,993.1181547522186
2024,168,993.1181547522186
2025,168,1000.0000000000036
2016,169,999.9999999999038
2017,169,982.3536591329694
2018,169,982.3536591329694
2019,169,964.7073172004602
2020,169,973.5304885180237
2021,169,951.0979593594873
2022,169,982.3536591329694
2023,169,982.3536591329694
2024,169,991.1768291071509
2025,169,991.1768291071509
2016,170,999.9999999999446
2017,170,999.9999999999446
2018,170,999.9999999999446
2019,170,980.1083970173519
2020,170,990.0541984667354
2021,170,970.1626059194781
2022,170,990.0542012602187
2023,170,999.9999999999446
2024,170,999.9999999999446
2025,170,1009.9458016155822
2016,171,1000.0000000000182
2017,171,1000.0000000000182
2018,171,1000.0000000000182
2019,171,980.1084020780382
2020,171,990.0542006823049
2021,171,980.1083958609852
2022,171,1000.0000000000182
2023,171,1000.0000000000182
2024,171,1009.9458000295498
2025,171,1009.945802194109
2016,172,1000.0000000000261
2017,172,1000.0000000000261
2018,172,1000.0000000000261
2019,172,986.2363282131707
2020,172,1000.0000000000261
2021,172,971.25214718274
2022,172,1000.0000000000261
2023,172,1006.8818357880247
2024,172,1013.7636680245522
2025,172,1014.3739360675611
2016,173,1000.0000000000018
2017,173,1000.0000000000018
2018,173,1000.0000000000018
2019,173,985.6260658137669
2020,173,993.1181672421196
2021,173,956.8782155899956
2022,173,993.1181672421196
2023,173,1000.0000000000018
2024,173,1006.8818344274154
2025,173,1013.7636653033471
2016,174,999.9999999999657
2017,174,999.9999999999657
2018,174,999.9999999999657
2019,174,980.1083884223466
2020,174,990.0541941695925
2021,174,950.2709931058486
2022,174,990.0541941695925
2023,174,999.9999999999657
2024,174,999.9999999999657
2025,174,1009.9458035176873
2016,175,1000.0000000000084
2017,175,1000.0000000000084
2018,175,1000.0000000000084
2019,175,986.2363362152843
2020,175,993.1181698833872
2021,175,958.7089959677154
2022,175,993.1181698833872
2023,175,1000.0000000000084
2024,175,1006.8818317868191
2025,175,1013.7636600216603
2016,176,1000.000000000056
2017,176,1000.000000000056
2018,176,1000.000000000056
2019,176,993.1181746841518
2020,176,985.6260129920578
2021,176,956.8780571220533
2022,176,1006.881826987222
2023,176,1006.881826987222
2024,176,1013.7636504222482
2025,176,1013.7636504222482
2016,177,1000.0000000000842
2017,177,1000.0000000000842
2018,177,1000.0000000000842
2019,177,990.0541830906038
2020,177,980.1083662642503
2021,177,950.2709162853487
2022,177,1000.0000000000842
2023,177,1000.0000000000842
2024,177,1000.0000000000842
2025,177,1009.9458169926919
2016,178,999.9999999999607
2017,178,999.9999999999607
2018,178,999.9999999999607
2019,178,990.0541828243316
2020,178,980.1083663628505
2021,178,950.2709009835754
2022,178,999.9999999999607
2023,178,1009.9458178892706
2024,178,1009.9458200535969
2025,178,990.0541828243316
2016,179,999.9999999999725
2017,179,999.9999999999725
2018,179,999.9999999999725
2019,179,999.9999999999725
2020,179,986.2363507726305
2021,179,972.472697319744
2022,179,1006.8818245073915
2023,179,1013.7636454628404
2024,179,1014.374011251742
2025,179,999.9999999999725
2016,180,999.9999999998906
2017,180,999.9999999998906
2018,180,999.9999999998906
2019,180,999.9999999998906
2020,180,993.1181781222043
2021,180,971.2519856277967
2022,180,1006.8818235471932
2023,180,1006.8818235471932
2024,180,999.9999999998906
2025,180,1006.8818235471932
2016,181,1000.0000000000432
2017,181,1000.0000000000432
2018,181,1000.0000000000432
2019,181,1000.0000000000432
2020,181,990.3919564976004
2021,181,970.1450109374146
2022,181,1009.6080443014981
2023,181,1000.0000000000432
2024,181,1000.0000000000432
2025,181,1009.6080443014981
2016,182,999.999999999969
2017,182,999.999999999969
2018,182,999.999999999969
2019,182,990.048334827937
2020,182,980.0966696978559
2021,182,951.9598057451802
2022,182,999.999999999969
2023,182,999.999999999969
2024,182,990.048334827937
2025,182,1009.608040193442
2016,183,999.9999999999404
2017,183,999.9999999999404
2018,183,999.9999999999404
2019,183,990.0541744035894
2020,183,980.1083551083499
2021,183,960.2167130724139
2022,183,990.0541744035894
2023,183,999.9999999999404
2024,183,990.0541771977713
2025,183,1009.9458235155577
2016,184,999.9999999999545
2017,184,999.9999999999545
2018,184,999.9999999999545
2019,184,993.1181823618089
2020,184,986.236361171438
2021,184,972.4727181152322
2022,184,993.1181823618089
2023,184,999.9999999999545
2024,184,999.9999999999545
2025,184,1013.7636350658865
2016,185,1000.0000000000091
2017,185,1000.0000000000091
2018,185,1000.0000000000091
2019,185,990.0541731619991
2020,185,980.1083526271972
2021,185,960.2167081084086
2022,185,990.0541759566465
2023,185,990.0541759566465
2024,185,1000.0000000000091
2025,185,1009.9458247565867
2016,186,999.9999999999143
2017,186,999.9999999999143
2018,186,999.9999999999143
2019,186,993.1181833211012
2020,186,986.2363630901485
2021,186,971.2519313805207
2022,186,999.9999999999143
2023,186,999.9999999999143
2024,186,999.9999999999143
2025,186,1013.7636331456202
2016,187,999.9999999999474
2017,187,999.9999999999474
2018,187,999.9999999999474
2019,187,990.0541713419431
2020,187,990.0541713419431
2021,187,970.1625142753159
2022,187,990.0541713419431
2023,187,999.9999999999474
2024,187,999.9999999999474
2025,187,1009.9458287413116
2016,188,999.9999999999076
2017,188,999.9999999999076
2018,188,999.9999999999076
2019,188,993.1181838800319
2020,188,985.6259562360063
2021,188,965.5909033764127
2022,188,993.1181838800319
2023,188,1006.881817790217
2024,188,999.9999999999076
2025,188,1014.374050396221
2016,189,1000.0000000000191
2017,189,969.3297713413973
2018,189,969.3297713413973
2019,189,985.7876359892742
2020,189,985.7876359892742
2021,189,961.2165884938908
2022,189,985.7876359892742
2023,189,993.9779831284276
2024,189,993.9779831284276
2025,189,1002.1683288073293
2016,190,1000.0000000000376
2017,190,969.469767754216
2018,190,969.469767754216
2019,190,992.367442747616
2020,190,982.2096769516628
2021,190,971.5850583760371
2022,190,992.367442747616
2023,190,984.7348862164762
2024,190,992.8342954287525
2025,190,1003.458915119164
2016,191,1000.0000000001576
2017,191,993.1181946995401
2018,191,993.1181946995401
2019,191,993.1181946995401
2020,191,986.236391015246
2021,191,979.3545837781537
2022,191,993.1181946995401
2023,191,993.1897862530274
2024,191,993.1181946995401
2025,191,1007.5639055258507
2016,192,1000.0000000000841
2017,192,978.9940216893019
2018,192,978.9940216893019
2019,192,999.6522628460986
2020,192,985.8801023141725
2021,192,958.3825672295205
2022,192,986.1275173962532
2023,192,999.6522628460986
2024,192,992.7661843764004
2025,192,1000.0000000000841
2016,193,1009.9458576492503
2017,193,999.9999999999344
2018,193,999.9999999999344
2019,193,990.0541452283945
2020,193,999.9999999999344
2021,193,980.1082849497528
2022,193,999.9999999999344
2023,193,999.9999999999344
2024,193,1009.9458576492503
2025,193,1009.9458576492503
2016,194,1066.7240138905545
2017,194,999.999999999964
2018,194,999.999999999964
2019,194,999.999999999964
2020,194,999.999999999964
2021,194,1133.4476232666166
2022,194,999.999999999964
2023,194,999.999999999964
2024,194,923.7438800265307
2025,194,914.2118478860272
2016,195,1171.5766929936342
2017,195,1133.4484323194627
2018,195,1133.4484323194627
2019,195,1066.724122819333
2020,195,1076.2561556053627
2021,195,933.2760638463068
2022,195,1123.9163766757374
2023,195,1123.9163766757374
2024,195,1142.9804917741042
2025,195,1152.5125550376852
2016,196,999.999999999967
2017,196,976.3605228164926
2018,196,976.3605228164926
2019,196,976.3605228164926
2020,196,966.4146608482616
2021,196,936.5770792333406
2022,196,976.3605228164926
2023,196,976.3605228164926
2024,196,986.3063855002654
2025,196,996.2522489002828
2016,197,1000.0000000000426
2017,197,951.8274333391487
2018,197,951.8274333391487
2019,197,967.9374091865583
2020,197,953.5632048787611
2021,197,958.7092323535632
2022,197,967.9374091865583
2023,197,982.3116195395129
2024,197,986.2364150151586
2025,197,986.2364150151586
2016,198,1000.0000000000166
2017,198,986.2364214172932
2018,198,986.2364214172932
2019,198,979.3546313931344
2020,198,972.4728386052241
2021,198,956.4470147090183
2022,198,979.3546313931344
2023,198,985.1954806469093
2024,198,993.1182123221806
2025,198,993.1182123221806
2016,199,1009.9458844465489
2017,199,999.9999999999349
2018,199,999.9999999999349
2019,199,990.054115636215
2020,199,990.054115636215
2021,199,990.0541184327276
2022,199,999.9999999999349
2023,199,1009.9458844465489
2024,199,1019.8917689772202
2025,199,1019.8917689772202
2016,200,1038.1283813105756
2017,200,1066.7246726245103
2018,200,1066.7246726245103
2019,200,1057.1925750127207
2020,200,1066.7246726245103
2021,200,1038.3282073970693
2022,200,1047.91024943536
2023,200,923.3433961515912
2024,200,913.7613030072013
2025,200,904.1792059385195
2016,201,1000.0000000000077
2017,201,1009.9458855263501
2018,201,1009.9458855263501
2019,201,1000.0000000000077
2020,201,1000.0000000000077
2021,201,1009.9458855263501
2022,201,1009.9458855263501
2023,201,1019.8917711353524
2024,201,1029.837656828182
2025,201,1029.837656828182
2016,202,1000.0000000000769
2017,202,1000.0000000000769
2018,202,1000.0000000000769
2019,202,1000.0000000000769
2020,202,1000.0000000000769
2021,202,1009.9458861073044
2022,202,1009.9458861073044
2023,202,1019.8917722974261
2024,202,1039.7835400700608
2025,202,1039.7835400700608
2016,203,999.9999999999801
2017,203,999.9999999999801
2018,203,999.9999999999801
2019,203,999.9999999999801
2020,203,999.9999999999801
2021,203,1014.3742624611274
2022,203,1014.3742624611274
2023,203,1028.7485309654573
2024,203,1043.1228055145416
2025,203,1043.1228055145416
2016,204,999.999999999973
2017,204,978.9093403383101
2018,204,978.9093403383101
2019,204,972.4694269739878
2020,204,972.0210928611514
2021,204,985.7975843279847
2022,204,985.7975843279847
2023,204,986.2347110902192
2024,204,999.5740713634315
2025,204,992.6858295940614
2016,205,1000.000000000016
2017,205,973.6134401913328
2018,205,973.6134401913328
2019,205,981.097973451038
2020,205,958.6443686669709
2021,205,973.6134401913328
2022,205,966.1289045737961
2023,205,981.097973451038
2024,205,978.3798031130765
2025,205,988.5825050191
2016,206,999.9999999999864
2017,206,951.2981624573612
2018,206,951.2981624573612
2019,206,977.1417768064919
2020,206,970.1314078326077
2021,206,928.069162429917
2022,206,975.6490769664712
2023,206,984.1521458964532
2024,206,991.1625131122087
2025,206,998.1728787580832
2016,207,999.9999999998865
2017,207,999.9999999998865
2018,207,999.9999999998865
2019,207,1019.8918045325327
2020,207,999.9999999998865
2021,207,1009.945904303053
2022,207,999.9999999998865
2023,207,1019.8918045325327
2024,207,1019.8918086902793
2025,207,1019.8918086902793
2016,208,1000.0000000000437
2017,208,1000.0000000000437
2018,208,1000.0000000000437
2019,208,1009.4978035740108
2020,208,1000.0000000000437
2021,208,1009.4978035740108
2022,208,1000.0000000000437
2023,208,1009.4978035740108
2024,208,1028.493421916165
2025,208,1018.9956108792294
2016,209,999.9999999998898
2017,209,984.3590962595254
2018,209,984.3590962595254
2019,209,984.3590962595254
2020,209,959.6624021358319
2021,209,969.7468017848361
2022,209,958.6058226988333
2023,209,975.7746727282891
2024,209,979.8312013117844
2025,209,984.3590962595254
2016,210,1000.0000000000637
2017,210,1000.0000000000637
2018,210,1000.0000000000637
2019,210,985.625555697155
2020,210,965.5912541407945
2021,210,979.3547562057305
2022,210,979.3547562057305
2023,210,986.2365045179735
2024,210,979.3547562057305
2025,210,993.1182540369465
2016,211,999.999999999922
2017,211,999.999999999922
2018,211,999.999999999922
2019,211,980.0964682282347
2020,211,960.1929366231982
2021,211,971.1762477848775
2022,211,971.1762477848775
2023,211,980.7841649147746
2024,211,971.1762477848775
2025,211,990.048234092516
2016,212,999.9999999999272
2017,212,999.9999999999272
2018,212,999.9999999999272
2019,212,970.1622431823847
2020,212,960.2163394035172
2021,212,980.1081620377399
2022,212,970.1622534768582
2023,212,980.108168266675
2024,212,970.1622534768582
2025,212,980.108168266675
2016,213,1000.0000000000246
2017,213,1000.0000000000246
2018,213,1000.0000000000246
2019,213,971.2510950223824
2020,213,971.2510950223824
2021,213,985.625544491215
2022,213,985.625544491215
2023,213,986.2365083411214
2024,213,979.3547619400948
2025,213,993.118255948379
2016,214,999.9999999999102
2017,214,999.9999999999102
2018,214,999.9999999999102
2019,214,970.1622394380579
2020,214,960.2163344115526
2021,214,980.1081595429138
2022,214,980.1081595429138
2023,214,980.1081657716161
2024,214,970.1622497320659
2025,214,990.0540797299641
2016,215,1000.0000000000116
2017,215,1000.0000000000116
2018,215,1000.0000000000116
2019,215,958.7095180562268
2020,215,965.5912684777503
2021,215,979.354764807788
2022,215,986.2365102526609
2023,215,993.1182569040201
2024,215,972.4730162715904
2025,215,993.1182569040201
2016,216,999.9999999999678
2017,216,999.9999999999678
2018,216,999.9999999999678
2019,216,986.7977168622849
2020,216,986.7977168622849
2021,216,986.2365273627361
2022,216,986.2365273627361
2023,216,993.1182654591154
2024,216,986.7977168622849
2025,216,986.7977168622849
2016,217,999.9999999999637
2017,217,999.9999999999637
2018,217,999.9999999999637
2019,217,990.5022778374955
2020,217,990.5022778374955
2021,217,981.004559405
2022,217,990.4681684280514
2023,217,990.5022778374955
2024,217,990.5022778374955
2025,217,990.5022778374955
2016,218,999.9999999999565
2017,218,999.9999999999565
2018,218,999.9999999999565
2019,218,990.5022899714696
2020,218,990.5022899714696
2021,218,981.0045836733052
2022,218,990.5022899714696
2023,218,990.46818157777
2024,218,990.5022899714696
2025,218,990.5022899714696
2016,219,999.9999999999487
2017,219,999.9999999999487
2018,219,999.9999999999487
2019,219,986.2365705420535
2020,219,985.6254422418623
2021,219,972.473136849037
2022,219,979.3548552414088
2023,219,985.6254422418623
2024,219,993.1182870492582
2025,219,985.6254422418623
2016,220,1467.7339031443487
2017,220,1447.830330735491
2018,220,1447.830330735491
2019,220,1547.3481944416747
2020,220,1547.3481944416747
2021,220,1547.3481944416747
2022,220,1527.4446213685226
2023,220,1557.299981062393
2024,220,1477.6856894117086
2025,220,1517.4928348944159
2016,221,999.9999999998995
2017,221,999.9999999998995
2018,221,999.9999999998995
2019,221,993.118289362441
2020,221,979.3548621825423
2021,221,979.3548621825423
2022,221,979.3548621825423
2023,221,986.2365751685535
2024,221,993.118289362441
2025,221,986.2365751685535
2016,222,1000.000000000063
2017,222,1000.000000000063
2018,222,1000.000000000063
2019,222,985.6254215026111
2020,222,971.2508490481938
2021,222,979.3548691252056
2022,222,986.2365797976553
2023,222,985.6254215026111
2024,222,986.2365797976553
2025,222,979.3548691252056
2016,223,999.9999999999923
2017,223,999.9999999999923
2018,223,999.9999999999923
2019,223,980.9366808828726
2020,223,990.468336632782
2021,223,999.9999999999923
2022,223,990.468336632782
2023,223,999.9999999999923
2024,223,999.9999999999923
2025,223,999.9999999999923
2016,224,1000.0000000000276
2017,224,1000.0000000000276
2018,224,1000.0000000000276
2019,224,979.3548988663426
2020,224,986.7979528803072
2021,224,993.1183015907114
2022,224,986.7979528803072
2023,224,993.1183015907114
2024,224,993.1183015907114
2025,224,1000.0000000000276
2016,225,1000.0000000000268
2017,225,1000.0000000000268
2018,225,1000.0000000000268
2019,225,990.4682786929225
2020,225,1000.0000000000268
2021,225,990.5023768599782
2022,225,990.5023768599782
2023,225,1000.0000000000268
2024,225,1000.0000000000268
2025,225,1000.0000000000268
2016,226,1000.0000000000197
2017,226,1000.0000000000197
2018,226,1000.0000000000197
2019,226,986.2366085837937
2020,226,993.1183060705351
2021,226,993.1183060705351
2022,226,993.1183060705351
2023,226,993.1183060705351
2024,226,993.1183060705351
2025,226,993.1183060705351
2016,227,1000.0000000000099
2017,227,1000.0000000000099
2018,227,1000.0000000000099
2019,227,986.2366113005133
2020,227,993.1183074286888
2021,227,993.1183074286888
2022,227,993.1183074286888
2023,227,993.1183074286888
2024,227,993.1183074286888
2025,227,1000.0000000000099
2016,228,999.9999999999667
2017,228,999.9999999999667
2018,228,999.9999999999667
2019,228,986.2366140190469
2020,228,993.1183087877695
2021,228,993.1183087877695
2022,228,993.1183087877695
2023,228,993.1183087877695
2024,228,993.1183087877695
2025,228,999.9999999999667
2016,229,1000.0000000000564
2017,229,1000.0000000000564
2018,229,1000.0000000000564
2019,229,985.6253612615178
2020,229,993.1183101464168
2021,229,986.236616735764
2022,229,993.1183101464168
2023,229,993.1183101464168
2024,229,993.1183101464168
2025,229,1000.0000000000564
2016,230,1000.000000000049
2017,230,1000.000000000049
2018,230,1000.000000000049
2019,230,980.9366155671726
2020,230,990.4683080801898
2021,230,1000.000000000049
2022,230,990.5024030222446
2023,230,1000.000000000049
2024,230,990.5024030222446
2025,230,1000.000000000049
2016,231,999.9999999999696
2017,231,999.9999999999696
2018,231,999.9999999999696
2019,231,971.5072678732635
2020,231,990.5024188936908
2021,231,990.5024188936908
2022,231,990.5024188936908
2023,231,999.9999999999696
2024,231,990.5024188936908
2025,231,990.5024188936908
2016,232,999.9999999999832
2017,232,999.9999999999832
2018,232,999.9999999999832
2019,232,980.9366681758027
2020,232,990.4683343845302
2021,232,990.5024272927717
2022,232,990.4683343845302
2023,232,999.9999999999832
2024,232,990.5024272927717
2025,232,999.9999999999832
2016,233,999.9999999999657
2017,233,999.9999999999657
2018,233,999.9999999999657
2019,233,990.4684102087801
2020,233,990.4684102087801
2021,233,999.9999999999657
2022,233,999.9999999999657
2023,233,999.9999999999657
2024,233,999.9999999999657
2025,233,999.9999999999657
2016,234,999.9999999999781
2017,234,999.9999999999781
2018,234,999.9999999999781
2019,234,990.4684149644352
2020,234,990.4684149644352
2021,234,999.9999999999781
2022,234,999.9999999999781
2023,234,999.9999999999781
2024,234,999.9999999999781
2025,234,999.9999999999781
2016,235,1000.0000000000124
2017,235,1000.0000000000124
2018,235,1000.0000000000124
2019,235,990.468419719996
2020,235,990.468419719996
2021,235,1000.0000000000124
2022,235,1000.0000000000124
2023,235,1000.0000000000124
2024,235,1000.0000000000124
2025,235,1000.0000000000124
2016,236,999.9999999999678
2017,236,999.9999999999678
2018,236,999.9999999999678
2019,236,990.4684244757077
2020,236,990.4684244757077
2021,236,999.9999999999678
2022,236,999.9999999999678
2023,236,999.9999999999678
2024,236,999.9999999999678
2025,236,999.9999999999678
2016,237,1000.0000000000298
2017,237,1000.0000000000298
2018,237,1000.0000000000298
2019,237,990.468429231296
2020,237,990.468429231296
2021,237,1000.0000000000298
2022,237,1000.0000000000298
2023,237,1000.0000000000298
2024,237,1000.0000000000298
2025,237,1000.0000000000298
2016,238,1049.7297523449267
2017,238,1059.6757006590674
2018,238,1059.6757006590674
2019,238,1099.4594867320072
2020,238,1077.5004250853726
2021,238,1069.6216482551008
2022,238,1077.5004250853726
2023,238,1059.6757006590674
2024,238,1069.6216482551008
2025,238,1059.6757006590674
2016,239,999.9999999999825
2017,239,999.9999999999825
2018,239,999.9999999999825
2019,239,980.9368685328827
2020,239,980.9368685328827
2021,239,999.9999999999825
2022,239,990.4684345459093
2023,239,999.9999999999825
2024,239,990.4684345459093
2025,239,999.9999999999825
2016,240,1000.0000000000161
2017,240,1000.0000000000161
2018,240,1000.0000000000161
2019,240,980.9368780444263
2020,240,980.9368780444263
2021,240,1000.0000000000161
2022,240,990.4684393018158
2023,240,1000.0000000000161
2024,240,990.4684393018158
2025,240,1000.0000000000161
2016,241,999.999999999958
2017,241,999.999999999958
2018,241,999.999999999958
2019,241,999.999999999958
2020,241,980.9368875558897
2021,241,999.999999999958
2022,241,990.4684440574008
2023,241,999.999999999958
2024,241,999.999999999958
2025,241,999.999999999958
2016,242,999.9999999999645
2017,242,999.9999999999645
2018,242,999.9999999999645
2019,242,999.9999999999645
2020,242,999.9999999999645
2021,242,999.9999999999645
2022,242,999.9999999999645
2023,242,999.9999999999645
2024,242,999.9999999999645
2025,242,999.9999999999645
2016,243,1000.0000000000167
2017,243,1000.0000000000167
2018,243,1000.0000000000167
2019,243,1000.0000000000167
2020,243,990.4683134022608
2021,243,1000.0000000000167
2022,243,990.4683134022608
2023,243,1000.0000000000167
2024,243,1000.0000000000167
2025,243,1000.0000000000167
2016,244,999.9999999999866
2017,244,999.9999999999866
2018,244,999.9999999999866
2019,244,999.9999999999866
2020,244,990.4683187158732
2021,244,999.9999999999866
2022,244,980.9366369210815
2023,244,999.9999999999866
2024,244,999.9999999999866
2025,244,999.9999999999866
2016,245,1169.0810535398946
2017,245,1179.0269914017392
2018,245,1179.0269914017392
2019,245,1218.8107356664339
2020,245,1188.9729285454785
2021,245,1179.0269914017392
2022,245,1179.0269914017392
2023,245,1179.0269914017392
2024,245,1179.0269914017392
2025,245,1179.0269914017392
2016,246,1179.0269850977338
2017,246,1188.9729218920113
2018,246,1188.9729218920113
2019,246,1218.8108219302367
2020,246,1208.864793324854
2021,246,1188.9729218920113
2022,246,1198.9188579670206
2023,246,1188.9729218920113
2024,246,1198.9188579670206
2025,246,1188.9729218920113
2016,247,999.9999999999326
2017,247,928.1029989974821
2018,247,928.1029989974821
2019,247,908.5786401265281
2020,247,924.9899320370151
2021,247,952.0686322678295
2022,247,924.9899320370151
2023,247,940.0858113679227
2024,247,1007.0461374469616
2025,247,999.9999999999326
2016,248,1427.6747787392512
2017,248,1427.6752587136302
2018,248,1427.6752587136302
2019,248,1437.620688035703
2020,248,1457.5125044740573
2021,248,1457.5125044740573
2022,248,1457.5125044740573
2023,248,1447.566596613351
2024,248,1437.620688035703
2025,248,1447.566596613351
2016,249,1000.0000000000274
2017,249,1000.0000000000274
2018,249,1000.0000000000274
2019,249,857.0254647525995
2020,249,876.0887427381587
2021,249,885.6203809667206
2022,249,885.6203809667206
2023,249,876.0887427381587
2024,249,942.810199647254
2025,249,933.278564473683
2016,250,999.9999999999924
2017,250,999.9999999999924
2018,250,999.9999999999924
2019,250,933.2786760259838
2020,250,933.2786760259838
2021,250,961.8735322109511
2022,250,923.747056279561
2023,250,933.2786760259838
2024,250,980.9367671226984
2025,250,952.3419139903941
2016,251,1000.000000000051
2017,251,1000.000000000051
2018,251,1000.000000000051
2019,251,923.7482237386671
2020,251,923.7482237386671
2021,251,952.3426440250537
2022,251,914.2167491927434
2023,251,923.7482237386671
2024,251,1000.000000000051
2025,251,942.8111711533105
2016,252,999.9999999999839
2017,252,999.9999999999839
2018,252,999.9999999999839
2019,252,923.7471368285862
2020,252,933.2787465048657
2021,252,952.3419643345804
2022,252,923.7471368285862
2023,252,933.2787465048657
2024,252,999.9999999999839
2025,252,942.8103556737256
2016,253,1000.0000000000161
2017,253,1000.0000000000161
2018,253,1000.0000000000161
2019,253,914.2168398286989
2020,253,923.7483043026016
2021,253,942.8112315786681
2022,253,914.2168398286989
2023,253,923.7483043026016
2024,253,1000.0000000000161
2025,253,933.2797682191805
2016,254,999.9999999999558
2017,254,999.9999999999558
2018,254,999.9999999999558
2019,254,923.7483423515082
2020,254,933.279801512082
2021,254,942.8112601154485
2022,254,923.7483423515082
2023,254,933.279801512082
2024,254,999.9999999999558
2025,254,942.8112601154485
2016,255,1556.9713853310925
2017,255,1566.9172824743298
2018,255,1566.9172824743298
2019,255,1566.9181716484504
2020,255,1576.8631788999269
2021,255,1596.7549695977352
2022,255,1586.8090746074183
2023,255,1586.8090746074183
2024,255,1566.9172824743298
2025,255,1576.8631788999269
2016,256,999.9999999999543
2017,256,999.9999999999543
2018,256,999.9999999999543
2019,256,923.7483848682631
2020,256,933.2798387154936
2021,256,942.8112920027227
2022,256,923.7483848682631
2023,256,933.2798387154936
2024,256,999.9999999999543
2025,256,952.3427447315833
2016,257,999.9999999999898
2017,257,999.9999999999898
2018,257,999.9999999999898
2019,257,952.3420650214863
2020,257,952.3420650214863
2021,257,952.3420650214863
2022,257,990.4684140224556
2023,257,933.2788874681617
2024,257,999.9999999999898
2025,257,990.4684140224556
2016,258,1000.0000000000343
2017,258,1000.0000000000343
2018,258,1000.0000000000343
2019,258,942.8113524263246
2020,258,942.8113524263246
2021,258,942.8113524263246
2022,258,980.9371197086015
2023,258,923.7484654350178
2024,258,1000.0000000000343
2025,258,980.9371197086015
2016,259,1000.0000000000374
2017,259,1000.0000000000374
2018,259,1000.0000000000374
2019,259,980.9371611099208
2020,259,980.9371611099208
2021,259,980.9371611099208
2022,259,971.4057408287617
2023,259,980.9371611099208
2024,259,980.9371611099208
2025,259,971.4057408287617
2016,260,1000.0000000000273
2017,260,1000.0000000000273
2018,260,1000.0000000000273
2019,260,980.9371706225458
2020,260,990.4685855904125
2021,260,990.4685855904125
2022,260,971.4057550975847
2023,260,980.9371706225458
2024,260,980.9371706225458
2025,260,971.4057550975847
2016,261,1000.0000000000236
2017,261,1000.0000000000236
2018,261,1000.0000000000236
2019,261,971.4058314648336
2020,261,980.9372215356715
2021,261,971.4058314648336
2022,261,942.8116579081466
2023,261,961.8744408371374
2024,261,971.4058314648336
2025,261,961.8744408371374
2016,262,999.9999999999478
2017,262,999.9999999999478
2018,262,999.9999999999478
2019,262,971.4058616795501
2020,262,980.9372416778602
2021,262,961.8744811217041
2022,262,952.3431000068837
2023,262,961.8744811217041
2024,262,971.4058616795501
2025,262,952.3431000068837
2016,263,999.9999999999499
2017,263,999.9999999999499
2018,263,999.9999999999499
2019,263,971.4058759492079
2020,263,980.9372511910457
2021,263,961.8745001477208
2022,263,952.343123789495
2023,263,961.8745001477208
2024,263,971.4058759492079
2025,263,961.8745001477208
2016,264,999.999999999973
2017,264,999.999999999973
2018,264,999.999999999973
2019,264,971.4058902187732
2020,264,980.9372607040164
2021,264,971.4058902187732
2022,264,952.3431475721244
2023,264,961.8745191737617
2024,264,971.4058902187732
2025,264,961.8745191737617
2016,265,1902.6920811569998
2017,265,1906.1724643834161
2018,265,1906.1724643834161
2019,265,1936.046260203515
2020,265,1936.046260203515
2021,265,1926.0883284060706
2022,265,1923.6847868704072
2023,265,1913.188434749711
2024,265,1926.0883284060706
2025,265,1913.188434749711
2016,266,1000.0000000000452
2017,266,1000.0000000000452
2018,266,1000.0000000000452
2019,266,980.9374129188798
2020,266,980.9374129188798
2021,266,971.406118541089
2022,266,971.406118541089
2023,266,980.9374129188798
2024,266,980.9374129188798
2025,266,971.406118541089
2016,267,999.9999999999924
2017,267,999.9999999999924
2018,267,999.9999999999924
2019,267,980.9374224328238
2020,267,980.9374224328238
2021,267,971.4061328118568
2022,267,971.4061328118568
2023,267,980.9374224328238
2024,267,980.9374224328238
2025,267,971.4061328118568
2016,268,1000.0000000000512
2017,268,1000.0000000000512
2018,268,1000.0000000000512
2019,268,980.9374319465333
2020,268,980.9374319465333
2021,268,971.4061470826229
2022,268,971.4061470826229
2023,268,980.9374319465333
2024,268,980.9374319465333
2025,268,971.4061470826229
2016,269,1000.0000000000002
2017,269,1000.0000000000002
2018,269,1000.0000000000002
2019,269,980.937441460482
2020,269,980.937441460482
2021,269,971.4061613533983
2022,269,961.874914519117
2023,269,980.937441460482
2024,269,980.937441460482
2025,269,971.4061613533983
2016,270,1000.0000000000462
2017,270,1000.0000000000462
2018,270,1000.0000000000462
2019,270,980.9374509744111
2020,270,980.9374509744111
2021,270,980.9374509744111
2022,270,961.8748997148243
2023,270,980.9374509744111
2024,270,980.9374509744111
2025,270,971.4061756243841
2016,271,1000.0000000000314
2017,271,1000.0000000000314
2018,271,1000.0000000000314
2019,271,980.9374604885065
2020,271,980.9374604885065
2021,271,980.9374604885065
2022,271,961.8749187428
2023,271,980.9374604885065
2024,271,980.9374604885065
2025,271,971.4061898955391
2016,272,999.99999999996
2017,272,999.99999999996
2018,272,999.99999999996
2019,272,980.937470002554
2020,272,980.937470002554
2021,272,980.937470002554
2022,272,961.8749377708498
2023,272,980.937470002554
2024,272,980.937470002554
2025,272,971.406204166413
2016,273,1000.0000000000546
2017,273,1000.0000000000546
2018,273,1000.0000000000546
2019,273,980.9374795167616
2020,273,980.9374795167616
2021,273,980.9374795167616
2022,273,961.8749567992867
2023,273,980.9374795167616
2024,273,980.9374795167616
2025,273,971.4062184379098
2016,274,1000.0000000000452
2017,274,1000.0000000000452
2018,274,1000.0000000000452
2019,274,980.9374890309814
2020,274,980.9374890309814
2021,274,980.9374890309814
2022,274,961.8749758276196
2023,274,990.4687447945246
2024,274,980.9374890309814
2025,274,971.4062327090669
2016,275,1000.0000000000109
2017,275,1000.0000000000109
2018,275,1000.0000000000109
2019,275,980.9374985450629
2020,275,980.9374985450629
2021,275,980.9374985450629
2022,275,971.406246980324
2023,275,990.4687495515466
2024,275,990.4687495515466
2025,275,980.9374985450629
2016,276,1194.0374015736163
2017,276,1000.000000000026
2018,276,1000.000000000026
2019,276,920.3363567764853
2020,276,950.2102240593257
2021,276,980.0840900530474
2022,276,900.4204445387776
2023,276,950.2102240593257
2024,276,970.1261348648607
2025,276,980.0840900530474
2016,277,1000.0000000000426
2017,277,980.9375877168769
2018,277,980.9375877168769
2019,277,980.9375877168769
2020,277,980.9375877168769
2021,277,980.9375877168769
2022,277,971.4063807388441
2023,277,980.9375877168769
2024,277,980.9375877168769
2025,277,980.9375877168769
2016,278,1000.0000000000219
2017,278,1000.0000000000219
2018,278,1000.0000000000219
2019,278,980.9377112178257
2020,278,980.9377112178257
2021,278,980.9377112178257
2022,278,971.4065659885284
2023,278,971.4065659885284
2024,278,990.4688558879334
2025,278,980.9377112178257
2016,279,999.9999999999511
2017,279,999.9999999999511
2018,279,999.9999999999511
2019,279,980.9377207331542
2020,279,980.9377207331542
2021,279,980.9377207331542
2022,279,971.4065802612654
2023,279,971.4065802612654
2024,279,990.4688606456206
2025,279,980.9377207331542
2016,280,1000.0000000000497
2017,280,1000.0000000000497
2018,280,1000.0000000000497
2019,280,980.9377302486488
2020,280,980.9377302486488
2021,280,980.9377302486488
2022,280,971.4065945344014
2023,280,971.4065945344014
2024,280,990.4688654033605
2025,280,980.9377302486488
2016,281,1000.0000000000064
2017,281,1000.0000000000064
2018,281,1000.0000000000064
2019,281,980.9377397640017
2020,281,980.9377397640017
2021,281,980.9377397640017
2022,281,971.4066088072763
2023,281,971.4066088072763
2024,281,990.4688701609556
2025,281,980.9377397640017
2016,282,999.9999999999762
2017,282,999.9999999999762
2018,282,999.9999999999762
2019,282,980.9377492792889
2020,282,980.9377492792889
2021,282,980.9377492792889
2022,282,980.9377492792889
2023,282,971.4066230804001
2024,282,990.4688749186453
2025,282,980.9377492792889
2016,283,999.9999999999928
2017,283,999.9999999999928
2018,283,999.9999999999928
2019,283,990.4688981493231
2020,283,990.4688981493231
2021,283,971.4066927727497
2022,283,980.9378039201388
2023,283,971.4066927727497
2024,283,999.9999999999928
2025,283,990.4688981493231
2016,284,999.9999999999463
2017,284,999.9999999999463
2018,284,999.9999999999463
2019,284,990.4689029073801
2020,284,980.9378134353678
2021,284,971.4067070463152
2022,284,971.4067258703897
2023,284,971.4067070463152
2024,284,999.9999999999463
2025,284,990.4689029073801
2016,285,1000.0000000000499
2017,285,1000.0000000000499
2018,285,1000.0000000000499
2019,285,980.9378229512185
2020,285,971.4067401445793
2021,285,971.4067213200393
2022,285,971.4067213200393
2023,285,971.4067213200393
2024,285,1000.0000000000499
2025,285,980.9378229512185
2016,286,1000.000000000041
2017,286,1000.000000000041
2018,286,1000.000000000041
2019,286,980.9378242867829
2020,286,971.4067355936453
2021,286,971.4067355936453
2022,286,971.4067355936453
2023,286,971.4067355936453
2024,286,990.4689143260215
2025,286,971.406754409455
2016,287,1000.0000000000415
2017,287,1000.0000000000415
2018,287,1000.0000000000415
2019,287,990.4689350967069
2020,287,990.4689350967069
2021,287,980.9378696352333
2022,287,980.9378696352333
2023,287,980.9378696352333
2024,287,1000.0000000000415
2025,287,990.4689350967069
2016,288,999.9999999999699
2017,288,999.9999999999699
2018,288,999.9999999999699
2019,288,990.4689398547379
2020,288,990.4689398547379
2021,288,980.9378791513669
2022,288,980.9378791513669
2023,288,980.9378791513669
2024,288,990.4689417601389
2025,288,990.4689398547379
2016,289,999.9999999999973
2017,289,999.9999999999973
2018,289,999.9999999999973
2019,289,990.4688777189649
2020,289,981.0059502139349
2021,289,971.5089309201101
2022,289,980.9377548455915
2023,289,980.9377548455915
2024,289,990.4688777189649
2025,289,990.4688777189649
2016,290,1000.000000000032
2017,290,1000.000000000032
2018,290,1000.000000000032
2019,290,990.4689554762213
2020,290,990.4689535709365
2021,290,980.9379065836991
2022,290,980.9379065836991
2023,290,990.4689535709365
2024,290,1000.000000000032
2025,290,990.4689535709365
2016,291,999.9999999999467
2017,291,999.9999999999467
2018,291,999.9999999999467
2019,291,990.468958328837
2020,291,990.468958328837
2021,291,980.9379160997076
2022,291,980.9379160997076
2023,291,980.937924280848
2024,291,999.9999999999467
2025,291,990.468958328837
2016,292,1000.0000000000566
2017,292,1000.0000000000566
2018,292,1000.0000000000566
2019,292,990.4688961958458
2020,292,990.4688961958458
2021,292,971.5089841067618
2022,292,980.9377917994061
2023,292,980.9377917994061
2024,292,990.5029909703403
2025,292,990.4688961958458
2016,293,1000.0000000000559
2017,293,1000.0000000000559
2018,293,1000.0000000000559
2019,293,990.4689739509452
2020,293,990.4689720453082
2021,293,980.9379435312603
2022,293,980.9379517122843
2023,293,990.4689720453082
2024,293,1000.0000000000559
2025,293,990.4689739509452
2016,294,1000.0000000000294
2017,294,1000.0000000000294
2018,294,1000.0000000000294
2019,294,980.9379612282314
2020,294,990.4689768036191
2021,294,980.9379530476731
2022,294,980.9379530476731
2023,294,980.9379612282314
2024,294,1000.0000000000294
2025,294,990.4689768036191
2016,295,1000.0000000000214
2017,295,1000.0000000000214
2018,295,1000.0000000000214
2019,295,979.3556234927529
2020,295,986.7992628590243
2021,295,973.5985135432487
2022,295,973.5985135432487
2023,295,979.3556234927529
2024,295,1000.0000000000214
2025,295,986.7992628590243
2016,296,999.9999999999768
2017,296,999.9999999999768
2018,296,999.9999999999768
2019,296,990.4689857604227
2020,296,990.4689876657073
2021,296,990.4689857604227
2022,296,990.4689857604227
2023,296,990.4689857604227
2024,296,999.9999999999768
2025,296,999.9999999999768
2016,297,1000.0000000000425
2017,297,1000.0000000000425
2018,297,1000.0000000000425
2019,297,990.4689905187876
2020,297,990.4689905187876
2021,297,990.4689905187876
2022,297,980.9379886563408
2023,297,990.4689905187876
2024,297,1000.0000000000425
2025,297,990.4689924218608
2016,298,999.9999999999753
2017,298,999.9999999999753
2018,298,999.9999999999753
2019,298,990.4689373524766
2020,298,990.4689373524766
2021,298,990.4689373524766
2022,298,990.4689373524766
2023,298,990.4689373524766
2024,298,999.9999999999753
2025,298,990.5030301724621
2016,299,999.9999999999644
2017,299,999.9999999999644
2018,299,999.9999999999644
2019,299,990.469015098005
2020,299,999.9999999999644
2021,299,990.469013195514
2022,299,990.469015098005
2023,299,990.469013195514
2024,299,999.9999999999644
2025,299,999.9999999999644
2016,300,1000.0000000000271
2017,300,1000.0000000000271
2018,300,1000.0000000000271
2019,300,990.5030516458713
2020,300,1000.0000000000271
2021,300,990.5030516458713
2022,300,1000.0000000000271
2023,300,990.5030516458713
2024,300,1000.0000000000271
2025,300,1000.0000000000271
2016,301,1000.0000000000099
2017,301,1000.0000000000099
2018,301,1000.0000000000099
2019,301,1000.0000000000099
2020,301,1000.0000000000099
2021,301,1000.0000000000099
2022,301,1000.0000000000099
2023,301,1000.0000000000099
2024,301,1000.0000000000099
2025,301,1000.0000000000099
2016,302,1000.0000000000043
2017,302,1000.0000000000043
2018,302,1000.0000000000043
2019,302,1000.0000000000043
2020,302,1000.0000000000043
2021,302,1000.0000000000043
2022,302,1009.5309546127761
2023,302,1000.0000000000043
2024,302,1009.5309546127761
2025,302,1000.0000000000043
2016,303,1000.000000000039
2017,303,1000.000000000039
2018,303,1000.000000000039
2019,303,1000.000000000039
2020,303,1000.000000000039
2021,303,990.503073117362
2022,303,1000.000000000039
2023,303,1000.000000000039
2024,303,1000.000000000039
2025,303,1000.000000000039
2016,304,999.9999999999899
2017,304,999.9999999999899
2018,304,999.9999999999899
2019,304,999.9999999999899
2020,304,999.9999999999899
2021,304,999.9999999999899
2022,304,999.9999999999899
2023,304,999.9999999999899
2024,304,1009.4969222645404
2025,304,999.9999999999899
2016,305,999.9999999999461
2017,305,999.9999999999461
2018,305,999.9999999999461
2019,305,999.9999999999461
2020,305,999.9999999999461
2021,305,999.9999999999461
2022,305,1009.4969138592373
2023,305,999.9999999999461
2024,305,999.9999999999461
2025,305,999.9999999999461
2016,306,999.9999999999723
2017,306,999.9999999999723
2018,306,999.9999999999723
2019,306,999.9999999999723
2020,306,1006.8814224126894
2021,306,999.9999999999723
2022,306,1013.2005081746537
2023,306,999.9999999999723
2024,306,1013.7628412674804
2025,306,999.9999999999723
2016,307,999.9999999999945
2017,307,999.9999999999945
2018,307,999.9999999999945
2019,307,999.9999999999945
2020,307,1009.5309128383192
2021,307,999.9999999999945
2022,307,1019.0618201900312
2023,307,1009.5309103741972
2024,307,1019.0618294883805
2025,307,1009.5309103741972
2016,308,999.9999999999973
2017,308,999.9999999999973
2018,308,999.9999999999973
2019,308,999.9999999999973
2020,308,1009.4968895655486
2021,308,999.9999999999973
2022,308,1009.4968895655486
2023,308,1009.4968895655486
2024,308,1009.5309724479146
2025,308,1009.4968895655486
2016,309,999.9999999999549
2017,309,999.9999999999549
2018,309,999.9999999999549
2019,309,999.9999999999549
2020,309,1009.4968811596884
2021,309,999.9999999999549
2022,309,999.9999999999549
2023,309,999.9999999999549
2024,309,1009.5309634864615
2025,309,999.9999999999549
2016,310,999.9999999999804
2017,310,999.9999999999804
2018,310,999.9999999999804
2019,310,999.9999999999804
2020,310,1009.5308834960264
2021,310,999.9999999999804
2022,310,1009.5308859634076
2023,310,1009.5308834960264
2024,310,1019.0617664348647
2025,310,1009.5308859634076
2016,311,999.999999999948
2017,311,999.999999999948
2018,311,999.999999999948
2019,311,1009.4968363128669
2020,311,1009.4968363128669
2021,311,999.999999999948
2022,311,1018.9936763592508
2023,311,1009.5309150334425
2024,311,1018.9936763592508
2025,311,1009.4968363128669
2016,312,1000.0000000000257
2017,312,993.1186125581374
2018,312,993.1186125581374
2019,312,1006.8813870971323
2020,312,1002.6544641023203
2021,312,1000.0000000000257
2022,312,1006.8813870971323
2023,312,1013.762772653025
2024,312,1013.762772653025
2025,312,1013.762772653025
2016,313,1000.0000000000615
2017,313,1000.0000000000615
2018,313,1000.0000000000615
2019,313,1000.0000000000615
2020,313,1000.0000000000615
2021,313,1000.0000000000615
2022,313,1006.8813721259017
2023,313,1006.8813721259017
2024,313,1006.8813721259017
2025,313,1020.6441104669842
2016,314,999.9999999999837
2017,314,999.9999999999837
2018,314,999.9999999999837
2019,314,1006.8813707652882
2020,314,999.9999999999837
2021,314,999.9999999999837
2022,314,1006.8813707652882
2023,314,1006.8813707652882
2024,314,1013.200184520187
2025,314,1020.6441063851171
2016,315,1000.0000000000325
2017,315,1000.0000000000325
2018,315,1000.0000000000325
2019,315,1006.8813694053043
2020,315,1000.0000000000325
2021,315,1006.8813694053043
2022,315,1006.8813694053043
2023,315,1013.2001754929674
2024,315,1013.7627352511741
2025,315,1020.6441023041768
2016,316,1000.0000000000564
2017,316,1000.0000000000564
2018,316,1000.0000000000564
2019,316,1006.8813680447157
2020,316,1000.0000000000564
2021,316,1006.8813680447157
2022,316,1006.8813680447157
2023,316,1013.7627325303761
2024,316,1013.7627325303761
2025,316,1020.6440982225223
2016,317,999.9999999999627
2017,317,999.9999999999627
2018,317,999.9999999999627
2019,317,1009.496746562503
2020,317,999.9999999999627
2021,317,1009.496746562503
2022,317,1009.496746562503
2023,317,1018.9934968583942
2024,317,1018.9934968583942
2025,317,1028.4902508870523
2016,318,999.9999999999819
2017,318,999.9999999999819
2018,318,999.9999999999819
2019,318,999.9999999999819
2020,318,999.9999999999819
2021,318,999.9999999999819
2022,318,999.9999999999819
2023,318,1013.7627216477624
2024,318,1013.7627216477624
2025,318,1020.6440818985967
2016,319,1000.0000000001029
2017,319,1000.0000000001029
2018,319,1000.0000000001029
2019,319,1009.9459703074107
2020,319,1009.9459703074107
2021,319,1009.9459703074107
2022,319,1009.9459703074107
2023,319,1029.8379058799183
2024,319,1029.8379058799183
2025,319,1039.7838817287957
2016,320,1000.0000000000067
2017,320,1000.0000000000067
2018,320,1000.0000000000067
2019,320,1028.5921224166445
2020,320,1019.0614111336664
2021,320,1028.5921224166445
2022,320,1028.5921224166445
2023,320,1028.5921224166445
2024,320,1038.1228375120545
2025,320,1038.1228375120545
2016,321,1000.0000000000033
2017,321,993.0222707351401
2018,321,993.0222707351401
2019,321,993.0222707351401
2020,321,993.0222707351401
2021,321,993.0222707351401
2022,321,994.6464977261624
2023,321,1000.0000000000033
2024,321,1006.9777259845836
2025,321,1006.9777259845836
2016,322,1000.0000000000502
2017,322,980.938698570046
2018,322,980.938698570046
2019,322,980.938698570046
2020,322,990.4693495635369
2021,322,980.938698570046
2022,322,990.4693495635369
2023,322,990.4693495635369
2024,322,990.4693495635369
2025,322,1000.0000000000502
2016,323,1000.0000000000418
2017,323,972.231975646673
2018,323,972.231975646673
2019,323,969.4305468872309
2020,323,972.231975646673
2021,323,972.231975646673
2022,323,982.1642030548845
2023,323,982.1642030548845
2024,323,993.0579951610462
2025,323,993.0579951610462
2016,324,1000.0000000000158
2017,324,980.9388382817625
2018,324,980.9388382817625
2019,324,980.9388382817625
2020,324,990.4694194214702
2021,324,961.8776743259456
2022,324,971.4082565837964
2023,324,971.4082565837964
2024,324,980.9388382817625
2025,324,980.9388382817625
2016,325,999.9999999999983
2017,325,980.9389244455476
2018,325,980.9389244455476
2019,325,971.4083858284964
2020,325,971.4083858284964
2021,325,980.9389244455476
2022,325,980.9389244455476
2023,325,980.9389244455476
2024,325,999.9999999999983
2025,325,999.9999999999983
2016,326,1251.9458147789326
2017,326,1278.825467758813
2018,326,1278.825467758813
2019,326,1278.825467758813
2020,326,1278.825467758813
2021,326,1278.825467758813
2022,326,1272.9412595578265
2023,326,1268.8674174393323
2024,326,1262.4435379067163
2025,326,1262.4435379067163
2016,327,1272.9414371158884
2017,327,1293.9368896469537
2018,327,1293.9368896469537
2019,327,1293.9368896469537
2020,327,1293.9368896469537
2021,327,1288.7835117089362
2022,327,1293.9368896469537
2023,327,1283.4391641196414
2024,327,1283.4391641196414
2025,327,1278.825461747391
2016,328,1335.928642870961
2017,328,1419.9105603499406
2018,328,1419.9105603499406
2019,328,1419.9105603499406
2020,328,1356.9241318001912
2021,328,1388.4173540312465
2022,328,1356.9241318001912
2023,328,1346.4263880744966
2024,328,1346.4263880744966
2025,328,1335.928642870961
2016,329,1000.000000000045
2017,329,1000.000000000045
2018,329,1000.000000000045
2019,329,1000.000000000045
2020,329,980.9390720203556
2021,329,990.4695362907814
2022,329,990.4695362907814
2023,329,1000.000000000045
2024,329,1009.5304631496564
2025,329,1000.000000000045
2016,330,1367.4223476084
2017,330,1448.112307056246
2018,330,1448.112307056246
2019,330,1448.112307056246
2020,330,1430.4088475749083
2021,330,1440.9065921153954
2022,330,1430.4088475749083
2023,330,1430.4088475749083
2024,330,1409.413354065535
2025,330,1377.9201019120046
2016,331,1000.0000000000297
2017,331,990.4695801345896
2018,331,990.4695801345896
2019,331,990.4695801345896
2020,331,980.9391597108973
2021,331,990.4695801345896
2022,331,980.9391597108973
2023,331,1000.0000000000297
2024,331,1006.4224385358546
2025,331,1000.0000000000297
2016,332,999.9999999999319
2017,332,999.9999999999319
2018,332,999.9999999999319
2019,332,999.9999999999319
2020,332,993.1187723371334
2021,332,965.5938456142571
2022,332,993.1187723371334
2023,332,993.1187723371334
2024,332,999.9999999999319
2025,332,999.9999999999319
2016,333,1000.0000000000194
2017,333,1000.0000000000194
2018,333,1000.0000000000194
2019,333,1000.0000000000194
2020,333,1000.0000000000194
2021,333,971.4089365899206
2022,333,1000.0000000000194
2023,333,1000.0000000000194
2024,333,1009.530353350592
2025,333,1000.0000000000194
2016,334,999.9999999999825
2017,334,999.9999999999825
2018,334,999.9999999999825
2019,334,999.9999999999825
2020,334,993.1187754628147
2021,334,960.4019768760259
2022,334,993.1187754628147
2023,334,999.9999999999825
2024,334,999.9999999999825
2025,334,999.9999999999825
2016,335,999.9999999999006
2017,335,999.9999999999006
2018,335,999.9999999999006
2019,335,999.9999999999006
2020,335,993.1187768235492
2021,335,973.6013481563956
2022,335,993.1187768235492
2023,335,1006.8812248499986
2024,335,1006.8812248499986
2025,335,999.9999999999006
2016,336,999.9999999999532
2017,336,999.9999999999532
2018,336,999.9999999999532
2019,336,999.9999999999532
2020,336,986.2375528074873
2021,336,986.8006891975222
2022,336,993.1187781844138
2023,336,1006.8812234890688
2024,336,1006.8812234890688
2025,336,999.9999999999532
2016,337,1000.0000000000516
2017,337,1000.0000000000516
2018,337,1000.0000000000516
2019,337,1000.0000000000516
2020,337,980.108007318029
2021,337,1000.0000000000516
2022,337,1000.0000000000516
2023,337,1009.9459974204348
2024,337,1009.9459974204348
2025,337,1000.0000000000516
2016,338,999.9999999999249
2017,338,999.9999999999249
2018,338,999.9999999999249
2019,338,1006.8812166854593
2020,338,999.9999999999249
2021,338,999.9999999999249
2022,338,1006.8812166854593
2023,338,1006.8812166854593
2024,338,1006.8812166854593
2025,338,1013.7624298100089
2016,339,1000.0000000000314
2017,339,1000.0000000000314
2018,339,1000.0000000000314
2019,339,1000.0000000000314
2020,339,979.3563800478745
2021,339,1000.0000000000314
2022,339,1000.0000000000314
2023,339,1006.8812063521207
2024,339,1006.8812063521207
2025,339,1013.1991887831377
2016,340,1000.0000000000325
2017,340,1000.0000000000325
2018,340,1000.0000000000325
2019,340,1009.5302844353483
2020,340,990.4697150018056
2021,340,1000.0000000000325
2022,340,1009.5302844353483
2023,340,1009.5302869015657
2024,340,1009.5302869015657
2025,340,1019.0605683122895
2016,341,999.9999999998996
2017,341,999.9999999998996
2018,341,999.9999999998996
2019,341,999.9999999998996
2020,341,986.2375933319694
2021,341,999.9999999998996
2022,341,999.9999999998996
2023,341,999.9999999998996
2024,341,999.9999999998996
2025,341,1006.8812032265404
2016,342,999.999999999996
2017,342,999.999999999996
2018,342,999.999999999996
2019,342,999.999999999996
2020,342,986.8008269698843
2021,342,999.999999999996
2022,342,999.999999999996
2023,342,999.999999999996
2024,342,1006.8812018664772
2025,342,1006.8812018664772
2016,343,1000.0000000000254
2017,343,1000.0000000000254
2018,343,1000.0000000000254
2019,343,1000.0000000000254
2020,343,1000.0000000000254
2021,343,1000.0000000000254
2022,343,1006.8812005052791
2023,343,1006.8812005052791
2024,343,1006.8812005052791
2025,343,1013.1991518885054
2016,344,999.9999999999627
2017,344,999.9999999999627
2018,344,999.9999999999627
2019,344,999.9999999999627
2020,344,999.9999999999627
2021,344,1009.4962953148369
2022,344,1009.4962953148369
2023,344,1009.4962953148369
2024,344,1009.4962953148369
2025,344,1018.9925943630617
2016,345,1000.0000000000483
2017,345,1000.0000000000483
2018,345,1000.0000000000483
2019,345,1000.0000000000483
2020,345,1000.0000000000483
2021,345,1009.6068492660931
2022,345,1009.6068492660931
2023,345,1009.6068492660931
2024,345,1009.6068492660931
2025,345,1028.820548624948
2016,346,1000.0000000000737
2017,346,1000.0000000000737
2018,346,1000.0000000000737
2019,346,990.0539826518801
2020,346,1000.0000000000737
2021,346,1000.0000000000737
2022,346,1000.0000000000737
2023,346,1000.0000000000737
2024,346,1009.9460174313944
2025,346,1000.0000000000737
2016,347,1000.0000000001065
2017,347,1000.0000000001065
2018,347,1000.0000000001065
2019,347,990.053982066906
2020,347,1000.0000000001065
2021,347,1000.0000000001065
2022,347,1000.0000000001065
2023,347,1000.0000000001065
2024,347,1009.9460180162015
2025,347,1000.0000000001065
2016,348,1000.0000000000058
2017,348,1000.0000000000058
2018,348,1000.0000000000058
2019,348,993.1188194077062
2020,348,1000.0000000000058
2021,348,1000.0000000000058
2022,348,1000.0000000000058
2023,348,1000.0000000000058
2024,348,1014.3759251281369
2025,348,1000.0000000000058
2016,349,999.9999999999933
2017,349,999.9999999999933
2018,349,999.9999999999933
2019,349,999.9999999999933
2020,349,990.4697919880697
2021,349,990.4697919880697
2022,349,990.4697919880697
2023,349,999.9999999999933
2024,349,1038.120870170416
2025,349,999.9999999999933
2016,350,999.9999999999511
2017,350,999.9999999999511
2018,350,999.9999999999511
2019,350,999.9999999999511
2020,350,990.4697948450874
2021,350,990.4697948450874
2022,350,990.4697948450874
2023,350,999.9999999999511
2024,350,999.9999999999511
2025,350,999.9999999999511
2016,351,999.9999999999732
2017,351,999.9999999999732
2018,351,999.9999999999732
2019,351,999.9999999999732
2020,351,990.4697996078064
2021,351,990.4697996078064
2022,351,990.4697996078064
2023,351,999.9999999999732
2024,351,999.9999999999732
2025,351,999.9999999999732
2016,352,999.999999999974
2017,352,999.999999999974
2018,352,999.999999999974
2019,352,999.999999999974
2020,352,990.4698043703846
2021,352,990.4698043703846
2022,352,990.4698043703846
2023,352,999.999999999974
2024,352,999.999999999974
2025,352,999.999999999974
2016,353,1000.000000000033
2017,353,1000.000000000033
2018,353,1000.000000000033
2019,353,1000.000000000033
2020,353,990.4698091332568
2021,353,990.4698091332568
2022,353,990.4698091332568
2023,353,1000.000000000033
2024,353,1000.000000000033
2025,353,1000.000000000033
2016,354,999.9999999999856
2017,354,999.9999999999856
2018,354,999.9999999999856
2019,354,999.9999999999856
2020,354,990.4698138958653
2021,354,990.4698138958653
2022,354,990.4698138958653
2023,354,999.9999999999856
2024,354,999.9999999999856
2025,354,999.9999999999856
2016,355,999.9999999999516
2017,355,951.961484541856
2018,355,951.961484541856
2019,355,980.7845989780491
2020,355,971.1768959078427
2021,355,990.3923003368873
2022,355,980.7845989780491
2023,355,990.3923003368873
2024,355,999.9999999999516
2025,355,999.9999999999516
2016,356,999.9999999999917
2017,356,989.053131692076
2018,356,989.053131692076
2019,356,989.859521692698
2020,356,989.859521692698
2021,356,981.5326458155268
2022,356,989.053131692076
2023,356,999.9999999999917
2024,356,1010.140474179406
2025,356,999.9999999999917
2016,357,999.9999999999922
2017,357,972.4754573465863
2018,357,972.4754573465863
2019,357,993.118864868084
2020,357,986.2377307953092
2021,357,986.2377307953092
2022,357,986.2377307953092
2023,357,999.9999999999922
2024,357,1006.8811321841274
2025,357,993.118864868084
2016,358,999.9999999999307
2017,358,999.9999999999307
2018,358,999.9999999999307
2019,358,999.9999999999307
2020,358,999.9999999999307
2021,358,999.9999999999307
2022,358,990.0539637370116
2023,358,999.9999999999307
2024,358,999.9999999999307
2025,358,999.9999999999307
2016,359,1000.0000000000125
2017,359,1000.0000000000125
2018,359,1000.0000000000125
2019,359,1009.9460373351732
2020,359,1000.0000000000125
2021,359,1009.9460373351732
2022,359,1000.0000000000125
2023,359,1009.9460373351732
2024,359,1009.9460373351732
2025,359,1009.9460373351732
2016,360,999.9999999999268
2017,360,999.9999999999268
2018,360,999.9999999999268
2019,360,999.9999999999268
2020,360,999.9999999999268
2021,360,1006.8811130557194
2022,360,999.9999999999268
2023,360,1006.8811130557194
2024,360,1006.8811130557194
2025,360,1006.8811130557194
2016,361,999.9999999999911
2017,361,999.9999999999911
2018,361,999.9999999999911
2019,361,999.9999999999911
2020,361,999.9999999999911
2021,361,1006.8811116957144
2022,361,993.118889979331
2023,361,1006.8811116957144
2024,361,1006.8811116957144
2025,361,999.9999999999911
2016,362,1000.0000000000069
2017,362,1000.0000000000069
2018,362,1000.0000000000069
2019,362,1006.8811020261982
2020,362,1000.0000000000069
2021,362,1000.0000000000069
2022,362,1000.0000000000069
2023,362,1013.7622004890902
2024,362,1006.8811020261982
2025,362,1006.8811020261982
2016,363,1000.0000000001065
2017,363,1000.0000000001065
2018,363,1000.0000000001065
2019,363,1000.0000000001065
2020,363,1000.0000000001065
2021,363,1000.0000000001065
2022,363,1000.0000000001065
2023,363,1000.0000000001065
2024,363,1006.8811006662124
2025,363,1006.8811006662124
2016,364,999.9999999999592
2017,364,999.9999999999592
2018,364,999.9999999999592
2019,364,999.9999999999592
2020,364,999.9999999999592
2021,364,999.9999999999592
2022,364,999.9999999999592
2023,364,999.9999999999592
2024,364,1006.8810993051334
2025,364,1006.8810993051334
2016,365,999.9999999999646
2017,365,999.9999999999646
2018,365,999.9999999999646
2019,365,999.9999999999646
2020,365,990.3933334160686
2021,365,990.3933334160686
2022,365,990.3933334160686
2023,365,1009.6066673901157
2024,365,1009.6066673901157
2025,365,999.9999999999646
2016,366,999.9999999999977
2017,366,999.9999999999977
2018,366,999.9999999999977
2019,366,999.9999999999977
2020,366,999.9999999999977
2021,366,999.9999999999977
2022,366,999.9999999999977
2023,366,1013.7621904168947
2024,366,1006.8810969899681
2025,366,999.9999999999977
2016,367,1000.0000000000496
2017,367,1000.0000000000496
2018,367,1000.0000000000496
2019,367,1000.0000000000496
2020,367,1000.0000000000496
2021,367,1000.0000000000496
2022,367,1000.0000000000496
2023,367,1009.9460519535361
2024,367,1009.9460519535361
2025,367,1000.0000000000496
2016,368,999.9999999999839
2017,368,999.9999999999839
2018,368,999.9999999999839
2019,368,999.9999999999839
2020,368,1006.8810960346282
2021,368,999.9999999999839
2022,368,999.9999999999839
2023,368,1013.7621885058139
2024,368,1013.7621885058139
2025,368,1006.8810960346282
2016,369,999.9999999999395
2017,369,999.9999999999395
2018,369,999.9999999999395
2019,369,999.9999999999395
2020,369,999.9999999999395
2021,369,980.7866815690816
2022,369,1009.6066601593752
2023,369,1009.6066601593752
2024,369,1009.6066601593752
2025,369,1009.6066601593752
2016,370,999.9999999999243
2017,370,999.9999999999243
2018,370,999.9999999999243
2019,370,993.1189120354171
2020,370,999.9999999999243
2021,370,993.1189120354171
2022,370,999.9999999999243
2023,370,1006.8810896374349
2024,370,1006.8810896374349
2025,370,1006.8810896374349
2016,371,999.9999999999858
2017,371,999.9999999999858
2018,371,999.9999999999858
2019,371,993.1189133965739
2020,371,999.9999999999858
2021,371,986.2378232293748
2022,371,999.9999999999858
2023,371,1013.198416517954
2024,371,1006.8810882781315
2025,371,1006.8810882781315
2016,372,1000.0000000000109
2017,372,1000.0000000000109
2018,372,1000.0000000000109
2019,372,990.0539431450601
2020,372,990.0539431450601
2021,372,980.1078870121739
2022,372,1000.0000000000109
2023,372,1019.8921158758748
2024,372,1009.9460575772598
2025,372,1000.0000000000109
2016,373,999.9999999999887
2017,373,1021.2258938706536
2018,373,1021.2258938706536
2019,373,1017.8335601177808
2020,373,1017.8335601177808
2021,373,1014.1505971444548
2022,373,1021.2258938706536
2023,373,1021.2258938706536
2024,373,1028.301188814619
2025,373,1028.301188814619
2016,374,1000.0000000000451
2017,374,1013.7621451969359
2018,374,1013.7621451969359
2019,374,1013.7621451969359
2020,374,1006.8810724447576
2021,374,1006.8810724447576
2022,374,1008.5293323885398
2023,374,1020.643215284177
2024,374,1020.643215284177
2025,374,1020.643215284177
2016,375,999.999999999897
2017,375,999.999999999897
2018,375,999.999999999897
2019,375,1009.9519773896063
2020,375,1009.9519773896063
2021,375,1009.9519773896063
2022,375,1009.9519773896063
2023,375,1019.9039548205794
2024,375,1019.9039548205794
2025,375,1019.9039548205794
2016,376,1000.0000000000932
2017,376,1000.0000000000932
2018,376,1000.0000000000932
2019,376,1013.7621204429121
2020,376,1013.7621204429121
2021,376,1000.0000000000932
2022,376,1013.7621204429121
2023,376,1020.6431800889136
2024,376,1020.6431800889136
2025,376,1020.6431800889136
2016,377,1000.0000000000299
2017,377,1000.0000000000299
2018,377,1000.0000000000299
2019,377,1006.8810606427015
2020,377,1006.8810606427015
2021,377,1000.0000000000299
2022,377,1006.8810606427015
2023,377,1020.6431760071144
2024,377,1014.3763566943647
2025,377,1014.3763566943647
2016,378,1000.0000000000236
2017,378,1000.0000000000236
2018,378,1000.0000000000236
2019,378,1000.0000000000236
2020,378,1000.0000000000236
2021,378,1000.0000000000236
2022,378,1000.0000000000236
2023,378,1014.3763614719426
2024,378,1006.8810592828961
2025,378,1013.7621150013971
2016,379,999.9999999999125
2017,379,999.9999999999125
2018,379,999.9999999999125
2019,379,999.9999999999125
2020,379,999.9999999999125
2021,379,999.9999999999125
2022,379,999.9999999999125
2023,379,1013.7621122813788
2024,379,1006.8810579228314
2025,379,1006.8810579228314
2016,380,999.9999999999505
2017,380,999.9999999999505
2018,380,999.9999999999505
2019,380,999.9999999999505
2020,380,999.9999999999505
2021,380,999.9999999999505
2022,380,1006.8810569694394
2023,380,1013.7621103738987
2024,380,999.9999999999505
2025,380,1013.7621103738987
2016,381,999.9999999999116
2017,381,999.9999999999116
2018,381,999.9999999999116
2019,381,999.9999999999116
2020,381,999.9999999999116
2021,381,999.9999999999116
2022,381,1006.8810560148133
2023,381,1014.376377505581
2024,381,1006.8810560148133
2025,381,1014.376377505581
2016,382,1000.0000000000349
2017,382,1000.0000000000349
2018,382,1000.0000000000349
2019,382,1000.0000000000349
2020,382,993.1189470196208
2021,382,993.1189470196208
2022,382,1006.8810546551828
2023,382,1013.762105745556
2024,382,1006.8810546551828
2025,382,1013.762105745556
2016,383,1000.0000000001024
2017,383,1000.0000000001024
2018,383,1000.0000000001024
2019,383,1000.0000000001024
2020,383,993.1189502877744
2021,383,971.247222684497
2022,383,1000.0000000001024
2023,383,1006.8810513864322
2024,383,1013.7620992083056
2025,383,1014.3763983213619
2016,384,1000.0000000000532
2017,384,1000.0000000000532
2018,384,1000.0000000000532
2019,384,993.1189516475415
2020,384,986.2378997309023
2021,384,965.5947421433351
2022,384,1000.0000000000532
2023,384,1006.8810500268106
2024,384,1006.8810500268106
2025,384,1013.7620964889525
2016,385,1000.0000000000621
2017,385,1000.0000000000621
2018,385,1000.0000000000621
2019,385,990.0539138485793
2020,385,980.1078284207911
2021,385,960.2156446702636
2022,385,990.0539138485793
2023,385,1009.9460868736097
2024,385,1009.9460868736097
2025,385,1009.9460868736097
2016,386,999.9999999999519
2017,386,999.9999999999519
2018,386,999.9999999999519
2019,386,999.9999999999519
2020,386,990.0480100108589
2021,386,961.5736842169567
2022,386,999.9999999999519
2023,386,1009.9519901943959
2024,386,1009.9519901943959
2025,386,1009.9519901943959
2016,387,999.9999999999957
2017,387,999.9999999999957
2018,387,999.9999999999957
2019,387,990.3934222060016
2020,387,990.3934222060016
2021,387,990.3934222060016
2022,387,999.9999999999957
2023,387,1009.6065786014076
2024,387,1009.6065786014076
2025,387,1009.9519915484652
2016,388,1000.0000000000387
2017,388,1000.0000000000387
2018,388,1000.0000000000387
2019,388,1000.0000000000387
2020,388,1000.0000000000387
2021,388,1000.0000000000387
2022,388,1000.0000000000387
2023,388,1013.7620907665198
2024,388,1013.7620907665198
2025,388,1013.7620907665198
2016,389,999.9999999999546
2017,389,999.9999999999546
2018,389,999.9999999999546
2019,389,999.9999999999546
2020,389,999.9999999999546
2021,389,1009.6065754708798
2022,389,999.9999999999546
2023,389,1009.9519942568426
2024,389,1009.9519942568426
2025,389,1019.2131512182442
2016,390,999.9999999999571
2017,390,999.9999999999571
2018,390,999.9999999999571
2019,390,999.9999999999571
2020,390,990.053907560619
2021,390,990.0539047540896
2022,390,999.9999999999571
2023,390,1009.9460953296502
2024,390,1019.8921870485532
2025,390,1019.8921870485532
2016,391,999.9999999999375
2017,391,999.9999999999375
2018,391,999.9999999999375
2019,391,999.9999999999375
2020,391,999.9999999999375
2021,391,990.0539041670967
2022,391,1009.9460937494779
2023,391,1019.8921882215487
2024,391,1019.8921919166319
2025,391,1029.8382834163847
2016,392,1000.0000000000646
2017,392,1000.0000000000646
2018,392,1000.0000000000646
2019,392,1006.8810447108493
2020,392,1000.0000000000646
2021,392,986.237910362116
2022,392,1013.7620858565303
2023,392,1020.6431282089416
2024,392,1027.5241674639974
2025,392,1027.5241674639974
2016,393,1000.0000000000231
2017,393,1000.0000000000231
2018,393,1000.0000000000231
2019,393,1013.7620801356485
2020,393,1000.0000000000231
2021,393,1000.0000000000231
2022,393,1013.7620801356485
2023,393,1014.3764546078756
2024,393,1014.3764546078756
2025,393,1027.5241560227746
2016,394,1000.0000000000409
2017,394,1000.0000000000409
2018,394,1000.0000000000409
2019,394,1009.9460987824658
2020,394,990.0539019413122
2021,394,990.0539019413122
2022,394,1000.0000000000409
2023,394,1009.9461009495918
2024,394,1019.8921982876541
2025,394,1019.8922019815715
2016,395,999.9999999999263
2017,395,999.9999999999263
2018,395,999.9999999999263
2019,395,1009.946101536719
2020,395,999.9999999999263
2021,395,999.9999999999263
2022,395,999.9999999999263
2023,395,1009.946101536719
2024,395,1019.8922031566387
2025,395,1019.8922031566387
2016,396,999.9999999999479
2017,396,999.9999999999479
2018,396,999.9999999999479
2019,396,1019.892214568155
2020,396,999.9999999999479
2021,396,999.9999999999479
2022,396,1009.946106921738
2023,396,1009.946109088167
2024,396,1019.8922182599788
2025,396,1019.8922182599788
2016,397,999.9999999999433
2017,397,999.9999999999433
2018,397,999.9999999999433
2019,397,1020.6431008295654
2020,397,1006.8810355847277
2021,397,1006.8810355847277
2022,397,1013.7620676035688
2023,397,1014.3764948669191
2024,397,1027.5241309573785
2025,397,1027.5241309573785
2016,398,1000.0000000000158
2017,398,1000.0000000000158
2018,398,1000.0000000000158
2019,398,1014.3764996492729
2020,398,1000.0000000000158
2021,398,1000.0000000000158
2022,398,1006.8810342253935
2023,398,1006.8810342253935
2024,398,1020.6430967511852
2025,398,1020.6430967511852
2016,399,999.9999999999416
2017,399,999.9999999999416
2018,399,999.9999999999416
2019,399,1006.8810328652589
2020,399,999.9999999999416
2021,399,993.1189688089552
2022,399,999.9999999999416
2023,399,1006.8810328652589
2024,399,1014.3765044306492
2025,399,1020.6430926715767
2016,400,1000.000000000005
2017,400,1000.000000000005
2018,400,1000.000000000005
2019,400,1000.000000000005
2020,400,985.6234749003265
2021,400,986.2379443947036
2022,400,1000.000000000005
2023,400,1000.000000000005
2024,400,1006.8810276941
2025,400,1013.762051822666
2016,401,1000.0000000000778
2017,401,1000.0000000000778
2018,401,1000.0000000000778
2019,401,1000.0000000000778
2020,401,990.0538815085929
2021,401,1000.0000000000778
2022,401,1000.0000000000778
2023,401,1009.9461164089593
2024,401,1009.9461185753884
2025,401,1009.9461185753884
2016,402,1000.0000000000226
2017,402,1000.0000000000226
2018,402,1000.0000000000226
2019,402,1009.9461169964343
2020,402,990.0538837280056
2021,402,1000.0000000000226
2022,402,1009.9461169964343
2023,402,1009.946119163329
2024,402,1009.946119163329
2025,402,1019.8922347163079
2016,403,1000.0000000000182
2017,403,1000.0000000000182
2018,403,1000.0000000000182
2019,403,1019.8922358925192
2020,403,1000.0000000000182
2021,403,1000.0000000000182
2022,403,1009.9461197515482
2023,403,1009.9461197515482
2024,403,1019.8922358925192
2025,403,1029.8383549247778
2016,404,1067.056939596272
2017,404,1019.159145233828
2018,404,1019.159145233828
2019,404,952.1020677890472
2020,404,999.999999999983
2021,404,1028.7387119589457
2022,404,961.68166208673
2023,404,961.68166208673
2024,404,942.5224695661369
2025,404,932.9428674150854
2016,405,999.9999999999271
2017,405,999.9999999999271
2018,405,999.9999999999271
2019,405,999.9999999999271
2020,405,986.2379569166887
2021,405,993.1189802412797
2022,405,993.1189802412797
2023,405,999.9999999999271
2024,405,1006.8810214332348
2025,405,1013.762039300111
2016,406,999.9999999999762
2017,406,999.9999999999762
2018,406,999.9999999999762
2019,406,1009.946128019414
2020,406,999.9999999999762
2021,406,999.9999999999762
2022,406,999.9999999999762
2023,406,1009.946128019414
2024,406,1009.9461304191573
2025,406,1019.892260922164
2016,407,999.9999999998922
2017,407,1031.401876251867
2018,407,1031.401876251867
2019,407,1031.401876251867
2020,407,1021.4557409920491
2021,407,999.9999999998922
2022,407,1031.401876251867
2023,407,1039.7845447400673
2024,407,1031.401876251867
2025,407,1049.7306811329283
2016,408,1000.0000000000199
2017,408,1000.0000000000199
2018,408,1000.0000000000199
2019,408,1013.7620191694765
2020,408,993.1189903066085
2021,408,971.2467496537033
2022,408,1006.8810113680063
2023,408,1006.8810113680063
2024,408,1006.8810113680063
2025,408,1020.6430281770297
2016,409,1000.0000000000222
2017,409,1000.0000000000222
2018,409,1000.0000000000222
2019,409,1000.0000000000222
2020,409,990.0538618635857
2021,409,970.1615767149652
2022,409,1009.9461388610857
2023,409,1009.9461388610857
2024,409,1009.9461388610857
2025,409,1019.8922784470082
2016,410,1000.0000000000191
2017,410,1000.0000000000191
2018,410,1000.0000000000191
2019,410,1028.4872939415236
2020,410,1000.0000000000191
2021,410,1000.0000000000191
2022,410,1018.9915255621653
2023,410,1028.4872939415236
2024,410,1028.4872939415236
2025,410,1037.9830660538876
2016,411,1000.0000000000333
2017,411,1000.0000000000333
2018,411,1000.0000000000333
2019,411,1013.7620053031977
2020,411,1000.0000000000333
2021,411,986.237990912328
2022,411,1006.8810044349161
2023,411,1013.7620053031977
2024,411,1006.8810044349161
2025,411,1020.6430073784643
2016,412,1000.0000000000553
2017,412,1000.0000000000553
2018,412,1000.0000000000553
2019,412,1006.8810030762924
2020,412,993.1189985989777
2021,412,986.2379936307142
2022,412,1000.0000000000553
2023,412,1006.8810030762924
2024,412,1006.8810030762924
2025,412,1014.3766708685588
2016,413,999.9999999998888
2017,413,999.9999999998888
2018,413,999.9999999998888
2019,413,999.9999999998888
2020,413,990.053855156487
2021,413,980.1077110381767
2022,413,999.9999999998888
2023,413,1009.9461455674524
2024,413,999.9999999998888
2025,413,1019.8922918610403
2016,414,999.9999999999335
2017,414,999.9999999999335
2018,414,999.9999999999335
2019,414,1009.9461461569992
2020,414,999.9999999999335
2021,414,990.0538517595659
2022,414,1009.9461461569992
2023,414,1009.9461483227298
2024,414,1009.9461461569992
2025,414,1019.8922967302844
2016,415,1000.0000000001062
2017,415,1000.0000000001062
2018,415,1000.0000000001062
2019,415,1013.7620014971311
2020,415,1000.0000000001062
2021,415,993.1189991429957
2022,415,1013.7620014971311
2023,415,1014.3766773543133
2024,415,1013.7620014971311
2025,415,1027.5239987428536
2016,416,1000.0000000000921
2017,416,1000.0000000000921
2018,416,1000.0000000000921
2019,416,1000.0000000000921
2020,416,990.0538533065725
2021,416,990.0538504984105
2022,416,1000.0000000000921
2023,416,1009.9461474194029
2024,416,1009.9461474194029
2025,416,1019.8922955640381
2016,417,999.9999999999532
2017,417,999.9999999999532
2018,417,999.9999999999532
2019,417,999.9999999999532
2020,417,999.9999999999532
2021,417,993.1190000935704
2022,417,1006.8810015803377
2023,417,1013.7619995934626
2024,417,1013.7619995934626
2025,417,1020.642998813658
2016,418,1000.0000000000205
2017,418,1000.0000000000205
2018,418,1000.0000000000205
2019,418,1000.0000000000205
2020,418,990.0538520442498
2021,418,990.0538520442498
2022,418,1000.0000000000205
2023,418,1009.9461486815824
2024,418,1009.9461486815824
2025,418,1019.8923017774986
2016,419,1000.0000000000819
2017,419,1000.0000000000819
2018,419,1000.0000000000819
2019,419,1009.9461492711582
2020,419,1000.0000000000819
2021,419,1000.0000000000819
2022,419,1009.9461492711582
2023,419,1019.892299265929
2024,419,1009.9461514373545
2025,419,1029.8384499871895
2016,420,1000.0000000000365
2017,420,1000.0000000000365
2018,420,1000.0000000000365
2019,420,1019.8922999755986
2020,420,1000.0000000000365
2021,420,1009.946149626203
2022,420,1009.9461520266451
2023,420,1029.8384510519495
2024,420,1019.8922999755986
2025,420,1029.8384563278482
2016,421,999.9999999999569
2017,421,1009.9461588426943
2018,421,1009.9461588426943
2019,421,1009.9461588426943
2020,421,1009.9461588426943
2021,421,999.9999999999569
2022,421,1009.9461588426943
2023,421,1019.8923177692558
2024,421,1019.8923177692558
2025,421,1029.8384767787131
2016,422,1000.0000000000316
2017,422,1000.0000000000316
2018,422,1000.0000000000316
2019,422,1009.95206516135
2020,422,1009.95206516135
2021,422,1000.0000000000316
2022,422,1009.95206516135
2023,422,1019.9041303632238
2024,422,1019.9041303632238
2025,422,1029.8561956061233
2016,423,999.999999999995
2017,423,986.2380236154589
2018,423,986.2380236154589
2019,423,986.2380236154589
2020,423,972.4760429782931
2021,423,965.7088886227274
2022,423,979.3570326466403
2023,423,986.2380236154589
2024,423,979.3570326466403
2025,423,999.999999999995
2016,424,999.9999999998907
2017,424,970.7684021016194
2018,424,970.7684021016194
2019,424,982.3664775872658
2020,424,971.2483314989897
2021,424,963.4605007287344
2022,424,985.3842039122231
2023,424,992.6921016943976
2024,424,992.6921016943976
2025,424,982.3664775872658
2016,425,1000.0000000000741
2017,425,958.7141202935996
2018,425,958.7141202935996
2019,425,970.1180538559869
2020,425,970.1180538559869
2021,425,970.1180538559869
2022,425,972.4760844501992
2023,425,984.4948412736204
2024,425,986.2380443521948
2025,425,998.8716347342709
2016,426,1000.0000000000763
2017,426,986.2380502217478
2018,426,986.2380502217478
2019,426,986.2380502217478
2020,426,993.1190264671876
2021,426,993.1190264671876
2022,426,993.1190264671876
2023,426,993.1190264671876
2024,426,1006.8809738835964
2025,426,1006.8809738835964
2016,427,1000.0000000000958
2017,427,992.1062127533667
2018,427,992.1062127533667
2019,427,992.1062127533667
2020,427,997.5918906046338
2021,427,984.2124256674654
2022,427,992.1062127533667
2023,427,992.1062127533667
2024,427,1007.8937874077662
2025,427,1023.6813670860806
2016,428,1000.0000000000471
2017,428,979.3571351142946
2018,428,979.3571351142946
2019,428,986.238090924307
2020,428,975.2782094790471
2021,428,958.7142600057008
2022,428,986.238090924307
2023,428,986.238090924307
2024,428,1000.0000000000471
2025,428,993.1190465520393
2016,429,1000.0000000000855
2017,429,980.1496216739313
2018,429,980.1496216739313
2019,429,1000.0420005891455
2020,429,980.1496216739313
2021,429,970.2034333069907
2022,429,990.0958107682927
2023,429,990.0958107682927
2024,429,1009.9881911362553
2025,429,1000.0420005891455
2016,430,1064.8930744036547
2017,430,1076.9109865429168
2018,430,1076.9109865429168
2019,430,1067.2971155386335
2020,430,1067.2971155386335
2021,430,1067.2971155386335
2022,430,1076.9109865429168
2023,430,1064.8930744036547
2024,430,965.6857852885579
2025,430,1064.8930744036547
2016,431,999.9999999999914
2017,431,990.4705865609725
2018,431,990.4705865609725
2019,431,999.9999999999914
2020,431,999.9999999999914
2021,431,999.9999999999914
2022,431,990.4705865609725
2023,431,999.9999999999914
2024,431,1009.5294128741169
2025,431,999.9999999999914
2016,432,999.9999999999781
2017,432,972.4762904552325
2018,432,972.4762904552325
2019,432,993.1190752472124
2020,432,972.4762904552325
2021,432,972.4762904552325
2022,432,972.4762904552325
2023,432,986.2381473185103
2024,432,999.9999999999781
2025,432,972.4762904552325
2016,433,999.9999999999319
2017,433,999.9999999999319
2018,433,999.9999999999319
2019,433,1009.9462109436578
2020,433,1009.9462109436578
2021,433,990.0537897829286
2022,433,1009.9462109436578
2023,433,1009.9462109436578
2024,433,1009.9462109436578
2025,433,1009.946213343637
2016,434,1000.000000000039
2017,434,1000.000000000039
2018,434,1000.000000000039
2019,434,1020.6427355558694
2020,434,1013.761824090224
2021,434,1000.000000000039
2022,434,1013.761824090224
2023,434,1013.761824090224
2024,434,1014.3770562795734
2025,434,1020.6427355558694
2016,435,999.9999999998907
2017,435,999.9999999998907
2018,435,999.9999999998907
2019,435,1019.8924331848751
2020,435,1009.9462165504709
2021,435,1009.9462143845046
2022,435,1009.9462143845046
2023,435,1009.9462143845046
2024,435,1019.8924294972394
2025,435,1029.8386453359983
2016,436,999.9999999998968
2017,436,999.9999999998968
2018,436,999.9999999998968
2019,436,1019.8924343677209
2020,436,1009.9462171423625
2021,436,1019.8924306810162
2022,436,1019.8924306810162
2023,436,1019.8924306810162
2024,436,1029.8386471125934
2025,436,1029.8386516764406
2016,437,999.9999999999519
2017,437,999.9999999999519
2018,437,999.9999999999519
2019,437,1029.838648886253
2020,437,1019.8924318634748
2021,437,1019.8924355513435
2022,437,1029.838648886253
2023,437,1029.838648886253
2024,437,1029.8386534517301
2025,437,1029.8386534517301
2016,438,1000.0000000000363
2017,438,1000.0000000000363
2018,438,1000.0000000000363
2019,438,1029.8563942564679
2020,438,1019.904262797414
2021,438,1019.904262797414
2022,438,1029.8563942564679
2023,438,1029.8563942564679
2024,438,1038.425381869755
2025,438,1038.425381869755
2016,439,999.9999999999079
2017,439,1034.4045173733136
2018,439,1034.4045173733136
2019,439,1022.107497992957
2020,439,1020.642713151928
2021,439,999.9999999999079
2022,439,1013.7618103737002
2023,439,1020.642713151928
2024,439,1034.4045173733136
2025,439,1034.4045173733136
2016,440,1000.0000000000769
2017,440,1000.0000000000769
2018,440,1000.0000000000769
2019,440,1000.0000000000769
2020,440,1000.0000000000769
2021,440,990.053771883857
2022,440,1000.0000000000769
2023,440,1000.0000000000769
2024,440,1000.0000000000769
2025,440,1009.9462282010549
2016,441,999.9999999999714
2017,441,999.9999999999714
2018,441,999.9999999999714
2019,441,999.9999999999714
2020,441,999.9999999999714
2021,441,990.053771291817
2022,441,999.9999999999714
2023,441,999.9999999999714
2024,441,1009.9462266269161
2025,441,1009.9462287928824
2016,442,999.9999999999237
2017,442,999.9999999999237
2018,442,999.9999999999237
2019,442,999.9999999999237
2020,442,999.9999999999237
2021,442,990.0537707000582
2022,442,999.9999999999237
2023,442,999.9999999999237
2024,442,1009.9462293845478
2025,442,1009.9462293845478
2016,443,999.9999999999343
2017,443,999.9999999999343
2018,443,999.9999999999343
2019,443,999.9999999999343
2020,443,999.9999999999343
2021,443,990.0537701076611
2022,443,999.9999999999343
2023,443,999.9999999999343
2024,443,1009.9462299760331
2025,443,1009.9462299760331
2016,444,999.9999999999857
2017,444,999.9999999999857
2018,444,999.9999999999857
2019,444,999.9999999999857
2020,444,999.9999999999857
2021,444,990.0537695159992
2022,444,999.9999999999857
2023,444,999.9999999999857
2024,444,1009.9462305682647
2025,444,1009.9462305682647
2016,445,1000.0000000000094
2017,445,1000.0000000000094
2018,445,1000.0000000000094
2019,445,1000.0000000000094
2020,445,1000.0000000000094
2021,445,990.0537689238437
2022,445,1000.0000000000094
2023,445,1000.0000000000094
2024,445,1009.9462311604665
2025,445,1009.9462311604665
2016,446,1000.0000000000458
2017,446,1000.0000000000458
2018,446,1000.0000000000458
2019,446,1000.0000000000458
2020,446,1000.0000000000458
2021,446,986.238197611824
2022,446,1000.0000000000458
2023,446,1000.0000000000458
2024,446,1014.3771288044502
2025,446,1014.3771288044502
2016,447,1000.0000000000066
2017,447,1000.0000000000066
2018,447,1000.0000000000066
2019,447,1000.0000000000066
2020,447,1000.0000000000066
2021,447,1000.0000000000066
2022,447,1009.4954496843591
2023,447,1009.5293368588898
2024,447,1009.5293368588898
2025,447,1000.0000000000066
2016,448,1000.000000000068
2017,448,1000.000000000068
2018,448,1000.000000000068
2019,448,993.1191092781569
2020,448,1000.000000000068
2021,448,993.1191092781569
2022,448,1000.000000000068
2023,448,1006.8808923970532
2024,448,1014.3771640440294
2025,448,1006.8808923970532
2016,449,1000.0000000000076
2017,449,1000.0000000000076
2018,449,1000.0000000000076
2019,449,990.0537645551723
2020,449,1000.0000000000076
2021,449,990.0537645551723
2022,449,1000.0000000000076
2023,449,1009.9462361720311
2024,449,1019.8924730740382
2025,449,1009.9462361720311
2016,450,999.9999999999098
2017,450,999.9999999999098
2018,450,999.9999999999098
2019,450,999.9999999999098
2020,450,1009.6063062606446
2021,450,999.9999999999098
2022,450,1009.6063062606446
2023,450,1009.9521540236325
2024,450,1019.9043080886086
2025,450,1019.212612803184
2016,451,999.9999999999225
2017,451,999.9999999999225
2018,451,999.9999999999225
2019,451,999.9999999999225
2020,451,999.9999999999225
2021,451,999.9999999999225
2022,451,999.9999999999225
2023,451,999.9999999999225
2024,451,1009.9462401980957
2025,451,1009.9462401980957
2016,452,1000.0000000000581
2017,452,1000.0000000000581
2018,452,1000.0000000000581
2019,452,1006.8808909106081
2020,452,1006.8808909106081
2021,452,1006.8808909106081
2022,452,1006.8808909106081
2023,452,1006.8808909106081
2024,452,1014.377176191617
2025,452,1014.377176191617
2016,453,999.999999999958
2017,453,999.999999999958
2018,453,999.999999999958
2019,453,1009.9462393003838
2020,453,1009.9462393003838
2021,453,999.999999999958
2022,453,1009.9462393003838
2023,453,1009.9462393003838
2024,453,1009.9462393003838
2025,453,1009.9462393003838
2016,454,1000.0000000000128
2017,454,1000.0000000000128
2018,454,1000.0000000000128
2019,454,1013.7617763540334
2020,454,1013.7617763540334
2021,454,1000.0000000000128
2022,454,1013.7617763540334
2023,454,1013.7617763540334
2024,454,1013.7617763540334
2025,454,1013.7617763540334
2016,455,999.9999999998921
2017,455,999.9999999998921
2018,455,999.9999999998921
2019,455,1009.9462403338911
2020,455,1009.9462403338911
2021,455,999.9999999998921
2022,455,1009.9462403338911
2023,455,1009.9462403338911
2024,455,1009.9462403338911
2025,455,1029.8387231888087
2016,456,1000.0000000000448
2017,456,1000.0000000000448
2018,456,1000.0000000000448
2019,456,1028.5876791911285
2020,456,1019.0584489835969
2021,456,1009.529220114484
2022,456,1028.5876791911285
2023,456,1019.0584489835969
2024,456,1038.116913206567
2025,456,1038.116913206567
2016,457,1000.0000000000473
2017,457,1000.0000000000473
2018,457,1000.0000000000473
2019,457,1019.0584394462528
2020,457,1000.0000000000473
2021,457,1000.0000000000473
2022,457,1019.0584394462528
2023,457,1009.5292178179758
2024,457,1028.5876648849974
2025,457,1028.5876648849974
2016,458,1000.0000000000481
2017,458,1000.0000000000481
2018,458,1000.0000000000481
2019,458,1000.0000000000481
2020,458,990.5046054688336
2021,458,990.5046054688336
2022,458,1000.0000000000481
2023,458,1000.0000000000481
2024,458,1000.0000000000481
2025,458,1019.05855269052
2016,459,1000.0000000000676
2017,459,986.1259234898969
2018,459,986.1259234898969
2019,459,986.1259234898969
2020,459,986.1259234898969
2021,459,986.1259234898969
2022,459,986.1259234898969
2023,459,993.0629608991569
2024,459,1000.0000000000676
2025,459,1000.0000000000676
2016,460,1000.0000000001028
2017,460,967.3473095004251
2018,460,967.3473095004251
2019,460,967.3473095004251
2020,460,967.3473095004251
2021,460,967.3473095004251
2022,460,972.4765584419021
2023,460,980.5440364232564
2024,460,986.2382813513569
2025,460,993.1191400962826
2016,461,1000.0000000000299
2017,461,965.521089760613
2018,461,965.521089760613
2019,461,966.9278613581267
2020,461,972.4168743968526
2021,461,965.521089760613
2022,461,972.4168743968526
2023,461,972.4168743968526
2024,461,993.10421928815
2025,461,1013.7915568411474
2016,462,1139.24759253097
2017,462,1188.9788409457522
2018,462,1188.9788409457522
2019,462,1169.0863947872074
2020,462,1169.0863437668554
2021,462,1159.1401369357045
2022,462,1169.0863437668554
2023,462,1159.1401369357045
2024,462,1149.1938436719843
2025,462,1119.3551046977216
2016,463,1149.1938347791888
2017,463,1198.925076586043
2018,463,1198.925076586043
2019,463,1179.0325820503172
2020,463,1179.0325820503172
2021,463,1169.086333688992
2022,463,1179.0325820503172
2023,463,1169.086333688992
2024,463,1159.140084599083
2025,463,1129.3013329534112
2016,464,1159.1400751138135
2017,464,1208.871310311821
2018,464,1208.871310311821
2019,464,1188.9788184197262
2020,464,1188.9788184197262
2021,464,1179.0325713797529
2022,464,1188.9788184197262
2023,464,1179.0325713797529
2024,464,1169.0863236116584
2025,464,1139.2475759309682
2016,465,1188.9788071623523
2017,465,1218.817542130368
2018,465,1218.817542130368
2019,465,1198.9250528809762
2020,465,1218.817542130368
2021,465,1208.8712978698488
2022,465,1218.817542130368
2023,465,1208.8712978698488
2024,465,1208.8712978698488
2025,465,1149.1938169982743
2016,466,999.9999999999446
2017,466,999.9999999999446
2018,466,999.9999999999446
2019,466,942.8257104719281
2020,466,933.2966602292478
2021,466,999.9999999999446
2022,466,923.767609418415
2023,466,952.3547601468048
2024,466,933.2966602292478
2025,466,952.3547601468048
2016,467,1208.8712871659184
2017,467,1268.5487387366225
2018,467,1268.5487387366225
2019,467,1258.6024986305686
2020,467,1268.5487387366225
2021,467,1268.5487387366225
2022,467,1248.6562577959282
2023,467,1228.7637739380966
2024,467,1228.7637739380966
2025,467,1208.8712871659184
2016,468,999.9999999999676
2017,468,999.9999999999676
2018,468,999.9999999999676
2019,468,980.9419164364127
2020,468,980.9419164364127
2021,468,999.9999999999676
2022,468,923.7676521181198
2023,468,999.9999999999676
2024,468,933.2966975913774
2025,468,999.9999999999676
2016,469,1228.7637622361415
2017,469,1278.495147327005
2018,469,1278.495147327005
2019,469,1268.5488931880182
2020,469,1278.495147327005
2021,469,1278.495147327005
2022,469,1268.548725000594
2023,469,1258.602485402826
2024,469,1248.6562450757729
2025,469,1238.7100040205992
2016,470,1000.0000000000214
2017,470,1000.0000000000214
2018,470,1000.0000000000214
2019,470,980.9419271118431
2020,470,1000.0000000000214
2021,470,1000.0000000000214
2022,470,971.4128898164564
2023,470,1000.0000000000214
2024,470,980.9419271118431
2025,470,1000.0000000000214
2016,471,1248.6562323383368
2017,471,1288.4413866039447
2018,471,1288.4413866039447
2019,471,1278.4951330577571
2020,471,1288.4413866039447
2021,471,1288.4413866039447
2022,471,1278.4951330577571
2023,471,1268.5488794282094
2024,471,1268.5487112442806
2025,471,1258.6024721554847
2016,472,1262.5016551375081
2017,472,1294.0017890428333
2018,472,1294.0017890428333
2019,472,1294.0017890428333
2020,472,1294.0017890428333
2021,472,1294.0017890428333
2022,472,1294.0017890428333
2023,472,1283.5017459003202
2024,472,1283.5017459003202
2025,472,1262.5016551375081
2016,473,1283.501930893114
2017,473,1315.002076396054
2018,473,1315.002076396054
2019,473,1315.002076396054
2020,473,1315.002076396054
2021,473,1315.002076396054
2022,473,1315.002076396054
2023,473,1304.5020293877442
2024,473,1304.5020293877442
2025,473,1283.501930893114
2016,474,1315.002281921267
2017,474,1346.5024345414477
2018,474,1346.5024345414477
2019,474,1346.5024345414477
2020,474,1346.5024345414477
2021,474,1346.5024345414477
2022,474,1346.5024345414477
2023,474,1325.5023342876423
2024,474,1325.5023342876423
2025,474,1304.5022280626083
2016,475,1357.0029438277495
2017,475,1388.5031190350553
2018,475,1388.5031190350553
2019,475,1378.0030622667155
2020,475,1388.5031190350553
2021,475,1388.5031190350553
2022,475,1378.0030622667155
2023,475,1367.5030037931415
2024,475,1388.5031190350553
2025,475,1357.0029438277495
2016,476,1399.003433994733
2017,476,1409.5034939320606
2018,476,1409.5034939320606
2019,476,1409.5034939320606
2020,476,1409.5034939320606
2021,476,1409.5034939320606
2022,476,1409.5034939320606
2023,476,1399.003433994733
2024,476,1409.5034939320606
2025,476,1399.003433994733
2016,477,1428.2108820151086
2017,477,1438.1692711228814
2018,477,1438.1692711228814
2019,477,1438.1692711228814
2020,477,1441.0042346067219
2021,477,1441.0042346067219
2022,477,1438.1692711228814
2023,477,1430.5041655802563
2024,477,1438.1692711228814
2025,477,1428.2108820151086
2016,478,1000.000000000052
2017,478,1000.000000000052
2018,478,1000.000000000052
2019,478,980.9420209189059
2020,478,980.9420209189059
2021,478,980.9420209189059
2022,478,971.4130305267441
2023,478,990.4710107421002
2024,478,980.9420209189059
2025,478,990.4710107421002
2016,479,1451.5048858308057
2017,479,1462.0049654454604
2018,479,1462.0049654454604
2019,479,1462.0049654454604
2020,479,1472.5050435678318
2021,479,1472.5050435678318
2022,479,1462.0049654454604
2023,479,1462.0049654454604
2024,479,1462.0049654454604
2025,479,1448.1276654804633
2016,480,1000.0000000000578
2017,480,1000.0000000000578
2018,480,1000.0000000000578
2019,480,980.94204113278
2020,480,990.4710208510174
2021,480,980.94204113278
2022,480,971.4130608494137
2023,480,980.94204113278
2024,480,980.94204113278
2025,480,990.4710208510174
2016,481,1000.0000000000471
2017,481,1000.0000000000471
2018,481,1000.0000000000471
2019,481,980.9420506726684
2020,481,1000.0000000000471
2021,481,980.9420506726684
2022,481,971.4130751593696
2023,481,980.9420506726684
2024,481,980.9420506726684
2025,481,1000.0000000000471
2016,482,1000.0000000000115
2017,482,1000.0000000000115
2018,482,1000.0000000000115
2019,482,990.4710303908736
2020,482,1000.0000000000115
2021,482,980.9420602125351
2022,482,971.4130894691873
2023,482,980.9420602125351
2024,482,990.4710303908736
2025,482,1000.0000000000115
2016,483,1504.0065656049278
2017,483,1514.5066647689089
2018,483,1514.5066647689089
2019,483,1514.5066647689089
2020,483,1525.0067624406065
2021,483,1525.0067624406065
2022,483,1514.5066647689089
2023,483,1514.5066647689089
2024,483,1514.5066647689089
2025,483,1493.5064649486626
2016,484,999.9999999999769
2017,484,999.9999999999769
2018,484,999.9999999999769
2019,484,980.9420804291614
2020,484,999.9999999999769
2021,484,980.9420804291614
2022,484,971.413119790883
2023,484,980.9420804291614
2024,484,990.4710404984722
2025,484,990.4710404984722
2016,485,1588.008076420978
2017,485,1567.007871129289
2018,485,1567.007871129289
2019,485,1546.0076590895944
2020,485,1556.507765855116
2021,485,1556.507765855116
2022,485,1546.0076590895944
2023,485,1546.0076590895944
2024,485,1546.0076590895944
2025,485,1517.8364329644885
2016,486,999.9999999999976
2017,486,999.9999999999976
2018,486,999.9999999999976
2019,486,980.9422044538726
2020,486,980.9422126367853
2021,486,980.9422044538726
2022,486,971.4133058277065
2023,486,971.4133246698854
2024,486,990.4711025108352
2025,486,980.9422044538726
2016,487,1000.0000000000339
2017,487,1000.0000000000339
2018,487,1000.0000000000339
2019,487,980.9422962407485
2020,487,990.4711443081192
2021,487,980.9422880509649
2022,487,971.4134312247237
2023,487,980.9422880509649
2024,487,980.9422880509649
2025,487,980.9422880509649
2016,488,999.9999999999908
2017,488,999.9999999999908
2018,488,999.9999999999908
2019,488,980.9422975918691
2020,488,980.9423057817693
2021,488,980.9422975918691
2022,488,971.4134455362793
2023,488,980.9422975918691
2024,488,980.9422975918691
2025,488,980.9422975918691
2016,489,999.9999999999949
2017,489,999.9999999999949
2018,489,999.9999999999949
2019,489,980.9423071331697
2020,489,980.9423071331697
2021,489,980.9423071331697
2022,489,961.8846458884698
2023,489,980.9423071331697
2024,489,980.9423071331697
2025,489,980.9423071331697
2016,490,999.9999999999212
2017,490,999.9999999999212
2018,490,999.9999999999212
2019,490,973.6078319681532
2020,490,973.6078319681532
2021,490,973.6078319681532
2022,490,960.4117296557929
2023,490,973.6078319681532
2024,490,973.6078319681532
2025,490,973.6078319681532
2016,491,999.9999999999548
2017,491,999.9999999999548
2018,491,999.9999999999548
2019,491,990.4711628250985
2020,491,990.4711628250985
2021,491,980.9423250813883
2022,491,971.4134867697611
2023,491,990.4711628250985
2024,491,980.942333271172
2025,491,980.9423250813883
2016,492,1000.000000000052
2017,492,1000.000000000052
2018,492,1000.000000000052
2019,492,980.9423428122067
2020,492,990.4711675960704
2021,492,980.9423346228916
2022,492,971.4135010819064
2023,492,980.9423428122067
2024,492,980.9423346228916
2025,492,980.9423346228916
2016,493,1000.0000000000036
2017,493,1000.0000000000036
2018,493,1000.0000000000036
2019,493,979.3577825011994
2020,493,986.2385220542857
2021,493,973.6078893280081
2022,493,960.4118156940899
2023,493,979.3577825011994
2024,493,973.6078893280081
2025,493,973.6078893280081
2016,494,1000.0000000000437
2017,494,1000.0000000000437
2018,494,1000.0000000000437
2019,494,990.4711765683223
2020,494,990.4711765683223
2021,494,990.4711765683223
2022,494,980.9423525687974
2023,494,990.4711765683223
2024,494,990.4711765683223
2025,494,980.9423607582319
2016,495,1000.000000000064
2017,495,1000.000000000064
2018,495,1000.000000000064
2019,495,986.8039696177856
2020,495,986.8039696177856
2021,495,986.2385283082045
2022,495,973.6079270377467
2023,495,986.8039696177856
2024,495,986.8039696177856
2025,495,979.3577918831567
2016,496,999.9999999999775
2017,496,999.9999999999775
2018,496,999.9999999999775
2019,496,999.9999999999775
2020,496,999.9999999999775
2021,496,993.119272195352
2022,496,973.6080024627183
2023,496,999.9999999999775
2024,496,999.9999999999775
2025,496,979.3578106477585
2016,497,999.9999999999824
2017,497,999.9999999999824
2018,497,999.9999999999824
2019,497,999.9999999999824
2020,497,999.9999999999824
2021,497,993.1192735536031
2022,497,986.2385435354938
2023,497,999.9999999999824
2024,497,999.9999999999824
2025,497,986.8040163644334
2016,498,999.9999999999789
2017,498,999.9999999999789
2018,498,999.9999999999789
2019,498,1009.5287917411231
2020,498,999.9999999999789
2021,498,999.9999999999789
2022,498,990.4712076925447
2023,498,999.9999999999789
2024,498,1009.5287917411231
2025,498,999.9999999999789
2016,499,1000.0000000000523
2017,499,1000.0000000000523
2018,499,1000.0000000000523
2019,499,1000.0000000000523
2020,499,1000.0000000000523
2021,499,993.1192766818901
2022,499,986.8040352240286
2023,499,1000.0000000000523
2024,499,1006.880724995189
2025,499,1000.0000000000523
2016,500,999.9999999999408
2017,500,999.9999999999408
2018,500,999.9999999999408
2019,500,1009.5287779947099
2020,500,1009.5287779947099
2021,500,990.471223342426
2022,500,999.9999999999408
2023,500,1009.5287779947099
2024,500,1009.5287779947099
2025,500,999.9999999999408
2016,501,1000.0000000000322
2017,501,1000.0000000000322
2018,501,1000.0000000000322
2019,501,1000.0000000000322
2020,501,1000.0000000000322
2021,501,986.8040639028352
2022,501,993.1192815783651
2023,501,1000.0000000000322
2024,501,1013.1959239692271
2025,501,1000.0000000000322
2016,502,1000.0000000000774
2017,502,1000.0000000000774
2018,502,1000.0000000000774
2019,502,1013.195914934137
2020,502,1013.195914934137
2021,502,1000.0000000000774
2022,502,1000.0000000000774
2023,502,1013.195914934137
2024,502,1013.7614339072226
2025,502,1006.8807187398443
2016,503,999.9999999999875
2017,503,999.9999999999875
2018,503,999.9999999999875
2019,503,1006.8807013318635
2020,503,1006.8807013318635
2021,503,986.8041770467685
2022,503,1006.8807013318635
2023,503,1013.7613990911071
2024,503,1013.7613990911071
2025,503,1013.1958108205123
2016,504,999.9999999999363
2017,504,1006.8806888379141
2018,504,1006.8806888379141
2019,504,1013.7613761238584
2020,504,1006.8806888379141
2021,504,1006.8806888379141
2022,504,1013.7613761238584
2023,504,1020.6420625962004
2024,504,1013.7613761238584
2025,504,1013.7613761238584
2016,505,999.9999999999839
2017,505,999.9999999999839
2018,505,999.9999999999839
2019,505,1013.7613594036262
2020,505,1006.8806814881636
2021,505,1013.7613594036262
2022,505,1013.7613594036262
2023,505,1013.7613594036262
2024,505,1013.7613594036262
2025,505,1013.7613594036262
2016,506,1000.0000000000525
2017,506,1000.0000000000525
2018,506,1000.0000000000525
2019,506,1019.0573023282326
2020,506,1019.0573023282326
2021,506,1028.5859386507843
2022,506,1019.0573023282326
2023,506,1028.5859592107004
2024,506,1028.5859386507843
2025,506,1028.5859386507843
2016,507,999.9999999999809
2017,507,999.9999999999809
2018,507,999.9999999999809
2019,507,1013.7613477128399
2020,507,1013.7613477128399
2021,507,1013.7613477128399
2022,507,1013.7613477128399
2023,507,1020.6420209891583
2024,507,1013.7613477128399
2025,507,1013.7613477128399
2016,508,1000.0000000000748
2017,508,1000.0000000000748
2018,508,1000.0000000000748
2019,508,1006.8806725149171
2020,508,1006.8806725149171
2021,508,1006.8806725149171
2022,508,1006.8806725149171
2023,508,1013.7613414567979
2024,508,1013.1956269531613
2025,508,1006.8806725149171
2016,509,1000.0000000000224
2017,509,1000.0000000000224
2018,509,1000.0000000000224
2019,509,1000.0000000000224
2020,509,1000.0000000000224
2021,509,1006.8806711568287
2022,509,1000.0000000000224
2023,509,1013.7613387403444
2024,509,1013.7613387403444
2025,509,1006.8806711568287
2016,510,1000.000000000054
2017,510,961.6429732956832
2018,510,961.6429732956832
2019,510,971.414186111788
2020,510,980.9427913092482
2021,510,1009.2859645460112
2022,510,971.1715639236289
2023,510,990.471395939484
2024,510,1018.8145742273375
2025,510,1019.0572064142915
2016,511,999.9999999999355
2017,511,979.3580401879414
2018,511,979.3580401879414
2019,511,979.3580401879414
2020,511,986.2386953823504
2021,511,965.9602355912617
2022,511,979.3580401879414
2023,511,999.9999999999355
2024,511,993.1193471719054
2025,511,1018.7422772783349
2016,512,999.9999999999852
2017,512,985.8823460865739
2018,512,985.8823460865739
2019,512,985.8823460865739
2020,512,980.9429392748992
2021,512,985.8823460865739
2022,512,990.4714699202964
2023,512,990.4714699202964
2024,512,995.4108724253011
2025,512,1009.5285295096592
2016,513,999.9999999999912
2017,513,999.9999999999912
2018,513,999.9999999999912
2019,513,999.9999999999912
2020,513,999.9999999999912
2021,513,985.6220968349161
2022,513,999.9999999999912
2023,513,999.9999999999912
2024,513,1013.7612239738424
2025,513,1006.880613774019
2016,514,1000.0000000000268
2017,514,1000.0000000000268
2018,514,1000.0000000000268
2019,514,1000.0000000000268
2020,514,1000.0000000000268
2021,514,980.0955390010313
2022,514,1000.0000000000268
2023,514,1000.0000000000268
2024,514,1009.9522307252724
2025,514,1009.6057673177729
2016,515,1000.0000000000058
2017,515,1000.0000000000058
2018,515,1000.0000000000058
2019,515,1000.0000000000058
2020,515,990.4715528079527
2021,515,971.4146698625802
2022,515,1000.0000000000058
2023,515,1009.5284485222128
2024,515,1000.0000000000058
2025,515,1019.0568964768488
2016,516,999.999999999895
2017,516,999.999999999895
2018,516,999.999999999895
2019,516,1020.6417905365448
2020,516,1006.8805988257527
2021,516,993.1194028501099
2022,516,1013.7611940778096
2023,516,1020.6417905365448
2024,516,1026.3903159555737
2025,516,1020.6417905365448
2016,517,999.9999999999792
2017,517,999.9999999999792
2018,517,999.9999999999792
2019,517,1020.6417864613671
2020,517,999.9999999999792
2021,517,993.1194042097115
2022,517,1013.7611913619904
2023,517,1020.6417864613671
2024,517,1027.5223784575908
2025,517,1026.3902978793135
2016,518,999.999999999978
2017,518,999.999999999978
2018,518,999.999999999978
2019,518,1028.4839231309243
2020,518,990.5053664785415
2021,518,981.0107366875519
2022,518,1018.9892783546932
2023,518,1028.4839231309243
2024,518,1037.9785716401657
2025,518,1028.5854153981375
2016,519,999.9999999999344
2017,519,988.042431514111
2018,519,988.042431514111
2019,519,1006.880583385482
2020,519,993.119417262282
2021,519,986.2388319795053
2022,519,993.119417262282
2023,519,1006.880583385482
2024,519,1020.6417452435136
2025,519,1013.761163755269
2016,520,999.9999999999912
2017,520,986.2388530339244
2018,520,986.2388530339244
2019,520,1006.8805711169321
2020,520,993.1194265195478
2021,520,955.5566426651033
2022,520,999.9999999999912
2023,520,1006.8805711169321
2024,520,1006.8805711169321
2025,520,1013.7611427007193
2016,521,1000.0000000000351
2017,521,1000.0000000000351
2018,521,1000.0000000000351
2019,521,1009.4945457039825
2020,521,1000.0000000000351
2021,521,962.0218547277445
2022,521,1009.4945457039825
2023,521,1000.0000000000351
2024,521,1018.989095140942
2025,521,1018.989095140942
2016,522,999.9999999999136
2017,522,999.9999999999136
2018,522,999.9999999999136
2019,522,999.9999999999136
2020,522,993.1194430762773
2021,522,971.2438193392185
2022,522,1006.8805586001217
2023,522,1006.8805586001217
2024,522,1006.8805586001217
2025,522,1013.7611136256268
2016,523,1000.0000000000523
2017,523,1000.0000000000523
2018,523,1000.0000000000523
2019,523,1000.0000000000523
2020,523,986.2388852953935
2021,523,958.7166430886476
2022,523,1006.8805572416812
2023,523,1006.8805572416812
2024,523,1006.8805572416812
2025,523,1013.7611109090213
2016,524,1000.0000000000481
2017,524,1000.0000000000481
2018,524,1000.0000000000481
2019,524,1000.0000000000481
2020,524,980.7886777461471
2021,524,960.1909535477904
2022,524,1000.0000000000481
2023,524,1009.6056620831404
2024,524,1009.6056620831404
2025,524,1019.2113244485023
2016,525,1000.0000000000347
2017,525,1000.0000000000347
2018,525,1000.0000000000347
2019,525,1009.9463216378767
2020,525,990.0536790933403
2021,525,950.268381045019
2022,525,1009.9463216378767
2023,525,1019.8926440066348
2024,525,1009.9463240408854
2025,525,1019.8926481641648
2016,526,999.9999999999847
2017,526,999.9999999999847
2018,526,999.9999999999847
2019,526,1006.8805493768199
2020,526,993.1194523002945
2021,526,993.1194523002945
2022,526,999.9999999999847
2023,526,1006.8805493768199
2024,526,1006.8805493768199
2025,526,1013.7610951790369
2016,527,1000.0000000000382
2017,527,1000.0000000000382
2018,527,1000.0000000000382
2019,527,1000.0000000000382
2020,527,990.3943565511588
2021,527,970.1431850964351
2022,527,1000.0000000000382
2023,527,1009.6056442645029
2024,527,1009.9522718803277
2025,527,1009.9522718803277
2016,528,999.999999999984
2017,528,999.999999999984
2018,528,999.999999999984
2019,528,999.999999999984
2020,528,993.1194596286592
2021,528,973.6104063229958
2022,528,999.999999999984
2023,528,1013.7610805211478
2024,528,1013.7610805211478
2025,528,1013.7610805211478
2016,529,1000.0000000000563
2017,529,1000.0000000000563
2018,529,1000.0000000000563
2019,529,1000.0000000000563
2020,529,993.1194638280283
2021,529,1000.0000000000563
2022,529,1006.8805378496435
2023,529,1013.7610721241986
2024,529,1013.7610721241986
2025,529,1014.3781941167722
2016,530,999.9999999999612
2017,530,999.9999999999612
2018,530,999.9999999999612
2019,530,999.9999999999612
2020,530,990.3943728169621
2021,530,999.9999999999612
2022,530,1009.6056279976152
2023,530,1009.6056279976152
2024,530,1009.6056279976152
2025,530,1019.2112562775504
2016,531,1000.0000000000061
2017,531,1000.0000000000061
2018,531,1000.0000000000061
2019,531,1000.0000000000061
2020,531,985.6218020590965
2021,531,1006.8805355443446
2022,531,1013.7610675135658
2023,531,1013.7610675135658
2024,531,1013.7610675135658
2025,531,1020.641600688467
2016,532,1000.0000000000796
2017,532,977.8853764021954
2018,532,977.8853764021954
2019,532,1000.0000000000796
2020,532,992.2636043737532
2021,532,992.2636043737532
2022,532,1000.0000000000796
2023,532,1000.0000000000796
2024,532,1000.0000000000796
2025,532,1020.6415661587869
2016,533,999.9999999999989
2017,533,990.4718506768838
2018,533,990.4718506768838
2019,533,990.4718506768838
2020,533,990.4718506768838
2021,533,990.4718506768838
2022,533,990.4718506768838
2023,533,999.9999999999989
2024,533,999.9999999999989
2025,533,999.9999999999989
2016,534,1000.0000000000063
2017,534,993.1195013001329
2018,534,993.1195013001329
2019,534,993.1195013001329
2020,534,993.1195013001329
2021,534,993.1195013001329
2022,534,993.1195013001329
2023,534,1000.0000000000063
2024,534,1000.0000000000063
2025,534,1000.0000000000063
2016,535,1000.000000000056
2017,535,972.4780513492472
2018,535,972.4780513492472
2019,535,982.2294325782539
2020,535,986.2390278088925
2021,535,976.230051774274
2022,535,986.2390278088925
2023,535,986.2390278088925
2024,535,1000.000000000056
2025,535,990.608389953101
2016,536,1000.0000000000289
2017,536,964.1823261207933
2018,536,964.1823261207933
2019,536,1015.834463785398
2020,536,998.617076376412
2021,536,972.7910105782519
2022,536,990.0083852821907
2023,536,1024.443160100882
2024,536,1038.384399499347
2025,536,972.7910105782519
2016,537,999.9999999999279
2017,537,958.7171713240518
2018,537,958.7171713240518
2019,537,986.2390613780965
2020,537,979.3585901656679
2021,537,944.9562198931663
2022,537,958.7171713240518
2023,537,993.1195311585819
2024,537,996.545919404231
2025,537,989.9753087851043
2016,538,999.9999999999467
2017,538,985.0253035370496
2018,538,985.0253035370496
2019,538,1022.4620440255824
2020,538,1014.9746954623279
2021,538,970.0506086095389
2022,538,1014.9746954623279
2023,538,1022.4620440255824
2024,538,1037.4367387333245
2025,538,1037.4367387333245
2016,539,999.9999999998975
2017,539,975.8963326782355
2018,539,975.8963326782355
2019,539,1005.7354435236016
2020,539,995.7890725088789
2021,539,956.003595779635
2022,539,990.0536264913546
2023,539,1015.6818152715667
2024,539,1009.9463735925
2025,539,1009.9463735925
2016,540,999.9999999999934
2017,540,999.9999999999934
2018,540,999.9999999999934
2019,540,999.9999999999934
2020,540,1009.9463809425611
2021,540,980.1072403162198
2022,540,1009.9463831103927
2023,540,999.9999999999934
2024,540,1009.9463831103927
2025,540,1029.8391450264992
2016,541,999.9999999999736
2017,541,999.9999999999736
2018,541,999.9999999999736
2019,541,1009.9463815395854
2020,541,1009.9463837069518
2021,541,990.05361637659
2022,541,1009.9463837069518
2023,541,1009.9463815395854
2024,541,1019.8927638117416
2025,541,1039.7855305564872
2016,542,999.9999999999012
2017,542,999.9999999999012
2018,542,999.9999999999012
2019,542,1009.9463843039304
2020,542,1009.9463843039304
2021,542,990.0536157806289
2022,542,1009.9463843039304
2023,542,1019.8927650048433
2024,542,1029.8391486061312
2025,542,1039.7855377117573
2016,543,999.9999999999839
2017,543,999.9999999999839
2018,543,999.9999999999839
2019,543,1014.3785144810445
2020,543,1014.3785144810445
2021,543,986.2391000767528
2022,543,1014.3785144810445
2023,543,1020.6413436018744
2024,543,1027.5217879752888
2025,543,1041.282675556885
2016,544,1000.000000000027
2017,544,986.168500452481
2018,544,986.168500452481
2019,544,993.0842503091674
2020,544,993.0842503091674
2021,544,969.0052952474634
2022,544,993.0842503091674
2023,544,993.0842503091674
2024,544,993.0842503091674
2025,544,1006.9157471594741
2016,545,999.9999999999201
2017,545,999.9999999999201
2018,545,999.9999999999201
2019,545,999.9999999999201
2020,545,993.1195674176131
2021,545,999.9999999999201
2022,545,999.9999999999201
2023,545,999.9999999999201
2024,545,1006.8804342598711
2025,545,1014.3785812467825
2016,546,1000.0000000000342
2017,546,1000.0000000000342
2018,546,1000.0000000000342
2019,546,1000.0000000000342
2020,546,990.3945629798017
2021,546,1000.0000000000342
2022,546,1009.6054378388865
2023,546,990.3945629798017
2024,546,1028.8163143659813
2025,546,1038.421753054451
2016,547,1000.0000000000314
2017,547,1000.0000000000314
2018,547,1000.0000000000314
2019,547,1009.4941692482977
2020,547,1009.4941692482977
2021,547,1000.0000000000314
2022,547,1000.0000000000314
2023,547,1009.4941692482977
2024,547,1018.9883422317898
2025,547,1028.4825189456164
2016,548,999.9999999999851
2017,548,986.2391700810662
2018,548,986.2391700810662
2019,548,988.0446767811757
2020,548,999.9999999999851
2021,548,974.8507362759916
2022,548,979.3587540221841
2023,548,999.9999999999851
2024,548,999.9999999999851
2025,548,999.9999999999851
2016,549,1000.0000000000167
2017,549,981.5838134532003
2018,549,981.5838134532003
2019,549,1005.1523168956093
2020,549,997.2961484559562
2021,549,989.4399800895444
2022,549,981.5838134532003
2023,549,1005.1523168956093
2024,549,997.2961484559562
2025,549,997.2961484559562
2016,550,1000.0000000001181
2017,550,972.4784134560846
2018,550,972.4784134560846
2019,550,999.0716234364072
2020,550,993.1196058665494
2021,550,986.2392088636585
2022,550,979.3588123584341
2023,550,993.1196058665494
2024,550,1000.0000000001181
2025,550,1000.0000000001181
2016,551,1000.0000000000376
2017,551,964.8857443275728
2018,551,964.8857443275728
2019,551,990.053582927839
2020,551,994.7249833414396
2021,551,980.1071659380693
2022,551,980.1071659380693
2023,551,990.053582927839
2024,551,1014.617813023734
2025,551,1000.0000000000376
2016,552,1000.0000000000721
2017,552,979.3588636789333
2018,552,979.3588636789333
2019,552,993.1196213050217
2020,552,1000.0000000000721
2021,552,979.3588636789333
2022,552,979.3588636789333
2023,552,986.2392442751731
2024,552,1013.7607514511278
2025,552,1006.8803751164592
2016,553,999.9999999999833
2017,553,999.9999999999833
2018,553,999.9999999999833
2019,553,999.9999999999833
2020,553,1006.8803645941023
2021,553,999.9999999999833
2022,553,999.9999999999833
2023,553,999.9999999999833
2024,553,1020.6410878301941
2025,553,1006.8803645941023
2016,554,999.9999999999737
2017,554,999.9999999999737
2018,554,999.9999999999737
2019,554,999.9999999999737
2020,554,999.9999999999737
2021,554,999.9999999999737
2022,554,999.9999999999737
2023,554,999.9999999999737
2024,554,1019.8928594513895
2025,554,1009.9464293578951
2016,555,1000.0000000000069
2017,555,1000.0000000000069
2018,555,1000.0000000000069
2019,555,1006.8803636509576
2020,555,1006.8803636509576
2021,555,1000.0000000000069
2022,555,1006.8803636509576
2023,555,1006.8803636509576
2024,555,1020.6410849992379
2025,555,1013.7607237220138
2016,556,1000.0000000000142
2017,556,1000.0000000000142
2018,556,1000.0000000000142
2019,556,1000.0000000000142
2020,556,1000.0000000000142
2021,556,1000.0000000000142
2022,556,1000.0000000000142
2023,556,1000.0000000000142
2024,556,1014.3788359669435
2025,556,1020.6410809251024
2016,557,999.9999999999527
2017,557,999.9999999999527
2018,557,999.9999999999527
2019,557,999.9999999999527
2020,557,999.9999999999527
2021,557,999.9999999999527
2022,557,999.9999999999527
2023,557,999.9999999999527
2024,557,1018.9879779144882
2025,557,1028.4819724717418
2016,558,1000.000000000032
2017,558,1000.000000000032
2018,558,1000.000000000032
2019,558,993.1196452309966
2020,558,986.2392868823847
2021,558,993.1196452309966
2022,558,1000.000000000032
2023,558,993.1196452309966
2024,558,1000.000000000032
2025,558,1013.7607093165428
2016,559,999.9999999999701
2017,559,999.9999999999701
2018,559,999.9999999999701
2019,559,986.239289597105
2020,559,986.239289597105
2021,559,993.1196465883261
2022,559,999.9999999999701
2023,559,986.239289597105
2024,559,999.9999999999701
2025,559,1006.8803550895876
2016,560,999.9999999999343
2017,560,999.9999999999343
2018,560,999.9999999999343
2019,560,980.1071339499372
2020,560,980.1071339499372
2021,560,990.0535666077316
2022,560,999.9999999999343
2023,560,980.1071339499372
2024,560,999.9999999999343
2025,560,1009.9464341274769
2016,561,999.9999999999945
2017,561,999.9999999999945
2018,561,999.9999999999945
2019,561,993.1196475317986
2020,561,993.1196475317986
2021,561,999.9999999999945
2022,561,1006.8803541455056
2023,561,993.1196475317986
2024,561,1006.8803541455056
2025,561,1013.7607047114399
2016,562,999.999999999885
2017,562,999.999999999885
2018,562,999.999999999885
2019,562,990.0535653277839
2020,562,990.0535625075051
2021,562,990.0535653277839
2022,562,1009.9464354070943
2023,562,990.0535653277839
2024,562,1009.9464354070943
2025,562,1009.9464375749262
2016,563,1000.0000000000202
2017,563,1000.0000000000202
2018,563,1000.0000000000202
2019,563,1000.0000000000202
2020,563,993.1196484761294
2021,563,1000.0000000000202
2022,563,1013.7607028245857
2023,563,1000.0000000000202
2024,563,1013.7607028245857
2025,563,1014.3788704860096
2016,564,1000.0000000000591
2017,564,1000.0000000000591
2018,564,1000.0000000000591
2019,564,993.1196498339324
2020,564,993.1196498339324
2021,564,1000.0000000000591
2022,564,1000.0000000000591
2023,564,1000.0000000000591
2024,564,1013.7607001092665
2025,564,1006.8803518443292
2016,565,999.9999999999621
2017,565,999.9999999999621
2018,565,999.9999999999621
2019,565,990.0535605459858
2020,565,990.0535605459858
2021,565,990.0535605459858
2022,565,999.9999999999621
2023,565,999.9999999999621
2024,565,999.9999999999621
2025,565,999.9999999999621
2016,566,1000.0000000000431
2017,566,1000.0000000000431
2018,566,1000.0000000000431
2019,566,990.0535627681186
2020,566,990.0535627681186
2021,566,990.0535599480728
2022,566,1000.0000000000431
2023,566,1000.0000000000431
2024,566,1000.0000000000431
2025,566,1000.0000000000431
2016,567,999.9999999999764
2017,567,999.9999999999764
2018,567,999.9999999999764
2019,567,999.9999999999764
2020,567,999.9999999999764
2021,567,993.1196503634536
2022,567,999.9999999999764
2023,567,999.9999999999764
2024,567,999.9999999999764
2025,567,1006.8803513144724
2016,568,1000.0000000000058
2017,568,1000.0000000000058
2018,568,1000.0000000000058
2019,568,1000.0000000000058
2020,568,1009.52763117382
2021,568,1000.0000000000058
2022,568,1000.0000000000058
2023,568,1000.0000000000058
2024,568,1000.0000000000058
2025,568,1009.5276336519255
2016,569,1000.0000000000641
2017,569,1000.0000000000641
2018,569,1000.0000000000641
2019,569,1000.0000000000641
2020,569,1000.0000000000641
2021,569,1000.0000000000641
2022,569,1000.0000000000641
2023,569,1000.0000000000641
2024,569,1000.0000000000641
2025,569,1000.0000000000641
2016,570,999.9999999999436
2017,570,999.9999999999436
2018,570,999.9999999999436
2019,570,999.9999999999436
2020,570,999.9999999999436
2021,570,993.1196566222429
2022,570,999.9999999999436
2023,570,999.9999999999436
2024,570,1006.8803450563609
2025,570,999.9999999999436
2016,571,999.9999999999653
2017,571,999.9999999999653
2018,571,999.9999999999653
2019,571,993.1196597518585
2020,571,993.1196597518585
2021,571,993.1196597518585
2022,571,986.2393159240899
2023,571,999.9999999999653
2024,571,999.9999999999653
2025,571,999.9999999999653
2016,572,1000.0000000000499
2017,572,1000.0000000000499
2018,572,1000.0000000000499
2019,572,1000.0000000000499
2020,572,990.4723630543847
2021,572,1000.0000000000499
2022,572,980.9447255000764
2023,572,1000.0000000000499
2024,572,1000.0000000000499
2025,572,1009.4938982645076
2016,573,1000.0000000000523
2017,573,1000.0000000000523
2018,573,1000.0000000000523
2019,573,1000.0000000000523
2020,573,1000.0000000000523
2021,573,990.5061307800584
2022,573,981.0122652930766
2023,573,1000.0000000000523
2024,573,1000.0000000000523
2025,573,1009.4938730078964
2016,574,999.9999999999426
2017,574,999.9999999999426
2018,574,999.9999999999426
2019,574,999.9999999999426
2020,574,999.9999999999426
2021,574,986.8067180837095
2022,574,986.2393684811452
2023,574,999.9999999999426
2024,574,999.9999999999426
2025,574,999.9999999999426
2016,575,1000.0000000000496
2017,575,1000.0000000000496
2018,575,1000.0000000000496
2019,575,1000.0000000000496
2020,575,1009.4938608499534
2021,575,1000.0000000000496
2022,575,990.4724031970588
2023,575,1000.0000000000496
2024,575,1009.5275961977713
2025,575,1009.5275961977713
2016,576,1000.0000000000435
2017,576,1000.0000000000435
2018,576,1000.0000000000435
2019,576,1000.0000000000435
2020,576,1009.4938449562503
2021,576,990.5061588293564
2022,576,981.0123213902865
2023,576,1000.0000000000435
2024,576,1018.9876936466353
2025,576,1028.4815460681718
2016,577,999.9999999999837
2017,577,999.9999999999837
2018,577,999.9999999999837
2019,577,999.9999999999837
2020,577,999.9999999999837
2021,577,990.4724970554121
2022,577,990.472495150235
2023,577,999.9999999999837
2024,577,1009.5275067537457
2025,577,1019.0550173176322
2016,578,1000.0000000000044
2017,578,1000.0000000000044
2018,578,1000.0000000000044
2019,578,1000.0000000000044
2020,578,1000.0000000000044
2021,578,990.4724999285413
2022,578,990.4724999285413
2023,578,1000.0000000000044
2024,578,1000.0000000000044
2025,578,1009.5275019751347
2016,579,1000.0000000000712
2017,579,1000.0000000000712
2018,579,1000.0000000000712
2019,579,1000.0000000000712
2020,579,1000.0000000000712
2021,579,986.8068026280911
2022,579,986.8068026280911
2023,579,1000.0000000000712
2024,579,1000.0000000000712
2025,579,1000.0000000000712
2016,580,1000.0000000000244
2017,580,1000.0000000000244
2018,580,1000.0000000000244
2019,580,1009.5274761802269
2020,580,1000.0000000000244
2021,580,1000.0000000000244
2022,580,1000.0000000000244
2023,580,1009.5274761802269
2024,580,1009.5274761802269
2025,580,1009.5274761802269
2016,581,999.9999999999707
2017,581,999.9999999999707
2018,581,999.9999999999707
2019,581,999.9999999999707
2020,581,999.9999999999707
2021,581,999.9999999999707
2022,581,999.9999999999707
2023,581,999.9999999999707
2024,581,1009.5274714017747
2025,581,1009.5274714017747
2016,582,999.9999999999449
2017,582,999.9999999999449
2018,582,999.9999999999449
2019,582,999.9999999999449
2020,582,990.4725347094897
2021,582,999.9999999999449
2022,582,999.9999999999449
2023,582,999.9999999999449
2024,582,1009.5274666235804
2025,582,1009.5274666235804
2016,583,999.9999999999981
2017,583,999.9999999999981
2018,583,999.9999999999981
2019,583,999.9999999999981
2020,583,990.4724720141656
2021,583,999.9999999999981
2022,583,999.9999999999981
2023,583,999.9999999999981
2024,583,999.9999999999981
2025,583,1009.5275273818419
2016,584,1000.0000000000571
2017,584,1000.0000000000571
2018,584,1000.0000000000571
2019,584,1000.0000000000571
2020,584,1000.0000000000571
2021,584,1000.0000000000571
2022,584,1000.0000000000571
2023,584,1013.1930982934537
2024,584,1013.1930982934537
2025,584,1020.64085399906
2016,585,999.9999999999004
2017,585,999.9999999999004
2018,585,999.9999999999004
2019,585,1006.8802710009809
2020,585,1006.8802710009809
2021,585,1006.8802710009809
2022,585,1013.193003904848
2023,585,1013.7605384214975
2024,585,1020.6408070484376
2025,585,1013.7605384214975
2016,586,1000.0000000000573
2017,586,1000.0000000000573
2018,586,1000.0000000000573
2019,586,1013.1929472709261
2020,586,1013.1929472709261
2021,586,986.2394765555539
2022,586,1013.7605196415976
2023,586,1020.6407788773997
2024,586,1026.3858823255553
2025,586,1013.7605196415976
2016,587,999.9999999999688
2017,587,999.9999999999688
2018,587,999.9999999999688
2019,587,1013.7605169237833
2020,587,1013.7605169237833
2021,587,986.8070496291239
2022,587,1006.8802602523651
2023,587,1026.3858642426194
2024,587,1034.4012850760425
2025,587,1026.3858642426194
2016,588,999.9999999999928
2017,588,999.9999999999928
2018,588,999.9999999999928
2019,588,1019.0547539314923
2020,588,1019.0547539314923
2021,588,990.4726287490793
2022,588,1009.5273750605654
2023,588,1028.5821366158061
2024,588,1038.1094868837913
2025,588,1028.5821160237174
2016,589,999.9999999999917
2017,589,999.9999999999917
2018,589,999.9999999999917
2019,589,1009.5274333171501
2020,589,1009.5274333171501
2021,589,990.4725660758182
2022,589,1009.5274333171501
2023,589,1028.481133374637
2024,589,1037.974851964577
2025,589,1028.481133374637
2016,590,1000.0000000000667
2017,590,1000.0000000000667
2018,590,1000.0000000000667
2019,590,1013.7605044053472
2020,590,1013.1929004699382
2021,590,986.807087390648
2022,590,1026.3857887229121
2023,590,1020.6407560224039
2024,590,1034.4012537744236
2025,590,1027.5210045319216
2016,591,999.9999999999704
2017,591,999.9999999999704
2018,591,999.9999999999704
2019,591,1009.5273295654367
2020,591,1019.0546535990864
2021,591,999.9999999999704
2022,591,1019.0546629423077
2023,591,1019.0546629423077
2024,591,1028.5819795366328
2025,591,1019.0546535990864
2016,592,1000.0000000000476
2017,592,1000.0000000000476
2018,592,1000.0000000000476
2019,592,1009.5273878137815
2020,592,1009.4936643384676
2021,592,1000.0000000000476
2022,592,1018.9873324108333
2023,592,1018.9873324108333
2024,592,1019.0547750198015
2025,592,1019.0547750198015
2016,593,1000.000000000031
2017,593,1000.000000000031
2018,593,1000.000000000031
2019,593,1009.4936559183849
2020,593,1009.5273788272874
2021,593,990.5063478677787
2022,593,1000.000000000031
2023,593,1009.4936559183849
2024,593,1018.987315569639
2025,593,1018.987315569639
2016,594,999.9999999999502
2017,594,999.9999999999502
2018,594,999.9999999999502
2019,594,1009.5273698420054
2020,594,1009.5273698420054
2021,594,990.4726295537901
2022,594,990.5063562906763
2023,594,999.9999999999502
2024,594,1018.9872987272098
2025,594,1009.4936474975375
2016,595,1000.000000000012
2017,595,1000.000000000012
2018,595,1000.000000000012
2019,595,1009.5272978361194
2020,595,1009.5272978361194
2021,595,990.4727040724607
2022,595,1000.000000000012
2023,595,1000.000000000012
2024,595,1019.054590134823
2025,595,1009.5272953535905
2016,596,1000.0000000000032
2017,596,1000.0000000000032
2018,596,1000.0000000000032
2019,596,1009.5272798639409
2020,596,1009.5272773843224
2021,596,990.472722040547
2022,596,1000.0000000000032
2023,596,1000.0000000000032
2024,596,1009.5272798639409
2025,596,1009.5272773843224
2016,597,1000.00000000005
2017,597,1000.00000000005
2018,597,1000.00000000005
2019,597,1006.8802236320821
2020,597,1006.8802236320821
2021,597,986.2395525114532
2022,597,993.1197780464053
2023,597,1000.00000000005
2024,597,1006.8802236320821
2025,597,1006.8802236320821
2016,598,999.9999999999726
2017,598,999.9999999999726
2018,598,999.9999999999726
2019,598,1009.4936138123524
2020,598,1009.5273338951292
2021,598,981.012783684858
2022,598,999.9999999999726
2023,598,999.9999999999726
2024,598,1009.4936138123524
2025,598,1009.5273338951292
2016,599,999.9999999999476
2017,599,990.4727694276103
2018,599,990.4727694276103
2019,599,999.9999999999476
2020,599,990.4727694276103
2021,599,985.5672839079788
2022,599,990.4727694276103
2023,599,995.0945106140749
2024,599,1004.6217411314628
2025,599,1009.5272299994762
2016,600,1000.0000000000755
2017,600,1000.0000000000755
2018,600,1000.0000000000755
2019,600,1000.0000000000755
2020,600,993.1198112407411
2021,600,993.1198112407411
2022,600,1000.0000000000755
2023,600,1000.0000000000755
2024,600,993.1198112407411
2025,600,1006.8801904388696
2016,601,999.9999999999706
2017,601,999.9999999999706
2018,601,999.9999999999706
2019,601,999.9999999999706
2020,601,990.5064797756111
2021,601,990.5064797756111
2022,601,999.9999999999706
2023,601,999.9999999999706
2024,601,999.9999999999706
2025,601,1009.4935240106646
2016,602,999.9999999999634
2017,602,999.9999999999634
2018,602,999.9999999999634
2019,602,993.1198157283324
2020,602,993.1198157283324
2021,602,993.1198157283324
2022,602,999.9999999999634
2023,602,999.9999999999634
2024,602,999.9999999999634
2025,602,999.9999999999634
2016,603,999.9999999999546
2017,603,999.9999999999546
2018,603,999.9999999999546
2019,603,999.9999999999546
2020,603,999.9999999999546
2021,603,999.9999999999546
2022,603,999.9999999999546
2023,603,999.9999999999546
2024,603,999.9999999999546
2025,603,999.9999999999546
2016,604,1000.0000000000819
2017,604,1000.0000000000819
2018,604,1000.0000000000819
2019,604,1000.0000000000819
2020,604,1000.0000000000819
2021,604,1000.0000000000819
2022,604,1006.8801832340822
2023,604,1013.192468594453
2024,604,1000.0000000000819
2025,604,1006.8801832340822
2016,605,999.9999999999358
2017,605,999.9999999999358
2018,605,999.9999999999358
2019,605,999.9999999999358
2020,605,999.9999999999358
2021,605,999.9999999999358
2022,605,1006.8801818762089
2023,605,1013.7603601705051
2024,605,999.9999999999358
2025,605,1006.8801818762089
2016,606,1000.0000000000543
2017,606,1000.0000000000543
2018,606,1000.0000000000543
2019,606,1000.0000000000543
2020,606,1000.0000000000543
2021,606,1000.0000000000543
2022,606,1006.8801805180941
2023,606,1013.760357454083
2024,606,1013.192450508221
2025,606,1013.192450508221
2016,607,1000.0000000000001
2017,607,1000.0000000000001
2018,607,1000.0000000000001
2019,607,1009.5271412705805
2020,607,1009.5271412705805
2021,607,1009.5271412705805
2022,607,1009.5271437500829
2023,607,1019.0542913108754
2024,607,1019.0542819653228
2025,607,1019.0542819653228
2016,608,999.9999999999532
2017,608,999.9999999999532
2018,608,999.9999999999532
2019,608,1009.5271364905292
2020,608,999.9999999999532
2021,608,1009.5271364905292
2022,608,1009.5271364905292
2023,608,1019.0542724051503
2024,608,1019.0542724051503
2025,608,1019.0542724051503
2016,609,1000.0000000001104
2017,609,1000.0000000001104
2018,609,1000.0000000001104
2019,609,1000.0000000001104
2020,609,1000.0000000001104
2021,609,1006.8801756150402
2022,609,1013.1924217873524
2023,609,1013.7603476478341
2024,609,1013.1924217873524
2025,609,1026.3848313557114
2016,610,999.9999999999533
2017,610,999.9999999999533
2018,610,999.9999999999533
2019,610,999.9999999999533
2020,610,1009.527122722807
2021,610,1009.527122722807
2022,610,1009.5271252028914
2023,610,1019.0542448728487
2024,610,1019.0542448728487
2025,610,1028.5813664470522
2016,611,1000.0000000000357
2017,611,1000.0000000000357
2018,611,1000.0000000000357
2019,611,1000.0000000000357
2020,611,1000.0000000000357
2021,611,1009.4934744243916
2022,611,1009.4934744243916
2023,611,1018.9869525831587
2024,611,1009.5271833971241
2025,611,1019.0543661873154
2016,612,999.999999999968
2017,612,999.999999999968
2018,612,999.999999999968
2019,612,999.999999999968
2020,612,999.999999999968
2021,612,1006.8801675797157
2022,612,1006.8801675797157
2023,612,1013.7603315772426
2024,612,1013.7603315772426
2025,612,1013.7603315772426
2016,613,1000.0000000000052
2017,613,1000.0000000000052
2018,613,1000.0000000000052
2019,613,1009.5271047507443
2020,613,1009.5271047507443
2021,613,1009.5271072336225
2022,613,1009.5271072336225
2023,613,1019.0542182786475
2024,613,1019.0542182786475
2025,613,1019.0542182786475
2016,614,1000.0000000000434
2017,614,1000.0000000000434
2018,614,1000.0000000000434
2019,614,1000.0000000000434
2020,614,1000.0000000000434
2021,614,1000.0000000000434
2022,614,1000.0000000000434
2023,614,1009.4934491573756
2024,614,1009.4934491573756
2025,614,1009.5271564337834
2016,615,1000.0000000000681
2017,615,1000.0000000000681
2018,615,1000.0000000000681
2019,615,1000.0000000000681
2020,615,1000.0000000000681
2021,615,993.1198434924073
2022,615,1000.0000000000681
2023,615,1000.0000000000681
2024,615,1000.0000000000681
2025,615,1006.8801581862015
2016,616,999.9999999999885
2017,616,999.9999999999885
2018,616,999.9999999999885
2019,616,1009.5270777919022
2020,616,1009.5270777919022
2021,616,999.9999999999885
2022,616,999.9999999999885
2023,616,1009.5270777919022
2024,616,1009.5270777919022
2025,616,1009.5270802719895
2016,617,999.9999999999923
2017,617,999.9999999999923
2018,617,999.9999999999923
2019,617,999.9999999999923
2020,617,999.9999999999923
2021,617,993.1198466232997
2022,617,999.9999999999923
2023,617,999.9999999999923
2024,617,999.9999999999923
2025,617,999.9999999999923
2016,618,999.9999999999874
2017,618,999.9999999999874
2018,618,999.9999999999874
2019,618,1006.8801536979172
2020,618,1006.8801536979172
2021,618,999.9999999999874
2022,618,999.9999999999874
2023,618,1006.8801536979172
2024,618,1006.8801536979172
2025,618,1006.8801536979172
2016,619,999.9999999999694
2017,619,999.9999999999694
2018,619,999.9999999999694
2019,619,999.9999999999694
2020,619,999.9999999999694
2021,619,999.9999999999694
2022,619,999.9999999999694
2023,619,999.9999999999694
2024,619,1009.946489682932
2025,619,1009.946489682932
2016,620,1000.0000000000614
2017,620,1835.5077532130595
2018,620,1835.5077532130595
2019,620,1000.0000000000614
2020,620,1000.0000000000614
2021,620,1000.0000000000614
2022,620,1000.0000000000614
2023,620,1009.9464902831115
2024,620,1845.4543054109386
2025,620,1865.3474120199394
2016,621,999.9999999999818
2017,621,999.9999999999818
2018,621,999.9999999999818
2019,621,999.9999999999818
2020,621,999.9999999999818
2021,621,999.9999999999818
2022,621,999.9999999999818
2023,621,1013.7602883463934
2024,621,1014.3794622742972
2025,621,1020.6404319344243
2016,622,999.9999999999553
2017,622,990.4729936902285
2018,622,990.4729936902285
2019,622,990.4729936902285
2020,622,990.4729936902285
2021,622,990.4729936902285
2022,622,990.4729936902285
2023,622,990.4729936902285
2024,622,999.9999999999553
2025,622,999.9999999999553
2016,623,1000.0000000000169
2017,623,1000.0000000000169
2018,623,1000.0000000000169
2019,623,1000.0000000000169
2020,623,1000.0000000000169
2021,623,1000.0000000000169
2022,623,1000.0000000000169
2023,623,1009.5269418376023
2024,623,1000.0000000000169
2025,623,1009.5269418376023
2016,624,999.9999999999484
2017,624,999.9999999999484
2018,624,999.9999999999484
2019,624,999.9999999999484
2020,624,999.9999999999484
2021,624,999.9999999999484
2022,624,999.9999999999484
2023,624,1009.526937056372
2024,624,999.9999999999484
2025,624,1009.526937056372
2016,625,1000.0000000000183
2017,625,1000.0000000000183
2018,625,1000.0000000000183
2019,625,1000.0000000000183
2020,625,1000.0000000000183
2021,625,1000.0000000000183
2022,625,1000.0000000000183
2023,625,1000.0000000000183
2024,625,1000.0000000000183
2025,625,1009.5269322752836
2016,626,999.9999999999818
2017,626,999.9999999999818
2018,626,999.9999999999818
2019,626,999.9999999999818
2020,626,999.9999999999818
2021,626,999.9999999999818
2022,626,999.9999999999818
2023,626,999.9999999999818
2024,626,999.9999999999818
2025,626,1009.5269274939723
2016,627,999.9999999999502
2017,627,999.9999999999502
2018,627,999.9999999999502
2019,627,999.9999999999502
2020,627,999.9999999999502
2021,627,999.9999999999502
2022,627,999.9999999999502
2023,627,999.9999999999502
2024,627,999.9999999999502
2025,627,1009.5269227127823
2016,628,999.999999999989
2017,628,999.999999999989
2018,628,999.999999999989
2019,628,999.999999999989
2020,628,999.999999999989
2021,628,999.999999999989
2022,628,999.999999999989
2023,628,999.999999999989
2024,628,999.999999999989
2025,628,1009.526917931427
2016,629,1241.5754971138363
2017,629,1262.582022889089
2018,629,1262.582022889089
2019,629,1262.582022889089
2020,629,1258.92756296339
2021,629,1262.582022889089
2022,629,1258.92756296339
2023,629,1258.92756296339
2024,629,1252.0787607563427
2025,629,1252.0787607563427
2016,630,1000.0000000000251
2017,630,1000.0000000000251
2018,630,1000.0000000000251
2019,630,1000.0000000000251
2020,630,1000.0000000000251
2021,630,1000.0000000000251
2022,630,990.4731059751026
2023,630,1000.0000000000251
2024,630,1009.5268934500406
2025,630,1000.0000000000251
2016,631,999.999999999966
2017,631,999.999999999966
2018,631,999.999999999966
2019,631,999.999999999966
2020,631,999.999999999966
2021,631,999.999999999966
2022,631,999.999999999966
2023,631,999.999999999966
2024,631,1009.5268886685901
2025,631,999.999999999966
2016,632,1000.0000000000203
2017,632,1000.0000000000203
2018,632,1000.0000000000203
2019,632,1000.0000000000203
2020,632,1000.0000000000203
2021,632,1000.0000000000203
2022,632,1000.0000000000203
2023,632,1000.0000000000203
2024,632,1009.526883887134
2025,632,1000.0000000000203
2016,633,1000.0000000000001
2017,633,1000.0000000000001
2018,633,1000.0000000000001
2019,633,1000.0000000000001
2020,633,1000.0000000000001
2021,633,1000.0000000000001
2022,633,1000.0000000000001
2023,633,1000.0000000000001
2024,633,1009.526879105839
2025,633,1000.0000000000001
2016,634,1198.9298705403123
2017,634,1338.1806044748628
2018,634,1338.1806044748628
2019,634,1338.1806044748628
2020,634,1338.1806044748628
2021,634,1338.1806044748628
2022,634,1338.1806044748628
2023,634,1338.1806044748628
2024,634,1179.0368967547086
2025,634,1075.6144006914856
2016,635,1000.0000000000423
2017,635,1000.0000000000423
2018,635,1000.0000000000423
2019,635,1000.0000000000423
2020,635,1000.0000000000423
2021,635,990.4731256756165
2022,635,1000.0000000000423
2023,635,1000.0000000000423
2024,635,1000.0000000000423
2025,635,1000.0000000000423
2016,636,1000.0000000000207
2017,636,1000.0000000000207
2018,636,1000.0000000000207
2019,636,1000.0000000000207
2020,636,1000.0000000000207
2021,636,990.473130457219
2022,636,1000.0000000000207
2023,636,1000.0000000000207
2024,636,1000.0000000000207
2025,636,1000.0000000000207
2016,637,999.9999999999936
2017,637,999.9999999999936
2018,637,999.9999999999936
2019,637,999.9999999999936
2020,637,999.9999999999936
2021,637,990.4731352387028
2022,637,999.9999999999936
2023,637,999.9999999999936
2024,637,999.9999999999936
2025,637,999.9999999999936
2016,638,1000.000000000014
2017,638,1000.000000000014
2018,638,1000.000000000014
2019,638,1000.000000000014
2020,638,1000.000000000014
2021,638,990.4731400204635
2022,638,1000.000000000014
2023,638,1000.000000000014
2024,638,1000.000000000014
2025,638,1000.000000000014
2016,639,999.9999999999685
2017,639,999.9999999999685
2018,639,999.9999999999685
2019,639,999.9999999999685
2020,639,999.9999999999685
2021,639,990.4731448017701
2022,639,999.9999999999685
2023,639,999.9999999999685
2024,639,999.9999999999685
2025,639,999.9999999999685
2016,640,1000.0000000000329
2017,640,1000.0000000000329
2018,640,1000.0000000000329
2019,640,1000.0000000000329
2020,640,1000.0000000000329
2021,640,1009.5268025994073
2022,640,990.4731968259869
2023,640,1000.0000000000329
2024,640,1009.5268025994073
2025,640,1019.0536046239881
2016,641,1000.0000000000202
2017,641,1000.0000000000202
2018,641,1000.0000000000202
2019,641,1000.0000000000202
2020,641,1000.0000000000202
2021,641,1009.5267978175777
2022,641,990.4732016077883
2023,641,1000.0000000000202
2024,641,1009.5267978175777
2025,641,1019.0535950603445
2016,642,1000.0000000000312
2017,642,1000.0000000000312
2018,642,1000.0000000000312
2019,642,1000.0000000000312
2020,642,1000.0000000000312
2021,642,1000.0000000000312
2022,642,1000.0000000000312
2023,642,1000.0000000000312
2024,642,1009.5267542051874
2025,642,1009.5267542051874
2016,643,999.9999999999554
2017,643,999.9999999999554
2018,643,999.9999999999554
2019,643,999.9999999999554
2020,643,999.9999999999554
2021,643,999.9999999999554
2022,643,999.9999999999554
2023,643,999.9999999999554
2024,643,1019.0534982716491
2025,643,1019.0534982716491
2016,644,1000.0000000000314
2017,644,1000.0000000000314
2018,644,1000.0000000000314
2019,644,1009.5267446410525
2020,644,1000.0000000000314
2021,644,1000.0000000000314
2022,644,1000.0000000000314
2023,644,1009.5267446410525
2024,644,1019.0534887075124
2025,644,1019.0534887075124
2016,645,999.9999999999991
2017,645,999.9999999999991
2018,645,999.9999999999991
2019,645,999.9999999999991
2020,645,999.9999999999991
2021,645,990.4732649232379
2022,645,999.9999999999991
2023,645,1009.5267345020859
2024,645,1009.5267345020859
2025,645,1009.5267345020859
2016,646,1000.0000000000534
2017,646,1000.0000000000534
2018,646,1000.0000000000534
2019,646,1000.0000000000534
2020,646,1000.0000000000534
2021,646,990.4732697054975
2022,646,1000.0000000000534
2023,646,1009.5267297200514
2024,646,1009.5267297200514
2025,646,1009.5267297200514
2016,647,1000.0000000000126
2017,647,1000.0000000000126
2018,647,1000.0000000000126
2019,647,1000.0000000000126
2020,647,1000.0000000000126
2021,647,990.4732744875487
2022,647,1000.0000000000126
2023,647,1009.5267249376859
2024,647,1009.5267249376859
2025,647,1009.5267249376859
2016,648,1677.1957573067152
2017,648,1677.1957573067152
2018,648,1677.1957573067152
2019,648,1677.1957573067152
2020,648,1677.1957573067152
2021,648,1677.1957573067152
2022,648,1677.1957573067152
2023,648,1672.2253364776827
2024,648,1667.2370014503304
2025,648,1661.7218647176696
2016,649,1000.0000000000219
2017,649,1000.0000000000219
2018,649,1000.0000000000219
2019,649,980.9466272159824
2020,649,980.9466272159824
2021,649,980.9466272159824
2022,649,980.9466272159824
2023,649,1000.0000000000219
2024,649,1000.0000000000219
2025,649,1000.0000000000219
2016,650,999.9999999999909
2017,650,999.9999999999909
2018,650,999.9999999999909
2019,650,990.4733186777452
2020,650,980.9466367809416
2021,650,980.9466367809416
2022,650,980.9466367809416
2023,650,999.9999999999909
2024,650,999.9999999999909
2025,650,999.9999999999909
2016,651,1000.0000000000526
2017,651,1000.0000000000526
2018,651,1000.0000000000526
2019,651,986.8085095297331
2020,651,973.6170068382893
2021,651,986.8085095297331
2022,651,986.8085095297331
2023,651,1000.0000000000526
2024,651,1000.0000000000526
2025,651,1000.0000000000526
2016,652,999.9999999999776
2017,652,999.9999999999776
2018,652,999.9999999999776
2019,652,990.4733850591718
2020,652,990.4733850591718
2021,652,990.4733850591718
2022,652,990.4733869653996
2023,652,990.4733850591718
2024,652,999.9999999999776
2025,652,1009.5266143662254
2016,653,999.9999999999563
2017,653,999.9999999999563
2018,653,999.9999999999563
2019,653,990.4733898419403
2020,653,990.4733898419403
2021,653,990.4733898419403
2022,653,990.4733898419403
2023,653,990.4733898419403
2024,653,999.9999999999563
2025,653,1009.5266095835308
2016,654,1000.0000000000032
2017,654,1000.0000000000032
2018,654,1000.0000000000032
2019,654,990.4733946247378
2020,654,990.4733946247378
2021,654,990.4733946247378
2022,654,990.4733946247378
2023,654,990.4733946247378
2024,654,1000.0000000000032
2025,654,1009.5266048005974
2016,655,999.9999999999801
2017,655,990.4734378819774
2018,655,990.4734378819774
2019,655,999.9999999999801
2020,655,990.4734378819774
2021,655,990.4734378819774
2022,655,990.4734378819774
2023,655,990.4734378819774
2024,655,999.9999999999801
2025,655,1019.0531225120791
2016,656,999.9999999999968
2017,656,999.9999999999968
2018,656,999.9999999999968
2019,656,999.9999999999968
2020,656,990.4734807187067
2021,656,999.9999999999968
2022,656,990.4734807187067
2023,656,999.9999999999968
2024,656,999.9999999999968
2025,656,1009.5265187066128
2016,657,1427.6995451789762
2017,657,1368.0205481043995
2018,657,1368.0205481043995
2019,657,1358.0740483009465
2020,657,1328.2345483920542
2021,657,1348.1275484138991
2022,657,1348.1275484138991
2023,657,1477.4320404543423
2024,657,1497.3250379823642
2025,657,1497.3250379823642
2016,658,1000.0000000000398
2017,658,1000.0000000000398
2018,658,1000.0000000000398
2019,658,990.4734860766172
2020,658,980.9469715787502
2021,658,1000.0000000000398
2022,658,980.9469715787502
2023,658,1000.0000000000398
2024,658,990.4734860766172
2025,658,1000.0000000000398
2016,659,1000.0000000000496
2017,659,1000.0000000000496
2018,659,1000.0000000000496
2019,659,990.4734908599983
2020,659,990.4734908599983
2021,659,1000.0000000000496
2022,659,990.4734908599983
2023,659,1000.0000000000496
2024,659,990.4734908599983
2025,659,1009.5265085656594
2016,660,999.9999999999447
2017,660,999.9999999999447
2018,660,999.9999999999447
2019,660,990.4734956430289
2020,660,990.4734956430289
2021,660,999.9999999999447
2022,660,990.4734956430289
2023,660,999.9999999999447
2024,660,990.4734956430289
2025,660,1009.5265037823028
2016,661,1000.0000000000018
2017,661,1000.0000000000018
2018,661,1000.0000000000018
2019,661,990.4735004263437
2020,661,990.4735004263437
2021,661,1000.0000000000018
2022,661,990.4735004263437
2023,661,1000.0000000000018
2024,661,990.4735004263437
2025,661,1009.5264989988691
2016,662,999.999999999945
2017,662,999.999999999945
2018,662,999.999999999945
2019,662,990.4735052096579
2020,662,990.4735052096579
2021,662,990.4735071165813
2022,662,990.4735052096579
2023,662,999.999999999945
2024,662,990.4735052096579
2025,662,1009.526494215674
2016,663,1000.0000000000385
2017,663,1000.0000000000385
2018,663,1000.0000000000385
2019,663,990.4734445620794
2020,663,990.4734445620794
2021,663,990.4734445620794
2022,663,990.4734445620794
2023,663,1000.0000000000385
2024,663,990.4734445620794
2025,663,1000.0000000000385
2016,664,999.9999999999619
2017,664,999.9999999999619
2018,664,999.9999999999619
2019,664,999.9999999999619
2020,664,999.9999999999619
2021,664,999.9999999999619
2022,664,999.9999999999619
2023,664,1009.5264804403092
2024,664,999.9999999999619
2025,664,1009.5264804403092
2016,665,1000.0000000000026
2017,665,1000.0000000000026
2018,665,1000.0000000000026
2019,665,1000.0000000000026
2020,665,1000.0000000000026
2021,665,1000.0000000000026
2022,665,1000.0000000000026
2023,665,1009.5264756568598
2024,665,1000.0000000000026
2025,665,1009.5264756568598
2016,666,999.9999999999429
2017,666,999.9999999999429
2018,666,999.9999999999429
2019,666,999.9999999999429
2020,666,999.9999999999429
2021,666,999.9999999999429
2022,666,999.9999999999429
2023,666,1009.5264708733131
2024,666,999.9999999999429
2025,666,1009.5264708733131
2016,667,999.9999999999945
2017,667,999.9999999999945
2018,667,999.9999999999945
2019,667,999.9999999999945
2020,667,999.9999999999945
2021,667,999.9999999999945
2022,667,999.9999999999945
2023,667,1009.5264660898775
2024,667,999.9999999999945
2025,667,1009.5264660898775
2016,668,999.9999999999751
2017,668,999.9999999999751
2018,668,999.9999999999751
2019,668,999.9999999999751
2020,668,990.4735400224132
2021,668,999.9999999999751
2022,668,999.9999999999751
2023,668,1009.5264613064131
2024,668,990.4735400224132
2025,668,1009.5264613064131
2016,669,999.9999999999687
2017,669,999.9999999999687
2018,669,999.9999999999687
2019,669,999.9999999999687
2020,669,990.4735538016663
2021,669,999.9999999999687
2022,669,999.9999999999687
2023,669,999.9999999999687
2024,669,999.9999999999687
2025,669,1009.5264475304068
2016,670,1791.4382233111812
2017,670,1791.4382233111812
2018,670,1791.4382233111812
2019,670,1817.8187398720322
2020,670,1817.8187398720322
2021,670,1817.8187398720322
2022,670,1751.8673569456157
2023,670,1804.6284876895675
2024,670,1831.0089798290833
2025,670,1844.1992075605501
2016,671,1804.6279355651238
2017,671,1817.8181786969703
2018,671,1817.8181786969703
2019,671,1857.3888347327027
2020,671,1844.1986282799737
2021,671,1857.3888347327027
2022,671,1791.4376802413894
2023,671,1844.1986282799737
2024,671,1857.3888347327027
2025,671,1870.5790289616627
2016,672,1844.1980489645089
2017,672,1844.1980489645089
2018,672,1844.1980489645089
2019,672,1883.7686044869422
2020,672,1870.5784315373585
2021,672,1883.7686044869422
2022,672,1844.1980489645089
2023,672,1883.7686044869422
2024,672,1896.9587652087232
2025,672,1896.9587652087232
2016,673,999.999999999963
2017,673,990.4736107750975
2018,673,990.4736107750975
2019,673,999.999999999963
2020,673,990.4736107750975
2021,673,990.4736107750975
2022,673,990.4736107750975
2023,673,999.999999999963
2024,673,999.999999999963
2025,673,999.999999999963
2016,674,999.9999999999815
2017,674,999.9999999999815
2018,674,999.9999999999815
2019,674,999.9999999999815
2020,674,990.4736649819599
2021,674,990.4736649819599
2022,674,990.4736649819599
2023,674,1009.5263344419318
2024,674,1009.5263344419318
2025,674,1009.5263344419318
2016,675,1000.0000000000365
2017,675,1000.0000000000365
2018,675,1000.0000000000365
2019,675,1000.0000000000365
2020,675,1000.0000000000365
2021,675,1000.0000000000365
2022,675,1000.0000000000365
2023,675,1019.0526587410126
2024,675,1009.52632965792
2025,675,1019.0526587410126
2016,676,1075.6409554205595
2017,676,1228.769559435435
2018,676,1228.769559435435
2019,676,1228.769559435435
2020,676,1228.769559435435
2021,676,1218.8230649605964
2022,676,1218.8230649605964
2023,676,1075.6409554205595
2024,676,1208.8765697487854
2025,676,1075.6409554205595
2016,677,1000.0000000000575
2017,677,1000.0000000000575
2018,677,1000.0000000000575
2019,677,1304.8420927143618
2020,677,1295.3157862150636
2021,677,1314.3683986396845
2022,677,1000.0000000000575
2023,677,1314.3683986396845
2024,677,1285.789479140858
2025,677,1314.3683986396845
2016,678,1238.7160408002103
2017,678,1238.7161692039974
2018,678,1238.7161692039974
2019,678,1238.7161692039974
2020,678,1248.6625332849137
2021,678,1238.7160408002103
2022,678,1974.7573893862989
2023,678,1228.7695475778376
2024,678,1228.7695475778376
2025,678,1218.8230536187289
2016,679,1285.7893183890253
2017,679,1304.8419212451147
2018,679,1304.8419212451147
2019,679,1304.8419212451147
2020,679,1295.3156201039417
2021,679,1314.368221812312
2022,679,1295.3156201039417
2023,679,1314.368221812312
2024,679,1285.7893183890253
2025,679,1314.368221812312
2016,680,1915.078340949085
2017,680,1576.8963417540772
2018,680,1576.8963417540772
2019,680,1258.609011583579
2020,680,1984.70383807988
2021,680,1576.8963417540772
2022,680,1944.9178402186233
2023,680,1984.70383807988
2024,680,1248.6625203529502
2025,680,1238.716028384885
2016,681,1875.2922879649034
2017,681,1895.1852870262355
2018,681,1895.1852870262355
2019,681,1905.1317864318623
2020,681,1895.1852870262355
2021,681,1815.613288786078
2022,681,1895.1852870262355
2023,681,1905.1317864318623
2024,681,1944.917783223324
2025,681,1248.662505373392
2016,682,1845.4527377568543
2017,682,1785.7737406811636
2018,682,1785.7737406811636
2019,682,1775.82724087772
2020,682,1745.987740968155
2021,682,1765.8807409904489
2022,682,1765.8807409904489
2023,682,1895.1852330333404
2024,682,1915.0782305618095
2025,682,1915.0782305618095
2016,683,1825.559689273252
2017,683,1775.8271940863601
2018,683,1775.8271940863601
2019,683,1745.9876959764144
2020,683,1736.0411964399461
2021,683,1736.0411964399461
2022,683,1745.9876959764144
2023,683,1775.8271940863601
2024,683,1775.8271940863601
2025,683,1775.8271940863601
2016,684,999.9999999998953
2017,684,1736.0411520491778
2018,684,1736.0411520491778
2019,684,999.9999999998953
2020,684,999.9999999998953
2021,684,1009.9465050897096
2022,684,990.0534948262554
2023,684,1009.9465050897096
2024,684,1736.0411520491778
2025,684,1736.0411520491778
2016,685,1000.0000000000496
2017,685,1000.0000000000496
2018,685,1000.0000000000496
2019,685,1000.0000000000496
2020,685,1000.0000000000496
2021,685,1009.9465044908575
2022,685,990.0534954263472
2023,685,1009.9465044908575
2024,685,1000.0000000000496
2025,685,1009.9465044908575
2016,686,1238.1610555042919
2017,686,1257.2139257767612
2018,686,1257.2139257767612
2019,686,1257.2139257767612
2020,686,1247.6874909026835
2021,686,1266.740360127586
2022,686,1247.6874909026835
2023,686,1266.740360127586
2024,686,1238.1610555042919
2025,686,1266.740360127586
2016,687,1000.0000000000979
2017,687,1000.0000000000979
2018,687,1000.0000000000979
2019,687,1009.6043465293534
2020,687,1009.6043465293534
2021,687,1009.6043465293534
2022,687,990.0475114561208
2023,687,1009.6043465293534
2024,687,1009.6043465293534
2025,687,1009.6043465293534
2016,688,1000.0000000000831
2017,688,1000.0000000000831
2018,688,1000.0000000000831
2019,688,1009.9464948132255
2020,688,1009.9464948132255
2021,688,1009.9464969847851
2022,688,980.107010123717
2023,688,1009.9464948132255
2024,688,1009.9464948132255
2025,688,1009.9464948132255
2016,689,1316.5813030819543
2017,689,1330.234873125571
2018,689,1330.234873125571
2019,689,1329.772343422467
2020,689,1329.772343422467
2021,689,1323.3549537076658
2022,689,1323.3549537076658
2023,689,1316.475037873967
2024,689,1316.475037873967
2025,689,1309.595120448689
2016,690,999.9999999999026
2017,690,999.9999999999026
2018,690,999.9999999999026
2019,690,1009.9464917325918
2020,690,1009.9464917325918
2021,690,1009.9464917325918
2022,690,999.9999999999026
2023,690,1009.9464917325918
2024,690,1009.9464917325918
2025,690,1009.9464917325918
2016,691,999.9999999999205
2017,691,999.9999999999205
2018,691,999.9999999999205
2019,691,1009.9464911331829
2020,691,1009.9464911331829
2021,691,1009.9464911331829
2022,691,999.9999999999205
2023,691,1009.9464911331829
2024,691,1009.9464911331829
2025,691,1009.9464911331829
2016,692,1000.0000000000183
2017,692,1000.0000000000183
2018,692,1000.0000000000183
2019,692,1009.9464905347921
2020,692,1009.9464905347921
2021,692,1009.9464905347921
2022,692,1000.0000000000183
2023,692,1009.9464905347921
2024,692,1009.9464905347921
2025,692,1009.9464905347921
2016,693,999.9999999999264
2017,693,999.9999999999264
2018,693,999.9999999999264
2019,693,1009.9464899345768
2020,693,1009.9464899345768
2021,693,1009.9464899345768
2022,693,999.9999999999264
2023,693,1009.9464899345768
2024,693,999.9999999999264
2025,693,1009.9464899345768
2016,694,999.9999999999948
2017,694,999.9999999999948
2018,694,999.9999999999948
2019,694,1009.5264443826416
2020,694,999.9999999999948
2021,694,1019.0528882405181
2022,694,999.9999999999948
2023,694,1019.0528882405181
2024,694,999.9999999999948
2025,694,1019.0528882405181
2016,695,999.9999999998984
2017,695,1021.1966489653505
2018,695,1021.1966489653505
2019,695,1021.1966489653505
2020,695,1021.1717465046521
2021,695,1031.7949707065773
2022,695,1010.5983247739958
2023,695,1021.1966489653505
2024,695,1021.1717465046521
2025,695,1031.7949707065773
2016,696,1000.000000000028
2017,696,1000.000000000028
2018,696,1000.000000000028
2019,696,1000.000000000028
2020,696,1000.000000000028
2021,696,1009.5263651914861
2022,696,980.9472680493179
2023,696,1009.5263651914861
2024,696,1000.000000000028
2025,696,1009.5263651914861
2016,697,1000.0000000000083
2017,697,1000.0000000000083
2018,697,1000.0000000000083
2019,697,1000.0000000000083
2020,697,1000.0000000000083
2021,697,1009.5262219149025
2022,697,971.4213308119392
2023,697,1009.5262219149025
2024,697,1000.0000000000083
2025,697,1009.5262219149025
2016,698,999.9999999999924
2017,698,999.9999999999924
2018,698,999.9999999999924
2019,698,1009.9464823621626
2020,698,1009.9464823621626
2021,698,1019.892964642368
2022,698,990.053517553764
2023,698,1019.892964642368
2024,698,1009.9464823621626
2025,698,1019.892964642368
2016,699,999.9999999999661
2017,699,999.9999999999661
2018,699,999.9999999999661
2019,699,999.9999999999661
2020,699,999.9999999999661
2021,699,1009.5262165554051
2022,699,971.4213468877045
2023,699,1009.5262165554051
2024,699,999.9999999999661
2025,699,1009.5262165554051
2016,700,1000.0000000000435
2017,700,1000.0000000000435
2018,700,1000.0000000000435
2019,700,1009.9464818474939
2020,700,1009.9464818474939
2021,700,1019.8929636115844
2022,700,1000.0000000000435
2023,700,1019.8929636115844
2024,700,1009.9464818474939
2025,700,1019.8929636115844
2016,701,1000.0000000000462
2017,701,1000.0000000000462
2018,701,1000.0000000000462
2019,701,1000.0000000000462
2020,701,1000.0000000000462
2021,701,1009.5263491261827
2022,701,1000.0000000000462
2023,701,1009.5263491261827
2024,701,1009.5263491261827
2025,701,1009.5263491261827
2016,702,1000.0000000000036
2017,702,1000.0000000000036
2018,702,1000.0000000000036
2019,702,1009.9464807324093
2020,702,1009.9464807324093
2021,702,1009.9464807324093
2022,702,1000.0000000000036
2023,702,1009.9464807324093
2024,702,1009.9464807324093
2025,702,1009.9464807324093
2016,703,1000.0000000001148
2017,703,1000.0000000001148
2018,703,1000.0000000001148
2019,703,1000.0000000001148
2020,703,1000.0000000001148
2021,703,1009.9464801345362
2022,703,1000.0000000001148
2023,703,1009.9464801345362
2024,703,1000.0000000001148
2025,703,1009.9464801345362
2016,704,999.9999999999701
2017,704,999.9999999999701
2018,704,999.9999999999701
2019,704,999.9999999999701
2020,704,999.9999999999701
2021,704,1028.5790263140423
2022,704,990.4736568505102
2023,704,999.9999999999701
2024,704,999.9999999999701
2025,704,1019.0526847340058
2016,705,1000.0000000000335
2017,705,1000.0000000000335
2018,705,1000.0000000000335
2019,705,1000.0000000000335
2020,705,1000.0000000000335
2021,705,1028.579008536658
2022,705,990.4736627763909
2023,705,1000.0000000000335
2024,705,1000.0000000000335
2025,705,1009.5263367023973
2016,706,999.9999999999869
2017,706,999.9999999999869
2018,706,999.9999999999869
2019,706,1009.9464779052872
2020,706,1009.9464779052872
2021,706,1019.8929557262977
2022,706,990.0535220117908
2023,706,1009.9464779052872
2024,706,1009.9464779052872
2025,706,1009.9464779052872
2016,707,999.9999999999767
2017,707,999.9999999999767
2018,707,999.9999999999767
2019,707,1009.5263307780677
2020,707,999.9999999999767
2021,707,1019.0526610309225
2022,707,980.9473368805403
2023,707,999.9999999999767
2024,707,999.9999999999767
2025,707,999.9999999999767
2016,708,1000.0000000000612
2017,708,1000.0000000000612
2018,708,1000.0000000000612
2019,708,1009.9464767910463
2020,708,1009.9464767910463
2021,708,1019.8929534984388
2022,708,1000.0000000000612
2023,708,1000.0000000000612
2024,708,1009.9464767910463
2025,708,1000.0000000000612
2016,709,1000.0000000000076
2017,709,1000.0000000000076
2018,709,1000.0000000000076
2019,709,1000.0000000000076
2020,709,1000.0000000000076
2021,709,1009.5261868990115
2022,709,961.8952466682034
2023,709,1000.0000000000076
2024,709,1000.0000000000076
2025,709,1000.0000000000076
2016,710,999.9999999999783
2017,710,999.9999999999783
2018,710,999.9999999999783
2019,710,1009.9464762753281
2020,710,1009.9464762753281
2021,710,1019.8929524673182
2022,710,999.9999999999783
2023,710,1009.9464762753281
2024,710,1009.9464762753281
2025,710,1009.9464762753281
2016,711,1000.0000000000226
2017,711,1000.0000000000226
2018,711,1000.0000000000226
2019,711,1000.0000000000226
2020,711,1000.0000000000226
2021,711,1009.5261815399369
2022,711,980.947635197917
2023,711,1000.0000000000226
2024,711,1000.0000000000226
2025,711,1000.0000000000226
2016,712,1000.0000000000823
2017,712,1000.0000000000823
2018,712,1000.0000000000823
2019,712,1009.9464757593329
2020,712,1009.9464757593329
2021,712,1019.892951436155
2022,712,990.0535241572389
2023,712,1009.9464757593329
2024,712,1009.9464757593329
2025,712,1009.9464757593329
2016,713,1000.0000000000288
2017,713,1000.0000000000288
2018,713,1000.0000000000288
2019,713,1000.0000000000288
2020,713,1000.0000000000288
2021,713,1009.5261761830611
2022,713,980.9476459151791
2023,713,1000.0000000000288
2024,713,1000.0000000000288
2025,713,1000.0000000000288
2016,714,999.9999999999615
2017,714,999.9999999999615
2018,714,999.9999999999615
2019,714,1009.5263093549205
2020,714,1009.5263093549205
2021,714,1009.5263093549205
2022,714,990.4736901253576
2023,714,999.9999999999615
2024,714,1009.5263093549205
2025,714,1009.5263093549205
2016,715,999.9999999999967
2017,715,999.9999999999967
2018,715,999.9999999999967
2019,715,999.9999999999967
2020,715,999.9999999999967
2021,715,1009.5263040009596
2022,715,990.4736954797336
2023,715,999.9999999999967
2024,715,999.9999999999967
2025,715,1009.5263040009596
2016,716,999.9999999999679
2017,716,999.9999999999679
2018,716,999.9999999999679
2019,716,999.9999999999679
2020,716,999.9999999999679
2021,716,1009.5261606823523
2022,716,980.9476769142029
2023,716,999.9999999999679
2024,716,999.9999999999679
2025,716,1019.0523207912294
2016,717,999.9999999999757
2017,717,999.9999999999757
2018,717,999.9999999999757
2019,717,1009.9464742965386
2020,717,1009.9464742965386
2021,717,1019.8929485106728
2022,717,990.0535256202855
2023,717,1009.9464742965386
2024,717,1009.9464742965386
2025,717,1019.8929485106728
2016,718,1000.0000000000346
2017,718,1000.0000000000346
2018,718,1000.0000000000346
2019,718,1000.0000000000346
2020,718,1000.0000000000346
2021,718,1009.5261553243806
2022,718,980.9476876303463
2023,718,1000.0000000000346
2024,718,1000.0000000000346
2025,718,1019.0523100767327
2016,719,1000.0000000000547
2017,719,1000.0000000000547
2018,719,1000.0000000000547
2019,719,1009.5261505396037
2020,719,1009.5261505396037
2021,719,1019.0523005071557
2022,719,980.9476971999634
2023,719,1000.0000000000547
2024,719,1009.5261505396037
2025,719,1019.0523005071557
2016,720,999.9999999999594
2017,720,999.9999999999594
2018,720,999.9999999999594
2019,720,1019.892947646175
2020,720,1019.892947646175
2021,720,1029.8394213443594
2022,720,999.9999999999594
2023,720,1009.9464738646308
2024,720,1019.892947646175
2025,720,1039.7858949596477
2016,721,1000.0000000000522
2017,721,1000.0000000000522
2018,721,1000.0000000000522
2019,721,1009.5261451828446
2020,721,1009.5261451828446
2021,721,1009.5261451828446
2022,721,980.9477079174313
2023,721,1000.0000000000522
2024,721,1009.5261451828446
2025,721,1019.0522897909627
2016,722,1000.0000000000013
2017,722,1000.0000000000013
2018,722,1000.0000000000013
2019,722,1009.5261403978741
2020,722,1019.0522802211891
2021,722,1019.0522802211891
2022,722,990.4738590300179
2023,722,1009.5261403978741
2024,722,1019.0522802211891
2025,722,1028.5784194712267
2016,723,1000.0000000000085
2017,723,1000.0000000000085
2018,723,1000.0000000000085
2019,723,1019.0525466319871
2020,723,1019.0525466319871
2021,723,1019.0525466319871
2022,723,1000.0000000000085
2023,723,1009.5262735786139
2024,723,1019.0525466319871
2025,723,1028.5788191615168
2016,724,999.9999999999635
2017,724,999.9999999999635
2018,724,999.9999999999635
2019,724,1009.5261302536036
2020,724,1009.5261302536036
2021,724,1009.5261302536036
2022,724,990.4738691717655
2023,724,1009.5261302536036
2024,724,1019.0522599340827
2025,724,1028.5783890412843
2016,725,999.9999999999767
2017,725,999.9999999999767
2018,725,999.9999999999767
2019,725,1019.0525263488188
2020,725,1009.5262634362595
2021,725,1019.0525263488188
2022,725,999.9999999999767
2023,725,1009.5262634362595
2024,725,1019.0525263488188
2025,725,1028.5787887375388
2016,726,999.9999999999907
2017,726,999.9999999999907
2018,726,999.9999999999907
2019,726,1009.5261201105602
2020,726,1009.5261201105602
2021,726,1009.5261201105602
2022,726,999.9999999999907
2023,726,1009.5261201105602
2024,726,1009.5261201105602
2025,726,1019.0522396478524
2016,727,999.9999999999449
2017,727,999.9999999999449
2018,727,999.9999999999449
2019,727,1019.0522300779694
2020,727,1009.5261153254778
2021,727,1019.0522300779694
2022,727,999.9999999999449
2023,727,1009.5261153254778
2024,727,1019.0522300779694
2025,727,1028.5783442586967
2016,728,999.9999999999519
2017,728,999.9999999999519
2018,728,999.9999999999519
2019,728,1039.78589010747
2020,728,1029.8394177050484
2021,728,1039.78589010747
2022,728,999.9999999999519
2023,728,1029.8394177050484
2024,728,1049.7323624262976
2025,728,1079.5717788828529
2016,729,1000.000000000013
2017,729,1000.000000000013
2018,729,1000.000000000013
2019,729,1009.5261099673937
2020,729,1000.000000000013
2021,729,1009.5261099673937
2022,729,1000.000000000013
2023,729,1009.5261099673937
2024,729,1009.5261099673937
2025,729,1019.0522193630104
2016,730,999.9999999999535
2017,730,999.9999999999535
2018,730,999.9999999999535
2019,730,1009.5261051825365
2020,730,1009.5261051825365
2021,730,1009.5261051825365
2022,730,999.9999999999535
2023,730,1009.5261051825365
2024,730,1019.0522097931224
2025,730,1019.0522097931224
2016,731,999.9999999999729
2017,731,999.9999999999729
2018,731,999.9999999999729
2019,731,1039.8350887758875
2020,731,1019.9175446792798
2021,731,1039.8350887758875
2022,731,999.9999999999729
2023,731,1029.876316800509
2024,731,1039.8350887758875
2025,731,1069.7114038297095
2016,732,999.9999999999694
2017,732,999.9999999999694
2018,732,999.9999999999694
2019,732,1009.5260950407617
2020,732,999.9999999999694
2021,732,1009.5260950407617
2022,732,999.9999999999694
2023,732,1009.5260950407617
2024,732,1019.0521895069927
2025,732,1019.0521895069927
2016,733,999.9999999999774
2017,733,999.9999999999774
2018,733,999.9999999999774
2019,733,1009.5260902556191
2020,733,1009.5260902556191
2021,733,1009.5260902556191
2022,733,999.9999999999774
2023,733,1009.5260902556191
2024,733,1019.0521799368196
2025,733,1019.0521799368196
2016,734,999.9999999999836
2017,734,999.9999999999836
2018,734,999.9999999999836
2019,734,1039.835090630894
2020,734,1019.9175456064437
2021,734,1039.835090630894
2022,734,999.9999999999836
2023,734,1039.835090630894
2024,734,1049.7938629242296
2025,734,1069.7114070754437
2016,735,1000.000000000032
2017,735,1000.000000000032
2018,735,1000.000000000032
2019,735,1009.5260753259397
2020,735,1000.000000000032
2021,735,1009.5260753259397
2022,735,1000.000000000032
2023,735,1009.5260753259397
2024,735,1009.5260753259397
2025,735,1019.0521500772899
2016,736,999.999999999952
2017,736,999.999999999952
2018,736,999.999999999952
2019,736,1009.5260705405901
2020,736,1009.5260705405901
2021,736,1009.5260705405901
2022,736,999.999999999952
2023,736,1009.5260705405901
2024,736,1019.0521405069061
2025,736,1019.0521405069061
2016,737,999.9999999999435
2017,737,999.9999999999435
2018,737,999.9999999999435
2019,737,1009.5260657554342
2020,737,1009.5260657554342
2021,737,1009.5260657554342
2022,737,999.9999999999435
2023,737,1009.5260657554342
2024,737,1019.0521309364804
2025,737,1028.578195545885
2016,738,999.9999999999759
2017,738,999.9999999999759
2018,738,999.9999999999759
2019,738,1009.5260609703132
2020,738,1009.5260609703132
2021,738,1009.5260609703132
2022,738,1009.5260609703132
2023,738,1019.0521213662092
2024,738,1019.0521213662092
2025,738,1028.5781811902275
2016,739,999.9999999999721
2017,739,999.9999999999721
2018,739,999.9999999999721
2019,739,1019.0521117957916
2020,739,1009.5260561851594
2021,739,1009.5260561851594
2022,739,1009.5260561851594
2023,739,1019.0521117957916
2024,739,1019.0521117957916
2025,739,1028.5781668346597
2016,740,1000.0000000000153
2017,740,1000.0000000000153
2018,740,1000.0000000000153
2019,740,1019.052102225182
2020,740,1009.5260513998196
2021,740,1019.052102225182
2022,740,1009.5260513998196
2023,740,1019.052102225182
2024,740,1019.052102225182
2025,740,1038.1042021596866
2016,741,999.9999999999712
2017,741,999.9999999999712
2018,741,999.9999999999712
2019,741,1019.0523686480165
2020,741,1009.526184586614
2021,741,1019.0523686480165
2022,741,1009.526184586614
2023,741,1019.0523686480165
2024,741,1019.0523686480165
2025,741,1038.1047352023286
2016,742,999.9999999999744
2017,742,999.9999999999744
2018,742,999.9999999999744
2019,742,1009.5260412548428
2020,742,999.9999999999744
2021,742,1009.5260412548428
2022,742,1009.5260412548428
2023,742,1009.5260412548428
2024,742,1009.5260412548428
2025,742,1028.5781220478957
2016,743,1000.0000000000173
2017,743,1000.0000000000173
2018,743,1000.0000000000173
2019,743,1009.5260364695024
2020,743,1000.0000000000173
2021,743,1009.5260364695024
2022,743,1009.5260364695024
2023,743,1009.5260364695024
2024,743,1009.5260364695024
2025,743,1028.5781076920157
2016,744,999.9999999999544
2017,744,999.9999999999544
2018,744,999.9999999999544
2019,744,1009.5260316841727
2020,744,999.9999999999544
2021,744,1009.5260316841727
2022,744,1009.5260316841727
2023,744,1009.5260316841727
2024,744,1019.0520627965104
2025,744,1028.57809333592
2016,745,1000.0000000000051
2017,745,1000.0000000000051
2018,745,1000.0000000000051
2019,745,1009.5260268987208
2020,745,1000.0000000000051
2021,745,1009.5260268987208
2022,745,1009.5260268987208
2023,745,1009.5260268987208
2024,745,1019.0520532260247
2025,745,1028.5780789799317
2016,746,999.9999999999719
2017,746,999.9999999999719
2018,746,999.9999999999719
2019,746,1009.5260221134208
2020,746,999.9999999999719
2021,746,1009.5260221134208
2022,746,1009.5260221134208
2023,746,1009.5260221134208
2024,746,1019.0520436551087
2025,746,1028.578064623752
2016,747,1000.0000000000305
2017,747,1000.0000000000305
2018,747,1000.0000000000305
2019,747,1009.5260173280966
2020,747,1000.0000000000305
2021,747,1009.5260173280966
2022,747,1009.5260173280966
2023,747,1009.5260173280966
2024,747,1019.0520340842819
2025,747,1028.5780502676582
2016,748,999.9999999999924
2017,748,999.9999999999924
2018,748,999.9999999999924
2019,748,1009.5260125426754
2020,748,999.9999999999924
2021,748,1009.5260125426754
2022,748,1009.5260125426754
2023,748,1009.5260125426754
2024,748,1019.0520245133614
2025,748,1028.578035911352
2016,749,999.9999999999552
2017,749,999.9999999999552
2018,749,999.9999999999552
2019,749,1009.5260077572552
2020,749,999.9999999999552
2021,749,1009.5260077572552
2022,749,1009.5260077572552
2023,749,1009.5260077572552
2024,749,1019.0520149425582
2025,749,1028.578021554933
2016,750,999.9999999999677
2017,750,999.9999999999677
2018,750,999.9999999999677
2019,750,1009.5260029717683
2020,750,999.9999999999677
2021,750,1009.5260029717683
2022,750,1009.5260029717683
2023,750,1009.5260029717683
2024,750,1019.0520053716884
2025,750,1028.5780071985666
2016,751,1000.0000000000025
2017,751,1000.0000000000025
2018,751,1000.0000000000025
2019,751,1009.5259981859515
2020,751,1000.0000000000025
2021,751,1009.5259981859515
2022,751,1009.5259981859515
2023,751,1009.5259981859515
2024,751,1019.0519958004857
2025,751,1028.5779928418617
2016,752,1000.0000000000108
2017,752,1000.0000000000108
2018,752,1000.0000000000108
2019,752,1009.5259934006933
2020,752,1000.0000000000108
2021,752,1009.5259934006933
2022,752,1009.5259934006933
2023,752,1009.5259934006933
2024,752,1019.0519862294983
2025,752,1028.5779784854917
2016,753,1000.0000000000383
2017,753,1000.0000000000383
2018,753,1000.0000000000383
2019,753,1009.5259886151023
2020,753,1000.0000000000383
2021,753,1009.5259886151023
2022,753,1009.5259886151023
2023,753,1009.5259886151023
2024,753,1019.0519766584051
2025,753,1028.57796412878
2016,754,1000.0000000000238
2017,754,1000.0000000000238
2018,754,1000.0000000000238
2019,754,1009.5259838297109
2020,754,1000.0000000000238
2021,754,1000.0000000000238
2022,754,1009.5259838297109
2023,754,1009.5259838297109
2024,754,1019.0519670874012
2025,754,1028.577949772163
2016,755,1000.0000000000105
2017,755,1000.0000000000105
2018,755,1000.0000000000105
2019,755,1009.5259790439596
2020,755,1000.0000000000105
2021,755,1000.0000000000105
2022,755,1009.5259790439596
2023,755,1009.5259790439596
2024,755,1019.0519575160282
2025,755,1028.5779354151716
2016,756,1000.0000000000309
2017,756,1000.0000000000309
2018,756,1000.0000000000309
2019,756,1009.5259742583646
2020,756,1000.0000000000309
2021,756,1000.0000000000309
2022,756,1009.5259742583646
2023,756,1009.5259742583646
2024,756,1019.0519479449342
2025,756,1028.5779210585786
2016,757,1000.0000000000531
2017,757,1000.0000000000531
2018,757,1000.0000000000531
2019,757,1009.5259694727713
2020,757,1000.0000000000531
2021,757,1000.0000000000531
2022,757,1009.5259694727713
2023,757,1019.0519383737281
2024,757,1019.0519383737281
2025,757,1028.577906701757
2016,758,1000.0000000000176
2017,758,1000.0000000000176
2018,758,1000.0000000000176
2019,758,1009.525964687004
2020,758,1000.0000000000176
2021,758,1000.0000000000176
2022,758,1009.525964687004
2023,758,1019.0519288023424
2024,758,1019.0519288023424
2025,758,1028.5778923446367
2016,759,1000.0000000000409
2017,759,1000.0000000000409
2018,759,1000.0000000000409
2019,759,1000.0000000000409
2020,759,1000.0000000000409
2021,759,1000.0000000000409
2022,759,1009.525959901412
2023,759,1019.0519192310185
2024,759,1019.0519192310185
2025,759,1028.5778779875807
2016,760,1000.0000000000075
2017,760,1000.0000000000075
2018,760,1000.0000000000075
2019,760,1000.0000000000075
2020,760,1000.0000000000075
2021,760,1000.0000000000075
2022,760,1009.5259551157601
2023,760,1019.0519096595156
2024,760,1019.0519096595156
2025,760,1028.5778636304624
2016,761,999.999999999953
2017,761,999.999999999953
2018,761,999.999999999953
2019,761,999.999999999953
2020,761,999.999999999953
2021,761,999.999999999953
2022,761,1009.5259503299737
2023,761,1019.051900088117
2024,761,1019.051900088117
2025,761,1028.577849273332
2016,762,999.9999999999611
2017,762,999.9999999999611
2018,762,999.9999999999611
2019,762,999.9999999999611
2020,762,999.9999999999611
2021,762,999.9999999999611
2022,762,1009.5259455441337
2023,762,1019.0518905165452
2024,762,1019.0518905165452
2025,762,1028.577834915909
2016,763,1000.0000000000401
2017,763,1000.0000000000401
2018,763,1000.0000000000401
2019,763,1000.0000000000401
2020,763,1000.0000000000401
2021,763,1000.0000000000401
2022,763,1009.5259407583616
2023,763,1019.0518809450356
2024,763,1019.0518809450356
2025,763,1028.5778205586678
2016,764,1000.0000000000042
2017,764,1000.0000000000042
2018,764,1000.0000000000042
2019,764,1000.0000000000042
2020,764,1000.0000000000042
2021,764,1000.0000000000042
2022,764,1009.5259359725973
2023,764,1019.051871373426
2024,764,1019.051871373426
2025,764,1028.5778062014429
2016,765,999.999999999954
2017,765,999.999999999954
2018,765,999.999999999954
2019,765,999.999999999954
2020,765,999.999999999954
2021,765,993.120281422653
2022,765,1013.1899701716655
2023,765,1013.7594369309257
2024,765,1026.37992811722
2025,765,1039.5698738349724
2016,766,999.999999999984
2017,766,999.999999999984
2018,766,999.999999999984
2019,766,999.999999999984
2020,766,999.999999999984
2021,766,990.474074358556
2022,766,1019.051853376162
2023,766,1019.0518627289316
2024,766,1028.5777792053823
2025,766,1038.103704461558
2016,767,999.9999999999803
2017,767,999.9999999999803
2018,767,999.9999999999803
2019,767,999.9999999999803
2020,767,999.9999999999803
2021,767,990.4740772360769
2022,767,1019.051843804463
2023,767,1019.051843804463
2024,767,1028.5777648478386
2025,767,1038.1036853181697
2016,768,1000.0000000000148
2017,768,1000.0000000000148
2018,768,1000.0000000000148
2019,768,1000.0000000000148
2020,768,1000.0000000000148
2021,768,990.4740820219617
2022,768,1019.0518342326826
2023,768,1019.0518342326826
2024,768,1028.5777504900916
2025,768,1038.103666174572
2016,769,1000.0000000000407
2017,769,1000.0000000000407
2018,769,1000.0000000000407
2019,769,1000.0000000000407
2020,769,1000.0000000000407
2021,769,990.4740868080652
2022,769,1019.0518246609001
2023,769,1019.0518246609001
2024,769,1028.5777361324642
2025,769,1038.103647030751
2016,770,1000.0000000000334
2017,770,1000.0000000000334
2018,770,1000.0000000000334
2019,770,1000.0000000000334
2020,770,1000.0000000000334
2021,770,990.4740915937949
2022,770,1009.5259103130818
2023,770,1019.0518150888396
2024,770,1028.5777217744337
2025,770,1028.5777423877144
2016,771,999.999999999942
2017,771,999.999999999942
2018,771,999.999999999942
2019,771,999.999999999942
2020,771,999.999999999942
2021,771,990.4740963799716
2022,771,1009.52590304582
2023,771,1019.0518055170268
2024,771,1028.5777074164696
2025,771,1028.5777074164696
2016,772,999.9999999999828
2017,772,990.4741420857123
2018,772,990.4741420857123
2019,772,993.6255075330259
2020,772,999.9999999999828
2021,772,990.4741420857123
2022,772,999.9999999999828
2023,772,999.9999999999828
2024,772,1009.525857342489
2025,772,1012.6772258903146
2016,773,1000.0000000000547
2017,773,1000.0000000000547
2018,773,1000.0000000000547
2019,773,1000.0000000000547
2020,773,1009.5258798495261
2021,773,1000.0000000000547
2022,773,1009.5258798495261
2023,773,1009.5258798495261
2024,773,1019.0517590917474
2025,773,1019.0517590917474
2016,774,999.9999999999693
2017,774,999.9999999999693
2018,774,999.9999999999693
2019,774,1009.5258054019166
2020,774,1009.5258078840961
2021,774,1009.5258054019166
2022,774,1019.0516102294223
2023,774,1019.0516102294223
2024,774,1028.577414483767
2025,774,1028.577414483767
2016,775,1000.0000000000189
2017,775,1000.0000000000189
2018,775,1000.0000000000189
2019,775,1009.5258006153451
2020,775,1009.5258006153451
2021,775,1009.5258006153451
2022,775,1009.5258031003216
2023,775,1019.0516006563463
2024,775,1028.5774001241894
2025,775,1028.5774001241894
2016,776,1000.0000000000201
2017,776,1000.0000000000201
2018,776,1000.0000000000201
2019,776,1000.0000000000201
2020,776,1009.5257820409446
2021,776,1009.5257820409446
2022,776,1009.5257820409446
2023,776,1019.0515635104543
2024,776,1028.577344405176
2025,776,1028.577344405176
2016,777,999.9999999999842
2017,777,999.9999999999842
2018,777,999.9999999999842
2019,777,1009.5257682544097
2020,777,1009.5257682544097
2021,777,1009.5257682544097
2022,777,1009.5257682544097
2023,777,1019.0515359356712
2024,777,1028.577303045058
2025,777,1028.5773236612488
2016,778,999.9999999999501
2017,778,999.9999999999501
2018,778,999.9999999999501
2019,778,1006.8796596536688
2020,778,1013.1896219018014
2021,778,999.9999999999501
2022,778,1006.8796596536688
2023,778,1013.7593157231071
2024,778,1027.5186271642447
2025,778,1027.5186271642447
2016,779,999.9999999999608
2017,779,999.9999999999608
2018,779,999.9999999999608
2019,779,1009.5257617370019
2020,779,1019.0515179367554
2021,779,1009.5257592555206
2022,779,1009.5257617370019
2023,779,1019.0515272904563
2024,779,1038.103033580676
2025,779,1038.103033580676
2016,780,999.9999999999462
2017,780,999.9999999999462
2018,780,999.9999999999462
2019,780,1009.5257544690832
2020,780,1009.5257569510329
2021,780,1009.5257544690832
2022,780,1009.5257544690832
2023,780,1019.051508363313
2024,780,1028.577282301157
2025,780,1028.577282301157
2016,781,999.9999999999513
2017,781,999.9999999999513
2018,781,999.9999999999513
2019,781,1009.5257496821968
2020,781,999.9999999999513
2021,781,1009.5257496821968
2022,781,1009.5257496821968
2023,781,1009.5257521643791
2024,781,1028.577247324297
2025,781,1028.577247324297
2016,782,1000.00000000007
2017,782,1000.00000000007
2018,782,1000.00000000007
2019,782,1000.00000000007
2020,782,1000.00000000007
2021,782,1006.8796529659866
2022,782,1006.8796529659866
2023,782,1013.1895832904562
2024,782,1026.379154349165
2025,782,1026.379154349165
2016,783,1000.0000000000005
2017,783,1000.0000000000005
2018,783,1000.0000000000005
2019,783,1000.0000000000005
2020,783,1013.1895553187511
2021,783,1013.7592933473334
2022,783,1013.7592933473334
2023,783,1020.6389394349966
2024,783,1039.5686292720795
2025,783,1039.5686292720795
2016,784,1000.0000000000155
2017,784,1000.0000000000155
2018,784,1000.0000000000155
2019,784,1009.5257088922876
2020,784,1000.0000000000155
2021,784,1000.0000000000155
2022,784,1009.5257088922876
2023,784,1009.5257113742374
2024,784,1028.57714557296
2025,784,1028.57714557296
2016,785,1000.0000000000607
2017,785,1000.0000000000607
2018,785,1000.0000000000607
2019,785,1000.0000000000607
2020,785,1000.0000000000607
2021,785,993.1203630408683
2022,785,1006.8796386403699
2023,785,1013.1894977988126
2024,785,1020.6389099568531
2025,785,1026.378983367203
2016,786,1000.0000000000501
2017,786,1000.0000000000501
2018,786,1000.0000000000501
2019,786,1009.525699892902
2020,786,1009.525699892902
2021,786,1000.0000000000501
2022,786,1009.5257023753146
2023,786,1019.0513992111963
2024,786,1028.5770979559802
2025,786,1028.5771185741523
2016,787,1000.0000000000572
2017,787,1000.0000000000572
2018,787,1000.0000000000572
2019,787,1009.4920656381046
2020,787,1000.0000000000572
2021,787,1000.0000000000572
2022,787,1000.0000000000572
2023,787,1018.9841350135921
2024,787,1019.0515204606658
2025,787,1028.5772797794007
2016,788,1000.0000000000629
2017,788,1000.0000000000629
2018,788,1000.0000000000629
2019,788,1013.1894599776152
2020,788,1013.1894599776152
2021,788,1000.0000000000629
2022,788,1006.8796323656553
2023,788,1013.1894599776152
2024,788,1026.3789077262816
2025,788,1027.5185180096232
2016,789,999.9999999999494
2017,789,999.9999999999494
2018,789,999.9999999999494
2019,789,1019.0513080552334
2020,789,1009.5256567968203
2021,789,1009.5256567968203
2022,789,1019.0513080552334
2023,789,1019.0513174101014
2024,789,1028.5769818402619
2025,789,1038.1026138154348
2016,790,1000.0000000000306
2017,790,1000.0000000000306
2018,790,1000.0000000000306
2019,790,1013.1893835419089
2020,790,1000.0000000000306
2021,790,1000.0000000000306
2022,790,1013.1893835419089
2023,790,1013.1893835419089
2024,790,1026.37875485144
2025,790,1026.37875485144
2016,791,999.9999999999525
2017,791,999.9999999999525
2018,791,999.9999999999525
2019,791,1019.05129005272
2020,791,1009.5256453124513
2021,791,1009.5256453124513
2022,791,1019.05129005272
2023,791,1019.05129005272
2024,791,1028.576934218431
2025,791,1028.5769548371886
2016,792,1000.0000000001006
2017,792,1000.0000000001006
2018,792,1000.0000000001006
2019,792,1013.1893646295989
2020,792,1006.8796162630628
2021,792,1000.0000000001006
2022,792,1020.6388428260949
2023,792,1013.75922894116
2024,792,1026.378717030126
2025,792,1027.5184536010172
2016,793,999.9999999999524
2017,793,999.9999999999524
2018,793,999.9999999999524
2019,793,1009.5256250057064
2020,793,1009.5256250057064
2021,793,1009.5256225238759
2022,793,1009.5256250057064
2023,793,1019.0512444728923
2024,793,1028.5768864677354
2025,793,1028.5768864677354
2016,794,999.9999999999765
2017,794,999.9999999999765
2018,794,999.9999999999765
2019,794,1006.8796082126013
2020,794,1006.8796082126013
2021,794,1006.8796082126013
2022,794,1013.1893169545953
2023,794,1013.7592128397885
2024,794,1027.5184213952773
2025,794,1020.6388186726668
2016,795,1000.0000000000215
2017,795,1000.0000000000215
2018,795,1000.0000000000215
2019,795,1013.7591921178147
2020,795,1006.8795978518016
2021,795,1013.1892519553895
2022,795,1013.7591921178147
2023,795,1027.5183799520169
2024,795,1027.5183799520169
2025,795,1034.397973044049
2016,796,999.9999999999513
2017,796,999.9999999999513
2018,796,999.9999999999513
2019,796,1013.189195217195
2020,796,1013.189195217195
2021,796,993.1204132433378
2022,796,1013.189195217195
2023,796,1026.3783782025905
2024,796,1027.5183422963084
2025,796,1027.5183422963084
2016,797,999.9999999999403
2017,797,999.9999999999403
2018,797,999.9999999999403
2019,797,1013.1890825338178
2020,797,1013.1890825338178
2021,797,979.3612890049599
2022,797,1013.1890825338178
2023,797,1026.3781528349343
2024,797,1027.5182686421429
2025,797,1034.3978339072576
2016,798,1000.0000000000189
2017,798,1000.0000000000189
2018,798,1000.0000000000189
2019,798,1013.7591247397446
2020,798,1013.7591247397446
2021,798,973.621872444973
2022,798,1020.6386865231957
2023,798,1027.518245196708
2024,798,1027.518245196708
2025,798,1041.2773613676914
2016,799,999.9999999999998
2017,799,999.9999999999998
2018,799,999.9999999999998
2019,799,1013.7591220165511
2020,799,1013.7591220165511
2021,799,979.3613106754821
2022,799,1014.3807172953791
2023,799,1027.518239748025
2024,799,1027.518239748025
2025,799,1041.277353196907
2016,800,999.9999999999284
2017,800,999.9999999999284
2018,800,999.9999999999284
2019,800,1013.1890084688105
2020,800,1013.7591130176173
2021,800,973.6219465137804
2022,800,1013.1890084688105
2023,800,1026.37800470336
2024,800,1027.5182217491677
2025,800,1039.5669887050628
2016,801,999.9999999999912
2017,801,999.9999999999912
2018,801,999.9999999999912
2019,801,1006.8795551632809
2020,801,1013.1889895527098
2021,801,986.2408894527438
2022,801,1013.759106740389
2023,801,1020.6386595236769
2024,801,1027.5182091968668
2025,801,1034.397759599336
2016,802,999.9999999999545
2017,802,999.9999999999545
2018,802,999.9999999999545
2019,802,1009.5254610481528
2020,802,1019.0509165577802
2021,802,990.4745408594941
2022,802,1019.0509259152121
2023,802,1028.5763946007771
2024,802,1038.1018308228513
2025,802,1047.6272870941305
2016,803,999.9999999999427
2017,803,999.9999999999427
2018,803,999.9999999999427
2019,803,1006.8795520244134
2020,803,1006.8795520244134
2021,803,986.8110171999035
2022,803,1006.8795520244134
2023,803,1013.7591004627033
2024,803,1020.6386501075867
2025,803,1027.5181966419582
2016,804,999.9999999999637
2017,804,999.9999999999637
2018,804,999.9999999999637
2019,804,1006.8795506629854
2020,804,1006.8795506629854
2021,804,993.1204510181437
2022,804,1006.8795506629854
2023,804,1020.6386460224202
2024,804,1020.6386460224202
2025,804,1034.3977370971184
2016,805,1000.0000000000865
2017,805,1000.0000000000865
2018,805,1000.0000000000865
2019,805,1006.8795475259101
2020,805,1006.8795475259101
2021,805,986.2409047279413
2022,805,1006.8795475259101
2023,805,1013.7590914656263
2024,805,1020.638636610132
2025,805,1034.39772140813
2016,806,1000.0000000000604
2017,806,1000.0000000000604
2018,806,1000.0000000000604
2019,806,1006.8795461631288
2020,806,1013.1889336051572
2021,806,986.8110542335324
2022,806,1006.8795461631288
2023,806,1013.75908874009
2024,806,1026.3778549794558
2025,806,1034.397714598947
2016,807,999.9999999999584
2017,807,999.9999999999584
2018,807,999.9999999999584
2019,807,1006.8795430251004
2020,807,1006.8795430251004
2021,807,999.9999999999584
2022,807,1006.8795430251004
2023,807,1013.7590824637206
2024,807,1020.6386231086907
2025,807,1034.3976989078733
2016,808,999.9999999999989
2017,808,999.9999999999989
2018,808,999.9999999999989
2019,808,1006.8795416630429
2020,808,1013.1889056313634
2021,808,1006.8795416630429
2022,808,1006.8795416630429
2023,808,1020.6386190226198
2024,808,1020.6386190226198
2025,808,1034.397692097533
2016,809,999.9999999999828
2017,809,999.9999999999828
2018,809,999.9999999999828
2019,809,1006.879530354202
2020,809,1006.879530354202
2021,809,999.9999999999828
2022,809,1006.879530354202
2023,809,1020.6385850945683
2024,809,1028.761642357366
2025,809,1041.2771585096436
2016,810,1000.0000000000333
2017,810,1000.0000000000333
2018,810,1000.0000000000333
2019,810,1000.0000000000333
2020,810,1000.0000000000333
2021,810,1000.0000000000333
2022,810,1000.0000000000333
2023,810,1020.6385715954178
2024,810,1020.6385715954178
2025,810,1034.3976130507967
2016,811,1000.0000000000161
2017,811,1000.0000000000161
2018,811,1000.0000000000161
2019,811,1009.4917656669708
2020,811,1000.0000000000161
2021,811,962.0329749387384
2022,811,1009.4917656669708
2023,811,1028.4753082215855
2024,811,1028.4753082215855
2025,811,1047.4588657310824
2016,812,1000.0000000000745
2017,812,1000.0000000000745
2018,812,1000.0000000000745
2019,812,1006.8795199924263
2020,812,1000.0000000000745
2021,812,972.4819153003998
2022,812,1013.1887673440957
2023,812,1013.7590363977687
2024,812,1013.7590363977687
2025,812,1034.3975837402604
2016,813,999.9999999999537
2017,813,999.9999999999537
2018,813,999.9999999999537
2019,813,1006.8795186308264
2020,813,999.9999999999537
2021,813,973.6224468759267
2022,813,1013.7590336749338
2023,813,1013.7590336749338
2024,813,1020.6385499242446
2025,813,1034.3975769315982
2016,814,1000.000000000059
2017,814,1000.000000000059
2018,814,1000.000000000059
2019,814,1009.4917459894165
2020,814,1000.000000000059
2021,814,980.9491679882303
2022,814,1018.9834957198223
2023,814,1018.9834957198223
2024,814,1028.47524918825
2025,814,1047.4587673433653
2016,815,1000.0000000000148
2017,815,1000.0000000000148
2018,815,1000.0000000000148
2019,815,1000.0000000000148
2020,815,1000.0000000000148
2021,815,979.3614566879916
2022,815,1006.8795141303746
2023,815,1006.8795141303746
2024,815,1020.638536422841
2025,815,1027.5180450614444
2016,816,1000.0000000001013
2017,816,1000.0000000001013
2018,816,1000.0000000001013
2019,816,1006.8795127686566
2020,816,1000.0000000001013
2021,816,979.3614607734803
2022,816,1013.1887212464177
2023,816,1013.1887212464177
2024,816,1020.638532337525
2025,816,1034.3975476207427
2016,817,999.9999999998921
2017,817,999.9999999998921
2018,817,999.9999999998921
2019,817,1006.8795114065736
2020,817,1006.8795114065736
2021,817,979.3614648587342
2022,817,1013.7590192261604
2023,817,1013.7590192261604
2024,817,1020.6385282517679
2025,817,1034.3975408113115
2016,818,999.9999999999555
2017,818,999.9999999999555
2018,818,999.9999999999555
2019,818,1009.4917263109593
2020,818,1009.4917263109593
2021,818,962.0331323648159
2022,818,1018.983456361382
2023,818,1018.983456361382
2024,818,1028.4751901513423
2025,818,1047.4586689502178
2016,819,1000.0000000000186
2017,819,1000.0000000000186
2018,819,1000.0000000000186
2019,819,1009.4917038345035
2020,819,1000.0000000000186
2021,819,971.5249110947912
2022,819,1009.5253681426863
2023,819,1018.9834114071267
2024,819,1037.9668377740102
2025,819,1056.9502790981055
2016,820,1000.0000000000549
2017,820,1000.0000000000549
2018,820,1000.0000000000549
2019,820,1006.8794987363849
2020,820,1000.0000000000549
2021,820,972.4820003253585
2022,820,1006.8794987363849
2023,820,1013.1886298471059
2024,820,1020.6384902400595
2025,820,1027.5179834834871
2016,821,1000.0000000000076
2017,821,1000.0000000000076
2018,821,1000.0000000000076
2019,821,1006.879497373762
2020,821,1000.0000000000076
2021,821,973.6227218708688
2022,821,1006.879497373762
2023,821,1013.7589911601774
2024,821,1020.6384861536009
2025,821,1034.3974706476192
2016,822,1000.0000000000929
2017,822,1000.0000000000929
2018,822,1000.0000000000929
2019,822,1006.8794960123935
2020,822,1000.0000000000929
2021,822,979.3615110422472
2022,822,1006.8794960123935
2023,822,1013.7589884375144
2024,822,1020.638482068412
2025,822,1034.397463839024
2016,823,999.9999999999793
2017,823,999.9999999999793
2018,823,999.9999999999793
2019,823,1006.8794932891361
2020,823,999.9999999999793
2021,823,993.1205083933404
2022,823,1013.188593604858
2023,823,1020.6384738977945
2024,823,1020.6384738977945
2025,823,1034.3974502203032
2016,824,999.9999999999707
2017,824,999.9999999999707
2018,824,999.9999999999707
2019,824,1006.87949192708
2020,824,999.9999999999707
2021,824,999.9999999999707
2022,824,1013.7589802668506
2023,824,1020.6384698126421
2024,824,1020.6384698126421
2025,824,1034.3974434115662
2016,825,1000.0000000000227
2017,825,1000.0000000000227
2018,825,1000.0000000000227
2019,825,1006.8794905650036
2020,825,1000.0000000000227
2021,825,1000.0000000000227
2022,825,1013.7589775429637
2023,825,1020.6384657267859
2024,825,1020.6384657267859
2025,825,1034.3974366027587
2016,826,1000.0000000000372
2017,826,1000.0000000000372
2018,826,1000.0000000000372
2019,826,1006.8794892038813
2020,826,1006.8794892038813
2021,826,993.1205124783817
2022,826,1013.7589748198881
2023,826,1020.6384616423292
2024,826,1020.6384616423292
2025,826,1028.761915089471
2016,827,1000.0000000000392
2017,827,1000.0000000000392
2018,827,1000.0000000000392
2019,827,1013.1885573617066
2020,827,1006.8794878426153
2021,827,986.2410240937306
2022,827,1013.7589720976825
2023,827,1026.377102486068
2024,827,1020.6384575581122
2025,827,1027.5179399075305
2016,828,999.9999999999573
2017,828,999.9999999999573
2018,828,999.9999999999573
2019,828,1019.893067376758
2020,828,1009.9465333194065
2021,828,980.1069355738334
2022,828,1019.893067376758
2023,828,1039.7861377035376
2024,828,1029.8396021713131
2025,828,1049.7326739734312
2016,829,1000.0000000000159
2017,829,1009.680735010544
2018,829,1009.680735010544
2019,829,1016.8118351287476
2020,829,1016.8118351287476
2021,829,995.4185358325872
2022,829,1021.6762998964256
2023,829,1031.074031348612
2024,829,1031.074031348612
2025,829,1045.336226485442
2016,830,999.9999999999286
2017,830,999.9999999999286
2018,830,999.9999999999286
2019,830,1013.75892662922
2020,830,1020.6383893551078
2021,830,993.1205365738397
2022,830,1020.6383893551078
2023,830,1027.517848969729
2024,830,1034.3973093147015
2025,830,1041.2767670253193
2016,831,999.9999999999017
2017,831,999.9999999999017
2018,831,999.9999999999017
2019,831,1029.83963883461
2020,831,1029.83963883461
2021,831,990.0534551982463
2022,831,1039.786186589505
2023,831,1039.786186589505
2024,831,1049.7327350825344
2025,831,1059.6792889569651
2016,832,1000.000000000056
2017,832,1013.7589095028653
2018,832,1013.7589095028653
2019,832,1027.517814717136
2020,832,1027.517814717136
2021,832,1001.7556235423647
2022,832,1034.3972658253556
2023,832,1034.3972658253556
2024,832,1041.2767156437815
2025,832,1055.0356122837782
2016,833,1000.0000000001052
2017,833,1020.6383334252956
2018,833,1020.6383334252956
2019,833,1027.517774465423
2020,833,1027.517774465423
2021,833,993.1205541951858
2022,833,1034.397216608859
2023,833,1034.397216608859
2024,833,1041.276655266999
2025,833,1048.156095504043
2016,834,999.9999999999798
2017,834,1006.8794364844824
2018,834,1006.8794364844824
2019,834,1020.6383066923761
2020,834,1027.5177408922639
2021,834,986.2411231213165
2022,834,1034.3971726121451
2023,834,1034.3971726121451
2024,834,1041.2766049056295
2025,834,1048.1560342414753
2016,835,999.9999999999362
2017,835,1020.6382844180921
2018,835,1020.6382844180921
2019,835,1027.5177120900391
2020,835,1027.5177120900391
2021,835,999.9999999999362
2022,835,1034.7064118596709
2023,835,1041.276561702155
2024,835,1041.276561702155
2025,835,1049.0875995210388
2016,836,999.9999999999357
2017,836,1036.621363173277
2018,836,1036.621363173277
2019,836,1050.0967858164117
2020,836,1045.5151332640612
2021,836,1054.4089027414718
2022,836,1063.3026716052625
2023,836,1063.3026716052625
2024,836,1063.3026716052625
2025,836,1081.0902074915064
2016,837,1000.0000000001204
2017,837,1019.0446809325864
2018,837,1019.0446809325864
2019,837,1026.0979173442634
2020,837,1026.0979173442634
2021,837,1011.991441429405
2022,837,1033.1511530960115
2023,837,1033.1511530960115
2024,837,1040.2043878204452
2025,837,1047.2576198203749
2016,838,1000.0000000000654
2017,838,1000.0000000000654
2018,838,1000.0000000000654
2019,838,1009.9465842410882
2020,838,1009.9465842410882
2021,838,990.0534189092732
2022,838,1019.8931685654729
2023,838,1029.8397529736828
2024,838,1029.8397529736828
2025,838,1039.7863374640901
2016,839,1000.0000000000376
2017,839,1034.3969968187846
2018,839,1034.3969968187846
2019,839,1041.2763915362527
2020,839,1041.2763915362527
2021,839,1020.6382016140108
2022,839,1048.1557877332893
2023,839,1048.1557877332893
2024,839,1048.1557877332893
2025,839,1055.9223814159632
2016,840,1000.0000000000392
2017,840,1018.9677359231106
2018,840,1018.9677359231106
2019,840,1034.3969525314935
2020,840,1034.3969525314935
2021,840,1006.87939234759
2022,840,1041.2763409908844
2023,840,1047.7304118029945
2024,840,1048.1557261864643
2025,840,1048.1557261864643
2016,841,999.9999999999932
2017,841,1025.3447767958799
2018,841,1025.3447767958799
2019,841,1033.3998106040062
2020,841,1033.3998106040062
2021,841,1012.5612664339019
2022,841,1047.2921662825518
2023,841,1047.2921662825518
2024,841,1047.2921662825518
2025,841,1050.6895652440464
2016,842,999.9999999999405
2017,842,1010.280677965124
2018,842,1010.280677965124
2019,842,1030.173885981041
2020,842,1020.2272816025018
2021,842,980.4408714932154
2022,842,1050.0670969562532
2023,842,1050.0670969562532
2024,842,1050.0670969562532
2025,842,1060.0137035545547
2016,843,1000.0000000000052
2017,843,1000.0000000000052
2018,843,1000.0000000000052
2019,843,1028.474028143197
2020,843,1009.4913389758732
2021,843,962.0346816987992
2022,843,1047.456732268212
2023,843,1047.456732268212
2024,843,1066.4394513478862
2025,843,1066.4394513478862
2016,844,999.9999999998881
2017,844,999.9999999998881
2018,844,999.9999999998881
2019,844,1009.9466165802176
2020,844,999.9999999998881
2021,844,999.9999999998881
2022,844,1029.8398447331983
2023,844,1039.786461125385
2024,844,1029.839849992355
2025,844,1039.786461125385
2016,845,1000.0000000000623
2017,845,1000.0000000000623
2018,845,1000.0000000000623
2019,845,1006.8793611667785
2020,845,986.2412774427561
2021,845,986.2412774427561
2022,845,1027.5174331928797
2023,845,1034.3967895895273
2024,845,1034.3967895895273
2025,845,1041.276143350163
2016,846,1000.000000000006
2017,846,1000.000000000006
2018,846,1000.000000000006
2019,846,1006.8793598055244
2020,846,986.2412801638638
2021,846,986.2412801638638
2022,846,1014.3814741936551
2023,846,1028.7629544413167
2024,846,1028.7629544413167
2025,846,1028.7629544413167
2016,847,1000.0000000000105
2017,847,1000.0000000000105
2018,847,1000.0000000000105
2019,847,1019.8932400347949
2020,847,990.0533810935469
2021,847,990.0533810935469
2022,847,1019.8932437240753
2023,847,1029.83986571045
2024,847,1029.83986571045
2025,847,1029.83986571045
2016,848,1000.0000000000828
2017,848,1000.0000000000828
2018,848,1000.0000000000828
2019,848,1019.8932449297799
2020,848,1000.0000000000828
2021,848,1000.0000000000828
2022,848,1019.8932449297799
2023,848,1029.8398675201347
2024,848,1039.7864854451007
2025,848,1039.7864854451007
2016,849,1000.0000000000905
2017,849,1000.0000000000905
2018,849,1000.0000000000905
2019,849,1029.8398640678743
2020,849,1009.9466206148554
2021,849,1000.0000000000905
2022,849,1029.8398640678743
2023,849,1039.7864869049624
2024,849,1049.7331104834477
2025,849,1049.7331104834477
2016,850,999.9999999999578
2017,850,1027.5174109547738
2018,850,1027.5174109547738
2019,850,1034.3967624606432
2020,850,1027.5174109547738
2021,850,999.9999999999578
2022,850,1041.2761104380502
2023,850,1048.1554595589591
2024,850,1055.0348056291455
2025,850,1055.0348056291455
2016,851,1000.000000000068
2017,851,1000.000000000068
2018,851,1000.000000000068
2019,851,1013.7586799848773
2020,851,971.236900726437
2021,851,971.236900726437
2022,851,1013.7586799848773
2023,851,1027.5173556760305
2024,851,1027.5173556760305
2025,851,1028.7631246911953
2016,852,999.9999999999469
2017,852,999.9999999999469
2018,852,999.9999999999469
2019,852,1009.94663762865
2020,852,970.1600876116721
2021,852,970.1600876116721
2022,852,1009.94663762865
2016,853,1208.8576393735602
2017,853,1198.9120304482037
2018,853,1198.9120304482037
2019,853,1188.966422228843
2020,853,1198.9120304482037
2021,853,1188.966422228843
2022,853,1198.9120304482037
2023,853,1198.9120304482037
2024,853,1188.966422228843
2025,853,1198.9120304482037
2016,854,1370.2613345279208
2017,854,1357.2108385372794
2018,854,1357.2108385372794
2019,854,1357.2108385372794
2020,854,1357.2108385372794
2021,854,1357.2108385372794
2022,854,1357.2108385372794
2023,854,1357.2108385372794
2024,854,1359.6824177642939
2025,854,1359.6824177642939
2016,855,1771.9542052134768
2017,855,1739.1043322641817
2018,855,1739.1043322641817
2019,855,1748.1282971618036
2020,855,1739.1043322641817
2021,855,1771.9542052134768
2022,855,1755.5292608256993
2023,855,1748.1282971618036
2024,855,1755.5292608256993
2025,855,1755.5292608256993
2016,856,1329.1335746920483
2017,856,1343.5712351305858
2018,856,1343.5712351305858
2019,856,1353.7278022049943
2020,856,1329.1335746920483
2021,856,1323.2581025728336
2022,856,1329.1335746920483
2023,856,1353.7278022049943
2024,856,1363.884369617146
2025,856,1363.884369617146
2016,857,1075.4768132616787
2017,857,765.658714119632
2018,857,765.658714119632
2019,857,1051.727412576553
2020,857,1085.804139309686
2021,857,1044.4948569850653
2022,857,1075.4768132616787
2023,857,1044.4948569850653
2024,857,1077.590996352542
2025,857,734.6770831772117
2016,858,1089.2825183423768
2017,858,671.066538050847
2018,858,671.066538050847
2019,858,671.066538050847
2020,858,1109.1975582629518
2021,858,1059.4099573962942
2022,858,1089.2825183423768
2023,858,1049.452436797617
2024,858,1099.2400383734907
2025,858,661.1090114515733
2016,859,1061.1299510689823
2017,859,753.8922483873614
2018,859,753.8922483873614
2019,859,1040.7532880618628
2020,859,1063.9865733031402
2021,859,1061.1299510689823
2022,859,1061.1299510689823
2023,859,1040.7532880618628
2024,859,1050.941618024882
2025,859,724.9166295272789
2016,860,999.9999999999628
2017,860,986.2354015589394
2018,860,986.2354015589394
2019,860,979.353101774858
2020,860,960.3814765717569
2021,860,951.823887597648
2022,860,933.969066904304
2023,860,933.969066904304
2024,860,933.969066904304
2025,860,920.762843855656
2016,861,999.9999999999848
2017,861,999.9999999999848
2018,861,999.9999999999848
2019,861,1013.7645756256882
2020,861,1013.2060871659835
2021,861,999.9999999999848
2022,861,999.9999999999848
2023,861,993.1177120838057
2024,861,986.7939007574664
2025,861,986.7939007574664
2016,862,1000.0000000000551
2017,862,1000.0000000000551
2018,862,1000.0000000000551
2019,862,1019.0670301539211
2020,862,1009.5335178041606
2021,862,1009.5335153507596
2022,862,1000.0000000000551
2023,862,1000.0000000000551
2024,862,990.4664860069705
2025,862,1000.0000000000551
2016,863,999.9999999999995
2017,863,999.9999999999995
2018,863,999.9999999999995
2019,863,1006.8822829508528
2020,863,1006.8822829508528
2021,863,999.9999999999995
2022,863,999.9999999999995
2023,863,999.9999999999995
2024,863,1071.8620800769506
2025,863,999.9999999999995
2016,864,999.9999999999932
2017,864,999.9999999999932
2018,864,999.9999999999932
2019,864,990.4665173113576
2020,864,999.9999999999932
2021,864,999.9999999999932
2022,864,999.9999999999932
2023,864,999.9999999999932
2025,864,999.9999999999932
2016,865,1079.110601903214
2017,865,1079.110601903214
2018,865,1079.110601903214
2019,865,1059.673580140033
2020,865,1059.673580140033
2021,865,1069.6191743627353
2022,865,1079.110601903214
2023,865,1079.110601903214
2024,865,1089.5103606903874
2025,865,1079.110601903214
2016,866,999.9999999999537
2017,866,999.9999999999537
2018,866,999.9999999999537
2019,866,980.9330446588635
2020,866,999.9999999999537
2021,866,999.9999999999537
2022,866,999.9999999999537
2023,866,999.9999999999537
2025,866,999.9999999999537
2016,867,1119.3471290360972
2017,867,1099.45594791477
2018,867,1099.45594791477
2019,867,1079.56476397319
2020,867,1079.56476397319
2021,867,1089.5103562965126
2022,867,1099.45594791477
2023,867,1129.292718538699
2024,867,1159.1294828165894
2025,867,1228.7485747848273
2016,868,1000.0000000000438
2017,868,1000.0000000000438
2018,868,1000.0000000000438
2019,868,1000.0000000000438
2020,868,1000.0000000000438
2021,868,1000.0000000000438
2022,868,1000.0000000000438
2023,868,1000.0000000000438
2025,868,1000.0000000000438
2017,869,999.9999999999743
2018,869,999.9999999999743
2019,869,993.1178835874603
2020,869,999.9999999999743
2021,869,993.1178835874603
2022,869,999.9999999999743
2023,869,999.9999999999743
2024,869,993.1178835874603
2025,869,999.9999999999743
2016,870,1009.9455973772601
2017,870,999.9999999999593
2018,870,999.9999999999593
2019,870,990.054400540532
2020,870,999.9999999999593
2021,870,990.0544033274894
2022,870,999.9999999999593
2023,870,999.9999999999593
2024,870,990.0544033274894
2025,870,999.9999999999593
2016,871,1013.764230684224
2017,871,999.9999999998987
2018,871,999.9999999998987
2019,871,993.1178845546955
2020,871,999.9999999998987
2021,871,999.9999999998987
2022,871,999.9999999998987
2023,871,999.9999999998987
2024,871,999.9999999998987
2025,871,999.9999999998987
2016,872,1006.8821157507538
2017,872,999.9999999999969
2018,872,999.9999999999969
2019,872,999.9999999999969
2020,872,999.9999999999969
2021,872,999.9999999999969
2022,872,999.9999999999969
2023,872,999.9999999999969
2024,872,999.9999999999969
2025,872,999.9999999999969
2016,873,1013.2051172914352
2017,873,1000.0000000000064
2018,873,1000.0000000000064
2019,873,1000.0000000000064
2020,873,1000.0000000000064
2021,873,1000.0000000000064
2022,873,1000.0000000000064
2023,873,1000.0000000000064
2024,873,1000.0000000000064
2025,873,1006.8821143875331
2016,874,1013.7642225054143
2017,874,1000.0000000000233
2018,874,1000.0000000000233
2019,874,1000.0000000000233
2020,874,1000.0000000000233
2021,874,1000.0000000000233
2022,874,1000.0000000000233
2023,874,1000.0000000000233
2024,874,1006.8821130244089
2025,874,1006.8821130244089
2016,875,1013.7642197798679
2017,875,999.9999999999741
2018,875,999.9999999999741
2019,875,999.9999999999741
2020,875,999.9999999999741
2021,875,999.9999999999741
2022,875,999.9999999999741
2023,875,999.9999999999741
2024,875,1006.8821116616481
2025,875,1006.8821116616481
2016,876,1013.7642170542895
2017,876,999.99999999998
2018,876,999.99999999998
2019,876,999.99999999998
2020,876,999.99999999998
2021,876,999.99999999998
2022,876,999.99999999998
2023,876,999.99999999998
2024,876,1006.8821102989469
2025,876,1006.8821102989469
2016,877,1013.7642143281423
2017,877,1000.0000000000148
2018,877,1000.0000000000148
2019,877,1000.0000000000148
2020,877,1000.0000000000148
2021,877,1000.0000000000148
2022,877,1000.0000000000148
2023,877,1000.0000000000148
2024,877,1006.8821089360127
2025,877,1006.8821089360127
2016,878,1013.7642116031294
2017,878,1000.0000000000813
2018,878,1000.0000000000813
2019,878,1000.0000000000813
2020,878,1000.0000000000813
2021,878,1000.0000000000813
2022,878,1000.0000000000813
2023,878,1000.0000000000813
2024,878,1006.8821075735398
2025,878,1006.8821075735398
2016,879,1013.7642088777634
2017,879,1000.0000000000078
2018,879,1000.0000000000078
2019,879,1000.0000000000078
2020,879,1000.0000000000078
2021,879,1000.0000000000078
2022,879,1000.0000000000078
2023,879,1000.0000000000078
2024,879,1006.8821062106978
2025,879,1006.8821062106978
2016,880,1009.9456060053747
2017,880,999.9999999998848
2018,880,999.9999999998848
2019,880,999.9999999998848
2020,880,999.9999999998848
2021,880,999.9999999998848
2022,880,999.9999999998848
2023,880,999.9999999998848
2024,880,999.9999999998848
2025,880,999.9999999998848
2016,881,1009.9456065764094
2017,881,1000.0000000000591
2018,881,1000.0000000000591
2019,881,1000.0000000000591
2020,881,1000.0000000000591
2021,881,1000.0000000000591
2022,881,1000.0000000000591
2023,881,1000.0000000000591
2024,881,1000.0000000000591
2025,881,1000.0000000000591
2016,882,1009.9456071480857
2017,882,999.9999999999317
2018,882,999.9999999999317
2019,882,999.9999999999317
2020,882,999.9999999999317
2021,882,999.9999999999317
2022,882,999.9999999999317
2023,882,999.9999999999317
2024,882,999.9999999999317
2025,882,999.9999999999317
2016,883,1009.9456077200393
2017,883,1000.000000000079
2018,883,1000.000000000079
2019,883,1000.000000000079
2020,883,1000.000000000079
2021,883,1000.000000000079
2022,883,1000.000000000079
2023,883,1000.000000000079
2024,883,1000.000000000079
2025,883,1000.000000000079
2016,884,1829.3757454881595
2017,884,1829.3757454881595
2018,884,1829.3757454881595
2019,884,1838.9088242017667
2020,884,1838.9088242017667
2021,884,1838.9088242017667
2022,884,1838.9088242017667
2023,884,1838.9088242017667
2024,884,1838.9088242017667
2025,884,1829.3757454881595
2016,885,1019.8912164994476
2017,885,1009.9456082082119
2018,885,1009.9456082082119
2019,885,1009.9456082082119
2020,885,1009.9456082082119
2021,885,1009.9456082082119
2022,885,1009.9456082082119
2023,885,1009.9456082082119
2024,885,1009.9456082082119
2025,885,1009.9456082082119
2016,886,1819.8431227206363
2017,886,1819.8431227206363
2018,886,1819.8431227206363
2019,886,1829.3762061806046
2020,886,1829.3762061806046
2021,886,1829.3762061806046
2022,886,1829.3762061806046
2023,886,1829.3762061806046
2024,886,1829.3762061806046
2025,886,1819.8431227206363
2016,887,1029.836826338778
2017,887,1009.945608696152
2018,887,1009.945608696152
2019,887,1009.945608696152
2020,887,1009.945608696152
2021,887,1009.945608696152
2022,887,1009.945608696152
2023,887,1009.945608696152
2024,887,1009.945608696152
2025,887,1009.945608696152
2016,888,1810.3104899121504
2017,888,1810.3104899121504
2018,888,1810.3104899121504
2019,888,1819.843578118362
2020,888,1819.843578118362
2021,888,1819.843578118362
2022,888,1819.843578118362
2023,888,1819.843578118362
2024,888,1819.843578118362
2025,888,1810.3104899121504
2016,889,1810.3108933695885
2017,889,1810.3108933695885
2018,889,1810.3108933695885
2019,889,1819.8439863223011
2020,889,1819.8439863223011
2021,889,1819.8439863223011
2022,889,1819.8439863223011
2023,889,1819.8439863223011
2024,889,1819.8439863223011
2025,889,1810.3108933695885
2016,890,1039.7824369037446
2017,890,1019.8912182853938
2018,890,1019.8912182853938
2019,890,1019.8912182853938
2020,890,1019.8912182853938
2021,890,1019.8912182853938
2022,890,1019.8912182853938
2023,890,1019.8912182853938
2024,890,1029.8368275528899
2025,890,1029.8368275528899
2016,891,1800.7786444742621
2017,891,1800.7786444742621
2018,891,1800.7786444742621
2019,891,1810.3117469197239
2020,891,1810.3117469197239
2021,891,1810.3117469197239
2022,891,1810.3117469197239
2023,891,1810.3117469197239
2024,891,1810.3117469197239
2025,891,1810.3117469197239
2016,892,1049.7280483626764
2017,892,1019.8912190944731
2018,892,1019.8912190944731
2019,892,1009.9456095048928
2020,892,1000.0000000000679
2021,892,1009.9456095048928
2022,892,1000.0000000000679
2023,892,1009.9456095048928
2024,892,1039.7824385227837
2025,892,1039.7824385227837
2016,893,1791.245982082446
2017,893,1791.245982082446
2018,893,1791.245982082446
2019,893,1800.7790892740345
2020,893,1800.7790892740345
2021,893,1800.7790892740345
2022,893,1800.7790892740345
2023,893,1800.7790892740345
2024,893,1800.7790892740345
2025,893,1800.7790892740345
2016,894,1791.2463760391995
2017,894,1791.2463760391995
2018,894,1791.2463760391995
2019,894,1800.7794879772944
2020,894,1800.7794879772944
2021,894,1800.7794879772944
2022,894,1800.7794879772944
2023,894,1800.7794879772944
2024,894,1800.7794879772944
2025,894,1800.7794879772944
2016,895,1791.2467699937893
2017,895,1791.2467699937893
2018,895,1791.2467699937893
2019,895,1800.7798866782628
2020,895,1800.7798866782628
2021,895,1800.7798866782628
2022,895,1800.7798866782628
2023,895,1800.7798866782628
2024,895,1800.7798866782628
2025,895,1800.7798866782628
2016,896,1039.7824398088121
2017,896,1029.836829731887
2018,896,1029.836829731887
2019,896,1029.836829731887
2020,896,1019.8912197380879
2021,896,1029.836829731887
2022,896,1019.8912197380879
2023,896,1029.836829731887
2024,896,1029.836829731887
2025,896,1029.836829731887
2016,897,1781.7140880631525
2017,897,1781.7140880631525
2018,897,1781.7140880631525
2019,897,1791.2472094936438
2020,897,1791.2472094936438
2021,897,1791.2472094936438
2022,897,1791.2472094936438
2023,897,1791.2472094936438
2024,897,1791.2472094936438
2025,897,1791.2472094936438
2016,898,1039.7824417618883
2017,898,1009.9456103153019
2018,898,1009.9456103153019
2019,898,1029.8368311965655
2020,898,1019.8912207141374
2021,898,1029.8368311965655
2022,898,1019.8912207141374
2023,898,1029.8368311965655
2024,898,1029.8368311965655
2025,898,1029.8368311965655
2016,899,1029.836832911312
2017,899,1000.0000000000749
2018,899,1000.0000000000749
2019,899,1019.8912218570744
2020,899,1019.8912218570744
2021,899,1019.8912218570744
2022,899,1009.9456108868956
2023,899,1019.8912218570744
2024,899,1019.8912218570744
2025,899,1019.8912218570744
2016,900,980.108777332422
2017,900,1000.0000000000917
2018,900,1000.0000000000917
2019,900,1009.9456114584996
2020,900,1009.9456114584996
2021,900,1009.9456114584996
2022,900,1000.0000000000917
2023,900,1019.891223000734
2024,900,1019.891223000734
2025,900,1019.891223000734
2016,901,1753.115232091301
2017,901,1753.115232091301
2018,901,1753.115232091301
2019,901,1762.648358267307
2020,901,1762.648358267307
2021,901,1762.648358267307
2022,901,1762.648358267307
2023,901,1762.648358267307
2024,901,1762.648358267307
2025,901,1762.648358267307
2016,902,980.1087763554917
2017,902,1009.9456119465145
2018,902,1009.9456119465145
2019,902,1019.8912239766757
2020,902,980.1087763554917
2021,902,970.1631646590018
2022,902,980.1087763554917
2023,902,1019.8912239766757
2024,902,1029.8368360906609
2025,902,1019.8912239766757
2016,903,1743.5825194883496
2017,903,1743.5825194883496
2018,903,1743.5825194883496
2019,903,1753.1156504103744
2020,903,1753.1156504103744
2021,903,1753.1156504103744
2022,903,1753.1156504103744
2023,903,1753.1156504103744
2024,903,1753.1156504103744
2025,903,1753.1156504103744
2016,904,1743.5828897035815
2017,904,1743.5828897035815
2018,904,1743.5828897035815
2019,904,1753.1160253721002
2020,904,1753.1160253721002
2021,904,1753.1160253721002
2022,904,1753.1160253721002
2023,904,1753.1160253721002
2024,904,1753.1160253721002
2025,904,1753.1160253721002
2016,905,999.9999999999754
2017,905,999.9999999999754
2018,905,999.9999999999754
2019,905,999.9999999999754
2020,905,999.9999999999754
2021,905,1009.9456133287925
2022,905,999.9999999999754
2023,905,1039.7824538151694
2024,905,1039.7824538151694
2025,905,1039.7824538151694
2016,906,1381.3212774984208
2017,906,1714.9723927422028
2018,906,1714.9723927422028
2019,906,1724.5052131566672
2020,906,1724.5178273030758
2021,906,1724.5178273030758
2022,906,1724.5178273030758
2023,906,1724.5178273030758
2024,906,1724.5178273030758
2025,906,1724.5178273030758
2016,907,1000.0000000000973
2017,907,1009.9456138168516
2018,907,1009.9456138168516
2019,907,980.1087726159686
2020,907,1000.0000000000973
2021,907,1019.8912277174314
2022,907,1000.0000000000973
2023,907,1039.782455767737
2024,907,1039.782455767737
2025,907,1039.782455767737
2016,908,1362.2555596848708
2017,908,1371.7885263980697
2018,908,1371.7885263980697
2019,908,1390.854448390466
2020,908,1714.9850745313095
2021,908,1714.9850745313095
2022,908,1714.9850745313095
2023,908,1714.9850745313095
2024,908,1714.9850745313095
2025,908,1714.9850745313095
2016,909,1000.0000000000911
2017,909,1000.0000000000911
2018,909,1000.0000000000911
2019,909,970.1631558688341
2020,909,980.1087704959713
2021,909,1029.8368448818176
2022,909,990.0543852066997
2023,909,1009.9456148770738
2024,909,1039.7824600088802
2025,909,1029.8368448818176
2016,910,980.1087693523882
2017,910,999.9999999999375
2018,910,999.9999999999375
2019,910,960.217539038276
2020,910,970.1631541536522
2021,910,1019.8912309811583
2022,910,980.1087693523882
2023,910,999.9999999999375
2024,910,1029.8368465969238
2025,910,1019.8912309811583
2016,911,1324.123872029206
2017,911,1333.6568603831709
2018,911,1333.6568603831709
2019,911,1343.1898449240139
2020,911,1686.3860725057898
2021,911,1686.3860725057898
2022,911,1686.3860725057898
2023,911,1686.3860725057898
2024,911,1686.3860725057898
2025,911,1686.3860725057898
2016,912,980.1087683752963
2017,912,1009.9456159373622
2018,912,1009.9456159373622
2019,912,960.2175370838936
2020,912,960.2175370838936
2021,912,1019.8912319579483
2022,912,980.1087683752963
2023,912,999.9999999999031
2024,912,1029.8368480621273
2025,912,1029.8368480621273
2016,913,1305.0580533309728
2017,913,1314.5910546013695
2018,913,1314.5910546013695
2019,913,1324.1240520624885
2020,913,1676.853289060951
2021,913,1676.853289060951
2022,913,1676.853289060951
2023,913,1676.853289060951
2024,913,1676.853289060951
2025,913,1676.853289060951
2016,914,1295.5251953910217
2017,914,1305.0582052203338
2018,914,1305.0582052203338
2019,914,1314.5912112383892
2020,914,1676.853626040604
2021,914,1676.8426159114892
2022,914,1676.853626040604
2023,914,1676.853626040604
2024,914,1676.853626040604
2025,914,1676.853626040604
2016,915,999.999999999896
2017,915,1019.8912327686028
2018,915,1019.8912327686028
2019,915,970.1631514724992
2020,915,970.1631514724992
2021,915,1029.8368492775296
2022,915,999.999999999896
2023,915,1009.9456163423374
2024,915,1039.7824658698164
2025,915,1039.7824658698164
2016,916,1276.4593178436796
2017,916,1285.9923405915174
2018,916,1285.9923405915174
2019,916,1295.5253595276329
2020,916,1667.320827805839
2021,916,1619.6457357318754
2022,916,1667.320827805839
2023,916,1667.320827805839
2024,916,1667.320827805839
2025,916,1667.320827805839
2016,917,999.9999999999654
2017,917,999.9999999999654
2018,917,999.9999999999654
2019,917,980.1087646337589
2020,917,980.1087646337589
2021,917,999.9999999999654
2022,917,1029.836853674938
2023,917,1029.836853674938
2024,917,1049.7280898745084
2025,917,1049.7280898745084
2016,918,1219.2614666521897
2017,918,1228.7945281555042
2018,918,1228.7945281555042
2019,918,1238.3275858456993
2020,918,1505.2516538389436
2021,918,1514.7846010092348
2022,918,1638.722372850533
2023,918,1638.722372850533
2024,918,1629.189184977235
2025,918,1638.7125674480844
2016,919,1114.3979832770117
2017,919,1114.3983005185626
2018,919,1114.3983005185626
2019,919,1114.3983005185626
2020,919,1390.8611863936349
2021,919,1409.9235663804177
2022,919,1571.9922931679112
2023,919,1571.9922931679112
2024,919,1562.45907207433
2025,919,1562.45907207433
2016,920,1009.9456217172441
2017,920,1517.1731529925219
2018,920,1517.1731529925219
2019,920,1029.8368654024669
2020,920,1009.9456217172441
2021,920,1029.8368654024669
2022,920,1019.8912435177098
2023,920,1019.8912435177098
2024,920,999.999999999904
2025,920,1049.7281094204307
2016,921,999.9999999999474
2017,921,1104.8651640302123
2018,921,1104.8651640302123
2019,921,1104.8648972081699
2020,921,1381.3246882685448
2021,921,1390.8577273456751
2022,921,1562.4593844763017
2023,921,1562.4593844763017
2024,921,1552.9261586369128
2025,921,1552.9261586369128
2016,922,1019.8912444960945
2017,922,1537.0644926400844
2018,922,1537.0644926400844
2019,922,1029.8368668690468
2020,922,1019.8912444960945
2021,922,1039.7824893258246
2022,922,1029.8368668690468
2023,922,1019.8912444960945
2024,922,1000.0000000000356
2025,922,1049.7281118650294
2016,923,1009.9456227779633
2017,923,1547.0101823611508
2018,923,1547.0101823611508
2019,923,1019.8912456398672
2020,923,1019.8912456398672
2021,923,1029.8368685848968
2022,923,1029.8368685848968
2023,923,1009.9456227779633
2024,923,999.9999999998851
2025,923,1039.7824916135191
2016,924,675.8715319369092
2017,924,1085.7986391556162
2018,924,1085.7986391556162
2019,924,675.8715319369092
2020,924,1343.192704235032
2021,924,1362.25882075376
2022,924,1543.3932664535653
2023,924,1543.3932664535653
2024,924,1533.8600358686888
2025,924,1533.8600358686888
2016,925,1576.8471912232226
2017,925,1566.901529869304
2018,925,1566.901529869304
2019,925,1019.8912466178028
2020,925,1019.8912466178028
2021,925,1556.9558692220794
2022,925,1039.78249356854
2023,925,1556.9558692220794
2024,925,1000.0000000000382
2025,925,1039.78249356854
2016,926,1586.7928870575138
2017,926,1576.8472244250365
2018,926,1576.8472244250365
2019,926,1019.891247762612
2020,926,1019.891247762612
2021,926,1566.9015624985557
2022,926,1556.9559012780699
2023,926,1566.9015624985557
2024,926,1566.9015624985557
2025,926,1556.9559012780699
2016,927,1596.73858479169
2017,927,1586.792920878333
2018,927,1586.792920878333
2019,927,1566.9015951717004
2020,927,1556.9559333774937
2021,927,1576.8463536599913
2022,927,1566.9015951717004
2023,927,1576.8472576726017
2024,927,1576.8472576726017
2025,927,1576.8472576726017
2016,928,1606.6842843508234
2017,928,1596.7386191575097
2018,928,1596.7386191575097
2019,928,1576.8472908921271
2020,928,1566.9016278179638
2021,928,1576.8472908921271
2022,928,1576.8472908921271
2023,928,1586.7929546718208
2024,928,1586.7929546718208
2025,928,1586.7929546718208
2016,929,1616.6299857642416
2017,929,1606.684319292133
2018,929,1606.684319292133
2019,929,1586.7929884663672
2020,929,1576.8473241134081
2021,929,1586.7929884663672
2022,929,1586.7929884663672
2023,929,1596.7376809038005
2024,929,1596.73865352602
2025,929,1596.73865352602
2016,930,1626.5756890647438
2017,930,1616.630021312447
2018,930,1616.630021312447
2019,930,1596.738687925838
2020,930,1586.7930222919924
2021,930,1596.738687925838
2022,930,1596.738687925838
2023,930,1596.738687925838
2024,930,1606.6833463695405
2025,930,1606.6843542656784
2016,931,1636.521394188379
2017,931,1626.5746449341207
2018,931,1626.5746449341207
2019,931,1606.6843892102806
2020,931,1596.738722296472
2021,931,1606.6843892102806
2022,931,1606.6843892102806
2023,931,1606.6843892102806
2024,931,1606.6843892102806
2025,931,1616.6300568300846
2016,932,1646.4671012018578
2017,932,1626.575761282248
2018,932,1626.575761282248
2019,932,1616.6300923817844
2020,932,1606.6844241882488
2021,932,1616.6290485481047
2022,932,1616.6300923817844
2023,932,1616.6290485481047
2024,932,1616.6300923817844
2025,932,1626.575761282248
2016,933,1028.7454296639821
2017,933,1000.0000000000067
2018,933,1000.0000000000067
2019,933,1014.3727118037159
2020,933,985.6272948330177
2021,933,856.2732208359795
2022,933,698.1744687022175
2023,933,726.9196417401037
2024,933,712.5470521944108
2025,933,712.5470521944108
2016,934,1495.7258924611833
2017,934,1085.79881821857
2018,934,1085.79881821857
2019,934,1476.6595393709415
2020,934,1505.2590681852794
2021,934,1495.7258924611833
2022,934,1495.7258924611833
2023,934,1476.6595393709415
2024,934,1486.1927161897745
2025,934,1038.1328135830606
2016,935,1495.7256456766986
2017,935,1104.865164030307
2018,935,1104.865164030307
2019,935,1486.1981590099842
2020,935,1390.8607287846853
2021,935,1381.3275512370287
2022,935,1371.794373141716
2023,935,1495.7256456766986
2024,935,1476.6647664537247
2025,935,1486.1981590099842
2016,936,999.9999999999748
2017,936,999.9999999999748
2018,936,999.9999999999748
2019,936,993.1178284232466
2020,936,960.3838141031824
2021,936,828.3290715915211
2022,936,554.4484608695964
2023,936,554.4484608695964
2024,936,554.4484608695964
2025,936,554.4484608695964
2016,937,1006.8821718829594
2017,937,999.9999999999902
2018,937,999.9999999999902
2019,937,993.1178297853838
2020,937,973.5892395794733
2021,937,841.5347086427294
2022,937,540.0757763838644
2023,937,545.7744289324585
2024,937,545.7744289324585
2025,937,545.7744289324585
2016,938,1006.8821705207948
2017,938,999.9999999999651
2018,938,999.9999999999651
2019,938,993.117831146596
2020,938,979.353487559964
2021,938,841.7098200068929
2022,938,538.8922784994862
2023,938,545.7745187902665
2024,938,545.7745187902665
2025,938,545.7745187902665
2016,939,1006.8821691598044
2017,939,999.9999999999936
2018,939,999.9999999999936
2019,939,993.1178325092039
2020,939,979.3534916466691
2021,939,841.709851327214
2022,939,538.8923697195415
2023,939,540.0754730237259
2024,939,540.0754730237259
2025,939,540.0754730237259
2016,940,1543.3899969485087
2017,940,1200.1965218312744
2018,940,1200.1965218312744
2019,940,1562.4562803157285
2020,940,1562.4562803157285
2021,940,1200.1965218312744
2022,940,1562.4562803157285
2023,940,1476.6579879282979
2024,940,1562.4562803157285
2025,940,1562.4562803157285
2016,941,1006.8821660391003
2017,941,999.9999999999969
2018,941,999.9999999999969
2019,941,993.1178356289274
2020,941,956.881784627909
2021,941,813.154794642559
2022,941,511.33010302121613
2023,941,511.33010302121613
2024,941,511.33010302121613
2025,941,511.33010302121613
2016,942,1006.8821646775604
2017,942,1000.0000000000499
2018,942,1000.0000000000499
2019,942,993.1178369915606
2020,942,913.7635953138345
2021,942,798.7820630566215
2022,942,496.9574001467184
2023,942,496.9574001467184
2024,942,496.9574001467184
2025,942,496.9574001467184
2016,943,1006.8821633151955
2017,943,999.9999999999648
2018,943,999.9999999999648
2019,943,993.1178383523536
2020,943,798.781996719284
2021,943,784.4093280794247
2022,943,482.5846939259874
2023,943,482.5846939259874
2024,943,482.5846939259874
2025,943,483.83486584657425
2016,944,1006.8821619537301
2017,944,1000.0000000000095
2018,944,1000.0000000000095
2019,944,993.1178397143228
2020,944,786.6525022905321
2021,944,779.7703086217343
2022,944,476.9527285443676
2023,944,476.9527285443676
2024,944,476.9527285443676
2025,944,484.98390109985127
2016,945,1006.8821605918886
2017,945,999.9999999999919
2018,945,999.9999999999919
2019,945,993.1178410767873
2020,945,786.6525445033817
2021,945,772.8881580424962
2022,945,484.98425267975153
2023,945,484.98425267975153
2024,945,484.98425267975153
2025,945,497.59954453886905
2016,946,1006.882159229625
2017,946,1000.0000000000579
2018,946,1000.0000000000579
2019,946,993.1178424382807
2020,946,786.6525867154479
2021,946,772.8882029767594
2022,946,498.1903578553575
2023,946,498.1903578553575
2024,946,498.1903578553575
2025,946,498.1903578553575
2016,947,1006.8821578674668
2017,947,999.9999999999073
2018,947,999.9999999999073
2019,947,993.1178437995644
2020,947,786.6526289274975
2021,947,772.8882479115073
2022,947,511.39643282896475
2023,947,511.39643282896475
2024,947,511.39643282896475
2025,947,511.39643282896475
2016,948,1006.8821565068754
2017,948,1000.0000000000435
2018,948,1000.0000000000435
2019,948,993.1178451623178
2020,948,784.408972564088
2021,948,772.8882928489028
2022,948,524.6024777926572
2023,948,524.6024777926572
2024,948,524.6024777926572
2025,948,524.6024777926572
2016,949,1566.9014251972862
2017,949,1566.902296601502
2018,949,1566.902296601502
2019,949,1556.9557838243218
2020,949,1537.0652763827288
2021,949,1537.0652763827288
2022,949,1537.0652763827288
2023,949,1537.0652763827288
2024,949,1537.0652763827288
2025,949,1547.0109490828352
2016,950,1013.7643075366456
2017,950,999.9999999999818
2018,950,999.9999999999818
2019,950,993.117846127792
2020,950,788.7142872278937
2021,950,779.7705138055876
2022,950,551.0141447597443
2023,950,551.0141447597443
2024,950,551.0141447597443
2025,950,551.0141447597443
2016,951,1006.8821541786983
2017,951,1000.0000000000525
2018,951,1000.0000000000525
2019,951,1000.0000000000525
2020,951,793.5349291408261
2021,951,779.7705573773405
2022,951,564.2201088796093
2023,951,564.2201088796093
2024,951,564.2201088796093
2025,951,564.2201088796093
2016,952,1013.2052358448217
2017,952,1000.0000000000198
2018,952,1000.0000000000198
2019,952,1000.0000000000198
2020,952,800.4171521902706
2021,952,779.7706009505331
2022,952,577.4260429076018
2023,952,577.4260429076018
2024,952,577.4260429076018
2025,952,577.4260429076018
2016,953,1013.7642993655996
2017,953,999.9999999999535
2018,953,999.9999999999535
2019,953,999.9999999999535
2020,953,800.4171916772299
2021,953,786.6528276972696
2022,953,590.6319467555066
2023,953,590.6319467555066
2024,953,590.6319467555066
2025,953,590.6319467555066
2016,954,1547.0103183601402
2017,954,1566.9016074146168
2018,954,1566.9016074146168
2019,954,1527.1190296386364
2020,954,1527.1190296386364
2021,954,1527.1190296386364
2022,954,1527.1190296386364
2023,954,1527.1190296386364
2024,954,1507.2277412503379
2025,954,1507.2277412503379
2016,955,1547.0103498615904
2017,955,1566.9016400620392
2018,955,1566.9016400620392
2019,955,1527.1190599948125
2020,955,1527.1190599948125
2021,955,1527.1190599948125
2022,955,1527.1190599948125
2023,955,1527.1190599948125
2024,955,1507.2277704612402
2025,955,1497.2821258191445
2016,956,1547.0103813637106
2017,956,1566.9016727098751
2018,956,1566.9016727098751
2019,956,1527.1190903514498
2020,956,1527.1190903514498
2021,956,1527.1190903514498
2022,956,1527.1190903514498
2023,956,1527.1190903514498
2024,956,1507.2277996723947
2025,956,1497.282154457441
2016,957,1547.010412867765
2017,957,1566.9017053599055
2018,957,1566.9017053599055
2019,957,1527.11912071046
2020,957,1527.11912071046
2021,957,1527.11912071046
2022,957,1527.11912071046
2023,957,1527.11912071046
2024,957,1507.2278288856621
2025,957,1497.2821830978373
2016,958,1547.0104443726464
2017,958,1556.956091150138
2018,958,1556.956091150138
2019,958,1517.1735045421933
2020,958,1527.1191510689066
2021,958,1527.1191510689066
2022,958,1527.1191510689066
2023,958,1527.1191510689066
2024,958,1507.2278580988384
2025,958,1497.2822117381463
2016,959,1238.3282128162105
2017,959,1238.3282128162105
2018,959,1238.3282128162105
2019,959,1247.8613484727537
2020,959,1247.8613484727537
2021,959,1247.8613484727537
2022,959,1247.8613484727537
2023,959,1247.8613484727537
2024,959,1247.8613484727537
2025,959,1247.8613484727537
2016,960,1556.9561185614766
2017,960,1547.010471294801
2018,960,1547.010471294801
2019,960,1527.119177012228
2020,960,1527.119177012228
2021,960,1527.119177012228
2022,960,1527.119177012228
2023,960,1527.119177012228
2024,960,1517.1735299960978
2025,960,1507.2278830626278
2016,961,1547.0105028019893
2017,961,1517.1735597853499
2018,961,1517.1735597853499
2019,961,1517.1735597853499
2020,961,1517.1735597853499
2021,961,1507.227912279003
2022,961,1517.1735597853499
2023,961,1507.227912279003
2024,961,1507.227912279003
2025,961,1507.227912279003
2016,962,1219.2609178598425
2017,962,1219.2620775885728
2018,962,1219.2620775885728
2019,962,1228.7952179912154
2020,962,1228.7952179912154
2021,962,1228.7952179912154
2022,962,1228.7952179912154
2023,962,1228.7952179912154
2024,962,1228.7952179912154
2025,962,1228.7952179912154
2016,963,1547.0105297275334
2017,963,1517.1735852412357
2018,963,1517.1735852412357
2019,963,1517.1735852412357
2020,963,1517.1735852412357
2021,963,1507.2279372456996
2022,963,1517.1735852412357
2023,963,1507.2279372456996
2024,963,1517.1735852412357
2025,963,1507.2279372456996
2016,964,1537.0649124184943
2017,964,1517.1736150318243
2018,964,1517.1736150318243
2019,964,1507.2279664636449
2020,964,1517.1736150318243
2021,964,1507.2279664636449
2022,964,1507.2279664636449
2023,964,1507.2279664636449
2024,964,1507.2279664636449
2025,964,1497.2823179790582
2016,965,1000.0000000000349
2017,965,1200.1959211798953
2018,965,1200.1959211798953
2019,965,1209.7290663287536
2020,965,1209.7290663287536
2021,965,1209.7290663287536
2022,965,1209.7290663287536
2023,965,1209.7290663287536
2024,965,1209.7290663287536
2025,965,1209.7290663287536
2016,966,1547.0105881646864
2017,966,1527.1192896326822
2018,966,1527.1192896326822
2019,966,1517.1736404905546
2020,966,1527.1192896326822
2021,966,1517.1736404905546
2022,966,1517.1736404905546
2023,966,1517.1736404905546
2024,966,1517.1736404905546
2025,966,1497.2823424591747
2016,967,857.0024958429424
2017,967,1190.66200485932
2018,967,1190.66200485932
2019,967,1200.1950650859021
2020,967,1200.1960323891294
2021,967,1200.1960323891294
2022,967,1200.1960323891294
2023,967,1200.1960323891294
2024,967,1200.1960323891294
2025,967,1200.1960323891294
2016,968,1556.9562649743818
2017,968,1527.1193155816431
2018,968,1527.1193155816431
2019,968,1527.1193155816431
2020,968,1537.064965295631
2021,968,1527.1193155816431
2022,968,1527.1193155816431
2023,968,1527.1193155816431
2024,968,1527.1193155816431
2025,968,1507.228016403516
2016,969,1556.9562970606632
2017,969,1507.2280456256326
2018,969,1507.2280456256326
2019,969,1517.1736957460125
2020,969,1527.119345948821
2021,969,1527.119345948821
2022,969,1517.1736957460125
2023,969,1517.1736957460125
2024,969,1527.119345948821
2025,969,1507.2280456256326
2016,970,1547.0106781227175
2017,970,1497.2824242377171
2018,970,1497.2824242377171
2019,970,1487.3367737116344
2020,970,1517.1737255422909
2021,970,1517.1737255422909
2022,970,1497.2824242377171
2023,970,1507.22807484879
2024,970,1517.1737255422909
2025,970,1497.2824242377171
2016,971,1507.2281040723183
2017,971,1487.3368017901053
2018,971,1487.3368017901053
2019,971,1477.3911507731075
2020,971,1497.282452889066
2021,971,1497.282452889066
2022,971,1487.3368017901053
2023,971,1497.282452889066
2024,971,1487.3368017901053
2025,971,1477.3911507731075
2016,972,1497.282481541889
2017,972,1477.3911782801383
2018,972,1477.3911782801383
2019,972,1477.3911782801383
2020,972,1487.3368298700323
2021,972,1487.3368298700323
2022,972,1477.3911782801383
2023,972,1487.3368298700323
2024,972,1477.3911782801383
2025,972,1467.4455267736046
2016,973,1487.3368579500154
2017,973,1467.445553707787
2018,973,1467.445553707787
2019,973,1467.445553707787
2020,973,1487.3368579500154
2021,973,1487.3368579500154
2022,973,1477.391205787222
2023,973,1487.3368579500154
2024,973,1477.391205787222
2025,973,1467.445553707787
2016,974,1487.336886030989
2017,974,1467.4455806425426
2018,974,1467.4455806425426
2019,974,1467.4455806425426
2020,974,1477.3912332953194
2021,974,1477.3912332953194
2022,974,1477.3912332953194
2023,974,1477.3912332953194
2024,974,1477.3912332953194
2025,974,1467.4455806425426
2016,975,1487.336914113924
2017,975,1467.4456075796618
2018,975,1467.4456075796618
2019,975,1467.4456075796618
2020,975,1477.39126080488
2021,975,1477.39126080488
2022,975,1477.39126080488
2023,975,1477.39126080488
2024,975,1477.39126080488
2025,975,1467.4456075796618
2016,976,1487.3369421975722
2017,976,1467.4456345165809
2018,976,1467.4456345165809
2019,976,1467.4456345165809
2020,976,1477.3912883151636
2021,976,1467.4456345165809
2022,976,1477.3912883151636
2023,976,1477.3912883151636
2024,976,1477.3912883151636
2025,976,1467.4456345165809
2016,977,1805.5998029354766
2017,977,1467.445661454763
2018,977,1467.445661454763
2019,977,1467.445661454763
2020,977,1467.445661454763
2021,977,1795.6540980660022
2022,977,1477.391315826476
2023,977,1467.445661454763
2024,977,1795.6540980660022
2025,977,1785.708393904153
2016,978,1815.5455556361783
2017,978,1805.5998494833877
2018,978,1805.5998494833877
2019,978,1795.6541440382216
2020,978,1785.7084393013797
2021,978,1805.5998494833877
2022,978,1467.4456883942391
2023,978,1795.6541440382216
2024,978,1805.5998494833877
2025,978,1805.5998494833877
2016,979,1825.4913100919255
2017,979,1815.5456026581282
2018,979,1815.5456026581282
2019,979,1805.5998959312587
2020,979,1795.654189912015
2021,979,1815.5456026581282
2022,979,1795.654189912015
2023,979,1805.5998959312587
2024,979,1815.5456026581282
2025,979,1815.5456026581282
2016,980,1835.4370664690448
2017,980,1825.4913577521547
2018,980,1825.4913577521547
2019,980,1815.5456497428893
2020,980,1805.599942441016
2021,980,1825.4913577521547
2022,980,1805.599942441016
2023,980,1815.5456497428893
2024,980,1825.4913577521547
2025,980,1825.4913577521547
2016,981,1845.382824727646
2017,981,1835.437114728594
2018,981,1835.437114728594
2019,981,1825.4914054357696
2020,981,1815.5456968519668
2021,981,1835.4351213099135
2022,981,1815.5456968519668
2023,981,1825.4914054357696
2024,981,1835.437114728594
2025,981,1835.437114728594
2016,982,1855.328584803269
2017,982,1845.3828735215811
2018,982,1845.3828735215811
2019,982,1835.4371629470506
2020,982,1825.491453079215
2021,982,1835.4351694633951
2022,982,1825.491453079215
2023,982,1835.4371629470506
2024,982,1845.3828735215811
2025,982,1845.3828735215811
2016,983,1865.272200553767
2017,983,1855.326539491952
2018,983,1855.326539491952
2019,983,1845.3808785137285
2020,983,1835.4372112329268
2021,983,1835.4372112329268
2022,983,1835.4372112329268
2023,983,1845.3829223833918
2024,983,1855.3286342410158
2025,983,1855.326539491952
2016,984,1865.2743967534336
2017,984,1855.3286836127022
2018,984,1855.3286836127022
2019,984,1845.3829711800624
2020,984,1845.380927244723
2021,984,1845.3829711800624
2022,984,1845.380927244723
2023,984,1855.3265887960981
2024,984,1865.2743967534336
2025,984,1855.3286836127022
2016,985,1875.2201611494138
2017,985,1865.2723003107571
2018,985,1865.2723003107571
2019,985,1855.3287330100643
2020,985,1845.38097597811
2021,985,1855.3287330100643
2022,985,1845.383020001944
2023,985,1855.3287330100643
2024,985,1875.2179626027032
2025,985,1865.2744467255768
2016,986,1885.163676004757
2017,986,1865.2744966782086
2018,986,1865.2744966782086
2019,986,1865.272350192125
2020,986,1845.3830688038372
2021,986,1865.272350192125
2022,986,1855.3266874108485
2023,986,1865.2744966782086
2024,986,1875.2202116768328
2025,986,1875.2180130572272
2016,987,1660.683276411046
2017,987,1653.8012099408495
2018,987,1653.8012099408495
2019,987,1640.037071475727
2020,987,1633.154999584744
2021,987,1640.037071475727
2022,987,1640.037071475727
2023,987,1640.037071475727
2024,987,1640.037071475727
2025,987,1646.919139925457
2016,988,1724.5177855918193
2017,988,1714.9846773973586
2018,988,1714.9846773973586
2019,988,1724.5177855918193
2020,988,1724.5177855918193
2021,988,1686.3853495273254
2022,988,1724.5177855918193
2023,988,1705.4515686564027
2024,988,1676.8522391415293
2025,988,1676.8522391415293
2016,989,1734.0505277765337
2017,989,1734.0505277765337
2018,989,1734.0505277765337
2019,989,1734.0505277765337
2020,989,1734.0505277765337
2021,989,1695.9181128875905
2022,989,1743.5836301295665
2023,989,1705.4512174313743
2024,989,1686.3850077946377
2025,989,1695.9181128875905
2016,990,1488.6286766799556
2017,990,1488.6820249829145
2018,990,1488.6820249829145
2019,990,1481.7466206829174
2020,990,1467.9825028473351
2021,990,1474.3089236661542
2022,990,1474.3089236661542
2023,990,1474.3089236661542
2024,990,1474.3089236661542
2025,990,1474.864561141097
2016,991,1488.6285799770303
2017,991,1488.6285799770303
2018,991,1488.6285799770303
2019,991,1481.7465253432692
2020,991,1467.9824102334135
2021,991,1467.9824102334135
2022,991,1467.9824102334135
2023,991,1467.9824102334135
2024,991,1467.9824102334135
2025,991,1474.8644671645561
2016,992,1257.3920496817957
2017,992,1314.5902285766886
2018,992,1314.5902285766886
2019,992,1305.0572001342887
2020,992,1314.5902285766886
2021,992,1257.3920496817957
2022,992,1305.0572001342887
2023,992,1305.0572001342887
2024,992,1305.0572001342887
2025,992,1295.5241711420176
2016,993,1049.7283049515536
2017,993,1059.6739638192878
2018,993,1059.6739638192878
2019,993,1078.8325962592007
2020,993,1078.8325962592007
2021,993,1078.8325962592007
2022,993,1078.8325962592007
2023,993,1078.8325962592007
2024,993,1078.8325962592007
2025,993,1078.8325962592007
2016,994,1371.7872555289678
2017,994,1371.7872555289678
2018,994,1371.7872555289678
2019,994,1362.2542594078209
2020,994,1371.7872555289678
2021,994,1352.7212627365698
2022,994,1352.7212627365698
2023,994,1362.2542594078209
2024,994,1362.2542594078209
2025,994,1371.7872555289678
2016,995,1069.619618549009
2017,995,1079.5652755122476
2018,995,1079.5652755122476
2019,995,1119.3478962882525
2020,995,1119.3478962882525
2021,995,1119.3478962882525
2022,995,1119.3478962882525
2023,995,1119.3478962882525
2024,995,1119.3478962882525
2025,995,1119.3478962882525
2016,996,1079.5652709267117
2017,996,1089.5109266077504
2018,996,1089.5109266077504
2019,996,1298.369532515886
2020,996,1358.0433626161248
2021,996,1338.152088745383
2022,996,1497.2822004775405
2023,996,1527.119076266329
2024,996,1367.9889984897093
2025,996,1377.9346336565989
2016,997,1278.4782340984511
2017,997,1298.369515311568
2018,997,1298.369515311568
2019,997,1298.3697218769287
2020,997,1358.0436572535352
2021,997,1338.1523457943833
2022,997,1716.0857671637893
2023,997,1716.0857671637893
2024,997,1716.0857671637893
2025,997,1686.2489334123852
2016,998,1278.4783933632636
2017,998,1298.3697046754487
2018,998,1298.3697046754487
2019,998,1298.3697046754487
2020,998,1358.0436366118395
2021,998,1338.1523262992716
2022,998,1716.0871652459423
2023,998,1716.0871652459423
2024,998,1716.0871652459423
2025,998,1716.0857259667362
2016,999,1278.478377309412
2017,999,1298.369687474565
2018,999,1298.369687474565
2019,999,1298.369687474565
2020,999,1358.0436159700914
2021,999,1338.152306805021
2022,999,1716.087123962734
2023,999,1716.087123962734
2024,999,1716.087123962734
2025,999,1716.087123962734
2016,1000,1082.5854570559934
2017,1000,1089.467585463264
2018,1000,1089.467585463264
2019,1000,1092.4353567131068
2020,1000,1092.4353567131068
2021,1000,1092.4353567131068
2022,1000,1092.4353567131068
2023,1000,1092.4353567131068
2024,1000,1092.4353567131068
2025,1000,1092.4353567131068
2016,1001,1076.2641628947026
2017,1001,1076.2641628947026
2018,1001,1076.2641628947026
2019,1001,1085.797185728132
2020,1001,1076.2641628947026
2021,1001,1076.2641628947026
2022,1001,1076.2641628947026
2023,1001,1076.2641628947026
2024,1001,1076.2641628947026
2025,1001,1076.2641628947026
2016,1002,1076.2642008699668
2017,1002,1076.2642008699668
2018,1002,1076.2642008699668
2019,1002,1085.7972284503207
2020,1002,1076.2642008699668
2021,1002,1076.2642008699668
2022,1002,1076.2642008699668
2023,1002,1076.2642008699668
2024,1002,1076.2642008699668
2025,1002,1076.2642008699668
2016,1003,1076.2642388450076
2017,1003,1076.2642388450076
2018,1003,1076.2642388450076
2019,1003,1085.7970920725302
2020,1003,1076.2642388450076
2021,1003,1076.2642388450076
2022,1003,1076.2642388450076
2023,1003,1076.2642388450076
2024,1003,1076.2642388450076
2025,1003,1076.2642388450076
2016,1004,1079.2306166964158
2017,1004,1079.2306166964158
2018,1004,1079.2306166964158
2019,1004,1092.4357620003607
2020,1004,1092.4357620003607
2021,1004,1092.4357620003607
2022,1004,1092.4357620003607
2023,1004,1092.4357620003607
2024,1004,1092.4357620003607
2025,1004,1089.4677174580077
2016,1005,1066.7313361305423
2017,1005,1076.2642445950607
2018,1005,1076.2642445950607
2019,1005,1085.7974371136293
2020,1005,1085.7974371136293
2021,1005,1085.7974371136293
2022,1005,1085.7974371136293
2023,1005,1085.7974371136293
2024,1005,1085.7974371136293
2025,1005,1085.7974371136293
2016,1006,1076.264457899032
2017,1006,1076.264457899032
2018,1006,1076.264457899032
2019,1006,1095.3305778691736
2020,1006,1095.3305778691736
2021,1006,1095.3305778691736
2022,1006,1095.3305778691736
2023,1006,1095.3305778691736
2024,1006,1095.3305778691736
2025,1006,1095.3305778691736
2016,1007,1076.2644958729852
2017,1007,1076.2644958729852
2018,1007,1076.2644958729852
2019,1007,1095.3304045389173
2020,1007,1095.3304045389173
2021,1007,1095.3304045389173
2022,1007,1095.3304045389173
2023,1007,1095.3304045389173
2024,1007,1095.3304045389173
2025,1007,1095.3304045389173
2016,1008,1076.264533846571
2017,1008,1076.264533846571
2018,1008,1076.264533846571
2019,1008,1085.7976030502707
2020,1008,1085.7976030502707
2021,1008,1085.7976030502707
2022,1008,1085.7976030502707
2023,1008,1085.7976030502707
2024,1008,1085.7976030502707
2025,1008,1085.7976030502707
2016,1009,1105.6413765374837
2017,1009,1105.6413765374837
2018,1009,1105.6413765374837
2019,1009,1118.8466032740112
2020,1009,1118.8466032740112
2021,1009,1118.8466032740112
2022,1009,1118.8466032740112
2023,1009,1118.8466032740112
2024,1009,1118.8466032740112
2025,1009,1118.8466032740112
2016,1010,1085.7977262641655
2017,1010,1085.7977262641655
2018,1010,1085.7977262641655
2019,1010,1095.3308097080399
2020,1010,1095.3308097080399
2021,1010,1095.3308097080399
2022,1010,1095.3308097080399
2023,1010,1095.3308097080399
2024,1010,1095.3308097080399
2025,1010,1085.7977262641655
2016,1011,1118.8468603799479
2017,1011,1118.8468603799479
2018,1011,1118.8468603799479
2019,1011,1132.0521278317399
2020,1011,1132.0521278317399
2021,1011,1132.0521278317399
2022,1011,1132.0521278317399
2023,1011,1132.0521278317399
2024,1011,1132.0521278317399
2025,1011,1132.0521278317399
2016,1012,1109.4021677242893
2017,1012,1129.293469863456
2018,1012,1129.293469863456
2019,1012,1129.293469863456
2020,1012,1198.9130247258777
2021,1012,1188.9673742817242
2022,1012,1556.9555456690648
2023,1012,1547.0107378012704
2024,1012,1547.0107378012704
2025,1012,1547.0107378012704
2016,1013,1109.4021614193155
2017,1013,1129.2934624119675
2018,1013,1129.2934624119675
2019,1013,1129.2934624119675
2020,1013,1198.913013262173
2021,1013,1198.9129380096342
2022,1013,1566.9011276238364
2023,1013,1556.955513606537
2024,1013,1556.955513606537
2025,1013,1556.955513606537
2016,1014,1109.4021551145656
2017,1014,1129.2934549609417
2018,1014,1129.2934549609417
2019,1014,1129.2934549609417
2020,1014,1198.9130017984796
2021,1014,1198.9130017984796
2022,1014,1566.9019672646066
2023,1014,1566.9010949912813
2024,1014,1566.9010949912813
2025,1014,1566.9010949912813
2016,1015,1109.4021488094218
2017,1015,1129.293447509992
2018,1015,1129.293447509992
2019,1015,1129.293447509992
2020,1015,1198.9129903351136
2021,1015,1208.8585534218248
2022,1015,1566.9019345942884
2023,1015,1566.9019345942884
2024,1015,1566.9019345942884
2025,1015,1566.9019345942884
2016,1016,1781.7258074824529
2017,1016,1762.659019311839
2018,1016,1762.659019311839
2019,1016,1762.659019311839
2020,1016,1762.659019311839
2021,1016,1762.659019311839
2022,1016,1762.659019311839
2023,1016,1762.659019311839
2024,1016,1772.1924114901194
2025,1016,1772.1924114901194
2016,1017,1119.347792323194
2017,1017,1139.2390898769868
2018,1017,1139.2390898769868
2019,1017,1139.2390898769868
2020,1017,1218.804180278576
2021,1017,1228.7498167045128
2022,1017,1576.8475517442928
2023,1017,1576.8475517442928
2024,1017,1576.8475517442928
2025,1017,1576.8475517442928
2016,1018,1762.658595759859
2017,1018,1743.5918334309342
2018,1018,1743.5918334309342
2019,1018,1743.5918334309342
2020,1018,1743.5918334309342
2021,1018,1743.5918334309342
2022,1018,1743.5918334309342
2023,1018,1743.5918334309342
2024,1018,1753.125212688721
2025,1018,1753.125212688721
2016,1019,1129.2933837141766
2017,1019,1139.2390280317682
2018,1019,1139.2390280317682
2019,1019,1149.1846722666999
2020,1019,1338.1516206432211
2021,1019,1358.042866997388
2022,1019,1566.901654870087
2023,1019,1566.901654870087
2024,1019,1566.901654870087
2025,1019,1566.901654870087
2016,1020,1667.3239650766834
2017,1020,1648.257306771704
2018,1020,1648.257306771704
2019,1020,1648.257306771704
2020,1020,1648.257306771704
2021,1020,1648.257306771704
2022,1020,1648.257306771704
2023,1020,1648.257306771704
2024,1020,1657.790634016585
2025,1020,1657.790634016585
2016,1021,1129.293377349815
2017,1021,1149.1846649230176
2018,1021,1149.1846649230176
2019,1021,1149.1846649230176
2020,1021,1358.0428493771346
2021,1021,1367.988806226435
2022,1021,1566.9016269627784
2023,1021,1566.9016269627784
2024,1021,1566.9016269627784
2025,1021,1566.9016269627784
2016,1022,1648.25694673385
2017,1022,999.9999999999876
2018,1022,999.9999999999876
2019,1022,761.673316067562
2020,1022,980.9338779208697
2021,1022,980.9338779208697
2022,1022,980.9338779208697
2023,1022,923.7354985011739
2024,1022,923.7354985011739
2025,1022,980.9338779208697
2016,1023,990.4669439818448
2017,1023,1000.000000000001
2018,1023,1000.000000000001
2019,1023,923.7355364746654
2020,1023,990.4669439818448
2021,1023,990.4669439818448
2022,1023,990.4669439818448
2023,1023,971.4008302976654
2024,1023,980.9338874142833
2025,1023,990.4669439818448
2016,1024,990.4669487283469
2017,1024,1000.0000000000301
2018,1024,1000.0000000000301
2019,1024,971.4008445375789
2020,1024,990.4669487283469
2021,1024,990.4669487283469
2022,1024,990.4669487283469
2023,1024,980.933896907491
2024,1024,990.4669487283469
2025,1024,990.4669487283469
2016,1025,1159.1303034177524
2017,1025,1169.0759466728364
2018,1025,1169.0759466728364
2019,1025,1179.0215898450278
2020,1025,1397.8253187764305
2021,1025,1407.770937255085
2022,1025,1586.7928881501618
2023,1025,1586.7928881501618
2024,1025,1586.7928881501618
2025,1025,1586.7928881501618
2016,1026,980.9339074979496
2017,1026,1000.0000000000355
2018,1026,1000.0000000000355
2019,1026,971.4008604239059
2020,1026,980.9339074979496
2021,1026,980.9339074979496
2022,1026,980.9339074979496
2023,1026,971.4008604239059
2024,1026,980.9339074979496
2025,1026,980.9339074979496
2016,1027,1159.130295585463
2017,1027,1179.0215810341235
2018,1027,1179.0215810341235
2019,1027,1179.0215810341235
2020,1027,1407.771339729574
2021,1027,1417.7169804128755
2022,1027,1596.738498450107
2023,1027,1586.7928592679775
2024,1027,1586.7928592679775
2025,1027,1586.7928592679775
2016,1028,1149.1846441438088
2017,1028,1169.0759286131977
2018,1028,1169.0759286131977
2019,1028,1169.0759286131977
2020,1028,1407.7713162420807
2021,1028,1417.7169563525026
2022,1028,1586.7928254684261
2023,1028,1576.8471867753503
2024,1028,1576.8471867753503
2025,1028,1576.8471867753503
2016,1029,1149.1846355511022
2017,1029,1169.075918875197
2018,1029,1169.075918875197
2019,1029,1169.075918875197
2020,1029,1407.771292756129
2021,1029,1417.716932293437
2022,1029,1586.7927916708682
2023,1029,1566.9015153466528
2024,1029,1576.8471535502072
2025,1029,1576.8471535502072
2016,1030,1149.1846269595308
2017,1030,1169.0759091376606
2018,1030,1169.0759091376606
2019,1030,1169.0759091376606
2020,1030,1407.771269270741
2021,1030,1417.7169082354153
2022,1030,1576.8471203270292
2023,1030,1566.901482696341
2024,1030,1576.8471203270292
2025,1030,1576.8471203270292
2016,1031,1149.1846183672533
2017,1031,1169.0758994003234
2018,1031,1169.0758994003234
2019,1031,1169.0758994003234
2020,1031,1407.7712457864232
2021,1031,1417.7168841777552
2022,1031,1566.9014500471383
2023,1031,1566.9014500471383
2024,1031,1576.847087104948
2025,1031,1566.9014500471383
2016,1032,933.2687190802742
2017,1032,999.9999999999684
2018,1032,999.9999999999684
2019,1032,933.2687190802742
2020,1032,999.9999999999684
2021,1032,933.2687190802742
2022,1032,933.2687190802742
2023,1032,933.2687190802742
2024,1032,942.8017608584947
2025,1032,942.8017608584947
2016,1033,1159.1302510938137
2017,1033,1179.0215309808702
2018,1033,1179.0215309808702
2019,1033,1179.0215309808702
2020,1033,1417.7168636213194
2021,1033,1427.66250143941
2022,1033,1566.9014221483171
2023,1033,1566.9014221483171
2024,1033,1586.7926952017488
2025,1033,1566.9014221483171
2016,1034,933.2687561521269
2017,1034,999.9999999999785
2018,1034,999.9999999999785
2019,1034,980.9339330760403
2020,1034,999.9999999999785
2021,1034,933.2687561521269
2022,1034,933.2687561521269
2023,1034,980.9339330760403
2024,1034,942.8017926359973
2025,1034,942.8017926359973
2016,1035,942.8018211166964
2017,1035,999.9999999999811
2018,1035,999.9999999999811
2019,1035,990.4669715598267
2020,1035,999.9999999999811
2021,1035,942.8018211166964
2022,1035,999.9999999999811
2023,1035,990.4669715598267
2024,1035,999.9999999999811
2025,1035,980.9339425696851
2016,1036,1188.9670976202524
2017,1036,1208.8583562133315
2018,1036,1208.8583562133315
2019,1036,1208.8583562133315
2020,1036,1437.6081213074503
2021,1036,1447.5537585540044
2022,1036,1576.8470351646408
2023,1036,1576.8470351646408
2024,1036,1606.68394315219
2025,1036,1576.8470351646408
2016,1037,980.9339531612062
2017,1037,1000.0000000000117
2018,1037,1000.0000000000117
2019,1037,980.9339531612062
2020,1037,1000.0000000000117
2021,1037,961.8679041238478
2022,1037,990.466976854555
2023,1037,980.9339531612062
2024,1037,990.466976854555
2025,1037,980.9339531612062
2016,1038,1208.8583459433908
2017,1038,1228.749600732018
2018,1038,1228.749600732018
2019,1038,1228.749600732018
2020,1038,1437.6080997750046
2021,1038,1457.4993732040502
2022,1038,1576.847006779604
2023,1038,1576.847006779604
2024,1038,1606.6839132986588
2025,1038,1576.847006779604
2016,1039,1218.8039610810356
2017,1039,1238.6952133098655
2018,1039,1238.6952133098655
2019,1039,1238.6952133098655
2020,1039,1397.8255290085744
2021,1039,1467.444410790224
2022,1039,1576.8469735629726
2023,1039,1566.901338462836
2024,1039,1606.6838783641595
2025,1039,1576.8469735629726
2016,1040,1238.695199566586
2017,1040,1248.6408240490325
2018,1040,1248.6408240490325
2019,1040,1258.5864478245514
2020,1040,1387.8798700741215
2021,1040,1477.389992118531
2022,1040,1566.9013058196213
2023,1040,1556.955671208517
2024,1040,1596.738209152541
2025,1040,1566.9013058196213
2016,1041,1238.6953059178604
2017,1041,1248.6409426228972
2018,1041,1248.6409426228972
2019,1041,1258.5865792445743
2020,1041,1387.879847739961
2021,1041,1517.1723882946208
2022,1041,1556.9556391394408
2023,1041,1547.010005017854
2024,1041,1586.7925410042806
2025,1041,1556.9556391394408
2016,1042,1248.640795439266
2017,1042,1258.5864180713925
2018,1042,1258.5864180713925
2019,1042,1268.532039996361
2020,1042,1377.9341904425683
2021,1042,1517.17307237649
2022,1042,1547.0099735231056
2023,1042,1547.0099735231056
2024,1042,1576.8468739206503
2025,1042,1556.9556070727804
2016,1043,942.8018978383257
2017,1043,1000.0000000000157
2018,1043,1000.0000000000157
2019,1043,933.2688788917974
2020,1043,1000.0000000000157
2021,1043,923.7358593950489
2022,1043,942.8018978383257
2023,1043,933.2688788917974
2024,1043,942.8018978383257
2025,1043,942.8018978383257
2016,1044,1268.5320268010234
2017,1044,1278.477647531047
2018,1044,1278.477647531047
2019,1044,1288.4232675548428
2020,1044,1387.8798063266124
2021,1044,1527.1186802444981
2022,1044,1556.9555796732582
2023,1044,1547.009946613465
2024,1044,1586.7924783522494
2025,1044,1566.9012126496934
2016,1045,933.2689159607538
2017,1045,999.9999999999868
2018,1045,999.9999999999868
2019,1045,933.2689159607538
2020,1045,999.9999999999868
2021,1045,923.7359017611393
2022,1045,933.2689159607538
2023,1045,933.2689159607538
2024,1045,942.8019296125925
2025,1045,942.8019296125925
2016,1046,942.8019580940095
2017,1046,999.9999999999814
2018,1046,999.9999999999814
2019,1046,952.3349664513631
2020,1046,999.9999999999814
2021,1046,961.8679742587324
2022,1046,942.8019580940095
2023,1046,952.3349664513631
2024,1046,952.3349664513631
2025,1046,999.9999999999814
2016,1047,1308.3144954894751
2017,1047,1318.2601130709015
2018,1047,1318.2601130709015
2019,1047,1328.20572994703
2020,1047,1417.7166957079442
2021,1047,1556.9555616091936
2022,1047,1576.8468268327294
2023,1047,1576.8468268327294
2024,1047,1606.6837240442303
2025,1047,1596.738091723757
2016,1048,990.4670044308466
2017,1048,1000.0000000000143
2018,1048,1000.0000000000143
2019,1048,980.9340083129748
2020,1048,1000.0000000000143
2021,1048,971.4010116447663
2022,1048,971.4010116447663
2023,1048,980.9340083129748
2024,1048,980.9340083129748
2025,1048,990.4670044308466
2016,1049,1328.2057138354874
2017,1049,1338.1513295173693
2018,1049,1338.1513295173693
2019,1049,1348.0969444918583
2020,1049,1417.7166751606762
2021,1049,1566.9011663773726
2022,1049,1576.846798458277
2023,1049,1576.846798458277
2024,1049,1596.7380623704687
2025,1049,1606.683694201991
2016,1050,1338.1513100451443
2017,1050,1348.0969244470211
2018,1050,1348.0969244470211
2019,1050,1358.0425381438345
2020,1050,1407.7710182729609
2021,1050,1556.95550215041
2022,1050,1576.8467652505844
2023,1050,1566.9011337420607
2024,1050,1586.792396676215
2025,1050,1606.6836592762313
2016,1051,1348.0969044457393
2017,1051,1358.042517571093
2018,1051,1358.042517571093
2019,1051,1367.9881299892877
2020,1051,1407.7709947991445
2021,1051,1547.0098389860157
2022,1051,1566.901101108594
2023,1051,1566.901101108594
2024,1051,1586.79236289657
2025,1051,1596.7379936659845
2016,1052,1358.042496973706
2017,1052,1367.9881088209172
2018,1052,1367.9881088209172
2019,1052,1377.9337199612023
2020,1052,1407.77097132728
2021,1052,1537.0641768855974
2022,1052,1547.0098074987304
2023,1052,1556.9554380289705
2024,1052,1576.8466988396021
2025,1052,1586.7923291192967
2016,1053,952.3350513766787
2017,1053,1000.000000000046
2018,1053,1000.000000000046
2019,1053,942.8020600057249
2020,1053,961.8680421989285
2021,1053,942.8020600057249
2022,1053,942.8020600057249
2023,1053,942.8020600057249
2024,1053,952.3350513766787
2025,1053,952.3350513766787
2016,1054,1377.9337013907023
2017,1054,1387.8793113365186
2018,1054,1387.8793113365186
2019,1054,1397.8249205761085
2020,1054,1427.6617440558784
2021,1054,1537.064150471827
2022,1054,1547.0097805964879
2023,1054,1556.955410637323
2024,1054,1586.792300260837
2025,1054,1586.792300260837
2016,1055,1387.8792890256034
2017,1055,1407.7705056551995
2018,1055,1407.7705056551995
2019,1055,1417.7161129101894
2020,1055,1437.6073253010184
2021,1055,1537.0641195589678
2022,1055,1547.0097491117172
2023,1055,1547.0097491117172
2024,1055,1586.7922664858638
2025,1055,1576.846637266784
2016,1056,1407.7704822109074
2017,1056,1417.716088894452
2018,1056,1417.716088894452
2019,1056,1427.661694871769
2020,1056,1487.335315903718
2021,1056,1527.118459585597
2022,1056,1537.064088647934
2023,1056,1547.009717627609
2024,1056,1576.8466040657795
2025,1056,1566.9009753361825
2016,1057,1417.7160648595952
2017,1057,1427.6616702650092
2018,1057,1427.6616702650092
2019,1057,1437.60727496443
2020,1057,1487.335914453534
2021,1057,1517.1728006743738
2022,1057,1527.118429247934
2023,1057,1537.0640577379017
2024,1057,1566.9009427092774
2025,1057,1556.9553144689226
2016,1058,1427.6616456805357
2017,1058,1437.6072498085146
2018,1058,1437.6072498085146
2019,1058,1447.552853230498
2020,1058,1487.3358864064182
2021,1058,1507.2271428248941
2022,1058,1517.1727709101394
2023,1058,1537.0640268291572
2024,1058,1556.9552824149687
2025,1058,1556.9552824149687
2016,1059,904.6701639383674
2017,1059,999.9999999999865
2018,1059,999.9999999999865
2019,1059,904.6701639383674
2020,1059,923.7361355403666
2021,1059,904.6701639383674
2022,1059,904.6701639383674
2023,1059,904.6701639383674
2024,1059,999.9999999999865
2025,1059,914.2031500136608
2016,1060,1467.4440350053208
2017,1060,1487.3352359292246
2018,1060,1487.3352359292246
2019,1060,1477.3896358206196
2020,1060,1497.2814902078262
2021,1060,1507.2271178868023
2022,1060,1517.1727454817199
2023,1060,1537.0640004231068
2024,1060,1556.9552550308222
2025,1060,1556.9552550308222
2016,1061,904.670216893643
2017,1061,1000.0000000000407
2018,1061,1000.0000000000407
2019,1061,904.670216893643
2020,1061,980.9340477672721
2021,1061,980.9340477672721
2022,1061,914.2031976734487
2023,1061,980.9340477672721
2024,1061,1000.0000000000407
2025,1061,923.7361779055981
2016,1062,1477.3902111287591
2017,1062,1497.2814657580097
2018,1062,1497.2814657580097
2019,1062,1487.3358384850644
2020,1062,1507.2270929487593
2021,1062,1517.1727200549863
2022,1062,1517.1727200549863
2023,1062,1537.0639740185256
2024,1062,1556.9552276472282
2025,1062,1556.9552276472282
2016,1063,961.8681145239409
2017,1063,1000.0000000000362
2018,1063,1000.0000000000362
2019,1063,971.4010867156751
2020,1063,980.9340583585862
2021,1063,980.9340583585862
2022,1063,923.7362202693606
2023,1063,980.9340583585862
2024,1063,1000.0000000000362
2025,1063,980.9340583585862
2016,1064,1487.3358145251368
2017,1064,1507.227068010278
2018,1064,1507.227068010278
2019,1064,1497.2814413093874
2020,1064,1517.1726946282745
2021,1064,1517.1726946282745
2022,1064,1517.1726946282745
2023,1064,1547.0095739809437
2024,1064,1556.9552002650362
2025,1064,1517.1726946282745
2016,1065,1487.3357864823236
2017,1065,1507.2270388227191
2018,1065,1507.2270388227191
2019,1065,1497.2814126944334
2020,1065,1507.2270388227191
2021,1065,1507.2270388227191
2022,1065,1507.2270388227191
2023,1065,1547.009542504125
2024,1065,1547.009542504125
2025,1065,1507.2270388227191
2016,1066,1487.33575844133
2017,1066,1507.2270096372586
2018,1066,1507.2270096372586
2019,1066,1497.281384080624
2020,1066,1497.281384080624
2021,1066,1497.281384080624
2022,1066,1497.281384080624
2023,1066,1547.0095110294976
2024,1066,1537.0638858060706
2025,1066,1497.281384080624
2016,1067,1487.335730400635
2017,1067,1507.2269804522798
2018,1067,1507.2269804522798
2019,1067,1487.335730400635
2020,1067,1497.2813554677878
2021,1067,1487.335730400635
2022,1067,1487.335730400635
2023,1067,1537.0638549042023
2024,1067,1537.0638549042023
2025,1067,1487.335730400635
2016,1068,1487.3357023617102
2017,1068,1507.22695126913
2018,1068,1507.22695126913
2019,1068,1487.3357023617102
2020,1068,1497.28132685745
2021,1068,1487.3357023617102
2022,1068,1487.3357023617102
2023,1068,1527.118199843113
2024,1068,1527.118199843113
2025,1068,1487.3357023617102
2016,1069,1487.3356743241197
2017,1069,1507.2269220868363
2018,1069,1507.2269220868363
2019,1069,1487.3356743241197
2020,1069,1487.3356743241197
2021,1069,1487.3356743241197
2022,1069,1487.3356743241197
2023,1069,1527.1181695161147
2024,1069,1517.1725458435044
2025,1069,1487.3356743241197
2016,1070,1487.3356462871193
2017,1070,1507.2268929048912
2018,1070,1507.2268929048912
2019,1070,1487.3356462871193
2020,1070,1487.3356462871193
2021,1070,1477.3900228531945
2022,1070,1477.3900228531945
2023,1070,1517.1725160894373
2024,1070,1517.1725160894373
2025,1070,1477.3900228531945
2016,1071,1487.3356182514426
2017,1071,1497.281241029656
2018,1071,1497.281241029656
2019,1071,1487.3356182514426
2020,1071,1487.3356182514426
2021,1071,1477.3899953894052
2022,1071,1467.444372444472
2023,1071,1497.281241029656
2024,1071,1507.226863725208
2025,1071,1467.444372444472
2016,1072,895.1373943097087
2017,1072,1000.0000000000091
2018,1072,1000.0000000000091
2019,1072,904.6703612059318
2020,1072,904.6703612059318
2021,1072,914.203327554842
2022,1072,914.203327554842
2023,1072,914.203327554842
2024,1072,923.7362933537673
2025,1072,914.203327554842
2016,1073,1497.2812165912494
2017,1073,1507.226838798122
2018,1073,1507.226838798122
2019,1073,1487.3355943019494
2020,1073,1487.3355943019494
2021,1073,1477.3899719285928
2022,1073,1477.3899719285928
2023,1073,1497.2812165912494
2024,1073,1507.226838798122
2025,1073,1467.4443494721072
2016,1074,885.6044904113219
2017,1074,999.999999999998
2018,1074,999.999999999998
2019,1074,904.6704141623508
2020,1074,895.1374525605495
2021,1074,914.2033752143973
2022,1074,914.2033752143973
2023,1074,923.7363357177369
2024,1074,923.7363357177369
2025,1074,914.2033752143973
2016,1075,895.1375047780565
2017,1075,999.9999999999495
2018,1075,999.9999999999495
2019,1075,923.736373693913
2020,1075,904.6704616329047
2021,1075,961.8681912337888
2022,1075,952.3352376717619
2023,1075,961.8681912337888
2024,1075,952.3352376717619
2025,1075,952.3352376717619
2016,1076,554.4427051877468
2017,1076,999.9999999999742
2018,1076,999.9999999999742
2019,1076,468.20648730151305
2020,1076,367.5978439035598
2021,1076,367.5978439035598
2022,1076,207.68539022035947
2023,1076,207.68539022035947
2024,1076,220.89099195719504
2025,1076,220.89099195719504
2016,1077,482.5790042157659
2017,1077,1000.0000000000424
2018,1077,1000.0000000000424
2019,1077,453.8336256689329
2020,1077,353.2249914656047
2021,1077,973.5902354205865
2022,1077,220.89152388946522
2023,1077,973.5902354205865
2024,1077,234.09710446403471
2025,1077,234.09710446403471
2016,1078,986.7951328014843
2017,1078,999.9999999999917
2018,1078,999.9999999999917
2019,1078,439.46076061179014
2020,1078,353.08012803253746
2021,1078,986.7951328014843
2022,1078,973.5902534549464
2023,1078,986.7951328014843
2024,1078,973.5902534549464
2025,1078,973.5902534549464
2016,1079,999.9999999999878
2017,1079,999.9999999999878
2018,1079,999.9999999999878
2019,1079,973.5902714940147
2020,1079,973.5902714940147
2021,1079,993.1179251746236
2022,1079,986.2358468044772
2023,1079,993.1179251746236
2024,1079,986.7951418217601
2025,1079,986.2358468044772
2016,1080,1006.8820751314904
2017,1080,999.999999999955
2018,1080,999.999999999955
2019,1080,986.2358495294974
2020,1080,979.3537737293344
2021,1080,993.1179265371967
2022,1080,986.2358495294974
2023,1080,993.1179265371967
2024,1080,993.1179265371967
2025,1080,986.7951508389214
2016,1081,1006.8820737693745
2017,1081,1000.0000000000157
2018,1081,1000.0000000000157
2019,1081,986.2358522553868
2020,1081,979.3537778178887
2021,1081,986.2358522553868
2022,1081,986.2358522553868
2023,1081,993.1179279000922
2024,1081,993.1179279000922
2025,1081,993.1179279000922
2016,1082,1006.8820724067808
2017,1082,999.9999999999975
2018,1082,999.9999999999975
2019,1082,986.2358549802758
2020,1082,979.3537819057672
2021,1082,986.2358549802758
2022,1082,986.2358549802758
2023,1082,993.1179292626496
2024,1082,993.1179292626496
2025,1082,993.1179292626496
2016,1083,1006.8820710436656
2017,1083,999.9999999999638
2018,1083,999.9999999999638
2019,1083,986.2358577051624
2020,1083,979.3537859928218
2021,1083,986.2358577051624
2022,1083,986.2358577051624
2023,1083,986.2358577051624
2024,1083,993.11793062471
2025,1083,993.11793062471
2016,1084,1006.8820696806914
2017,1084,999.9999999998965
2018,1084,999.9999999998965
2019,1084,986.2358604300068
2020,1084,979.3537900803292
2021,1084,986.2358604300068
2022,1084,986.2358604300068
2023,1084,986.2358604300068
2024,1084,986.2358604300068
2025,1084,993.1179319871355
2016,1085,1009.94562978658
2017,1085,999.9999999999735
2018,1085,999.9999999999735
2019,1085,980.1087425433474
2020,1085,970.1631148742606
2021,1085,980.1087425433474
2022,1085,980.1087425433474
2023,1085,980.1087425433474
2024,1085,980.1087425433474
2025,1085,990.0543709181981
2016,1086,1013.7641338841215
2017,1086,1000.0000000000933
2018,1086,1000.0000000000933
2019,1086,993.1179329536004
2020,1086,985.627049148985
2021,1086,986.2358623624104
2022,1086,993.1179329536004
2023,1086,986.2358623624104
2024,1086,993.1179329536004
2025,1086,1000.0000000000933
2016,1087,1019.8912627374026
2017,1087,999.9999999999401
2018,1087,999.9999999999401
2019,1087,990.0543669037098
2020,1087,980.1087338906054
2021,1087,980.1087400890204
2022,1087,990.0543669037098
2023,1087,980.1087400890204
2024,1087,990.0543696915984
2025,1087,999.9999999999401
2016,1088,1019.8912675889243
2017,1088,999.9999999999944
2018,1088,999.9999999999944
2019,1088,990.0543663316164
2020,1088,980.1087389445478
2021,1088,990.0543663316164
2022,1088,990.0543663316164
2023,1088,990.0543663316164
2024,1088,999.9999999999944
2025,1088,999.9999999999944
2016,1089,1027.528261274756
2017,1089,1000.0000000000415
2018,1089,1000.0000000000415
2019,1089,993.1179335248291
2020,1089,986.2358635047502
2021,1089,993.1179335248291
2022,1089,986.2358635047502
2023,1089,993.1179335248291
2024,1089,1000.0000000000415
2025,1089,1000.0000000000415
2016,1090,1014.3729686287398
2017,1090,999.9999999999483
2018,1090,999.9999999999483
2019,1090,986.2358662277339
2020,1090,986.2358662277339
2021,1090,993.117934886232
2022,1090,986.2358662277339
2023,1090,993.117934886232
2024,1090,993.117934886232
2025,1090,999.9999999999483
2016,1091,1000.0000000000266
2017,1091,1000.0000000000266
2018,1091,1000.0000000000266
2019,1091,986.2358825787046
2020,1091,985.6270095634754
2021,1091,986.2358825787046
2022,1091,979.353823303396
2023,1091,986.2358825787046
2024,1091,979.353823303396
2025,1091,986.2358825787046
2016,1092,990.0543633004058
2017,1092,999.999999999978
2018,1092,999.999999999978
2019,1092,980.1087273075274
2020,1092,980.1087211067842
2021,1092,980.1087273075274
2022,1092,970.1630920220422
2023,1092,980.1087273075274
2024,1092,970.1630920220422
2025,1092,980.1087273075274
2016,1093,1000.0000000000889
2017,1093,1000.0000000000889
2018,1093,1000.0000000000889
2019,1093,986.2358899613273
2020,1093,979.3538343773413
2021,1093,972.4717757093151
2022,1093,979.3538343773413
2023,1093,979.3538343773413
2024,1093,971.2539950860709
2025,1093,985.6269945127842
2016,1094,990.0543607606987
2017,1094,1000.0000000000131
2018,1094,1000.0000000000131
2019,1094,980.1087222264481
2020,1094,970.1630844000551
2021,1094,970.163074165452
2022,1094,970.1630844000551
2023,1094,970.1630844000551
2024,1094,970.163074165452
2025,1094,980.1087160266347
2016,1095,999.9999999999352
2017,1095,999.9999999999352
2018,1095,999.9999999999352
2019,1095,985.6269889458825
2020,1095,985.6269889458825
2021,1095,979.3538372748618
2022,1095,985.6269889458825
2023,1095,985.6269889458825
2024,1095,956.8809850112392
2025,1095,956.8809850112392
2016,1096,993.1179490821377
2017,1096,1000.0000000000376
2018,1096,1000.0000000000376
2019,1096,971.2539744630241
2020,1096,971.2539744630241
2021,1096,971.2539744630241
2022,1096,971.2539744630241
2023,1096,971.2539744630241
2024,1096,942.5079731601488
2025,1096,928.1349815953625
2016,1097,985.6269794597517
2017,1097,999.9999999999783
2018,1097,999.9999999999783
2019,1097,956.8809565562959
2020,1097,956.8809565562959
2021,1097,956.8809565562959
2022,1097,956.8809565562959
2023,1097,956.8809565562959
2024,1097,928.1349578861609
2025,1097,913.7619676375323
2016,1098,980.1087109455998
2017,1098,999.9999999999848
2018,1098,999.9999999999848
2019,1098,960.2174222244219
2020,1098,960.2174222244219
2021,1098,960.2174222244219
2022,1098,960.2174222244219
2023,1098,960.2174222244219
2024,1098,940.3261338362153
2025,1098,940.3261338362153
2016,1099,980.1087097997229
2017,1099,999.9999999998885
2018,1099,999.9999999998885
2019,1099,960.2174199332287
2020,1099,960.2174199332287
2021,1099,960.2174199332287
2022,1099,960.2174199332287
2023,1099,960.2174199332287
2024,1099,940.3261303997056
2025,1099,930.3804857576347
2016,1100,980.1087086539902
2017,1100,999.9999999999551
2018,1100,999.9999999999551
2019,1100,960.2174176419308
2020,1100,960.2174176419308
2021,1100,960.2174176419308
2022,1100,960.2174176419308
2023,1100,960.2174176419308
2024,1100,940.3261269630754
2025,1100,930.3804817481057
2016,1101,980.1087075083428
2017,1101,1000.0000000000987
2018,1101,1000.0000000000987
2019,1101,960.2174153511907
2020,1101,960.2174153511907
2021,1101,960.2174153511907
2022,1101,960.2174153511907
2023,1101,960.2174153511907
2024,1101,940.3261235265443
2025,1101,930.3804777389118
2016,1102,1162.0585381482024
2017,1102,1162.0585381482024
2018,1102,1162.0585381482024
2019,1102,1162.0585381482024
2020,1102,1171.591398277404
2021,1102,1162.0585381482024
2022,1102,1171.591398277404
2023,1102,1171.591398277404
2024,1102,1162.0585381482024
2025,1102,1162.0585381482024
2016,1103,990.0543532225649
2017,1103,1009.9456468599358
2018,1103,1009.9456468599358
2019,1103,960.2174133924038
2020,1103,970.163059919098
2021,1103,970.163059919098
2022,1103,970.163059919098
2023,1103,970.163059919098
2024,1103,950.2717669493026
2025,1103,940.3261205886299
2016,1104,1162.0586281956892
2017,1104,1162.0586281956892
2018,1104,1162.0586281956892
2019,1104,1162.0586281956892
2020,1104,1162.0586281956892
2021,1104,1162.0586281956892
2022,1104,1162.0586281956892
2023,1104,1162.0586281956892
2024,1104,1162.0586281956892
2025,1104,1162.0586281956892
2016,1105,1162.058708905802
2017,1105,1162.058708905802
2018,1105,1162.058708905802
2019,1105,1162.058708905802
2020,1105,1162.058708905802
2021,1105,1162.058708905802
2022,1105,1162.058708905802
2023,1105,1162.058708905802
2024,1105,1162.058708905802
2025,1105,1162.058708905802
2016,1106,1009.9456472665946
2017,1106,1019.8912946163131
2018,1106,1019.8912946163131
2019,1106,980.108705717598
2020,1106,980.108705717598
2021,1106,980.108705717598
2022,1106,980.108705717598
2023,1106,980.108705717598
2024,1106,970.1630587015509
2025,1106,960.217411768164
2016,1107,1152.5259240302178
2017,1107,1152.5259240302178
2018,1107,1152.5259240302178
2019,1107,1152.5259240302178
2020,1107,1152.5259240302178
2021,1107,1152.5259240302178
2022,1107,1152.5259240302178
2023,1107,1152.5259240302178
2024,1107,1152.5259240302178
2025,1107,1152.5259240302178
2016,1108,1162.0588796609156
2017,1108,1152.5259999918599
2018,1108,1152.5259999918599
2019,1108,1162.0588796609156
2020,1108,1162.0588796609156
2021,1108,1152.5259999918599
2022,1108,1162.0588796609156
2023,1108,1162.0588796609156
2024,1108,1162.0588796609156
2025,1108,1162.0588796609156
2016,1109,1162.058960369914
2017,1109,1162.058960369914
2018,1109,1162.058960369914
2019,1109,1162.058960369914
2020,1109,1162.058960369914
2021,1109,1162.058960369914
2022,1109,1162.058960369914
2023,1109,1162.058960369914
2024,1109,1162.058960369914
2025,1109,1162.058960369914
2016,1110,1039.7825908560517
2017,1110,1029.8369430163643
2018,1110,1029.8369430163643
2019,1110,1009.9456475889319
2020,1110,1009.9456475889319
2021,1110,1009.9456475889319
2022,1110,1009.9456475889319
2023,1110,1009.9456475889319
2024,1110,1000.0000000000216
2025,1110,990.0543524935399
2016,1111,1162.0590504161041
2017,1111,1152.5261607024781
2018,1111,1152.5261607024781
2019,1111,1162.0590504161041
2020,1111,1162.0590504161041
2021,1111,1162.0590504161041
2022,1111,1162.0590504161041
2023,1111,1162.0590504161041
2024,1111,1162.0590504161041
2025,1111,1162.0590504161041
2016,1112,1039.7825928140655
2017,1112,1009.9456480788401
2018,1112,1009.9456480788401
2019,1112,1009.9456480788401
2020,1112,1009.9456480788401
2021,1112,1000.000000000018
2022,1112,1009.9456480788401
2023,1112,1000.000000000018
2024,1112,1000.000000000018
2025,1112,1000.000000000018
2016,1113,1029.8369462049218
2017,1113,1000.0000000000764
2018,1113,1000.0000000000764
2019,1113,1000.0000000000764
2020,1113,1000.0000000000764
2021,1113,990.0543514319248
2022,1113,1000.0000000000764
2023,1113,990.0543514319248
2024,1113,1000.0000000000764
2025,1113,980.1087029473646
2016,1114,1019.8912985317052
2017,1114,1000.0000000000106
2018,1114,1000.0000000000106
2019,1114,990.0543508580392
2020,1114,1000.0000000000106
2021,1114,990.0543508580392
2022,1114,990.0543508580392
2023,1114,990.0543508580392
2024,1114,990.0543508580392
2025,1114,970.1630528267344
2016,1115,1133.4604724583226
2017,1115,1123.9275779974698
2018,1115,1123.9275779974698
2019,1115,1133.4604724583226
2020,1115,1133.4604724583226
2021,1115,1133.4604724583226
2022,1115,1133.4604724583226
2023,1115,1133.4604724583226
2024,1115,1133.4604724583226
2025,1115,1133.4604724583226
2016,1116,1029.8369493924695
2017,1116,1009.9456497139699
2018,1116,1009.9456497139699
2019,1116,1000.0000000001081
2020,1116,1009.9456497139699
2021,1116,1000.0000000001081
2022,1116,1000.0000000001081
2023,1116,1000.0000000001081
2024,1116,1000.0000000001081
2025,1116,980.1087008222312
2016,1117,1123.927646857543
2017,1117,1123.927646857543
2018,1117,1123.927646857543
2019,1117,1123.927646857543
2020,1117,1123.927646857543
2021,1117,1123.927646857543
2022,1117,1123.927646857543
2023,1117,1123.927646857543
2024,1117,1123.927646857543
2025,1117,1123.927646857543
2016,1118,1123.9277085749816
2017,1118,1123.9277085749816
2018,1118,1123.9277085749816
2019,1118,1123.9277085749816
2020,1118,1133.460613080405
2021,1118,1123.9277085749816
2022,1118,1133.460613080405
2023,1118,1123.9277085749816
2024,1118,1123.9277085749816
2025,1118,1123.9277085749816
2016,1119,1049.7282514346743
2017,1119,1019.891300322967
2018,1119,1019.891300322967
2019,1119,1019.891300322967
2020,1119,1029.8369506107204
2021,1119,1019.891300322967
2022,1119,1019.891300322967
2023,1119,1019.891300322967
2024,1119,1019.891300322967
2025,1119,1000.0000000001025
2016,1120,1114.3948681809002
2017,1120,1114.3948681809002
2018,1120,1114.3948681809002
2019,1120,1123.9277774336315
2020,1120,1123.9277774336315
2021,1120,1123.9277774336315
2022,1120,1123.9277774336315
2023,1120,1123.9277774336315
2024,1120,1114.3948681809002
2025,1120,1123.9277774336315
2016,1121,1059.673904910271
2017,1121,1009.9456506108985
2018,1121,1009.9456506108985
2019,1121,1019.8913013042869
2020,1121,1029.8369520798701
2021,1121,1029.8369520798701
2022,1121,1019.8913013042869
2023,1121,1019.8913013042869
2024,1121,1029.8369520798701
2025,1121,1009.9456506108985
2016,1122,1104.8617508488949
2017,1122,1104.8620177423827
2018,1122,1104.8620177423827
2019,1122,1114.3949317426539
2020,1122,1114.3949317426539
2021,1122,1114.3949317426539
2022,1122,1114.3949317426539
2023,1122,1114.3949317426539
2024,1122,1104.8620177423827
2025,1122,1114.3949317426539
2016,1123,1059.6739078480236
2017,1123,1009.9456510990403
2018,1123,1009.9456510990403
2019,1123,1000.0000000000205
2020,1123,1029.8369535485538
2021,1123,1029.8369535485538
2022,1123,1009.9456510990403
2023,1123,1019.8913022821172
2024,1123,1029.8369535485538
2025,1123,1009.9456510990403
2016,1124,694.9448413949475
2017,1124,1095.3291572580786
2018,1124,1095.3291572580786
2019,1124,1104.8620760056554
2020,1124,1104.8620760056554
2021,1124,1104.8620760056554
2022,1124,1104.8620760056554
2023,1124,1104.8620760056554
2024,1124,1095.3289364338123
2025,1124,1104.8620760056554
2016,1125,1029.8369550183854
2017,1125,1009.9456515899547
2018,1125,1009.9456515899547
2019,1125,1000.0000000000792
2020,1125,1019.8913032615586
2021,1125,1019.8913032615586
2022,1125,1009.9456515899547
2023,1125,1019.8913032615586
2024,1125,1009.9456515899547
2025,1125,1000.0000000000792
2016,1126,675.8785842722244
2017,1126,1085.7961076176402
2018,1126,1085.7961076176402
2019,1126,1095.3292102259027
2020,1126,1095.3292102259027
2021,1126,1095.3292102259027
2022,1126,1095.3289894031525
2023,1126,1095.3292102259027
2024,1126,1000.0000000000193
2025,1126,1095.3292102259027
2016,1127,1029.836956487051
2017,1127,1009.9456520794613
2018,1127,1009.9456520794613
2019,1127,1009.9456520794613
2020,1127,1019.8913042419255
2021,1127,1019.8913042419255
2022,1127,1009.9456520794613
2023,1127,1019.8913042419255
2024,1127,1009.9456520794613
2025,1127,999.99999999989
2016,1128,1019.8913053883193
2017,1128,999.9999999999775
2018,1128,999.9999999999775
2019,1128,999.9999999999775
2020,1128,1019.8913053883193
2021,1128,1019.8913053883193
2022,1128,1009.9456526527013
2023,1128,1019.8913053883193
2024,1128,1009.9456526527013
2025,1128,999.9999999999775
2016,1129,1019.8913065341548
2017,1129,999.9999999999739
2018,1129,999.9999999999739
2019,1129,999.9999999999739
2020,1129,1009.9456532251523
2021,1129,1009.9456532251523
2022,1129,1009.9456532251523
2023,1129,1009.9456532251523
2024,1129,1009.9456532251523
2025,1129,999.9999999999739
2016,1130,1019.8913076806414
2017,1130,999.999999999905
2018,1130,999.999999999905
2019,1130,999.999999999905
2020,1130,1009.9456537984776
2021,1130,1009.9456537984776
2022,1130,1009.9456537984776
2023,1130,1009.9456537984776
2024,1130,1009.9456537984776
2025,1130,999.999999999905
2016,1131,1338.1525717868944
2017,1131,999.9999999999127
2018,1131,999.9999999999127
2019,1131,999.9999999999127
2020,1131,1009.9456543714089
2021,1131,1328.2068962415908
2022,1131,1009.9456543714089
2023,1131,1009.9456543714089
2024,1131,1328.2068962415908
2025,1131,1318.2612214036806
2016,1132,1348.0982681074943
2017,1132,1338.152591280469
2018,1132,1338.152591280469
2019,1132,1328.2069151613014
2020,1132,1318.2612397502253
2021,1132,1338.152591280469
2022,1132,1009.9456549451698
2023,1132,1328.2069151613014
2024,1132,1338.152591280469
2025,1132,1338.152591280469
2016,1133,1358.0439662917363
2017,1133,1348.0982881843854
2018,1133,1348.0982881843854
2019,1133,1338.1526107834966
2020,1133,1328.2069340904666
2021,1133,1348.0982881843854
2022,1133,1328.2069340904666
2023,1133,1338.1526107834966
2024,1133,1348.0982881843854
2025,1133,1348.0982881843854
2016,1134,1367.9896663321033
2017,1134,1358.043986942796
2018,1134,1358.043986942796
2019,1134,1348.098308260882
2020,1134,1338.152630286593
2021,1134,1358.043986942796
2022,1134,1338.152630286593
2023,1134,1348.098308260882
2024,1134,1358.043986942796
2025,1134,1358.043986942796
2016,1135,1028.7459984021384
2017,1135,999.9999999999936
2018,1135,999.9999999999936
2019,1135,986.2358325874263
2020,1135,986.2358325874263
2021,1135,986.2358325874263
2022,1135,999.9999999999936
2023,1135,986.2358325874263
2024,1135,1014.3729961728669
2025,1135,986.2358325874263
2016,1136,1409.9192349556183
2017,1136,1371.7869156919344
2018,1136,1371.7869156919344
2019,1136,1352.7207789388137
2020,1136,1352.7207789388137
2021,1136,1362.2538454079415
2022,1136,1352.7207789388137
2023,1136,1362.2538454079415
2024,1136,1362.2538454079415
2025,1136,1371.7869156919344
2016,1137,1400.3859500444348
2017,1137,1362.253665020003
2018,1137,1362.253665020003
2019,1137,1333.6544912935715
2020,1137,1343.187545388254
2021,1137,1352.7206032976826
2022,1137,1343.187545388254
2023,1137,1352.7206032976826
2024,1137,1352.7206032976826
2025,1137,1352.7206032976826
2016,1138,1507.2284341130567
2017,1138,1527.119740838575
2018,1138,1527.119740838575
2019,1138,1527.119740838575
2020,1138,1586.793659015427
2021,1138,1576.8480061933412
2022,1138,1944.8371050904393
2023,1138,1944.8371050904393
2024,1138,1944.8371050904393
2025,1138,1944.8371050904393
2016,1139,1314.58774979024
2017,1139,1314.58774979024
2018,1139,1314.58774979024
2019,1139,1295.521707362384
2020,1139,1295.521707362384
2021,1139,1295.521707362384
2022,1139,1285.9886918686013
2023,1139,1295.521707362384
2024,1139,1285.9886918686013
2025,1139,1305.0547266696346
2016,1140,1305.0545747628096
2017,1140,1305.0545747628096
2018,1140,1305.0545747628096
2019,1140,1285.9885494553914
2020,1140,1266.9225393987092
2021,1140,1285.9885494553914
2022,1140,1276.4555425201418
2023,1140,1285.9885494553914
2024,1140,1276.4555425201418
2025,1140,1285.9885494553914
2016,1141,1537.0653766199323
2017,1141,1556.956682198797
2018,1141,1556.956682198797
2019,1141,1556.956682198797
2020,1141,1616.6305969354587
2021,1141,1616.6295512317026
2022,1141,1974.6740223728125
2023,1141,1974.6740223728125
2024,1141,1974.6740223728125
2025,1141,1974.6740223728125
2016,1142,1266.9222581715755
2017,1142,1266.9222581715755
2018,1142,1266.9222581715755
2019,1142,1257.389268906691
2020,1142,1238.323301817095
2021,1142,1228.7903239898217
2022,1142,1238.323301817095
2023,1142,1238.323301817095
2024,1142,990.4671155840609
2025,1142,1247.8562834551562
2016,1143,999.9999999999546
2017,1143,999.9999999999546
2018,1143,999.9999999999546
2019,1143,999.9999999999546
2020,1143,999.9999999999546
2021,1143,999.9999999999546
2022,1143,999.9999999999546
2023,1143,999.9999999999546
2024,1143,999.9999999999546
2025,1143,999.9999999999546
2016,1144,1013.2046373827446
2017,1144,1000.000000000082
2018,1144,1000.000000000082
2019,1144,1000.000000000082
2020,1144,1000.000000000082
2021,1144,1000.000000000082
2022,1144,1000.000000000082
2023,1144,1000.000000000082
2024,1144,1000.000000000082
2025,1144,1000.000000000082
2016,1145,1019.0656722297681
2017,1145,999.9999999999746
2018,1145,999.9999999999746
2019,1145,999.9999999999746
2020,1145,999.9999999999746
2021,1145,999.9999999999746
2022,1145,999.9999999999746
2023,1145,999.9999999999746
2024,1145,999.9999999999746
2025,1145,999.9999999999746
2016,1146,1013.7640925180917
2017,1146,999.999999999904
2018,1146,999.999999999904
2019,1146,999.999999999904
2020,1146,993.117953637154
2021,1146,999.999999999904
2022,1146,993.117953637154
2023,1146,993.117953637154
2024,1146,999.999999999904
2025,1146,999.999999999904
2016,1147,1019.0656636105355
2017,1147,999.999999999953
2018,1147,999.999999999953
2019,1147,999.999999999953
2020,1147,990.4671739138774
2021,1147,999.999999999953
2022,1147,990.4671739138774
2023,1147,990.4671739138774
2024,1147,999.999999999953
2025,1147,999.999999999953
2016,1148,1019.0656448416595
2017,1148,999.9999999999662
2018,1148,999.9999999999662
2019,1148,999.9999999999662
2020,1148,990.467176755186
2021,1148,999.9999999999662
2022,1148,990.467176755186
2023,1148,990.467176755186
2024,1148,999.9999999999662
2025,1148,999.9999999999662
2016,1149,1009.5328204028973
2017,1149,999.9999999999972
2018,1149,999.9999999999972
2019,1149,999.9999999999972
2020,1149,990.4671815030747
2021,1149,999.9999999999972
2022,1149,990.4671815030747
2023,1149,990.4671815030747
2024,1149,999.9999999999972
2025,1149,999.9999999999972
2016,1150,1009.53281319952
2017,1150,999.9999999999768
2018,1150,999.9999999999768
2019,1150,999.9999999999768
2020,1150,999.9999999999768
2021,1150,999.9999999999768
2022,1150,999.9999999999768
2023,1150,999.9999999999768
2024,1150,999.9999999999768
2025,1150,999.9999999999768
2016,1151,1696.1959052518605
2017,1151,1716.0872108309763
2018,1151,1716.0872108309763
2019,1151,1716.0872108309763
2020,1151,1775.7611255681581
2021,1151,1775.759420696134
2022,1151,1487.3365488427085
2023,1151,1507.22780047977
2024,1151,1507.22780047977
2025,1151,1507.22780047977
2016,1152,1706.1415233002974
2017,1152,1726.0328277327899
2018,1152,1726.0328277327899
2019,1152,1726.0328277327899
2020,1152,1785.7067390301024
2021,1152,1785.7067390301024
2022,1152,1517.1733997942388
2023,1152,1527.1190233570132
2024,1152,1527.1190233570132
2025,1152,1527.1190233570132
2016,1153,990.4671968456378
2017,1153,999.9999999999453
2018,1153,999.9999999999453
2019,1153,999.9999999999453
2020,1153,999.9999999999453
2021,1153,999.9999999999453
2022,1153,999.9999999999453
2023,1153,999.9999999999453
2024,1153,999.9999999999453
2025,1153,999.9999999999453
2016,1154,1716.0871402864143
2017,1154,1735.9784435729498
2018,1154,1735.9784435729498
2019,1154,1735.9784435729498
2020,1154,1805.5961564734462
2021,1154,1795.6523514307612
2022,1154,1556.955862484511
2023,1154,1556.955862484511
2024,1154,1547.0102415315532
2025,1154,1556.955862484511
2016,1155,980.9344037367567
2017,1155,1000.0000000000219
2018,1155,1000.0000000000219
2019,1155,990.467202143268
2020,1155,990.467202143268
2021,1155,1000.0000000000219
2022,1155,990.467202143268
2023,1155,1000.0000000000219
2024,1155,1000.0000000000219
2025,1155,1000.0000000000219
2016,1156,999.9999999999872
2017,1156,999.9999999999872
2018,1156,999.9999999999872
2019,1156,999.9999999999872
2020,1156,999.9999999999872
2021,1156,1009.5327878115024
2022,1156,990.4672116391828
2023,1156,999.9999999999872
2024,1156,999.9999999999872
2025,1156,999.9999999999872
2016,1157,1009.532783063475
2017,1157,1000.0000000000506
2018,1157,1000.0000000000506
2019,1157,1000.0000000000506
2020,1157,1000.0000000000506
2021,1157,1009.532783063475
2022,1157,990.4672163871044
2023,1157,1000.0000000000506
2024,1157,1009.532783063475
2025,1157,1009.532783063475
2016,1158,1009.5327783154339
2017,1158,999.9999999999841
2018,1158,999.9999999999841
2019,1158,999.9999999999841
2020,1158,999.9999999999841
2021,1158,1009.5327783154339
2022,1158,990.4672211352454
2023,1158,999.9999999999841
2024,1158,1009.5327783154339
2025,1158,1009.5327783154339
2016,1159,1009.5327735672707
2017,1159,1000.0000000000285
2018,1159,1000.0000000000285
2019,1159,1000.0000000000285
2020,1159,1000.0000000000285
2021,1159,1009.5327735672707
2022,1159,990.4672258833837
2023,1159,1000.0000000000285
2024,1159,1009.5327735672707
2025,1159,1009.5327735672707
2016,1160,1009.5327688192893
2017,1160,1000.0000000000215
2018,1160,1000.0000000000215
2019,1160,1000.0000000000215
2020,1160,990.4672325382569
2021,1160,1009.5327688192893
2022,1160,990.4672306316975
2023,1160,1000.0000000000215
2024,1160,1009.5327688192893
2025,1160,1000.0000000000215
2016,1161,1006.8820226146238
2017,1161,1000.0000000000957
2018,1161,1000.0000000000957
2019,1161,993.1179790546
2020,1161,986.2359545636532
2021,1161,1000.0000000000957
2022,1161,986.2359545636532
2023,1161,993.1179790546
2024,1161,1000.0000000000957
2025,1161,1000.0000000000957
2016,1162,1006.8820212518343
2017,1162,999.9999999999233
2018,1162,999.9999999999233
2019,1162,993.1179804164602
2020,1162,986.2359572873871
2021,1162,999.9999999999233
2022,1162,986.2359572873871
2023,1162,993.1179804164602
2024,1162,999.9999999999233
2025,1162,999.9999999999233
2016,1163,1006.882019890107
2017,1163,1000.0000000000325
2018,1163,1000.0000000000325
2019,1163,993.1179817791492
2020,1163,986.2359600129848
2021,1163,1000.0000000000325
2022,1163,986.2359600129848
2023,1163,993.1179817791492
2024,1163,1000.0000000000325
2025,1163,1000.0000000000325
2016,1164,1006.8820185271713
2017,1164,999.9999999999382
2018,1164,999.9999999999382
2019,1164,993.1179831411529
2020,1164,986.2359627365136
2021,1164,999.9999999999382
2022,1164,986.2359627365136
2023,1164,993.1179831411529
2024,1164,999.9999999999382
2025,1164,999.9999999999382
2016,1165,1006.8820171649044
2017,1165,999.9999999999241
2018,1165,999.9999999999241
2019,1165,993.1179845035617
2020,1165,986.2359654615045
2021,1165,986.2359654615045
2022,1165,986.2359654615045
2023,1165,993.1179845035617
2024,1165,999.9999999999241
2025,1165,999.9999999999241
2016,1166,1009.9456588966746
2017,1166,1000.0000000000566
2018,1166,1000.0000000000566
2019,1166,990.0543390222421
2020,1166,980.1086843292321
2021,1166,980.1086843292321
2022,1166,980.1086843292321
2023,1166,990.0543418110648
2024,1166,1000.0000000000566
2025,1166,1000.0000000000566
2016,1167,1013.7640288543208
2017,1167,999.9999999999842
2018,1167,999.9999999999842
2019,1167,993.1179854695679
2020,1167,985.626855330181
2021,1167,993.1179854695679
2022,1167,986.2359673932979
2023,1167,999.9999999999842
2024,1167,1006.8820162001645
2025,1167,999.9999999999842
2016,1168,1009.945660126435
2017,1168,999.9999999999475
2018,1168,999.9999999999475
2019,1168,990.0543405813175
2020,1168,980.1086756679396
2021,1168,990.0543405813175
2022,1168,980.1086818705465
2023,1168,990.0543405813175
2024,1168,1009.945660126435
2025,1168,999.9999999999475
2016,1169,1013.7640269220924
2017,1169,1000.0000000000514
2018,1169,1000.0000000000514
2019,1169,1000.0000000000514
2020,1169,985.6268497574755
2021,1169,1000.0000000000514
2022,1169,986.2359693241001
2023,1169,1000.0000000000514
2024,1169,1013.7640269220924
2025,1169,1006.8820152339564
2016,1170,1009.9456635206201
2017,1170,999.9999999999378
2018,1170,999.9999999999378
2019,1170,990.0543365623826
2020,1170,980.1086732072562
2021,1170,990.0543365623826
2022,1170,980.1086794091648
2023,1170,999.9999999999378
2024,1170,1009.9456613558309
2025,1170,999.9999999999378
2016,1171,1009.9456640945536
2017,1171,999.99999999996
2018,1171,999.99999999996
2019,1171,990.0543387775476
2020,1171,980.1086720606198
2021,1171,990.0543387775476
2022,1171,990.0543359884934
2023,1171,999.99999999996
2024,1171,1009.9456640945536
2025,1171,999.99999999996
2016,1172,1014.3731632824918
2017,1172,1000.0000000000379
2018,1172,1000.0000000000379
2019,1172,1000.0000000000379
2020,1172,986.235970461539
2021,1172,1000.0000000000379
2022,1172,986.235970461539
2023,1172,1000.0000000000379
2024,1172,1014.3731632824918
2025,1172,1000.0000000000379
2016,1173,1009.9456653249711
2017,1173,1000.0000000000199
2018,1173,1000.0000000000199
2019,1173,990.0543347588941
2020,1173,980.10867580327
2021,1173,990.0543347588941
2022,1173,980.10867580327
2023,1173,1000.0000000000199
2024,1173,1000.0000000000199
2025,1173,990.0543347588941
2016,1174,1009.9456658978883
2017,1174,999.9999999999628
2018,1174,999.9999999999628
2019,1174,990.0543341856286
2020,1174,990.0543341856286
2021,1174,990.0543369739856
2022,1174,990.0543341856286
2023,1174,999.9999999999628
2024,1174,999.9999999999628
2025,1174,990.0543341856286
2016,1175,1009.9456664715832
2017,1175,999.9999999999599
2018,1175,999.9999999999599
2019,1175,990.0543336123948
2020,1175,990.0543336123948
2021,1175,999.9999999999599
2022,1175,990.0543336123948
2023,1175,999.9999999999599
2024,1175,999.9999999999599
2025,1175,990.0543336123948
2016,1176,1009.945667045069
2017,1176,999.9999999999982
2018,1176,999.9999999999982
2019,1176,990.0543330382859
2020,1176,990.0543330382859
2021,1176,999.9999999999982
2022,1176,990.0543330382859
2023,1176,999.9999999999982
2024,1176,999.9999999999982
2025,1176,990.0543330382859
2016,1177,1009.9456676182513
2017,1177,999.9999999999649
2018,1177,999.9999999999649
2019,1177,990.0543324648057
2020,1177,990.0543324648057
2021,1177,999.9999999999649
2022,1177,990.0543324648057
2023,1177,999.9999999999649
2024,1177,999.9999999999649
2025,1177,990.0543324648057
2016,1178,1009.9456681923599
2017,1178,999.9999999999047
2018,1178,999.9999999999047
2019,1178,990.0543318917408
2020,1178,990.0543318917408
2021,1178,999.9999999999047
2022,1178,990.0543318917408
2023,1178,999.9999999999047
2024,1178,999.9999999999047
2025,1178,990.0543318917408
2016,1179,1009.9456687654601
2017,1179,1000.000000000012
2018,1179,1000.000000000012
2019,1179,990.054331318157
2020,1179,990.054331318157
2021,1179,1000.000000000012
2022,1179,990.054331318157
2023,1179,1000.000000000012
2024,1179,1000.000000000012
2025,1179,990.054331318157
2016,1180,1009.9456693393041
2017,1180,999.999999999927
2018,1180,999.999999999927
2019,1180,990.0543307446083
2020,1180,990.0543307446083
2021,1180,990.0543307446083
2022,1180,990.0543307446083
2023,1180,999.999999999927
2024,1180,999.999999999927
2025,1180,990.0543307446083
2016,1181,1085.7944792862404
2017,1181,1085.7946584306171
2018,1181,1085.7946584306171
2019,1181,1085.7946584306171
2020,1181,1085.7946584306171
2021,1181,1085.7946584306171
2022,1181,1085.7946584306171
2023,1181,1085.7946584306171
2024,1181,1085.7946584306171
2025,1181,1085.7946584306171
2016,1182,1019.8913397412915
2017,1182,1009.9456698292657
2018,1182,1009.9456698292657
2019,1182,999.9999999999
2020,1182,999.9999999999
2021,1182,999.9999999999
2022,1182,999.9999999999
2023,1182,1009.9456698292657
2024,1182,1009.9456698292657
2025,1182,999.9999999999
2016,1183,1019.891340888467
2017,1183,999.999999999914
2018,1183,999.999999999914
2019,1183,999.999999999914
2020,1183,999.999999999914
2021,1183,999.999999999914
2022,1183,990.0543296799779
2023,1183,1009.9456704027432
2024,1183,999.999999999914
2025,1183,999.999999999914
2016,1184,1009.9456709765676
2017,1184,1000.0000000000355
2018,1184,1000.0000000000355
2019,1184,1000.0000000000355
2020,1184,1000.0000000000355
2021,1184,1000.0000000000355
2022,1184,990.0543291066291
2023,1184,1000.0000000000355
2024,1184,1000.0000000000355
2025,1184,990.0543291066291
2016,1185,999.9999999999712
2017,1185,1057.1963922214568
2018,1185,1057.1963922214568
2019,1185,1057.1964723916478
2020,1185,1057.1964723916478
2021,1185,1057.1964723916478
2022,1185,1057.1964723916478
2023,1185,1057.1964723916478
2024,1185,1057.1964723916478
2025,1185,1057.1963922214568
2016,1186,1019.8913430165338
2017,1186,1009.9456714666475
2018,1186,1009.9456714666475
2019,1186,999.9999999998882
2020,1186,999.9999999998882
2021,1186,999.9999999998882
2022,1186,999.9999999998882
2023,1186,1009.9456714666475
2024,1186,999.9999999998882
2025,1186,999.9999999998882
2016,1187,1009.9456720408548
2017,1187,999.9999999999228
2018,1187,999.9999999999228
2019,1187,930.3802980472346
2020,1187,940.3259695048827
2021,1187,960.2173126697901
2022,1187,940.3259695048827
2023,1187,999.9999999999228
2024,1187,999.9999999999228
2025,1187,999.9999999999228
2016,1188,1009.9456726149629
2017,1188,1000.000000000083
2018,1188,1000.000000000083
2019,1188,920.4346220843184
2020,1188,930.3802940316232
2021,1188,950.2716381784064
2022,1188,930.3802940316232
2023,1188,930.3802940316232
2024,1188,990.0543274690286
2025,1188,1000.000000000083
2016,1189,1009.9456731882028
2017,1189,1000.0000000000796
2018,1189,1000.0000000000796
2019,1189,920.434617494413
2020,1189,930.3802900154267
2021,1189,950.2716353096274
2022,1189,930.3802900154267
2023,1189,930.3802900154267
2024,1189,990.0543268953164
2025,1189,1000.0000000000796
2016,1190,1009.9456737617492
2017,1190,999.999999999922
2018,1190,999.999999999922
2019,1190,920.4346129036868
2020,1190,930.3802859991027
2021,1190,950.2716324400145
2022,1190,930.3802859991027
2023,1190,930.3802859991027
2024,1190,990.0543263209878
2025,1190,999.999999999922
2016,1191,1014.3731734606303
2017,1191,999.9999999999516
2018,1191,999.9999999999516
2019,1191,986.7955451126498
2020,1191,986.7955451126498
2021,1191,986.7955451126498
2022,1191,986.7955451126498
2023,1191,986.7955451126498
2024,1191,993.1179784974687
2025,1191,999.9999999999516
2016,1192,1209.7213637419036
2017,1192,1190.65570896608
2018,1192,1190.65570896608
2019,1192,1171.5900694405268
2020,1192,1152.524445169553
2021,1192,1171.5900694405268
2022,1192,1152.524445169553
2023,1192,1190.65570896608
2024,1192,1209.7213637419036
2025,1192,1200.1885344474888
2016,1193,999.9999999999419
2017,1193,999.9999999999419
2018,1193,999.9999999999419
2019,1193,993.1180044862894
2020,1193,999.9999999999419
2021,1193,999.9999999999419
2022,1193,999.9999999999419
2023,1193,999.9999999999419
2024,1193,999.9999999999419
2025,1193,999.9999999999419
2016,1194,1013.2042878502256
2017,1194,999.999999999996
2018,1194,999.999999999996
2019,1194,993.1180058489421
2020,1194,999.999999999996
2021,1194,999.999999999996
2022,1194,999.999999999996
2023,1194,999.999999999996
2024,1194,1006.8819958208992
2025,1194,999.999999999996
2016,1195,1029.8370280495499
2017,1195,999.9999999999567
2018,1195,999.9999999999567
2019,1195,990.0543226095436
2020,1195,999.9999999999567
2021,1195,999.9999999999567
2022,1195,999.9999999999567
2023,1195,999.9999999999567
2024,1195,1009.9456753080094
2025,1195,999.9999999999567
2016,1196,1029.8370343929425
2017,1196,999.9999999999071
2018,1196,999.9999999999071
2019,1196,990.0543220348383
2020,1196,999.9999999999071
2021,1196,999.9999999999071
2022,1196,999.9999999999071
2023,1196,999.9999999999071
2024,1196,1009.9456780469391
2025,1196,999.9999999999071
2016,1197,1029.837036114885
2017,1197,999.999999999927
2018,1197,999.999999999927
2019,1197,990.0543214613501
2020,1197,999.999999999927
2021,1197,999.999999999927
2022,1197,999.999999999927
2023,1197,999.999999999927
2024,1197,1009.9456786213985
2025,1197,999.999999999927
2016,1198,1029.837037836899
2017,1198,1000.0000000000372
2018,1198,1000.0000000000372
2019,1198,990.0543208874911
2020,1198,1000.0000000000372
2021,1198,1000.0000000000372
2022,1198,1000.0000000000372
2023,1198,1000.0000000000372
2024,1198,1009.9456791950104
2025,1198,1000.0000000000372
2016,1199,1029.8370395584607
2017,1199,999.9999999999122
2018,1199,999.9999999999122
2019,1199,990.0543203133938
2020,1199,999.9999999999122
2021,1199,999.9999999999122
2022,1199,999.9999999999122
2023,1199,999.9999999999122
2024,1199,1009.9456797688579
2025,1199,999.9999999999122
2016,1200,1109.4024989070347
2017,1200,999.9999999999349
2018,1200,999.9999999999349
2019,1200,990.0543197399014
2020,1200,999.9999999999349
2021,1200,1089.5111290965604
2022,1200,999.9999999999349
2023,1200,1099.4568136472867
2024,1200,1099.4568136472867
2025,1200,1099.4568136472867
2016,1201,1129.293879014243
2017,1201,1109.4025052225156
2018,1201,1109.4025052225156
2019,1201,1109.4025052225156
2020,1201,1109.4025052225156
2021,1201,1109.4025052225156
2022,1201,1109.4025052225156
2023,1201,1109.4025052225156
2024,1201,1119.3481917636354
2025,1201,1119.3481917636354
2016,1202,1043.1197630868667
2017,1202,1000.0000000000108
2018,1202,1000.0000000000108
2019,1202,993.1180044308632
2020,1202,1000.0000000000108
2021,1202,1000.0000000000108
2022,1202,1000.0000000000108
2023,1202,1000.0000000000108
2024,1202,1027.527977642059
2025,1202,1006.8819972381056
2016,1203,1095.3266907361105
2017,1203,999.9999999999869
2018,1203,999.9999999999869
2019,1203,999.9999999999869
2020,1203,999.9999999999869
2021,1203,999.9999999999869
2022,1203,999.9999999999869
2023,1203,999.9999999999869
2024,1203,1076.2614987906982
2025,1203,1009.5326740053468
2016,1204,1085.7941605568037
2017,1204,1000.0000000000507
2018,1204,1000.0000000000507
2019,1204,1000.0000000000507
2020,1204,1000.0000000000507
2021,1204,1000.0000000000507
2022,1204,1000.0000000000507
2023,1204,1000.0000000000507
2024,1204,1028.5980192074364
2025,1204,1009.5326667999752
2016,1205,1076.261422812733
2017,1205,999.9999999999785
2018,1205,999.9999999999785
2019,1205,999.9999999999785
2020,1205,999.9999999999785
2021,1205,999.9999999999785
2022,1205,999.9999999999785
2023,1205,999.9999999999785
2024,1205,1028.5979845044276
2025,1205,1009.532662051253
2016,1206,1028.597990714453
2017,1206,1000.000000000026
2018,1206,1000.000000000026
2019,1206,1000.000000000026
2020,1206,1000.000000000026
2021,1206,1000.000000000026
2022,1206,1000.000000000026
2023,1206,1000.000000000026
2024,1206,1028.5979702580426
2025,1206,1009.5326573024149
2016,1207,900.5431154117119
2017,1207,1039.782734006518
2018,1207,1039.782734006518
2019,1207,1049.7284157366896
2020,1207,1039.782734006518
2021,1207,1039.782734006518
2022,1207,1039.782734006518
2023,1207,1039.782734006518
2024,1207,900.5431154117119
2025,1207,900.5431154117119
2016,1208,1019.0653034578542
2017,1208,999.9999999999617
2018,1208,999.9999999999617
2019,1208,999.9999999999617
2020,1208,990.4673474463837
2021,1208,999.9999999999617
2022,1208,999.9999999999617
2023,1208,999.9999999999617
2024,1208,1019.0653034578542
2025,1208,999.9999999999617
2016,1209,1019.0652939602105
2017,1209,999.9999999999675
2018,1209,999.9999999999675
2019,1209,999.9999999999675
2020,1209,999.9999999999675
2021,1209,1009.5326472559559
2022,1209,999.9999999999675
2023,1209,999.9999999999675
2024,1209,1019.0652939602105
2025,1209,1009.5326472559559
2016,1210,930.3801910763638
2017,1210,1069.6197721891965
2018,1210,1069.6197721891965
2019,1210,1079.5654534227078
2020,1210,1069.6197721891965
2021,1210,1069.6197721891965
2022,1210,1069.6197721891965
2023,1210,1069.6197721891965
2024,1210,940.3258801899219
2025,1210,1059.6740943159173
2016,1211,1009.5326419554304
2017,1211,999.9999999999881
2018,1211,999.9999999999881
2019,1211,999.9999999999881
2020,1211,999.9999999999881
2021,1211,1009.5326419554304
2022,1211,999.9999999999881
2023,1211,999.9999999999881
2024,1211,1009.5326419554304
2025,1211,1009.5326419554304
2016,1212,1009.5326372065053
2017,1212,999.999999999946
2018,1212,999.999999999946
2019,1212,999.999999999946
2020,1212,999.999999999946
2021,1212,1009.5326372065053
2022,1212,999.999999999946
2023,1212,1009.5326372065053
2024,1212,1009.5326372065053
2025,1212,1009.5326372065053
2016,1213,1009.532632457648
2017,1213,999.9999999999776
2018,1213,999.9999999999776
2019,1213,999.9999999999776
2020,1213,999.9999999999776
2021,1213,1009.532632457648
2022,1213,999.9999999999776
2023,1213,1009.532632457648
2024,1213,1009.532632457648
2025,1213,1009.532632457648
2016,1214,1009.5326277086174
2017,1214,999.9999999999463
2018,1214,999.9999999999463
2019,1214,999.9999999999463
2020,1214,999.9999999999463
2021,1214,999.9999999999463
2022,1214,999.9999999999463
2023,1214,1009.5326277086174
2024,1214,1009.5326277086174
2025,1214,1009.5326277086174
2016,1215,1006.8819774888846
2017,1215,999.9999999999587
2018,1215,999.9999999999587
2019,1215,999.9999999999587
2020,1215,999.9999999999587
2021,1215,999.9999999999587
2022,1215,999.9999999999587
2023,1215,999.9999999999587
2024,1215,999.9999999999587
2025,1215,999.9999999999587
2016,1216,1013.2041667996177
2017,1216,999.9999999999635
2018,1216,999.9999999999635
2019,1216,999.9999999999635
2020,1216,999.9999999999635
2021,1216,999.9999999999635
2022,1216,999.9999999999635
2023,1216,999.9999999999635
2024,1216,1006.881976127587
2025,1216,1006.881976127587
2016,1217,1019.0652285753526
2017,1217,1000.0000000000286
2018,1217,1000.0000000000286
2019,1217,1000.0000000000286
2020,1217,1000.0000000000286
2021,1217,1000.0000000000286
2022,1217,1000.0000000000286
2023,1217,1000.0000000000286
2024,1217,1009.5326170186521
2025,1217,1009.5326170186521
2016,1218,1006.8819730051698
2017,1218,1000.0000000000429
2018,1218,1000.0000000000429
2019,1218,1000.0000000000429
2020,1218,993.1180286632049
2021,1218,993.1180286632049
2022,1218,1000.0000000000429
2023,1218,1000.0000000000429
2024,1218,1000.0000000000429
2025,1218,1000.0000000000429
2016,1219,1006.8819716433254
2017,1219,999.9999999999156
2018,1219,999.9999999999156
2019,1219,999.9999999999156
2020,1219,993.1180300257822
2021,1219,999.9999999999156
2022,1219,999.9999999999156
2023,1219,999.9999999999156
2024,1219,1006.8819716433254
2025,1219,1006.8819716433254
2016,1220,1006.8819702812164
2017,1220,1000.0000000000409
2018,1220,1000.0000000000409
2019,1220,1000.0000000000409
2020,1220,993.1180313874836
2021,1220,1000.0000000000409
2022,1220,1000.0000000000409
2023,1220,1000.0000000000409
2024,1220,1006.8819702812164
2025,1220,1006.8819702812164
2016,1221,1013.2041209436754
2017,1221,1000.0000000000348
2018,1221,1000.0000000000348
2019,1221,1000.0000000000348
2020,1221,1000.0000000000348
2021,1221,1000.0000000000348
2022,1221,1000.0000000000348
2023,1221,1000.0000000000348
2024,1221,1006.8819689196825
2025,1221,1000.0000000000348
2016,1222,1013.7639315672744
2017,1222,1000.0000000000664
2018,1222,1000.0000000000664
2019,1222,1000.0000000000664
2020,1222,1000.0000000000664
2021,1222,1000.0000000000664
2022,1222,1000.0000000000664
2023,1222,1000.0000000000664
2024,1222,1000.0000000000664
2025,1222,1000.0000000000664
2016,1223,1013.7639288427878
2017,1223,1000.000000000052
2018,1223,1000.000000000052
2019,1223,1000.000000000052
2020,1223,1000.000000000052
2021,1223,1000.000000000052
2022,1223,1000.000000000052
2023,1223,1000.000000000052
2024,1223,1000.000000000052
2025,1223,1000.000000000052
2016,1224,1013.7639261184651
2017,1224,999.999999999905
2018,1224,999.999999999905
2019,1224,999.999999999905
2020,1224,999.999999999905
2021,1224,999.999999999905
2022,1224,999.999999999905
2023,1224,999.999999999905
2024,1224,999.999999999905
2025,1224,1006.8819648326481
2016,1225,1006.8819634699419
2017,1225,999.9999999999952
2018,1225,999.9999999999952
2019,1225,999.9999999999952
2020,1225,999.9999999999952
2021,1225,999.9999999999952
2022,1225,999.9999999999952
2023,1225,999.9999999999952
2024,1225,1006.8819634699419
2025,1225,1006.8819634699419
2016,1226,1019.8913733621542
2017,1226,999.9999999999818
2018,1226,999.9999999999818
2019,1226,999.9999999999818
2020,1226,999.9999999999818
2021,1226,999.9999999999818
2022,1226,999.9999999999818
2023,1226,999.9999999999818
2024,1226,1019.8913733621542
2025,1226,1009.9456863266735
2016,1227,1020.6458816314168
2017,1227,999.999999999945
2018,1227,999.999999999945
2019,1227,1006.8819625057931
2020,1227,1006.8819625057931
2021,1227,1006.8819625057931
2022,1227,1006.8819625057931
2023,1227,1006.8819625057931
2024,1227,1020.6458816314168
2025,1227,1013.7639214646297
2016,1228,1019.8913795306298
2017,1228,1000.0000000000907
2018,1228,1000.0000000000907
2019,1228,1009.9456875590068
2020,1228,1009.9456875590068
2021,1228,1009.9456875590068
2022,1228,1009.9456875590068
2023,1228,1009.9456875590068
2024,1228,1019.8913795306298
2025,1228,1019.8913758255492
2016,1229,1027.527834854002
2017,1229,999.9999999999449
2018,1229,999.9999999999449
2019,1229,1013.7639195365292
2020,1229,1013.7639195365292
2021,1229,1013.7639195365292
2022,1229,1013.7639195365292
2023,1229,1013.7639195365292
2024,1229,1027.527834854002
2025,1229,1020.6458787379013
2016,1230,1029.837068497473
2017,1230,999.9999999999908
2018,1230,999.9999999999908
2019,1230,999.9999999999908
2020,1230,999.9999999999908
2021,1230,1019.8913782892115
2022,1230,1009.9456909559266
2023,1230,1009.9456909559266
2024,1230,1029.837068497473
2025,1230,1029.837068497473
2016,1231,1027.527830994124
2017,1231,1000.0000000001097
2018,1231,1000.0000000001097
2019,1231,1006.8819605767959
2020,1231,1006.8819605767959
2021,1231,1020.6458758425246
2022,1231,1014.3733538922278
2023,1231,1014.3733538922278
2024,1231,1027.527830994124
2025,1231,1027.527830994124
2016,1232,1039.7827643412727
2017,1232,1000.0000000000846
2018,1232,1000.0000000000846
2019,1232,1000.0000000000846
2020,1232,1009.9456900218477
2021,1232,1029.837072193373
2022,1232,1000.0000000000846
2023,1232,1009.945692186637
2024,1232,1029.8370768119169
2025,1232,1029.837072193373
2016,1233,1039.7827715465683
2017,1233,1000.0000000000856
2018,1233,1000.0000000000856
2019,1233,1009.94569059612
2020,1233,1009.9456927616092
2021,1233,1029.8370785354318
2022,1233,1000.0000000000856
2023,1233,1009.9456927616092
2024,1233,1039.7827666367323
2025,1233,1029.8370785354318
2016,1234,1041.2917367613095
2017,1234,999.9999999999544
2018,1234,999.9999999999544
2019,1234,1013.7639164709251
2020,1234,1014.3733602950362
2021,1234,1034.409784055013
2022,1234,1006.881960008988
2023,1234,1014.3733602950362
2024,1234,1041.2917367613095
2025,1234,1034.409784055013
2016,1235,1039.7827764755705
2017,1235,1000.0000000000524
2018,1235,1000.0000000000524
2019,1235,1009.9456939938345
2020,1235,1000.0000000000524
2021,1235,1029.837077612468
2022,1235,1000.0000000000524
2023,1235,1009.9456939938345
2024,1235,1039.7827715673645
2025,1235,1029.83708223171
2016,1236,1043.120115788092
2017,1236,999.999999999938
2018,1236,999.999999999938
2019,1236,1014.3733658722305
2020,1236,1006.8819590442637
2021,1236,1028.7467378024928
2022,1236,1006.8819590442637
2023,1236,1014.3733658722305
2024,1236,1041.2917309722386
2025,1236,1034.409779230735
2016,1237,1039.7827764955937
2017,1237,999.9999999998947
2018,1237,999.9999999998947
2019,1237,1009.9456952266469
2020,1237,1009.9456930618576
2021,1237,1019.8913905348953
2022,1237,1009.9456930618576
2023,1237,1009.9456952266469
2024,1237,1029.8370859281345
2025,1237,1019.8913905348953
2016,1238,1043.120132517373
2017,1238,1000.0000000000869
2018,1238,1000.0000000000869
2019,1238,1014.3733714500164
2020,1238,1013.7639126149761
2021,1238,1028.7467489547098
2022,1238,1013.7639126149761
2023,1238,1014.3733714500164
2024,1238,1041.291725186191
2025,1238,1028.7467489547098
2016,1239,1039.7827814231193
2017,1239,999.9999999998839
2018,1239,999.9999999998839
2019,1239,1009.9456964577627
2020,1239,1009.9456964577627
2021,1239,1019.8913892948531
2022,1239,1009.9456964577627
2023,1239,1019.8913892948531
2024,1239,1029.8370896231356
2025,1239,1019.8913929997011
2016,1240,1039.7827886296484
2017,1240,999.9999999999249
2018,1240,999.9999999999249
2019,1240,1019.8913904436859
2020,1240,1019.8913904436859
2021,1240,1019.8913941482996
2022,1240,1009.9456970318502
2023,1240,1019.8913941482996
2024,1240,1029.837091346712
2025,1240,1029.8370867279355
2016,1241,1043.1201517312115
2017,1241,1000.0000000000174
2018,1241,1000.0000000000174
2019,1241,1020.6458666532878
2020,1241,1020.6458666532878
2021,1241,1027.5278187414817
2022,1241,1014.3733778529659
2023,1241,1027.5278187414817
2024,1241,1041.2917217842112
2025,1241,1028.7467617647126
2016,1242,1041.2917136125725
2017,1242,1000.0000000000637
2018,1242,1000.0000000000637
2019,1242,1014.3733826019718
2020,1242,1020.6458625673639
2021,1242,1014.3733826019718
2022,1242,1013.7639087559872
2023,1242,1014.3733826019718
2024,1242,1028.7467712579005
2025,1242,1027.5278132932992
2016,1243,1029.8370970180877
2017,1243,1000.0000000000997
2018,1243,1000.0000000000997
2019,1243,1009.9456967570925
2020,1243,1019.8913942242722
2021,1243,1009.9456989221146
2022,1243,1019.8913942242722
2023,1243,1019.8913942242722
2024,1243,1019.8913942242722
2025,1243,1029.8370970180877
2016,1244,1034.409759941445
2017,1244,999.9999999999402
2018,1244,999.9999999999402
2019,1244,1013.7639068259821
2020,1244,1020.6458596727471
2021,1244,1014.3733881738093
2022,1244,1020.6458596727471
2023,1244,1020.6458596727471
2024,1244,1020.6458596727471
2025,1244,1034.409759941445
2016,1245,1028.746791904193
2017,1245,1000.0000000001023
2018,1245,1000.0000000001023
2019,1245,1013.7639041040708
2020,1245,1014.3733929240707
2021,1245,1006.8819538260914
2022,1245,1020.6458555891832
2023,1245,1014.3733929240707
2024,1245,1020.6458555891832
2025,1245,1028.746791904193
2016,1246,1014.3733976713373
2017,1246,1000.0000000000003
2018,1246,1000.0000000000003
2019,1246,1006.8819524635021
2020,1246,1000.0000000000003
2021,1246,1006.8819524635021
2022,1246,1014.3733976713373
2023,1246,1013.7639013794084
2024,1246,1020.6458515026179
2025,1246,1027.5277985404598
2016,1247,1009.9457014712139
2017,1247,1000.0000000001081
2018,1247,1000.0000000001081
2019,1247,1000.0000000001081
2020,1247,1000.0000000001081
2021,1247,1000.0000000001081
2022,1247,1009.9457014712139
2023,1247,1009.9457014712139
2024,1247,1009.9457014712139
2025,1247,1029.8371046635036
2016,1248,1014.3734032448659
2017,1248,1000.0000000000077
2018,1248,1000.0000000000077
2019,1248,1006.8819514986045
2020,1248,1000.0000000000077
2021,1248,1000.0000000000077
2022,1248,1014.3734032448659
2023,1248,1014.3734032448659
2024,1248,1014.3734032448659
2025,1248,1034.4097414991031
2016,1249,1013.7638967263354
2017,1249,1000.0000000000142
2018,1249,1000.0000000000142
2019,1249,1000.0000000000142
2020,1249,1000.0000000000142
2021,1249,1000.0000000000142
2022,1249,1013.7638967263354
2023,1249,1013.7638967263354
2024,1249,1013.7638967263354
2025,1249,1028.7468220375638
2016,1250,999.9999999999118
2017,1250,999.9999999999118
2018,1250,999.9999999999118
2019,1250,999.9999999999118
2020,1250,999.9999999999118
2021,1250,999.9999999999118
2022,1250,1009.9457011970825
2023,1250,1009.9457011970825
2024,1250,1009.9457011970825
2025,1250,1019.8914068071915
2016,1251,1006.8819491726346
2017,1251,999.9999999999662
2018,1251,999.9999999999662
2019,1251,999.9999999999662
2020,1251,999.9999999999662
2021,1251,1006.8819491726346
2022,1251,1013.7638947981211
2023,1251,1013.7638947981211
2024,1251,1013.7638947981211
2025,1251,1027.5277853785663
2016,1252,1009.945702430209
2017,1252,999.9999999999905
2018,1252,999.9999999999905
2019,1252,999.9999999999905
2020,1252,999.9999999999905
2021,1252,999.9999999999905
2022,1252,1009.945702430209
2023,1252,1009.9457045943013
2024,1252,1009.945702430209
2025,1252,1019.8914092726687
2016,1253,1013.7638928708835
2017,1253,999.9999999999519
2018,1253,999.9999999999519
2019,1253,1006.8819482095078
2020,1253,999.9999999999519
2021,1253,1006.8819482095078
2022,1253,1013.7638928708835
2023,1253,1014.373419146556
2024,1253,1013.7638928708835
2025,1253,1027.527781521972
2016,1254,1013.7638901461792
2017,1254,999.9999999999194
2018,1254,999.9999999999194
2019,1254,1006.8819468469322
2020,1254,999.9999999999194
2021,1254,1006.8819468469322
2022,1254,1013.7638901461792
2023,1254,1013.7638901461792
2024,1254,1020.6458346533026
2025,1254,1020.6458346533026
2016,1255,1019.8914093508063
2017,1255,999.9999999999928
2018,1255,999.9999999999928
2019,1255,1009.9457043206553
2020,1255,999.9999999999928
2021,1255,999.9999999999928
2022,1255,1019.8914093508063
2023,1255,1019.8914093508063
2024,1255,1029.8371150902135
2025,1255,1019.8914093508063
2016,1256,1020.6458317599624
2017,1256,1000.0000000000258
2018,1256,1000.0000000000258
2019,1256,1013.7638882177599
2020,1256,1006.8819458826905
2021,1256,1006.8819458826905
2022,1256,1020.6458317599624
2023,1256,1020.6458317599624
2024,1256,1027.5277722164683
2025,1256,1020.6458317599624
2016,1257,1020.6458276756498
2017,1257,999.9999999999403
2018,1257,999.9999999999403
2019,1257,1013.7638854946408
2020,1257,1006.8819445214967
2021,1257,1006.8819445214967
2022,1257,1014.3734342167695
2023,1257,1014.3734342167695
2024,1257,1027.527766770718
2025,1257,1020.6458276756498
2016,1258,1029.8371207638888
2017,1258,999.9999999999536
2018,1258,999.9999999999536
2019,1258,1019.8914131333212
2020,1258,1009.9457062122424
2021,1258,1009.9457062122424
2022,1258,1019.8914131333212
2023,1258,1019.8914131333212
2024,1258,1029.8371207638888
2025,1258,1029.8371207638888
2016,1259,1027.5277629122309
2017,1259,999.9999999999156
2018,1259,999.9999999999156
2019,1259,1020.6458247821284
2020,1259,1013.7638835662443
2021,1259,1013.7638835662443
2022,1259,1020.6458247821284
2023,1259,1020.6458247821284
2024,1259,1027.5277629122309
2025,1259,1027.5277629122309
2016,1260,1027.5277574659053
2017,1260,1000.0000000001075
2018,1260,1000.0000000001075
2019,1260,1014.373444540089
2020,1260,1013.7638808422753
2021,1260,1020.6458206970183
2022,1260,1020.6458206970183
2023,1260,1020.6458206970183
2024,1260,1027.5277574659053
2025,1260,1027.5277574659053
2016,1261,1020.6458166119731
2017,1261,999.9999999999565
2018,1261,999.9999999999565
2019,1261,1013.7638781194063
2020,1261,1006.881940833644
2021,1261,1020.6458166119731
2022,1261,1014.373449288666
2023,1261,1020.6458166119731
2024,1261,1027.5277520194163
2025,1261,1020.6458166119731
2016,1262,1020.6458125270758
2017,1262,1000.0000000000032
2018,1262,1000.0000000000032
2019,1262,1013.7638753960226
2020,1262,1006.8819394720177
2021,1262,1020.6458125270758
2022,1262,1013.7638753960226
2023,1262,1020.6458125270758
2024,1262,1020.6458125270758
2025,1262,1020.6458125270758
2016,1263,1019.891423253268
2017,1263,999.9999999998844
2018,1263,999.9999999998844
2019,1263,999.9999999998844
2020,1263,1009.945709420922
2021,1263,1009.9457115852455
2022,1263,1009.945709420922
2023,1263,1009.9457115852455
2024,1263,1029.8371303905287
2025,1263,1019.891423253268
2016,1264,1027.5277427158685
2017,1264,999.9999999999374
2018,1264,999.9999999999374
2019,1264,1006.88193850809
2020,1264,1013.763873467989
2021,1264,1014.3734596138501
2022,1264,1013.763873467989
2023,1264,1014.3734596138501
2024,1264,1027.5277427158685
2025,1264,1027.5277427158685
2016,1265,1020.6458055503439
2017,1265,1000.0000000000966
2018,1265,1000.0000000000966
2019,1265,1006.8819371464177
2020,1265,1006.8819371464177
2021,1265,1013.7638707448143
2022,1265,1006.8819371464177
2023,1265,1013.7638707448143
2024,1265,1027.5277372696037
2025,1265,1020.6458055503439
2016,1266,1009.9457134773168
2017,1266,1000.0000000000164
2018,1266,1000.0000000000164
2019,1266,1000.0000000000164
2020,1266,1000.0000000000164
2021,1266,1000.0000000000164
2022,1266,1000.0000000000164
2023,1266,1009.9457113125275
2024,1266,1009.9457134773168
2025,1266,1009.9457134773168
2016,1267,1014.3734699400766
2017,1267,1000.0000000000159
2018,1267,1000.0000000000159
2019,1267,1000.0000000000159
2020,1267,1006.8819361825264
2021,1267,1000.0000000000159
2022,1267,1006.8819361825264
2023,1267,1013.7638688164537
2024,1267,1014.3734699400766
2025,1267,1014.3734699400766
2016,1268,1013.7638660925837
2017,1268,1000.0000000001046
2018,1268,1000.0000000001046
2019,1268,1000.0000000001046
2020,1268,1000.0000000001046
2021,1268,985.6265319510381
2022,1268,1006.8819348205507
2023,1268,1006.8819348205507
2024,1268,1013.7638660925837
2025,1268,1013.7638660925837
2016,1269,1000.0000000000407
2017,1269,1000.0000000000407
2018,1269,1000.0000000000407
2019,1269,990.0542875050635
2020,1269,1000.0000000000407
2021,1269,980.1085695120743
2022,1269,1009.9457132047396
2023,1269,1009.9457132047396
2024,1269,1009.945715369063
2025,1269,1009.945715369063
2016,1270,1009.9457137788003
2017,1270,999.9999999999568
2018,1270,999.9999999999568
2019,1270,999.9999999999568
2020,1270,999.9999999999568
2021,1270,980.108568362071
2022,1270,1009.945715944288
2023,1270,1009.945715944288
2024,1270,1009.945715944288
2025,1270,1019.8914282668998
2016,1271,1009.945716519634
2017,1271,1000.0000000000143
2018,1271,1000.0000000000143
2019,1271,1009.9457143548432
2020,1271,1000.0000000000143
2021,1271,980.1085734192868
2022,1271,1019.8914294184638
2023,1271,1019.8914294184638
2024,1271,1019.8914294184638
2025,1271,1019.8914331219148
2016,1272,1014.3734819278155
2017,1272,1000.0000000000198
2018,1272,1000.0000000000198
2019,1272,1013.763865757489
2020,1272,1006.8819346525947
2021,1272,993.118067016721
2022,1272,1020.6457980688585
2023,1272,1020.6457980688585
2024,1272,1020.6457980688585
2025,1272,1027.5277272948606
2016,1273,999.99999999996
2017,1273,999.99999999996
2018,1273,999.99999999996
2019,1273,999.99999999996
2020,1273,999.99999999996
2021,1273,990.0542810133403
2022,1273,999.99999999996
2023,1273,999.99999999996
2024,1273,1009.945719069707
2025,1273,1009.945719069707
2016,1274,1006.8819309657056
2017,1274,999.9999999999317
2018,1274,999.9999999999317
2019,1274,1006.8819309657056
2020,1274,999.9999999999317
2021,1274,986.2361378584384
2022,1274,1006.8819309657056
2023,1274,1006.8819309657056
2024,1274,1014.373496999968
2025,1274,1014.373496999968
2016,1275,1000.0000000001154
2017,1275,1000.0000000001154
2018,1275,1000.0000000001154
2019,1275,1000.0000000001154
2020,1275,990.0542819116737
2021,1275,990.0542819116737
2022,1275,1000.0000000001154
2023,1275,1009.9457187978131
2024,1275,1009.9457187978131
2025,1275,1019.8914383059295
2016,1276,1006.8819286404588
2017,1276,999.9999999999267
2018,1276,999.9999999999267
2019,1276,1006.8819286404588
2020,1276,999.9999999999267
2021,1276,999.9999999999267
2022,1276,1013.2038130474314
2023,1276,1013.7638537324079
2024,1276,1013.7638537324079
2025,1276,1020.6457800319047
2016,1277,1006.8819272784157
2017,1277,1000.0000000000749
2018,1277,1000.0000000000749
2019,1277,1006.8819272784157
2020,1277,1000.0000000000749
2021,1277,1006.8819272784157
2022,1277,1013.7638510084288
2023,1277,1013.7638510084288
2024,1277,1013.7638510084288
2025,1277,1020.6457759462221
2016,1278,1006.8819259169306
2017,1278,999.9999999999596
2018,1278,999.9999999999596
2019,1278,1006.8819259169306
2020,1278,999.9999999999596
2021,1278,1013.2037950120542
2022,1278,1013.7638482854778
2023,1278,1013.7638482854778
2024,1278,1020.6457718613283
2025,1278,1020.6457718613283
2016,1279,1006.8819245560173
2017,1279,999.9999999999536
2018,1279,999.9999999999536
2019,1279,1006.8819245560173
2020,1279,1006.8819245560173
2021,1279,1013.7638455639125
2022,1279,1020.6457677784415
2023,1279,1020.6457677784415
2024,1279,1026.4075598293416
2025,1279,1020.6457677784415
2016,1280,1006.8819231938464
2017,1280,1000.0000000000241
2018,1280,1000.0000000000241
2019,1280,1006.8819231938464
2020,1280,1013.2037769730105
2021,1280,1013.7638428394154
2022,1280,1020.6457636928494
2023,1280,1020.6457636928494
2024,1280,1027.5276814598544
2025,1280,1020.6457636928494
2016,1281,1006.8819218323067
2017,1281,999.9999999999891
2018,1281,999.9999999999891
2019,1281,1013.2037679543454
2020,1281,1013.7638401160414
2021,1281,1013.7638401160414
2022,1281,1014.3735310664401
2023,1281,1020.6457596072385
2024,1281,1027.5276760126537
2025,1281,1020.6457596072385
2016,1282,1006.881920470982
2017,1282,999.9999999999949
2018,1282,999.9999999999949
2019,1282,1013.7638373932273
2020,1282,1013.203758935655
2021,1282,1013.7638373932273
2022,1282,1013.7638373932273
2023,1282,1020.6457555230087
2024,1282,1027.5276705659471
2025,1282,1020.6457555230087
2016,1283,1006.8819191092585
2017,1283,1000.0000000000006
2018,1283,1000.0000000000006
2019,1283,1013.7638346702626
2020,1283,1013.7638346702626
2021,1283,1020.6457514381555
2022,1283,1013.7638346702626
2023,1283,1020.6457514381555
2024,1283,1027.5276651195238
2025,1283,1026.407487678727
2016,1284,1006.8819177472611
2017,1284,999.9999999999726
2018,1284,999.9999999999726
2019,1284,1013.7638319462965
2020,1284,1013.7638319462965
2021,1284,1020.6457473530377
2022,1284,1013.7638319462965
2023,1284,1020.6457473530377
2024,1284,1027.5276596734243
2025,1284,1027.5276596734243
2016,1285,1009.9457253020582
2017,1285,1000.0000000000499
2018,1285,1000.0000000000499
2019,1285,1019.8914513144866
2020,1285,1019.8914513144866
2021,1285,1029.8371780359366
2022,1285,1019.8914513144866
2023,1285,1029.8371780359366
2024,1285,1039.782905468041
2025,1285,1039.782905468041
2016,1286,1013.7638300205317
2017,1286,999.9999999999427
2018,1286,999.9999999999427
2019,1286,1020.6457444637049
2020,1286,1020.6457444637049
2021,1286,1027.52765581995
2022,1286,1020.6457444637049
2023,1286,1027.52765581995
2024,1286,1034.4095679218324
2025,1286,1034.4095679218324
2016,1287,1006.8819154225217
2017,1287,1000.0000000000047
2018,1287,1000.0000000000047
2019,1287,1020.6457403781702
2020,1287,1020.6457403781702
2021,1287,1027.527650373615
2022,1287,1020.6457403781702
2023,1287,1027.527650373615
2024,1287,1034.4095611136356
2025,1287,1034.4095611136356
2016,1288,1006.8819140605239
2017,1288,1000.0000000000565
2018,1288,1000.0000000000565
2019,1288,1014.3735603882571
2020,1288,1014.3735603882571
2021,1288,1020.6457362919994
2022,1288,1020.6457362919994
2023,1288,1027.5276449258936
2024,1288,1028.747126832708
2025,1288,1028.747126832708
2016,1289,1006.881912699285
2017,1289,999.9999999999495
2018,1289,999.9999999999495
2019,1289,1013.7638218500376
2020,1289,1013.7638218500376
2021,1289,1020.6457322076794
2022,1289,1020.6457322076794
2023,1289,1020.6457322076794
2024,1289,1027.5276394791251
2025,1289,1027.5276394791251
2016,1290,1006.8819113379751
2017,1290,1000.0000000000224
2018,1290,1000.0000000000224
2019,1290,1013.7638191269308
2020,1290,1013.7638191269308
2021,1290,1014.3735698834003
2022,1290,1014.3735698834003
2023,1290,1014.3735698834003
2024,1290,1027.5276340338262
2025,1290,1020.6457281237629
2016,1291,1006.8819099771239
2017,1291,1000.0000000000065
2018,1291,1000.0000000000065
2019,1291,1006.8819099771239
2020,1291,1006.8819099771239
2021,1291,1013.7638164054885
2022,1291,1013.7638164054885
2023,1291,1006.8819099771239
2024,1291,1020.645724040169
2025,1291,1020.645724040169
2016,1292,1000.0000000000243
2017,1292,1000.0000000000243
2018,1292,1000.0000000000243
2019,1292,1009.9457311496344
2020,1292,1009.9457311496344
2021,1292,1009.9457311496344
2022,1292,1009.9457311496344
2023,1292,990.0542667689836
2024,1292,1029.8371955782518
2025,1292,1029.8371955782518
2016,1293,1009.9457317252653
2017,1293,1000.0000000000523
2018,1293,1000.0000000000523
2019,1293,1019.8914641606669
2020,1293,1019.8914641606669
2021,1293,1019.8914641606669
2022,1293,1019.8914641606669
2023,1293,990.0542689845607
2024,1293,1039.782931161797
2025,1293,1039.782931161797
2016,1294,1013.7638098283794
2017,1294,1000.0000000000341
2018,1294,1000.0000000000341
2019,1294,1020.6457141758447
2020,1294,1020.6457141758447
2021,1294,1020.6457141758447
2022,1294,1020.6457141758447
2023,1294,1000.0000000000341
2024,1294,1034.4095174419726
2025,1294,1034.4095174419726
2016,1295,1009.9457351249216
2017,1295,999.9999999999432
2018,1295,999.9999999999432
2019,1295,1009.9457351249216
2020,1295,1009.9457351249216
2021,1295,1019.891470332096
2022,1295,1019.891470332096
2023,1295,999.9999999999432
2024,1295,1039.7829409988497
2025,1295,1039.782936102284
2016,1296,1014.373596127138
2017,1296,999.9999999999944
2018,1296,999.9999999999944
2019,1296,1014.373596127138
2020,1296,1014.373596127138
2021,1296,1027.5276115840613
2022,1296,1027.5276115840613
2023,1296,1006.8819057261924
2024,1296,1041.2914110449492
2025,1296,1041.2914110449492
2016,1297,1006.8819043632557
2017,1297,999.9999999999783
2018,1297,999.9999999999783
2019,1297,1013.763805177706
2020,1297,1006.8819043632557
2021,1297,1014.3736008723374
2022,1297,1020.6457072004358
2023,1297,999.9999999999783
2024,1297,1041.2914028737582
2025,1297,1034.409505817592
2016,1298,1009.9457348547204
2017,1298,999.9999999999222
2018,1298,999.9999999999222
2019,1298,1019.8914704192398
2020,1298,1009.9457348547204
2021,1298,1019.8914704192398
2022,1298,1029.8372066941804
2023,1298,990.0542658564757
2024,1298,1029.8372066941804
2025,1298,1029.8372066941804
2016,1299,1013.7638032533529
2017,1299,1000.0000000000251
2018,1299,1000.0000000000251
2019,1299,1020.6457043128953
2020,1299,1013.7638032533529
2021,1299,1020.6457043128953
2022,1299,1027.5276022851808
2023,1299,1000.0000000000251
2024,1299,1028.7472189673063
2025,1299,1028.7472189673063
2016,1300,1013.7638005292217
2017,1300,999.9999999999934
2018,1300,999.9999999999934
2019,1300,1020.6457002271713
2020,1300,1020.6457002271713
2021,1300,1020.6457002271713
2022,1300,1027.527596838596
2023,1300,999.9999999999934
2024,1300,1027.527596838596
2025,1300,1027.527596838596
2016,1301,1013.7637978081472
2017,1301,1000.0000000000522
2018,1301,1000.0000000000522
2019,1301,1020.6456961445
2020,1301,1020.6456961445
2021,1301,1020.6456961445
2022,1301,1020.6456961445
2023,1301,993.1181009918547
2024,1301,1027.5275913944133
2025,1301,1027.5275913944133
2016,1302,1009.9457395724008
2017,1302,999.9999999999474
2018,1302,999.9999999999474
2019,1302,1019.8914755256945
2020,1302,1029.8372143551287
2021,1302,1019.8914755256945
2022,1302,1029.8372143551287
2023,1302,990.0542633015405
2024,1302,1039.7829538940528
2025,1302,1029.8372143551287
2016,1303,1014.3736215347807
2017,1303,999.9999999999612
2018,1303,999.9999999999612
2019,1303,1020.6456932543455
2020,1303,1027.5275875409889
2021,1303,1020.6456932543455
2022,1303,1027.5275875409889
2023,1303,999.9999999999612
2024,1303,1034.409482573111
2025,1303,1027.5275875409889
2016,1304,1013.7637931581658
2017,1304,1000.0000000000608
2018,1304,1000.0000000000608
2019,1304,1020.645689170182
2020,1304,1027.5275820955142
2021,1304,1020.645689170182
2022,1304,1027.5275820955142
2023,1304,1000.0000000000608
2024,1304,1034.4094757655816
2025,1304,1027.5275820955142
2016,1305,1019.8914793162154
2017,1305,999.9999999999585
2018,1305,999.9999999999585
2019,1305,1029.8372200389276
2020,1305,1029.8372200389276
2021,1305,1029.8372200389276
2022,1305,1039.7829614727566
2023,1305,999.9999999999585
2024,1305,1039.7829614727566
2025,1305,1039.7829614727566
2016,1306,1020.6456862825394
2017,1306,999.9999999999811
2018,1306,999.9999999999811
2019,1306,1027.5275782453964
2020,1306,1027.5275782453964
2021,1306,1027.5275782453964
2022,1306,1034.4094709522565
2023,1306,1013.203592924311
2024,1306,1034.4094709522565
2025,1306,1034.4094709522565
2016,1307,1028.5970774489288
2017,1307,1000.0000000000125
2018,1307,1000.0000000000125
2019,1307,1038.1294442222134
2020,1307,1047.6618148073421
2021,1307,1038.1294442222134
2022,1307,1047.6618148073421
2023,1307,1019.0647052069671
2024,1307,1057.1941892043153
2025,1307,1047.6618148073421
2016,1308,1013.7637849893338
2017,1308,1000.0000000000449
2018,1308,1000.0000000000449
2019,1308,1020.6456769167348
2020,1308,1020.6456769167348
2021,1308,1020.6456769167348
2022,1308,1027.5275657577813
2023,1308,1006.8818942693948
2024,1308,1027.5275657577813
2025,1308,1027.5275657577813
2016,1309,1013.7637822659301
2017,1309,1000.0000000000578
2018,1309,1000.0000000000578
2019,1309,1014.3736452805354
2020,1309,1020.6456728319521
2021,1309,1020.6456728319521
2022,1309,1027.5275603112902
2023,1309,1000.0000000000578
2024,1309,1027.5275603112902
2025,1309,1020.6456728319521
2016,1310,1006.881891547007
2017,1310,1000.0000000000266
2018,1310,1000.0000000000266
2019,1310,1013.7637795451492
2020,1310,1014.3736500321429
2021,1310,1014.3736500321429
2022,1310,1014.3736500321429
2023,1310,1000.0000000000266
2024,1310,1027.5275548662983
2025,1310,1014.3736500321429
2016,1311,1009.9457425986459
2017,1311,999.9999999999203
2018,1311,999.9999999999203
2019,1311,999.9999999999203
2020,1311,1009.9457447636692
2021,1311,999.9999999999203
2022,1311,999.9999999999203
2023,1311,990.054258110916
2024,1311,1009.9457447636692
2025,1311,1009.9457447636692
2016,1312,1019.8914870608678
2017,1312,1000.0000000000647
2018,1312,1000.0000000000647
2019,1312,1000.0000000000647
2020,1312,1009.9457453401642
2021,1312,1000.0000000000647
2022,1312,1000.0000000000647
2023,1312,1000.0000000000647
2024,1312,1009.9457453401642
2025,1312,1009.9457453401642
2016,1313,1020.6456670555907
2017,1313,999.9999999999566
2018,1313,999.9999999999566
2019,1313,999.9999999999566
2020,1313,1014.3736564434961
2021,1313,1006.8818909820969
2022,1313,1006.8818909820969
2023,1313,1006.8818909820969
2024,1313,1014.3736564434961
2025,1313,1014.3736564434961
2016,1314,1019.8914895330153
2017,1314,999.9999999999446
2018,1314,999.9999999999446
2019,1314,999.9999999999446
2020,1314,999.9999999999446
2021,1314,1009.9457444112699
2022,1314,999.9999999999446
2023,1314,999.9999999999446
2024,1314,1009.9457465762933
2025,1314,1009.9457465762933
2016,1315,1019.8914943882672
2017,1315,999.9999999999734
2018,1315,999.9999999999734
2019,1315,1009.9457449881146
2020,1315,1009.9457449881146
2021,1315,1009.9457471524398
2022,1315,999.9999999999734
2023,1315,1009.9457449881146
2024,1315,1009.9457471524398
2025,1315,1009.9457471524398
2016,1316,1019.8914955411317
2017,1316,1000.0000000001015
2018,1316,1000.0000000001015
2019,1316,1009.9457477287032
2020,1316,1009.9457477287032
2021,1316,1009.9457477287032
2022,1316,1000.0000000001015
2023,1316,1009.9457477287032
2024,1316,1019.8914918381448
2025,1316,1019.8914918381448
2016,1317,1028.7473334401138
2017,1317,999.9999999999316
2018,1317,999.9999999999316
2019,1317,1014.3736636924708
2020,1317,1014.3736636924708
2021,1317,1014.3736636924708
2022,1317,1006.8818908169236
2023,1317,1014.3736636924708
2024,1317,1020.6456665604505
2025,1317,1020.6456665604505
2016,1318,1020.6456624775052
2017,1318,999.9999999999537
2018,1318,999.9999999999537
2019,1318,1006.8818894563956
2020,1318,1013.7637753634262
2021,1318,1013.7637753634262
2022,1318,1006.8818894563956
2023,1318,1013.7637753634262
2024,1318,1020.6456624775052
2025,1318,1020.6456624775052
2016,1319,1029.8372445106277
2017,1319,1000.0000000000874
2018,1319,1000.0000000000874
2019,1319,1009.9457474593823
2020,1319,1009.9457496239403
2021,1319,1009.9457474593823
2022,1319,1000.0000000000874
2023,1319,1009.9457474593823
2024,1319,1019.8914993311515
2025,1319,1019.891495629096
2016,1320,1027.5275426519233
2017,1320,999.9999999999936
2018,1320,999.9999999999936
2019,1320,1013.7637734363423
2020,1320,1014.3736740263787
2021,1320,1013.7637734363423
2022,1320,1006.8818884927939
2023,1320,1013.7637734363423
2024,1320,1027.5275426519233
2025,1320,1020.6456595875226
2016,1321,1019.8915018032784
2017,1321,1000.0000000001025
2018,1321,1000.0000000001025
2019,1321,1000.0000000001025
2020,1321,1000.0000000001025
2021,1321,1000.0000000001025
2022,1321,1000.0000000001025
2023,1321,1009.9457508600105
2024,1321,1019.8915018032784
2025,1321,1009.9457508600105
2016,1322,1019.8915029561116
2017,1322,999.999999999949
2018,1322,999.999999999949
2019,1322,999.999999999949
2020,1322,999.999999999949
2021,1322,999.999999999949
2022,1322,999.999999999949
2023,1322,1009.945751436234
2024,1322,1019.8915029561116
2025,1322,1009.945751436234
2016,1323,1029.8372516754177
2017,1323,1000.0000000000632
2018,1323,1000.0000000000632
2019,1323,1000.0000000000632
2020,1323,1009.9457498472409
2021,1323,1009.9457498472409
2022,1323,1000.0000000000632
2023,1323,1009.9457520124973
2024,1323,1019.8915041087571
2025,1323,1009.9457520124973
2016,1324,1029.8372580173352
2017,1324,999.999999999933
2018,1324,999.999999999933
2019,1324,999.999999999933
2020,1324,1009.9457525884973
2021,1324,1009.9457525884973
2022,1324,999.999999999933
2023,1324,1019.891501561394
2024,1324,1029.8372534083355
2025,1324,1019.891501561394
2016,1325,1029.8372597470423
2017,1325,999.9999999999886
2018,1325,999.9999999999886
2019,1325,999.9999999999886
2020,1325,1009.9457531656467
2021,1325,1009.9457531656467
2022,1325,999.9999999999886
2023,1325,1019.8915064146645
2024,1325,1029.8372597470423
2025,1325,1019.8915064146645
2016,1326,1041.2913114446108
2017,1326,999.9999999999762
2018,1326,999.9999999999762
2019,1326,1006.8818891266625
2020,1326,1014.3736829413358
2021,1326,1014.3736829413358
2022,1326,1006.8818891266625
2023,1326,1027.52754518556
2024,1326,1034.4094296271064
2025,1326,1027.52754518556
2016,1327,1085.7910448981584
2017,1327,1000.0000000000284
2018,1327,1000.0000000000284
2019,1327,1009.5323230751482
2020,1327,1038.1293151715668
2021,1327,1038.1293151715668
2022,1327,1009.5323230751482
2023,1327,1066.7263415737625
2024,1327,1085.7910448981584
2025,1327,1076.2586913291086
2016,1328,1020.64565212352
2017,1328,999.9999999999379
2018,1328,999.9999999999379
2019,1328,999.9999999999379
2020,1328,993.1181156645662
2021,1328,999.9999999999379
2022,1328,999.9999999999379
2023,1328,1006.8818860047559
2024,1328,1014.3736916085298
2025,1328,1006.8818860047559
2016,1329,1020.6456480394244
2017,1329,999.99999999996
2018,1329,999.99999999996
2019,1329,999.99999999996
2020,1329,986.236230502494
2021,1329,993.1181170262616
2022,1329,999.99999999996
2023,1329,1006.8818846437628
2024,1329,1013.7637657382286
2025,1329,1006.8818846437628
2016,1330,1019.8915116935509
2017,1330,1000.0000000000476
2018,1330,1000.0000000000476
2019,1330,1000.0000000000476
2020,1330,980.1084948530752
2021,1330,990.0542442789181
2022,1330,1000.0000000000476
2023,1330,1009.9457536402123
2024,1330,1009.9457558052358
2025,1330,1009.9457536402123
2016,1331,1027.5275234055644
2017,1331,999.9999999999942
2018,1331,999.9999999999942
2019,1331,1006.8818836819637
2020,1331,993.1181179887025
2021,1331,993.1181179887025
2022,1331,999.9999999999942
2023,1331,1013.7637638144369
2024,1331,1014.3737019439064
2025,1331,1013.7637638144369
2016,1332,1029.8372667625385
2017,1332,1000.0000000001133
2018,1332,1000.0000000001133
2019,1332,1009.9457548768572
2020,1332,990.0542458349537
2021,1332,990.0542458349537
2022,1332,1000.0000000001133
2023,1332,1009.9457548768572
2024,1332,1019.8915104649534
2025,1332,1009.9457548768572
2016,1333,1027.5275195547258
2017,1333,999.9999999998873
2018,1333,999.9999999998873
2019,1333,1013.7637618889216
2020,1333,999.9999999998873
2021,1333,999.9999999998873
2022,1333,1006.8818827194391
2023,1333,1013.7637618889216
2024,1333,1020.6456422655373
2025,1333,1013.7637618889216
2016,1334,1027.5275141101201
2017,1334,999.9999999999311
2018,1334,999.9999999999311
2019,1334,1006.8818813581347
2020,1334,999.9999999999311
2021,1334,999.9999999999311
2022,1334,1006.8818813581347
2023,1334,1013.763759166354
2024,1334,1020.6456381820358
2025,1334,1013.763759166354
2016,1335,1019.8915179589977
2017,1335,999.9999999999285
2018,1335,999.9999999999285
2019,1335,999.9999999999285
2020,1335,990.0542411454331
2021,1335,999.9999999999285
2022,1335,999.9999999999285
2023,1335,1009.9457589375495
2024,1335,1009.9457589375495
2025,1335,1009.9457589375495
2016,1336,1029.8372741823728
2017,1336,999.9999999999026
2018,1336,999.9999999999026
2019,1336,1009.9457573493742
2020,1336,990.0542433615493
2021,1336,999.9999999999026
2022,1336,1009.9457573493742
2023,1336,1019.8915154104312
2024,1336,1019.8915154104312
2025,1336,1009.945759513932
2016,1337,1028.747443441954
2017,1337,1000.0000000000778
2018,1337,1000.0000000000778
2019,1337,1013.7637580399552
2020,1337,1000.0000000000778
2021,1337,1006.8818807947647
2022,1337,1013.7637580399552
2023,1337,1020.645636492364
2024,1337,1020.645636492364
2025,1337,1014.3737186937082
2016,1338,1039.78303861177
2017,1338,999.9999999999932
2018,1338,999.9999999999932
2019,1338,1019.8915178835279
2020,1338,990.0542421254868
2021,1338,1009.9457585865506
2022,1338,1009.9457585865506
2023,1338,1019.8915178835279
2024,1338,1029.8372778916234
2025,1338,1019.8915178835279
2016,1339,1034.4093831576092
2017,1339,999.9999999999624
2018,1339,999.9999999999624
2019,1339,1020.6456336069772
2020,1339,999.9999999999624
2021,1339,1013.7637561166866
2022,1339,1013.7637561166866
2023,1339,1020.6456336069772
2024,1339,1027.527508009926
2025,1339,1020.6456336069772
2016,1340,1034.409376351933
2017,1340,1000.0000000000695
2018,1340,1000.0000000000695
2019,1340,1020.6456295232534
2020,1340,1000.0000000000695
2021,1340,1006.8818784717466
2022,1340,1013.763753393769
2023,1340,1020.6456295232534
2024,1340,1027.5275025653107
2025,1340,1014.3737290290456
2016,1341,1034.4093695462598
2017,1341,1000.000000000092
2018,1341,1000.000000000092
2019,1341,1020.6456254395761
2020,1341,1000.000000000092
2021,1341,1006.8818771106494
2022,1341,1000.000000000092
2023,1341,1014.3737337796401
2024,1341,1027.5274971206725
2025,1341,1013.7637506710525
2016,1342,1034.409362739748
2017,1342,1000.0000000000827
2018,1342,1000.0000000000827
2019,1342,1014.3737385318573
2020,1342,993.1181259202573
2021,1342,1006.8818757496836
2022,1342,1000.0000000000827
2023,1342,1013.7637479493001
2024,1342,1020.6456213559646
2025,1342,1013.7637479493001
2016,1343,1039.7830514817756
2017,1343,999.9999999999719
2018,1343,999.9999999999719
2019,1343,1019.8915243178212
2020,1343,990.0542389072598
2021,1343,999.9999999999719
2022,1343,999.9999999999719
2023,1343,1009.9457639678944
2024,1343,1019.8915243178212
2025,1343,1009.9457639678944
2016,1344,1034.4093579292478
2017,1344,1000.0000000000254
2018,1344,1000.0000000000254
2019,1344,1020.6456184697222
2020,1344,1000.0000000000254
2021,1344,1006.8818747872958
2022,1344,1006.8818747872958
2023,1344,1014.3737441149302
2024,1344,1020.6456184697222
2025,1344,1014.3737441149302
2016,1345,1034.4093511243293
2017,1345,1000.0000000000335
2018,1345,1000.0000000000335
2019,1345,1014.3737488668812
2020,1345,1000.0000000000335
2021,1345,1000.0000000000335
2022,1345,1006.8818734265286
2023,1345,1013.7637433029543
2024,1345,1020.6456143868423
2025,1345,1013.7637433029543
2016,1346,1029.837293236327
2017,1346,999.999999999889
2018,1346,999.999999999889
2019,1346,1009.9457658653972
2020,1346,999.999999999889
2021,1346,999.999999999889
2022,1346,999.999999999889
2023,1346,1019.8915281133726
2024,1346,1019.8915318147298
2025,1346,1009.9457658653972
2016,1347,1028.7475149577842
2017,1347,1000.0000000000134
2018,1347,1000.0000000000134
2019,1347,1014.3737544523768
2020,1347,1000.0000000000134
2021,1347,1006.8818724650354
2022,1347,1006.8818724650354
2023,1347,1020.6456115019888
2024,1347,1027.5274785363072
2025,1347,1014.3737544523768
2016,1348,1027.5274730915012
2017,1348,1000.0000000000165
2018,1348,1000.0000000000165
2019,1348,1006.8818711033608
2020,1348,1000.0000000000165
2021,1348,1006.8818711033608
2022,1348,1006.8818711033608
2023,1348,1014.3737592028373
2024,1348,1020.6456074179468
2025,1348,1013.7637386567211
2016,1349,1027.527467646279
2017,1349,999.999999999978
2018,1349,999.999999999978
2019,1349,999.999999999978
2020,1349,999.999999999978
2021,1349,999.999999999978
2022,1349,1006.8818697421484
2023,1349,1013.7637359343348
2024,1349,1014.3737639533617
2025,1349,1013.7637359343348
2016,1350,1027.5274622019833
2017,1350,1000.0000000000866
2018,1350,1000.0000000000866
2019,1350,1000.0000000000866
2020,1350,1000.0000000000866
2021,1350,1000.0000000000866
2022,1350,1006.8818683814058
2023,1350,1006.8818683814058
2024,1350,1013.7637332125705
2025,1350,1006.8818683814058
2016,1351,1019.891538250457
2017,1351,1000.0000000000866
2018,1351,1000.0000000000866
2019,1351,990.054233793306
2020,1351,1000.0000000000866
2021,1351,990.054233793306
2022,1351,1000.0000000000866
2023,1351,1009.9457669184513
2024,1351,1009.9457669184513
2025,1351,1009.9457669184513
2016,1352,1027.5274583556345
2017,1352,1000.0000000001064
2018,1352,1000.0000000001064
2019,1352,1000.0000000001064
2020,1352,1000.0000000001064
2021,1352,1000.0000000001064
2022,1352,1006.8818674191779
2023,1352,1013.7637312888272
2024,1352,1013.7637312888272
2025,1352,1013.7637312888272
2016,1353,1019.8915407251349
2017,1353,999.9999999999794
2018,1353,999.9999999999794
2019,1353,999.9999999999794
2020,1353,999.9999999999794
2021,1353,999.9999999999794
2022,1353,999.9999999999794
2023,1353,999.9999999999794
2024,1353,1009.9457703209936
2025,1353,999.9999999999794
2016,1354,1027.5274545067518
2017,1354,999.9999999999507
2018,1354,999.9999999999507
2019,1354,999.9999999999507
2020,1354,999.9999999999507
2021,1354,999.9999999999507
2022,1354,999.9999999999507
2023,1354,1006.8818664574109
2024,1354,1014.3737798753266
2025,1354,1006.8818664574109
2016,1355,1019.8915394986807
2017,1355,1000.0000000000479
2018,1355,1000.0000000000479
2019,1355,990.0542313179918
2020,1355,990.0542285249757
2021,1355,990.0542313179918
2022,1355,1000.0000000000479
2023,1355,1000.0000000000479
2024,1355,1009.9457715582471
2025,1355,1009.9457693936895
2016,1356,1020.6455905956591
2017,1356,1000.00000000005
2018,1356,1000.00000000005
2019,1356,1000.00000000005
2020,1356,993.1181361739214
2021,1356,1000.00000000005
2022,1356,1000.00000000005
2023,1356,1006.8818654960389
2024,1356,1014.3737854616935
2025,1356,1013.7637274420329
2016,1357,1020.6455865118695
2017,1357,999.9999999999051
2018,1357,999.9999999999051
2019,1357,999.9999999999051
2020,1357,993.1181375349099
2021,1357,999.9999999999051
2022,1357,999.9999999999051
2023,1357,1006.8818641350047
2024,1357,1013.7637247193768
2025,1357,1006.8818641350047
2016,1358,1019.8915432945706
2017,1358,1000.0000000000774
2018,1358,1000.0000000000774
2019,1358,990.0542294210223
2020,1358,990.0542266280063
2021,1358,990.0542294210223
2022,1358,1000.0000000000774
2023,1358,1000.0000000000774
2024,1358,1009.9457712916478
2025,1358,1009.9457712916478
2016,1359,1020.6455836280659
2017,1359,1000.0000000000389
2018,1359,1000.0000000000389
2019,1359,1000.0000000000389
2020,1359,993.118138496519
2021,1359,1000.0000000000389
2022,1359,1000.0000000000389
2023,1359,1006.8818631740776
2024,1359,1013.7637227977065
2025,1359,1013.7637227977065
2016,1360,1020.6455795447648
2017,1360,1000.0000000000715
2018,1360,1000.0000000000715
2019,1360,1000.0000000000715
2020,1360,993.1181398575776
2021,1360,1000.0000000000715
2022,1360,1000.0000000000715
2023,1360,1006.8818618126696
2024,1360,1006.8818618126696
2025,1360,1013.7637200746146
2016,1361,1019.8915470915279
2017,1361,999.9999999999677
2018,1361,999.9999999999677
2019,1361,990.0542275215643
2020,1361,990.0542275215643
2021,1361,990.0542275215643
2022,1361,999.9999999999677
2023,1361,1009.945773189955
2024,1361,1009.945773189955
2025,1361,1009.945773189955
2016,1362,1020.6455766592859
2017,1362,999.9999999999957
2018,1362,999.9999999999957
2019,1362,999.9999999999957
2020,1362,999.9999999999957
2021,1362,999.9999999999957
2022,1362,1006.8818608511997
2023,1362,1013.7637181516764
2024,1362,1013.7637181516764
2025,1362,1013.7637181516764
2016,1363,1020.6455725776003
2017,1363,1000.0000000000795
2018,1363,1000.0000000000795
2019,1363,1000.0000000000795
2020,1363,1000.0000000000795
2021,1363,1000.0000000000795
2022,1363,1006.8818594906937
2023,1363,1006.8818594906937
2024,1363,1013.7637154309946
2025,1363,1006.8818594906937
2016,1364,1014.3738156411163
2017,1364,999.999999999972
2018,1364,999.999999999972
2019,1364,986.2362835324428
2020,1364,993.118143541205
2021,1364,993.118143541205
2022,1364,999.999999999972
2023,1364,1006.8818581288435
2024,1364,1006.8818581288435
2025,1364,1006.8818581288435
2016,1365,1009.945777913435
2017,1365,999.999999999917
2018,1365,999.999999999917
2019,1365,980.1084506369845
2020,1365,990.0542249625423
2021,1365,990.0542221699917
2022,1365,999.999999999917
2023,1365,999.999999999917
2024,1365,999.999999999917
2025,1365,1009.9457757495757
2016,1366,1019.8915533638716
2017,1366,999.9999999999754
2018,1366,999.9999999999754
2019,1366,990.0542243868011
2020,1366,999.9999999999754
2021,1366,990.0542243868011
2022,1366,999.9999999999754
2023,1366,999.9999999999754
2024,1366,999.9999999999754
2025,1366,1009.9457784913884
2016,1367,1020.6455668085736
2017,1367,1000.0000000000134
2018,1367,1000.0000000000134
2019,1367,1000.0000000000134
2020,1367,1000.0000000000134
2021,1367,1000.0000000000134
2022,1367,1006.8818575676125
2023,1367,1006.8818575676125
2024,1367,1006.8818575676125
2025,1367,1014.3738220620902
2016,1368,1020.6455627252225
2017,1368,1000.0000000000671
2018,1368,1000.0000000000671
2019,1368,993.1181454638133
2020,1368,1000.0000000000671
2021,1368,993.1181454638133
2022,1368,1006.881856206425
2023,1368,1006.881856206425
2024,1368,1006.881856206425
2025,1368,1013.7637088622149
2016,1369,1020.6455586418945
2017,1369,999.9999999999717
2018,1369,999.9999999999717
2019,1369,993.1181468247955
2020,1369,993.1181468247955
2021,1369,986.2362900986369
2022,1369,999.9999999999717
2023,1369,999.9999999999717
2024,1369,1006.8818548453372
2025,1369,1006.8818548453372
2016,1370,1019.8915584827279
2017,1370,1000.0000000000565
2018,1370,1000.0000000000565
2019,1370,990.0542190336627
2020,1370,990.0542190336627
2021,1370,980.1084443655865
2022,1370,1000.0000000000565
2023,1370,1000.0000000000565
2024,1370,1000.0000000000565
2025,1370,1009.9457788854837
2016,1371,1019.89156333862
2017,1371,999.9999999999812
2018,1371,999.9999999999812
2019,1371,990.0542184561675
2020,1371,990.0542184561675
2021,1371,990.0542184561675
2022,1371,999.9999999999812
2023,1371,999.9999999999812
2024,1371,1009.94577946376
2025,1371,1009.9457816276207
2016,1372,1027.527405810236
2017,1372,999.9999999999862
2018,1372,999.9999999999862
2019,1372,993.1181473868266
2020,1372,993.1181473868266
2021,1372,993.1181473868266
2022,1372,999.9999999999862
2023,1372,999.9999999999862
2024,1372,1013.7637050170183
2025,1372,1014.3738379887277
2016,1373,1014.3738427389899
2017,1373,999.9999999999676
2018,1373,999.9999999999676
2019,1373,986.2362939437429
2020,1373,993.1181487473835
2021,1373,993.1181487473835
2022,1373,999.9999999999676
2023,1373,999.9999999999676
2024,1373,999.9999999999676
2025,1373,1006.881852922327
2016,1374,1009.9457813622031
2017,1374,1000.0000000001052
2018,1374,1000.0000000001052
2019,1374,980.108439412758
2020,1374,990.0542193509881
2021,1374,990.0542165575062
2022,1374,990.0542193509881
2023,1374,1000.0000000001052
2024,1374,990.0542193509881
2025,1374,1000.0000000001052
2016,1375,1013.7637003730287
2017,1375,999.9999999999912
2018,1375,999.9999999999912
2019,1375,993.1181497089142
2020,1375,999.9999999999912
2021,1375,993.1181497089142
2022,1375,999.9999999999912
2023,1375,1006.8818519618311
2024,1375,999.9999999999912
2025,1375,1006.8818519618311
2016,1376,1009.9457826004649
2017,1376,999.9999999999069
2018,1376,999.9999999999069
2019,1376,990.0542153186153
2020,1376,990.0542153186153
2021,1376,990.0542153186153
2022,1376,990.0542181113987
2023,1376,999.9999999999069
2024,1376,999.9999999999069
2025,1376,999.9999999999069
2016,1377,1013.76369844967
2017,1377,1000.0000000000086
2018,1377,1000.0000000000086
2019,1377,993.1181506704493
2020,1377,993.1181506704493
2021,1377,993.1181506704493
2022,1377,1000.0000000000086
2023,1377,1006.8818510005747
2024,1377,1006.8818510005747
2025,1377,1006.8818510005747
2016,1378,1006.8818496395029
2017,1378,1000.0000000000676
2018,1378,1000.0000000000676
2019,1378,986.2363005098501
2020,1378,986.2363005098501
2021,1378,986.2363005098501
2022,1378,1000.0000000000676
2023,1378,1000.0000000000676
2024,1378,1000.0000000000676
2025,1378,1006.8818496395029
2016,1379,1006.8818482790689
2017,1379,1000.0000000000683
2018,1379,1000.0000000000683
2019,1379,986.2363032322073
2020,1379,986.2363032322073
2021,1379,986.2363032322073
2022,1379,993.1181533913425
2023,1379,1000.0000000000683
2024,1379,1000.0000000000683
2025,1379,1000.0000000000683
2016,1380,999.9999999998863
2017,1380,999.9999999998863
2018,1380,999.9999999998863
2019,1380,980.1084318149599
2020,1380,980.1084318149599
2021,1380,980.1084318149599
2022,1380,990.0542155515147
2023,1380,990.0542155515147
2024,1380,990.0542155515147
2025,1380,999.9999999998863
2016,1381,1006.8818473176623
2017,1381,1000.0000000000588
2018,1381,1000.0000000000588
2019,1381,985.6261376291236
2020,1381,986.2363051544071
2021,1381,993.1181543527188
2022,1381,1000.0000000000588
2023,1381,1000.0000000000588
2024,1381,1000.0000000000588
2025,1381,1006.8818473176623
2016,1382,1009.9457863997131
2017,1382,1000.0000000000891
2018,1382,1000.0000000000891
2019,1382,980.108423122501
2020,1382,980.1084293374571
2021,1382,990.054211519266
2022,1382,1000.0000000000891
2023,1382,1000.0000000000891
2024,1382,1000.0000000000891
2025,1382,1000.0000000000891
2016,1383,1013.7636891629339
2017,1383,999.9999999999725
2018,1383,999.9999999999725
2019,1383,985.6261320408953
2020,1383,993.1181553137632
2021,1383,993.1181553137632
2022,1383,1006.8818463571886
2023,1383,999.9999999999725
2024,1383,999.9999999999725
2025,1383,1006.8818463571886
2016,1384,1009.9457876373292
2017,1384,1000.0000000001161
2018,1384,1000.0000000001161
2019,1384,980.1084206445546
2020,1384,990.0542102805397
2021,1384,990.0542102805397
2022,1384,1000.0000000001161
2023,1384,1000.0000000001161
2024,1384,1000.0000000001161
2025,1384,1000.0000000001161
2016,1385,1013.7636872393173
2017,1385,999.9999999999446
2018,1385,999.9999999999446
2019,1385,986.2363089979987
2020,1385,993.118156274463
2021,1385,985.6261264532346
2022,1385,999.9999999999446
2023,1385,1006.8818453952017
2024,1385,1006.8818453952017
2025,1385,1006.8818453952017
2016,1386,1006.8818440345605
2017,1386,999.9999999999573
2018,1386,999.9999999999573
2019,1386,985.626121699817
2020,1386,986.2363117197333
2021,1386,971.2522494507465
2022,1386,993.1181576354587
2023,1386,999.9999999999573
2024,1386,1006.8818440345605
2025,1386,999.9999999999573
2016,1387,1009.9457895375093
2017,1387,1000.0000000000124
2018,1387,1000.0000000000124
2019,1387,980.1084168445814
2020,1387,980.1084230597704
2021,1387,970.1626253928379
2022,1387,990.054211173401
2023,1387,1000.0000000000124
2024,1387,1000.0000000000124
2025,1387,1000.0000000000124
2016,1388,1013.7636825960728
2017,1388,999.9999999999784
2018,1388,999.9999999999784
2019,1388,985.6261161114872
2020,1388,993.1181585961781
2021,1388,956.878366489445
2022,1388,999.9999999999784
2023,1388,999.9999999999784
2024,1388,1006.8818430736391
2025,1388,1006.8818430736391
2016,1389,1009.9457929410758
2017,1389,1000.0000000000005
2018,1389,1000.0000000000005
2019,1389,980.1084143669982
2020,1389,990.054209936001
2021,1389,960.2168290679015
2022,1389,1000.0000000000005
2023,1389,1000.0000000000005
2024,1389,1000.0000000000005
2025,1389,1000.0000000000005
2016,1390,1009.9457935189528
2017,1390,999.999999999934
2018,1390,999.999999999934
2019,1390,980.1084132112763
2020,1390,999.999999999934
2021,1390,960.2168267565226
2022,1390,999.999999999934
2023,1390,999.999999999934
2024,1390,999.999999999934
2025,1390,999.999999999934
2016,1391,1014.3738969459844
2017,1391,999.9999999999978
2018,1391,999.9999999999978
2019,1391,986.2363147637859
2020,1391,999.9999999999978
2021,1391,956.8783472188109
2022,1391,999.9999999999978
2023,1391,1006.881842513131
2024,1391,1006.881842513131
2025,1391,1006.881842513131
2016,1392,1019.8915858995762
2017,1392,1000.0000000000722
2018,1392,1000.0000000000722
2019,1392,980.1084169508646
2020,1392,990.0542081188607
2021,1392,950.2710274588064
2022,1392,990.0542081188607
2023,1392,1000.0000000000722
2024,1392,1000.0000000000722
2025,1392,1009.9457925931002
2016,1393,1020.6455187602443
2017,1393,999.9999999999746
2018,1393,999.9999999999746
2019,1393,993.1181601180211
2020,1393,999.9999999999746
2021,1393,951.8270904664239
2022,1393,999.9999999999746
2023,1393,1006.8818415517036
2024,1393,1006.8818415517036
2025,1393,1013.7636795521208
2016,1394,1019.8915883781875
2017,1394,999.9999999999089
2018,1394,999.9999999999089
2019,1394,990.0542040861786
2020,1394,990.0542068798931
2021,1394,950.271021263221
2022,1394,999.9999999999089
2023,1394,999.9999999999089
2024,1394,1009.9457938336053
2025,1394,1009.9457938336053
2016,1395,1020.6455158793057
2017,1395,1000.0000000001027
2018,1395,1000.0000000001027
2019,1395,986.2363186072233
2020,1395,1000.0000000001027
2021,1395,973.593662166178
2022,1395,1000.0000000001027
2023,1395,1000.0000000001027
2024,1395,1013.7636776324682
2025,1395,1013.7636776324682
2016,1396,1014.3739128746901
2017,1396,1000.0000000000416
2018,1396,1000.0000000000416
2019,1396,985.6260937582083
2020,1396,993.1181624397605
2021,1396,979.3544814244627
2022,1396,993.1181624397605
2023,1396,1000.0000000000416
2024,1396,1006.881839230427
2025,1396,1013.7636749093308
2016,1397,1009.9457978977308
2017,1397,1000.0000000000276
2018,1397,1000.0000000000276
2019,1397,980.108404454469
2020,1397,990.0542021863831
2021,1397,970.1626170763911
2022,1397,990.0542049803306
2023,1397,1000.0000000000276
2024,1397,1000.0000000000276
2025,1397,1009.9457957329387
2016,1398,1014.3739184630939
2017,1398,999.9999999999677
2018,1398,999.9999999999677
2019,1398,985.6260881716312
2020,1398,993.1181633999157
2021,1398,985.6260881716312
2022,1398,999.9999999999677
2023,1398,999.9999999999677
2024,1398,1006.881838268893
2025,1398,1013.7636729868354
2016,1399,1009.9457991373313
2017,1399,1000.0000000001024
2018,1399,1000.0000000001024
2019,1399,980.1084019764214
2020,1399,990.0542009464648
2021,1399,980.1084019764214
2022,1399,990.0542037397153
2023,1399,990.0542037397153
2024,1399,1000.0000000001024
2025,1399,1009.9457969734719
2016,1400,1014.3739240552912
2017,1400,1000.0000000000188
2018,1400,1000.0000000000188
2019,1400,985.6260825809372
2020,1400,993.1181643615306
2021,1400,985.6260825809372
2022,1400,1000.0000000000188
2023,1400,1000.0000000000188
2024,1400,1000.0000000000188
2025,1400,1013.7636710672934
2016,1401,1009.9458003764327
2017,1401,999.999999999886
2018,1401,999.999999999886
2019,1401,980.1083994966393
2020,1401,990.0541997064663
2021,1401,980.1083994966393
2022,1401,990.0541997064663
2023,1401,990.0542024999495
2024,1401,999.999999999886
2025,1401,1009.945798212339
2016,1402,1014.373929642762
2017,1402,1000.000000000027
2018,1402,1000.000000000027
2019,1402,985.6260769924104
2020,1402,993.1181653211614
2021,1402,979.3544900685134
2022,1402,993.1181653211614
2023,1402,1000.000000000027
2024,1402,1006.8818363486678
2025,1402,1013.7636691457528
2016,1403,999.9999999998861
2017,1403,999.9999999998861
2018,1403,999.9999999998861
2019,1403,980.1083995985355
2020,1403,990.0541994428368
2021,1403,970.1625901976699
2022,1403,990.0541994428368
2023,1403,999.9999999998861
2024,1403,1009.9458012699176
2025,1403,1009.9458034340114
2016,1404,1006.8818348283669
2017,1404,999.9999999999318
2018,1404,999.9999999999318
2019,1404,986.236330134188
2020,1404,999.9999999999318
2021,1404,958.7089777253973
2022,1404,999.9999999999318
2023,1404,1006.8818348283669
2024,1404,1013.7636661049914
2025,1404,1014.3739416585006
2016,1405,1009.9458025095956
2017,1405,999.9999999999719
2018,1405,999.9999999999719
2019,1405,980.1083971199029
2020,1405,990.0541982037962
2021,1405,960.2167821380035
2022,1405,990.0541982037962
2023,1405,999.9999999999719
2024,1405,999.9999999999719
2025,1405,1009.9458046739221
2016,1406,1013.7636641819136
2017,1406,1000.0000000000139
2018,1406,1000.0000000000139
2019,1406,985.6260593869189
2020,1406,1000.0000000000139
2021,1406,958.7089834856606
2022,1406,1000.0000000000139
2023,1406,1000.0000000000139
2024,1406,1000.0000000000139
2025,1406,1014.3739472473251
2016,1407,999.99999999994
2017,1407,999.99999999994
2018,1407,999.99999999994
2019,1407,971.2521153178568
2020,1407,985.6260546334005
2021,1407,958.7089916483023
2022,1407,985.6260546334005
2023,1407,999.99999999994
2024,1407,999.99999999994
2025,1407,1006.8818325066696
2016,1408,985.6260498788399
2017,1408,999.9999999998867
2018,1408,999.9999999998867
2019,1408,958.7089998121301
2020,1408,972.4726707672029
2021,1408,956.8781677869205
2022,1408,971.2521058073028
2023,1408,993.1181705240497
2024,1408,993.1181705240497
2025,1408,999.9999999998867
2016,1409,980.1083857763913
2017,1409,1000.0000000000675
2018,1409,1000.0000000000675
2019,1409,960.2167718856879
2020,1409,970.1625787894767
2021,1409,940.3251845383096
2022,1409,970.1625787894767
2023,1409,990.0541928468987
2024,1409,990.0541928468987
2025,1409,1000.0000000000675
2016,1410,980.1083846197322
2017,1410,1000.0000000001153
2018,1410,1000.0000000001153
2019,1410,960.2167695720907
2020,1410,970.1625873245953
2021,1410,950.2709824393905
2022,1410,970.1625770541158
2023,1410,990.0541922682445
2024,1410,990.0541922682445
2025,1410,1000.0000000001153
2016,1411,980.1083896812165
2017,1411,1000.0000000001096
2018,1411,1000.0000000001096
2019,1411,960.2167822142515
2020,1411,980.1083834629995
2021,1411,960.216767259095
2022,1411,970.1625855910107
2023,1411,990.0541916897575
2024,1411,990.0541916897575
2025,1411,1000.0000000001096
2016,1412,990.0541911115754
2017,1412,999.9999999999355
2018,1412,999.9999999999355
2019,1412,970.162573583538
2020,1412,980.1083823058767
2021,1412,960.2167649450251
2022,1412,980.1083823058767
2023,1412,990.0541911115754
2024,1412,990.0541939055244
2025,1412,999.9999999999355
2016,1413,990.0541933269785
2017,1413,1000.0000000001044
2018,1413,1000.0000000001044
2019,1413,970.162582119904
2020,1413,980.1083873675321
2021,1413,960.2167626314971
2022,1413,980.1083873675321
2023,1413,990.0541933269785
2024,1413,1000.0000000001044
2025,1413,1009.9458073862123
2016,1414,999.9999999998968
2017,1414,999.9999999998968
2018,1414,999.9999999998968
2019,1414,980.1083862096684
2020,1414,990.0541927480587
2021,1414,960.2167603173755
2022,1414,990.0541927480587
2023,1414,999.9999999998968
2024,1414,1009.9458079651816
2025,1414,1009.9458101290422
2016,1415,1009.9458085431783
2017,1415,1000.0000000001015
2018,1415,1000.0000000001015
2019,1415,990.0541921704728
2020,1415,1000.0000000001015
2021,1415,960.2167729590133
2022,1415,1000.0000000001015
2023,1415,1000.0000000001015
2024,1415,1009.9458107077375
2025,1415,1019.8916177987703
2016,1416,1009.9458112859545
2017,1416,1000.0000000000629
2018,1416,1000.0000000000629
2019,1416,1000.0000000000629
2020,1416,1000.0000000000629
2021,1416,970.1625666427777
2022,1416,1009.9458091213953
2023,1416,1009.9458091213953
2024,1416,1019.8916189554772
2025,1416,1029.837429502774
2016,1417,1019.8916201122781
2017,1417,999.9999999998869
2018,1417,999.9999999998869
2019,1417,999.9999999998869
2020,1417,999.9999999998869
2021,1417,970.1625751785487
2022,1417,1009.9458118644992
2023,1417,1019.8916201122781
2024,1417,1019.8916238113088
2025,1417,1029.8374358424085
2016,1418,1019.8916249689859
2017,1418,999.9999999998912
2018,1418,999.9999999998912
2019,1418,999.9999999998912
2020,1418,999.9999999998912
2021,1418,980.1083753644674
2022,1418,1009.9458124427595
2023,1418,1019.8916249689859
2024,1418,1029.837432974926
2025,1418,1039.7832453938115
2016,1419,1027.5273238228197
2017,1419,1000.0000000000414
2018,1419,1000.0000000000414
2019,1419,1006.881833788375
2020,1419,1006.881833788375
2021,1419,985.6260367653604
2022,1419,1014.3739698683656
2023,1419,1027.5273238228197
2024,1419,1028.7479457852971
2025,1419,1041.2909793942833
2016,1420,1009.945813683125
2017,1420,999.9999999998886
2018,1420,999.9999999998886
2019,1420,1009.9458115187986
2020,1420,1009.9458115187986
2021,1420,980.1083728832625
2022,1420,1019.8916237506895
2023,1420,1019.8916274492545
2024,1420,1029.8374366960297
2025,1420,1029.8374412989779
2016,1421,1009.945814261551
2017,1421,1000.0000000000474
2018,1421,1000.0000000000474
2019,1421,1019.89162490785
2020,1421,1009.945814261551
2021,1421,980.1083717264198
2022,1421,1029.8374384321557
2023,1421,1029.8374384321557
2024,1421,1029.837443035337
2025,1421,1029.837443035337
2016,1422,1014.373976295266
2017,1422,999.9999999999839
2018,1422,999.9999999999839
2019,1422,1020.6454937888968
2020,1422,1014.373976295266
2021,1422,985.626030337273
2022,1422,1027.52732158407
2023,1422,1028.7479586404716
2024,1422,1034.40915012366
2025,1422,1043.1219470354417
2016,1423,1013.7636601843509
2017,1423,999.9999999999851
2018,1423,999.9999999999851
2019,1423,1014.373981048835
2020,1423,1006.8818318680678
2021,1423,979.3545035087446
2022,1423,1027.5273161430757
2023,1423,1027.5273161430757
2024,1423,1028.7479681481077
2025,1423,1028.7479681481077
2016,1424,1019.0642368984841
2017,1424,999.9999999999613
2018,1424,999.9999999999613
2019,1424,1028.5963610631254
2020,1424,1009.5321165446392
2021,1424,952.3394744404083
2022,1424,1038.128489038333
2023,1424,1047.6606208253854
2024,1424,1057.1927564214911
2025,1424,1076.257039045396
2016,1425,1009.5321117922093
2017,1425,1000.0000000000301
2018,1425,1000.0000000000301
2019,1425,1009.5321117922093
2020,1425,1000.0000000000301
2021,1425,923.7432428473627
2022,1425,1028.5963468060502
2023,1425,1028.5963468060502
2024,1425,1038.1284700284102
2025,1425,1057.1927279078543
2016,1426,999.9999999999453
2017,1426,999.9999999999453
2018,1426,999.9999999999453
2019,1426,986.2363485364745
2020,1426,979.3545222358078
2021,1426,951.8272019390866
2022,1426,999.9999999999453
2023,1426,999.9999999999453
2024,1426,999.9999999999453
2025,1426,1013.7636476999297
2016,1427,990.054182428554
2017,1427,999.9999999999736
2018,1427,999.9999999999736
2019,1427,980.108371159644
2020,1427,970.162557809302
2021,1427,940.3251220380293
2022,1427,990.054182428554
2023,1427,999.9999999999736
2024,1427,999.9999999999736
2025,1427,999.9999999999736
2016,1428,993.11817700388
2017,1428,999.9999999999661
2018,1428,999.9999999999661
2019,1428,986.2363504558239
2020,1428,979.3545251152301
2021,1428,944.9453764645016
2022,1428,993.11817700388
2023,1428,999.9999999999661
2024,1428,1006.8818246661567
2025,1428,999.9999999999661
2016,1429,990.0541811875589
2017,1429,1000.0000000000853
2018,1429,1000.0000000000853
2019,1429,980.1083686763766
2020,1429,970.1625540849263
2021,1429,940.3251145907975
2022,1429,990.0541839817405
2023,1429,1000.0000000000853
2024,1429,1009.9458167316452
2025,1429,990.0541811875589
2016,1430,990.0541834034555
2017,1430,1000.0000000000949
2018,1430,1000.0000000000949
2019,1430,990.0541806088083
2020,1430,980.1083613015799
2021,1430,950.2709038777235
2022,1430,1000.0000000000949
2023,1430,1000.0000000000949
2024,1430,1009.9458194747417
2025,1430,990.0541806088083
2016,1431,999.9999999999341
2017,1431,999.9999999999341
2018,1431,999.9999999999341
2019,1431,999.9999999999341
2020,1431,990.05417945136
2021,1431,950.2709183652422
2022,1431,1009.945818467309
2023,1431,1009.9458206318682
2024,1431,1009.9458206318682
2025,1431,999.9999999999341
2016,1432,1006.8818249081561
2017,1432,999.999999999977
2018,1432,999.999999999977
2019,1432,999.999999999977
2020,1432,993.1181767620726
2021,1432,979.3545243898603
2022,1432,1013.7636462644391
2023,1432,1014.3740120881145
2024,1432,1014.3740120881145
2025,1432,1006.8818249081561
2016,1433,999.9999999999945
2017,1433,999.9999999999945
2018,1433,999.9999999999945
2019,1433,999.9999999999945
2020,1433,993.1181794829033
2021,1433,958.7090535595939
2022,1433,1006.8818221876894
2023,1433,999.9999999999945
2024,1433,999.9999999999945
2025,1433,1006.8818221876894
2016,1434,993.1181808423798
2017,1434,1000.0000000000047
2018,1434,1000.0000000000047
2019,1434,986.2363581331142
2020,1434,985.6259802797683
2021,1434,958.7090617206179
2022,1434,1000.0000000000047
2023,1434,1000.0000000000047
2024,1434,1000.0000000000047
2025,1434,1000.0000000000047
2016,1435,990.0541790172923
2017,1435,999.9999999999789
2018,1435,999.9999999999789
2019,1435,980.1083587492193
2020,1435,980.1083525305353
2021,1435,950.2708819511001
2022,1435,999.9999999999789
2023,1435,990.0541790172923
2024,1435,990.0541762231107
2025,1435,999.9999999999789
2016,1436,999.9999999999179
2017,1436,999.9999999999179
2018,1436,999.9999999999179
2019,1436,986.2363600530292
2020,1436,979.3545395109771
2021,1436,965.5908929923796
2022,1436,999.9999999999179
2023,1436,999.9999999999179
2024,1436,986.2363600530292
2025,1436,1006.8818198674818
2016,1437,990.0541777777474
2017,1437,999.999999999984
2018,1437,999.999999999984
2019,1437,980.1083562684917
2020,1437,970.1625354726852
2021,1437,950.270896023976
2022,1437,990.0541749826344
2023,1437,990.0541777777474
2024,1437,980.1083562684917
2025,1437,999.999999999984
2016,1438,1000.0000000000707
2017,1438,1000.0000000000707
2018,1438,1000.0000000000707
2019,1438,990.0541753779194
2020,1438,990.0541725832721
2021,1438,970.1625282744261
2022,1438,1000.0000000000707
2023,1438,1000.0000000000707
2024,1438,1000.0000000000707
2025,1438,1019.89165138588
2016,1439,1006.8818187496043
2017,1439,1000.0000000000107
2018,1439,1000.0000000000107
2019,1439,1000.0000000000107
2020,1439,993.1181829201922
2021,1439,971.2519297078087
2022,1439,1000.0000000000107
2023,1439,1000.0000000000107
2024,1439,1000.0000000000107
2025,1439,1020.6454503517413
2016,1440,1000.0000000000915
2017,1440,1000.0000000000915
2018,1440,1000.0000000000915
2019,1440,990.0541735577044
2020,1440,990.054170762823
2021,1440,970.1625125381344
2022,1440,990.0541735577044
2023,1440,1009.9458271561592
2024,1440,1000.0000000000915
2025,1440,1009.9458293207184
2016,1441,1009.9458277360459
2017,1441,1000.0000000000216
2018,1441,1000.0000000000216
2019,1441,1000.0000000000216
2020,1441,990.0541701834967
2021,1441,970.1625108002921
2022,1441,1000.0000000000216
2023,1441,1009.9458298999067
2024,1441,1000.0000000000216
2025,1441,1009.9458298999067
2016,1442,1009.9458304788192
2017,1442,999.9999999998983
2018,1442,999.9999999998983
2019,1442,999.9999999998983
2020,1442,990.0541723989844
2021,1442,970.1625193382005
2022,1442,1009.9458283144927
2023,1442,1009.9458304788192
2024,1442,1009.9458283144927
2025,1442,1019.8916573436977
2016,1443,1019.8916585020824
2017,1443,999.9999999999792
2018,1443,999.9999999999792
2019,1443,999.9999999999792
2020,1443,999.9999999999792
2021,1443,980.108344353763
2022,1443,1009.9458310588668
2023,1443,1019.8916585020824
2024,1443,1019.8916585020824
2025,1443,1029.837488823771
2016,1444,1019.8916633588009
2017,1444,1000.0000000000573
2018,1444,1000.0000000000573
2019,1444,1009.9458294734218
2020,1444,1000.0000000000573
2021,1444,990.0541712410719
2022,1444,1019.8916596609345
2023,1444,1019.8916633588009
2024,1444,1019.8916633588009
2025,1444,1029.8374951615822
2016,1445,1027.5272678436493
2017,1445,999.9999999999881
2018,1445,999.9999999999881
2019,1445,1013.763636035005
2020,1445,1006.8818197935241
2021,1445,999.9999999999881
2022,1445,1020.6454534841185
2023,1445,1027.5272678436493
2024,1445,1027.5272678436493
2025,1445,1034.4090829475117
2016,1446,1019.8916658413282
2017,1446,1000.0000000001058
2018,1446,1000.0000000001058
2019,1446,1009.9458307151762
2020,1446,1000.0000000001058
2021,1446,1000.0000000001058
2022,1446,1009.9458328790371
2023,1446,1019.8916658413282
2024,1446,1019.8916621441601
2025,1446,1029.8374988867465
2016,1447,1029.8374960237384
2017,1447,1000.0000000001008
2018,1447,1000.0000000001008
2019,1447,1019.8916633015576
2020,1447,1009.9458312942216
2021,1447,1000.0000000001008
2022,1447,1019.8916633015576
2023,1447,1019.891666999657
2024,1447,1029.8374960237384
2025,1447,1039.783329460066
2016,1448,1028.7481280709453
2017,1448,1000.0000000000101
2018,1448,1000.0000000000101
2019,1448,1020.6454518096749
2020,1448,1013.7636349188869
2021,1448,1000.0000000000101
2022,1448,1020.6454518096749
2023,1448,1028.7481280709453
2024,1448,1027.5272656111354
2025,1448,1041.2908920749517
2016,1449,1029.8375043505234
2017,1449,999.9999999999291
2018,1449,999.9999999999291
2019,1449,1019.8916657859976
2020,1449,1019.8916657859976
2021,1449,990.0541681779982
2022,1449,1019.8916657859976
2023,1449,1029.837499749902
2024,1449,1029.837499749902
2025,1449,1039.7833344274873
2016,1450,1034.409075359279
2017,1450,1000.00000000003
2018,1450,1000.00000000003
2019,1450,1020.6454489316394
2020,1450,1020.6454489316394
2021,1450,1000.00000000003
2022,1450,1020.6454489316394
2023,1450,1027.5272617735855
2024,1450,1028.7481392544773
2025,1450,1041.290886319275
2016,1451,1029.8375080772912
2017,1451,1000.0000000000979
2018,1451,1000.0000000000979
2019,1451,1009.9458359424685
2020,1451,1019.8916682712654
2021,1451,1000.0000000000979
2022,1451,1019.8916682712654
2023,1451,1029.8375034771368
2024,1451,1029.8375034771368
2025,1451,1039.7833393973872
2016,1452,1034.4090705651697
2017,1452,999.9999999999436
2018,1452,999.9999999999436
2019,1452,1014.3740721988469
2020,1452,1020.6454460554386
2021,1452,1006.8818173177632
2022,1452,1020.6454460554386
2023,1452,1028.7481504463572
2024,1452,1028.7481504463572
2025,1452,1041.2908805654731
2016,1453,1029.8375072033516
2017,1453,999.999999999916
2018,1453,999.999999999916
2019,1453,1019.8916707552703
2020,1453,1009.9458371847307
2021,1453,1009.9458350206371
2022,1453,1019.8916707552703
2023,1453,1029.8375072033516
2024,1453,1029.8375072033516
2025,1453,1039.7833443667448
2016,1454,1039.7833466841057
2017,1454,1000.0000000000894
2018,1454,1000.0000000000894
2019,1454,1019.8916756107407
2020,1454,1019.8916719135725
2021,1454,1009.9458377642013
2022,1454,1029.8375089425808
2023,1454,1029.837513541804
2024,1454,1029.837513541804
2025,1454,1049.729185140708
2016,1455,1034.4090677739662
2017,1455,1000.0000000000173
2018,1455,1000.0000000000173
2019,1455,1027.5272557059611
2020,1455,1020.6454443812896
2021,1455,1014.3740786313011
2022,1455,1027.5272557059611
2023,1455,1034.4090677739662
2024,1455,1034.4090677739662
2025,1455,1043.1222540359968
2016,1456,1034.4090609728541
2017,1456,999.9999999999078
2018,1456,999.9999999999078
2019,1456,1020.645440299262
2020,1456,1020.645440299262
2021,1456,1006.8818153987131
2022,1456,1027.5272502648795
2023,1456,1028.74817281781
2024,1456,1028.74817281781
2025,1456,1041.29086905529
2016,1457,1034.4090541731175
2017,1457,999.9999999999434
2018,1457,999.9999999999434
2019,1457,1020.6454362199884
2020,1457,1014.3740881430734
2021,1457,1006.8818140398282
2022,1457,1020.6454362199884
2023,1457,1027.5272448243074
2024,1457,1027.5272448243074
2025,1457,1041.2908608960593
2016,1458,1029.8375212442527
2017,1458,1000.0000000000689
2018,1458,1000.0000000000689
2019,1458,1019.8916807462429
2020,1458,1009.9458403315931
2021,1458,1000.0000000000689
2022,1458,1019.8916807462429
2023,1458,1019.8916770486078
2024,1458,1019.8916807462429
2025,1458,1029.8375212442527
2016,1459,1029.8375229824635
2017,1459,999.9999999999116
2018,1459,999.9999999999116
2019,1459,1019.8916819051528
2020,1459,1009.9458409107351
2021,1459,999.9999999999116
2022,1459,1019.8916819051528
2023,1459,1029.8375183841702
2024,1459,1029.8375183841702
2025,1459,1039.7833592742718
2016,1460,1029.8375247218996
2017,1460,1000.0000000000072
2018,1460,1000.0000000000072
2019,1460,1029.8375201229094
2020,1460,1019.8916793671738
2021,1460,1000.0000000000072
2022,1460,1029.8375201229094
2023,1460,1029.8375247218996
2024,1460,1029.8375247218996
2025,1460,1039.7833664621176
2016,1461,1043.1223043749212
2017,1461,1000.0000000000739
2018,1461,1000.0000000000739
2019,1461,1028.7481968694256
2020,1461,1020.6454357496652
2021,1461,1000.0000000000739
2022,1461,1028.7481968694256
2023,1461,1034.4090533891513
2024,1461,1034.4090533891513
2025,1461,1043.1223043749212
2016,1462,1028.748206380752
2017,1462,999.9999999999646
2018,1462,999.9999999999646
2019,1462,1027.5272387578245
2020,1462,1014.3741001668349
2021,1462,999.9999999999646
2022,1462,1027.5272387578245
2023,1462,1028.748206380752
2024,1462,1028.748206380752
2025,1462,1041.2908517942278
2016,1463,1027.5272333187945
2017,1463,999.9999999999619
2018,1463,999.9999999999619
2019,1463,1020.6454275911718
2020,1463,1013.7636187740511
2021,1463,985.6259017083254
2022,1463,1020.6454275911718
2023,1463,1020.6454275911718
2024,1463,1027.5272333187945
2025,1463,1034.4090397903353
2016,1464,1066.7243387807398
2017,1464,999.9999999999851
2018,1464,999.9999999999851
2019,1464,1038.128170728767
2020,1464,1019.0640777450501
2021,1464,971.4039119619839
2022,1464,1038.128170728767
2023,1464,1047.6602229352532
2024,1464,1047.6602229352532
2025,1464,1076.2564024179917
2016,1465,1014.3741135997733
2017,1465,1000.0000000000175
2018,1465,1000.0000000000175
2019,1465,1006.8818080422145
2020,1465,1000.0000000000175
2021,1465,972.4727631794459
2022,1465,1006.8818080422145
2023,1465,1013.7636125315281
2024,1465,1013.7636125315281
2025,1465,1020.6454182287184
2016,1466,1013.7636098116686
2017,1466,1000.0000000000816
2018,1466,1000.0000000000816
2019,1466,1000.0000000000816
2020,1466,1000.0000000000816
2021,1466,973.5942665381297
2022,1466,1000.0000000000816
2023,1466,1006.8818066823167
2024,1466,1000.0000000000816
2025,1466,1020.6454141482388
2016,1467,1006.8818053220376
2017,1467,999.999999999908
2018,1467,999.999999999908
2019,1467,999.999999999908
2020,1467,993.1181963483821
2021,1467,986.236389144058
2022,1467,999.999999999908
2023,1467,999.999999999908
2024,1467,999.999999999908
2025,1467,1014.3741231132439
2016,1468,1009.9458439674248
2017,1468,999.9999999999671
2018,1468,999.9999999999671
2019,1468,999.9999999999671
2020,1468,990.0541539524728
2021,1468,980.1083142093532
2022,1468,999.9999999999671
2023,1468,999.9999999999671
2024,1468,999.9999999999671
2025,1468,1019.8916886487976
2016,1469,1009.9458467113126
2017,1469,999.9999999999623
2018,1469,999.9999999999623
2019,1469,999.9999999999623
2020,1469,990.0541561675502
2021,1469,990.0541561675502
2022,1469,999.9999999999623
2023,1469,999.9999999999623
2024,1469,1009.9458445469861
2025,1469,1019.8916935053245
2016,1470,1009.9458472908459
2017,1470,999.9999999999284
2018,1470,999.9999999999284
2019,1470,1009.945845126752
2020,1470,999.9999999999284
2021,1470,999.9999999999284
2022,1470,999.9999999999284
2023,1470,1009.945845126752
2024,1470,1009.9458472908459
2025,1470,1029.8375375235357
2016,1471,1014.3741303824862
2017,1471,999.9999999999271
2018,1471,999.9999999999271
2019,1471,1013.7636067790905
2020,1471,999.9999999999271
2021,1471,999.9999999999271
2022,1471,1006.881805165993
2023,1471,1013.7636067790905
2024,1471,1014.3741303824862
2025,1471,1028.748266812177
2016,1472,1019.891693453896
2017,1472,1000.0000000000649
2018,1472,1000.0000000000649
2019,1472,1009.9458485335358
2020,1472,1000.0000000000649
2021,1472,990.054154345068
2022,1472,1000.0000000000649
2023,1472,1009.9458485335358
2024,1472,1009.9458485335358
2025,1472,1019.8916971505982
2016,1473,1019.891698309652
2017,1473,999.9999999999574
2018,1473,999.9999999999574
2019,1473,1019.8916946122498
2020,1473,1009.9458469491476
2021,1473,999.9999999999574
2022,1473,1009.9458469491476
2023,1473,1019.8916946122498
2024,1473,1019.8916946122498
2025,1473,1019.891698309652
2016,1474,1029.8375447298347
2017,1474,999.9999999999318
2018,1474,999.9999999999318
2019,1474,1019.8916994694779
2020,1474,1009.9458496934905
2021,1474,999.9999999999318
2022,1474,1019.8916957720769
2023,1474,1019.8916994694779
2024,1474,1019.8916994694779
2025,1474,1029.8375447298347
2016,1475,1028.7482813514775
2017,1475,1000.0000000000185
2018,1475,1000.0000000000185
2019,1475,1027.5272087039416
2020,1475,1014.3741376525962
2021,1475,1000.0000000000185
2022,1475,1020.6454091301069
2023,1475,1027.5272087039416
2024,1475,1027.5272087039416
2025,1475,1028.7482813514775
2016,1476,1027.5272032659673
2017,1476,999.9999999999079
2018,1476,999.9999999999079
2019,1476,1020.6454050518696
2020,1476,1006.8818036505696
2021,1476,985.6258642192975
2022,1476,1014.3741424112
2023,1476,1020.6454050518696
2024,1476,1014.3741424112
2025,1476,1027.5272032659673
2016,1477,1020.64540097266
2017,1477,1000.0000000000988
2018,1477,1000.0000000000988
2019,1477,1014.3741471691044
2020,1477,1000.0000000000988
2021,1477,971.2517249713369
2022,1477,1006.8818022904439
2023,1477,1014.3741471691044
2024,1477,1013.7636010278209
2025,1477,1020.64540097266
2016,1478,1020.6453968924593
2017,1478,1000.0000000000917
2018,1478,1000.0000000000917
2019,1478,1013.7635983078472
2020,1478,985.6258547042149
2021,1478,965.5909876722368
2022,1478,1000.0000000000917
2023,1478,1013.7635983078472
2024,1478,1000.0000000000917
2025,1478,1014.3741519261617
2016,1479,1009.9458529263662
2017,1479,1000.000000000063
2018,1479,1000.000000000063
2019,1479,1000.000000000063
2020,1479,980.1082943982337
2021,1479,960.2165891293786
2022,1479,990.054149953864
2023,1479,1000.000000000063
2024,1479,1000.000000000063
2025,1479,1009.9458507618068
2016,1480,1014.3741575197042
2017,1480,1000.0000000000433
2018,1480,1000.0000000000433
2019,1480,1000.0000000000433
2020,1480,985.6258491108198
2021,1480,979.3545991946405
2022,1480,1000.0000000000433
2023,1480,1000.0000000000433
2024,1480,1006.881799971835
2025,1480,1013.7635963909023
2016,1481,1009.9458520049301
2017,1481,999.9999999998947
2018,1481,999.9999999998947
2019,1481,990.0541459138914
2020,1481,980.1082919117138
2021,1481,970.1624482715282
2022,1481,990.0541487090057
2023,1481,990.0541487090057
2024,1481,999.9999999998947
2025,1481,1009.9458520049301
2016,1482,1009.9458547488593
2017,1482,999.9999999998943
2018,1482,999.9999999998943
2019,1482,990.0541453342876
2020,1482,980.1082969742218
2021,1482,980.1082969742218
2022,1482,999.9999999998943
2023,1482,999.9999999998943
2024,1482,999.9999999998943
2025,1482,1009.9458547488593
2016,1483,1009.9458553289928
2017,1483,999.9999999999626
2018,1483,999.9999999999626
2019,1483,990.0541447540593
2020,1483,990.0541447540593
2021,1483,990.0541447540593
2022,1483,999.9999999999626
2023,1483,999.9999999999626
2024,1483,1009.9458531651306
2025,1483,1009.9458553289928
2016,1484,1009.9458559092336
2017,1484,999.9999999999015
2018,1484,999.9999999999015
2019,1484,990.0541441739292
2020,1484,990.0541441739292
2021,1484,990.0541441739292
2022,1484,999.9999999999015
2023,1484,999.9999999999015
2024,1484,1009.9458559092336
2025,1484,1009.9458559092336
2016,1485,1009.94585648906
2017,1485,999.9999999998863
2018,1485,999.9999999998863
2019,1485,990.054143594304
2020,1485,990.054143594304
2021,1485,990.054143594304
2022,1485,999.9999999998863
2023,1485,999.9999999998863
2024,1485,1009.94585648906
2025,1485,1009.94585648906
2016,1486,1009.9458570693512
2017,1486,1000.0000000000996
2018,1486,1000.0000000000996
2019,1486,990.0541430139751
2020,1486,990.054145809788
2021,1486,980.1082861109779
2022,1486,1000.0000000000996
2023,1486,1000.0000000000996
2024,1486,1009.9458570693512
2025,1486,1009.9458570693512
2016,1487,1000.0000000000626
2017,1487,1000.0000000000626
2018,1487,1000.0000000000626
2019,1487,1000.0000000000626
2020,1487,1000.0000000000626
2021,1487,980.1082837901706
2022,1487,1000.0000000000626
2023,1487,1000.0000000000626
2024,1487,1009.9458582299326
2025,1487,1009.9458582299326
2016,1488,970.1624240687039
2017,1488,999.9999999999982
2018,1488,999.9999999999982
2019,1488,999.9999999999982
2020,1488,999.9999999999982
2021,1488,980.108282629264
2022,1488,999.9999999999982
2023,1488,999.9999999999982
2024,1488,1009.9458588099396
2025,1488,1009.9458588099396
2016,1489,970.1624223285074
2017,1489,1000.0000000000787
2018,1489,1000.0000000000787
2019,1489,1000.0000000000787
2020,1489,1000.0000000000787
2021,1489,980.1082814696259
2022,1489,1000.0000000000787
2023,1489,1000.0000000000787
2024,1489,1009.9458593898786
2025,1489,1009.9458593898786
2016,1490,970.1624205874792
2017,1490,999.9999999999777
2018,1490,999.9999999999777
2019,1490,999.9999999999777
2020,1490,999.9999999999777
2021,1490,980.1082803084413
2022,1490,1009.9458578064588
2023,1490,999.9999999999777
2024,1490,1009.9458599700868
2025,1490,1009.9458599700868
2016,1491,970.1624188469646
2017,1491,999.9999999999761
2018,1491,999.9999999999761
2019,1491,999.9999999999761
2020,1491,999.9999999999761
2021,1491,980.1082791480194
2022,1491,1009.9458605501795
2023,1491,1009.9458583863174
2024,1491,1009.9458605501795
2025,1491,1009.9458605501795
2016,1492,970.1624171058232
2017,1492,1000.0000000000289
2018,1492,1000.0000000000289
2019,1492,1000.0000000000289
2020,1492,1000.0000000000289
2021,1492,980.1082779876646
2022,1492,1009.9458611305517
2023,1492,1009.9458611305517
2024,1492,1009.9458611305517
2025,1492,1009.9458611305517
2016,1493,970.1624256468411
2017,1493,999.9999999998947
2018,1493,999.9999999998947
2019,1493,999.9999999998947
2020,1493,999.9999999998947
2021,1493,980.1082830499918
2022,1493,1009.9458617109763
2023,1493,1009.9458617109763
2024,1493,1009.9458617109763
2025,1493,1009.9458617109763
2016,1494,1000.0000000000349
2017,1494,1000.0000000000349
2018,1494,1000.0000000000349
2019,1494,1009.9458601271184
2020,1494,1000.0000000000349
2021,1494,990.0541377912849
2022,1494,1009.9458622909807
2023,1494,1009.9458622909807
2024,1494,1009.9458622909807
2025,1494,1019.8917209702124
2016,1495,1013.2027933534525
2017,1495,1000.000000000037
2018,1495,1000.000000000037
2019,1495,1013.7636057153716
2020,1495,1000.000000000037
2021,1495,985.6258317737056
2022,1495,1014.3741748545873
2023,1495,1014.3741748545873
2024,1495,1014.3741748545873
2025,1495,1020.6454080031997
2016,1496,1020.6454039245797
2017,1496,1000.0000000000118
2018,1496,1000.0000000000118
2019,1496,1006.88180327466
2020,1496,986.236393238382
2021,1496,971.2516600772544
2022,1496,1006.88180327466
2023,1496,1006.88180327466
2024,1496,1013.7636029960106
2025,1496,1020.6454039245797
2016,1497,1019.8917284817566
2017,1497,1000.0000000001152
2018,1497,1000.0000000001152
2019,1497,1009.9458620352785
2020,1497,980.1082780754898
2021,1497,970.1624079018037
2022,1497,1000.0000000001152
2023,1497,1000.0000000001152
2024,1497,1009.9458620352785
2025,1497,1019.8917284817566
2016,1498,1019.8917296423134
2017,1498,1000.0000000000164
2018,1498,1000.0000000000164
2019,1498,1009.9458647793685
2020,1498,990.0541353030931
2021,1498,970.162406160023
2022,1498,1000.0000000000164
2023,1498,1000.0000000000164
2024,1498,1009.9458647793685
2025,1498,1019.8917296423134
2016,1499,1028.7483781465005
2017,1499,999.9999999999843
2018,1499,999.9999999999843
2019,1499,1014.3741860506213
2020,1499,993.118198952732
2021,1499,973.5944099406859
2022,1499,1006.8818027190827
2023,1499,999.9999999999843
2024,1499,1014.3741860506213
2025,1499,1028.7483781465005
2016,1500,1020.6453981760455
2017,1500,999.9999999999635
2018,1500,999.9999999999635
2019,1500,999.9999999999635
2020,1500,993.1182003117235
2021,1500,979.3545950344773
2022,1500,999.9999999999635
2023,1500,999.9999999999635
2024,1500,1013.763599163281
2025,1500,1014.3741908073828
2016,1501,1020.6453940977746
2017,1501,1000.0000000000632
2018,1501,1000.0000000000632
2019,1501,1000.0000000000632
2020,1501,993.1182016713084
2021,1501,979.3545991132765
2022,1501,1000.0000000000632
2023,1501,1000.0000000000632
2024,1501,1006.8817999994214
2025,1501,1013.7635964454827
2016,1502,1009.9458673516727
2017,1502,999.9999999999593
2018,1502,999.9999999999593
2019,1502,999.9999999999593
2020,1502,990.0541327318386
2021,1502,970.1624087294356
2022,1502,999.9999999999593
2023,1502,999.9999999999593
2024,1502,1009.9458651878106
2025,1502,1009.9458673516727
2016,1503,1019.891732252629
2017,1503,999.9999999999977
2018,1503,999.9999999999977
2019,1503,1009.9458657684247
2020,1503,990.0541321513012
2021,1503,980.1082643859648
2022,1503,999.9999999999977
2023,1503,999.9999999999977
2024,1503,1019.891732252629
2025,1503,1019.891732252629
2016,1504,1029.8376011921819
2017,1504,999.9999999998934
2018,1504,999.9999999998934
2019,1504,1009.9458685127736
2020,1504,990.0541315706058
2021,1504,980.1082694487214
2022,1504,999.9999999998934
2023,1504,1009.945866349144
2024,1504,1019.8917371083139
2025,1504,1029.8376011921819
2016,1505,1039.783472006892
2017,1505,1000.000000000065
2018,1505,1000.000000000065
2019,1505,1019.8917345729725
2020,1505,990.0541337869267
2021,1505,990.0541309904156
2022,1505,1009.9458669292134
2023,1505,1009.9458690935401
2024,1505,1029.8376029322778
2025,1505,1029.8376075291744
2016,1506,1039.7834791938383
2017,1506,1000.0000000000194
2018,1506,1000.0000000000194
2019,1506,1019.891739430326
2020,1506,1000.0000000000194
2021,1506,990.0541332051375
2022,1506,1019.8917357357176
2023,1506,1019.8917357357176
2024,1506,1029.8376092704023
2025,1506,1029.8376092704023
2016,1507,1049.7293476055622
2017,1507,999.9999999998962
2018,1507,999.9999999998962
2019,1507,1019.8917405911643
2020,1507,1009.9458680899879
2021,1507,999.9999999998962
2022,1507,1019.8917405911643
2023,1507,1029.8376064168044
2024,1507,1029.8376110120712
2025,1507,1039.7834766532944
2016,1508,1049.7293550064699
2017,1508,999.9999999999296
2018,1508,999.9999999999296
2019,1508,1019.8917417528392
2020,1508,1009.9458708349365
2021,1508,999.9999999999296
2022,1508,1029.8376081602303
2023,1508,1029.8376127536346
2024,1508,1029.8376127536346
2025,1508,1039.7834838382557
2016,1509,1049.7293579103443
2017,1509,1000.0000000000808
2018,1509,1000.0000000000808
2019,1509,1019.8917429141994
2020,1509,1009.9458714161585
2021,1509,1000.0000000000808
2022,1509,1029.8376144967642
2023,1509,1029.8376144967642
2024,1509,1039.7834812996473
2025,1509,1039.7834861622237
2016,1510,1059.6752297263533
2017,1510,1000.0000000000357
2018,1510,1000.0000000000357
2019,1510,1029.8376116434804
2020,1510,1009.9458719967123
2021,1510,1009.9458698330831
2022,1510,1029.8376162382817
2023,1510,1039.7834836226934
2024,1510,1039.7834884848055
2025,1510,1039.7834884848055
2016,1511,1061.9361713179617
2017,1511,999.9999999999998
2018,1511,999.9999999999998
2019,1511,1028.7484217934998
2020,1511,1014.3742078750788
2021,1511,1013.7636009569225
2022,1511,1041.290790181159
2023,1511,1043.1226417577475
2024,1511,1043.1226417577475
2025,1511,1055.054378448887
2016,1512,1057.4968868075637
2017,1512,1000.0000000000506
2018,1512,1000.0000000000506
2019,1512,1027.5271922477398
2020,1512,1013.7635982399269
2021,1512,1006.8818008972161
2022,1512,1028.7484313136567
2023,1512,1034.4089884506136
2024,1512,1041.290782026621
2025,1512,1043.1226560380683
2016,1513,1048.1725663666168
2017,1513,1000.0000000000069
2018,1513,1000.0000000000069
2019,1513,1014.3742173927681
2020,1513,1000.0000000000069
2021,1513,1006.8817995371505
2022,1513,1014.3742173927681
2023,1513,1028.7484408303578
2024,1513,1034.4089816541023
2025,1513,1034.4089816541023
2016,1514,1095.3199635870524
2017,1514,999.999999999944
2018,1514,999.999999999944
2019,1514,1038.1279397212043
2020,1514,990.4680245929046
2021,1514,1009.5319792162722
2022,1514,1057.1919324379046
2023,1514,1066.7239345106514
2024,1514,1085.787950085979
2025,1514,1095.3199635870524
2016,1515,1028.7484581851918
2017,1515,999.999999999969
2018,1515,999.999999999969
2019,1515,999.999999999969
2020,1515,986.2364069540273
2021,1515,999.999999999969
2022,1515,999.999999999969
2023,1515,1006.881796416401
2024,1515,1014.3742260701237
2025,1515,1020.6453833489021
2016,1516,1020.6453792708536
2017,1516,999.9999999999067
2018,1516,999.9999999999067
2019,1516,999.9999999999067
2020,1516,986.2364096716105
2021,1516,999.9999999999067
2022,1516,999.9999999999067
2023,1516,999.9999999999067
2024,1516,1006.8817950574735
2025,1516,1014.374230828237
2016,1517,1009.9458759800001
2017,1517,999.9999999999999
2018,1517,999.9999999999999
2019,1517,999.9999999999999
2020,1517,980.1082545131902
2021,1517,990.054124103127
2022,1517,999.9999999999999
2023,1517,999.9999999999999
2024,1517,1009.9458738166032
2025,1517,1009.9458738166032
2016,1518,1019.8917495087453
2017,1518,999.9999999999018
2018,1518,999.9999999999018
2019,1518,999.9999999999018
2020,1518,990.0541263191448
2021,1518,990.0541235226334
2022,1518,999.9999999999018
2023,1518,999.9999999999018
2024,1518,1009.9458765609955
2025,1518,1009.9458765609955
2016,1519,1020.6453776038745
2017,1519,1000.0000000000489
2018,1519,1000.0000000000489
2019,1519,1006.8817945016361
2020,1519,1000.0000000000489
2021,1519,993.1182071683218
2022,1519,1006.8817945016361
2023,1519,1006.8817945016361
2024,1519,1014.3742372651018
2025,1519,1014.3742372651018
2016,1520,1047.659853029069
2017,1520,999.9999999999964
2018,1520,999.9999999999964
2019,1520,1009.5319629880294
2020,1520,999.9999999999964
2021,1520,961.8721861469032
2022,1520,1009.5319629880294
2023,1520,1009.5319629880294
2024,1520,1028.5959003892772
2025,1520,1028.5959003892772
2016,1521,1013.7635792096959
2017,1521,999.9999999999504
2018,1521,999.9999999999504
2019,1521,993.1182102893619
2020,1521,986.2364170247328
2021,1521,971.2515274116568
2022,1521,993.1182102893619
2023,1521,999.9999999999504
2024,1521,1006.8817913818007
2025,1521,1006.8817913818007
2016,1522,1013.7635764902743
2017,1522,1000.0000000000871
2018,1522,1000.0000000000871
2019,1522,993.1182116486618
2020,1522,986.2364197430262
2021,1522,965.591042211232
2022,1522,986.2364197430262
2023,1522,993.1182116486618
2024,1522,1000.0000000000871
2025,1522,1000.0000000000871
2016,1523,1009.9458792170077
2017,1523,999.9999999998964
2018,1523,999.9999999998964
2019,1523,990.0541208659123
2020,1523,980.1082480393312
2021,1523,960.21648396249
2022,1523,980.1082480393312
2023,1523,990.0541208659123
2024,1523,990.0541236621908
2025,1523,999.9999999998964
2016,1524,1009.9458797976433
2017,1524,999.9999999999015
2018,1524,999.9999999999015
2019,1524,990.054120284587
2020,1524,990.054120284587
2021,1524,960.2164966179553
2022,1524,990.0541230808668
2023,1524,990.0541230808668
2024,1524,999.9999999999015
2025,1524,999.9999999999015
2016,1525,1019.8917571478869
2017,1525,1000.0000000000614
2018,1525,1000.0000000000614
2019,1525,990.0541197036514
2020,1525,990.0541197036514
2021,1525,970.1623593611426
2022,1525,1000.0000000000614
2023,1525,1000.0000000000614
2024,1525,1009.945878215736
2025,1525,1000.0000000000614
2016,1526,1019.8917620044966
2017,1526,1000.0000000000737
2018,1526,1000.0000000000737
2019,1526,990.0541191230184
2020,1526,990.0541191230184
2021,1526,970.1623576180555
2022,1526,1000.0000000000737
2023,1526,1009.9458787959281
2024,1526,1009.945880960023
2025,1526,1009.9458787959281
2016,1527,1019.891763166097
2017,1527,999.999999999944
2018,1527,999.999999999944
2019,1527,990.0541185408589
2020,1527,990.0541185408589
2021,1527,970.1623558750971
2022,1527,999.999999999944
2023,1527,1009.9458815405262
2024,1527,1019.8917594719542
2025,1527,1019.8917594719542
2016,1528,1019.8917643279988
2017,1528,1000.0000000000864
2018,1528,1000.0000000000864
2019,1528,990.0541179605874
2020,1528,990.0541179605874
2021,1528,970.1623644186885
2022,1528,1000.0000000000864
2023,1528,1009.9458821222469
2024,1528,1019.8917643279988
2025,1528,1019.8917643279988
2016,1529,1019.8917654898078
2017,1529,999.9999999999233
2018,1529,999.9999999999233
2019,1529,990.0541173790897
2020,1529,990.0541173790897
2021,1529,980.1082348420805
2022,1529,999.9999999999233
2023,1529,1009.9458827031855
2024,1529,1019.8917654898078
2025,1529,1019.8917654898078
2016,1530,1019.8917666528175
2017,1530,999.9999999999877
2018,1530,999.9999999999877
2019,1530,990.0541167987299
2020,1530,990.0541167987299
2021,1530,980.1082399065033
2022,1530,999.9999999999877
2023,1530,1009.9458832843727
2024,1530,1019.8917666528175
2025,1530,1019.8917666528175
2016,1531,1019.8917678145674
2017,1531,999.999999999995
2018,1531,999.999999999995
2019,1531,990.0541162176323
2020,1531,990.0541162176323
2021,1531,990.0541162176323
2022,1531,999.999999999995
2023,1531,1009.9458838647864
2024,1531,1019.8917678145674
2025,1531,1019.8917678145674
2016,1532,1000.0000000000955
2017,1532,1000.0000000000955
2018,1532,1000.0000000000955
2019,1532,990.0541150552605
2020,1532,990.0541150552605
2021,1532,1000.0000000000955
2022,1532,1000.0000000000955
2023,1532,1009.9458850273592
2024,1532,1019.8917701391454
2025,1532,1019.8917701391454
2016,1533,1028.5958433707947
2017,1533,1057.1916524642509
2018,1533,1057.1916524642509
2019,1533,1047.6597199092857
2020,1533,1057.1916524642509
2021,1533,1000.0000000000429
2022,1533,1000.0000000000429
2023,1533,914.2122641888473
2024,1533,904.6802744977208
2025,1533,895.1482809985857
2016,1534,1000.0000000000101
2017,1534,1000.0000000000101
2018,1534,1000.0000000000101
2019,1534,1000.0000000000101
2020,1534,1000.0000000000101
2021,1534,1009.9458866883622
2022,1534,1009.9458866883622
2023,1534,1019.8917734596083
2024,1534,1049.7294297839499
2025,1534,1049.7294297839499
2016,1535,1009.9458851062194
2017,1535,999.9999999999058
2018,1535,999.9999999999058
2019,1535,999.9999999999058
2020,1535,999.9999999999058
2021,1535,1009.9458872696159
2022,1535,1009.9458872696159
2023,1535,1019.8917746219889
2024,1535,1059.6753213774673
2025,1535,1059.6753213774673
2016,1536,1069.6212148517832
2017,1536,1000.0000000000093
2018,1536,1000.0000000000093
2019,1536,1000.0000000000093
2020,1536,1000.0000000000093
2021,1536,1019.8917720915974
2022,1536,1009.9458878510786
2023,1536,1029.8376592117547
2024,1536,1059.675328353564
2025,1536,1069.6212148517832
2016,1537,1026.4053652227346
2017,1537,1000.0000000000095
2018,1537,1000.0000000000095
2019,1537,1006.8817968575808
2020,1537,1000.0000000000095
2021,1537,1020.6453846711177
2022,1537,1014.3742649825147
2023,1537,1028.7485360067271
2024,1537,1055.0543352558793
2025,1537,1055.0543352558793
2016,1538,1181.1078782131776
2017,1538,1162.043826275142
2018,1538,1162.043826275142
2019,1538,1009.5319593079598
2020,1538,999.9999999999537
2021,1538,1066.7237951453249
2022,1538,1142.9797895769284
2023,1538,1142.9797895769284
2024,1538,1152.5118060220323
2025,1538,1162.043826275142
2016,1539,1171.5757647782953
2017,1539,1000.0000000000055
2018,1539,1000.0000000000055
2019,1539,1009.5319520929706
2020,1539,1000.0000000000055
2021,1539,1019.063912917992
2022,1539,1009.5319545541824
2023,1539,1133.4477103912566
2024,1539,1142.9797182754542
2025,1539,1133.4477103912566
2016,1540,1142.979646974112
2017,1540,999.999999999956
2018,1540,999.999999999956
2019,1540,1009.5319473394413
2020,1540,999.999999999956
2021,1540,1019.0638941217163
2022,1540,1009.5319473394413
2023,1540,1019.0639034109798
2024,1540,1123.9156445237174
2025,1540,1123.9156445237174
2016,1541,1028.595826087985
2017,1541,999.999999999961
2018,1541,999.999999999961
2019,1541,1009.5319425860831
2020,1541,999.999999999961
2021,1541,1019.063884614881
2022,1541,1009.5319425860831
2023,1541,1019.063884614881
2024,1541,1047.6597633296076
2025,1541,1047.6597633296076
2016,1542,1027.5271424725454
2017,1542,1000.0000000000382
2018,1542,1000.0000000000382
2019,1542,1000.0000000000382
2020,1542,993.1182132172562
2021,1542,1006.8817884531796
2022,1542,1006.8817884531796
2023,1542,1013.7635733519518
2024,1542,1020.6453594576129
2025,1542,1027.5271424725454
2016,1543,1027.527137036098
2017,1543,1000.0000000000459
2018,1543,1000.0000000000459
2019,1543,1000.0000000000459
2020,1543,993.1182145761866
2021,1543,1006.8817870941803
2022,1543,1006.8817870941803
2023,1543,1013.7635706341036
2024,1543,1020.6453553804282
2025,1543,1014.3742901774275
2016,1544,1020.645351304345
2017,1544,1000.0000000000999
2018,1544,1000.0000000000999
2019,1544,993.1182159355615
2020,1544,993.1182159355615
2021,1544,1006.8817857356561
2022,1544,1006.8817857356561
2023,1544,1006.8817857356561
2024,1544,1014.3742949369084
2025,1544,1013.7635679165984
2016,1545,1038.1277336747976
2017,1545,1000.0000000000492
2018,1545,1000.0000000000492
2019,1545,1000.0000000000492
2020,1545,1000.0000000000492
2021,1545,1009.5319277054757
2022,1545,1009.5319277054757
2023,1545,1009.5319277054757
2024,1545,1028.5957945433722
2025,1545,1019.0638592205377
2016,1546,1019.0638497127147
2017,1546,1000.0000000000018
2018,1546,1000.0000000000018
2019,1546,1000.0000000000018
2020,1546,1000.0000000000018
2021,1546,1009.5319204894573
2022,1546,1000.0000000000018
2023,1546,1009.5319204894573
2024,1546,1009.5319229510154
2025,1546,1019.0638404232183
2016,1547,1019.0638309160179
2017,1547,999.9999999999916
2018,1547,999.9999999999916
2019,1547,999.9999999999916
2020,1547,990.4680856112774
2021,1547,999.9999999999916
2022,1547,999.9999999999916
2023,1547,1009.5319157359683
2024,1547,999.9999999999916
2025,1547,1019.0638309160179
2016,1548,1026.4051560334942
2017,1548,999.9999999999452
2018,1548,999.9999999999452
2019,1548,999.9999999999452
2020,1548,986.2364416022576
2021,1548,993.1182225784509
2022,1548,993.1182225784509
2023,1548,1006.8817790917993
2024,1548,999.9999999999452
2025,1548,1013.7635546294428
2016,1549,1027.5270995910273
2017,1549,999.999999999946
2018,1549,999.999999999946
2019,1549,1006.8817777329808
2020,1549,986.2364443203852
2021,1549,999.999999999946
2022,1549,993.1182239375149
2023,1549,1006.8817777329808
2024,1549,1006.8817777329808
2025,1549,1013.763551911317
2016,1550,1027.5270941557171
2017,1550,1000.0000000000587
2018,1550,1000.0000000000587
2019,1550,1006.8817763744818
2020,1550,986.2364470401097
2021,1550,1000.0000000000587
2022,1550,993.1182252976407
2023,1550,1006.8817763744818
2024,1550,1006.8817763744818
2025,1550,1013.7635491940473
2016,1551,1029.837676658481
2017,1551,999.9999999999407
2018,1551,999.9999999999407
2019,1551,1009.9458915036772
2020,1551,980.1082191425912
2021,1551,999.9999999999407
2022,1551,990.054109213377
2023,1551,1009.9458915036772
2024,1551,999.9999999999407
2025,1551,1019.8917837224926
2016,1552,1028.74865919713
2017,1552,999.9999999999937
2018,1552,999.9999999999937
2019,1552,1013.7635472798632
2020,1552,993.1182262537275
2021,1552,1006.881775417278
2022,1552,999.9999999999937
2023,1552,1013.7635472798632
2024,1552,1006.881775417278
2025,1552,1020.6453203485944
2016,1553,1027.5270848910666
2017,1553,1000.000000000026
2018,1553,1000.000000000026
2019,1553,1013.763544561334
2020,1553,986.2364516706982
2021,1553,1000.000000000026
2022,1553,993.1182276129555
2023,1553,1006.8817740582734
2024,1553,1013.2025487979643
2025,1553,1014.3743313364597
2016,1554,1029.8376869825959
2017,1554,999.9999999999419
2018,1554,999.9999999999419
2019,1554,999.9999999999419
2020,1554,980.1082153208785
2021,1554,990.0541045060095
2022,1554,990.054107302755
2023,1554,999.9999999999419
2024,1554,1019.891787545139
2025,1554,1019.891787545139
2016,1555,1039.7835802820498
2017,1555,999.9999999999334
2018,1555,999.9999999999334
2019,1555,1009.9458939961572
2020,1555,990.0541067204188
2021,1555,990.0541039239059
2022,1555,999.9999999999334
2023,1555,1009.9458939961572
2024,1555,1029.8376841363997
2025,1555,1029.8376841363997
2016,1556,1049.7294800496766
2017,1556,1000.0000000000384
2018,1556,1000.0000000000384
2019,1556,1019.8917898708401
2020,1556,1000.0000000000384
2021,1556,990.0541033426061
2022,1556,1000.0000000000384
2023,1556,1019.8917898708401
2024,1556,1029.8376904722636
2025,1556,1029.8376904722636
2016,1557,1049.7294874439551
2017,1557,1000.0000000000692
2018,1557,1000.0000000000692
2019,1557,1029.8376876254308
2020,1557,1009.9458951584035
2021,1557,990.0541027612314
2022,1557,1009.9458951584035
2023,1557,1029.8376876254308
2024,1557,1039.7835849331914
2025,1557,1039.7835849331914
2016,1558,1048.1723897575205
2017,1558,1000.0000000000827
2018,1558,1000.0000000000827
2019,1558,1027.527085893075
2020,1558,1013.7635450622813
2021,1558,985.625667169453
2022,1558,1013.7635450622813
2023,1558,1027.527085893075
2024,1558,1041.2906224918788
2025,1558,1041.2906224918788
2016,1559,1049.7294891909169
2017,1559,999.9999999998942
2018,1559,999.9999999998942
2019,1559,1019.8917972201826
2020,1559,1009.9458964051954
2021,1559,980.108203111647
2022,1559,1019.8917935269711
2023,1559,1029.8376913652214
2024,1559,1039.7835899197162
2025,1559,1039.7835947734457
2016,1560,1049.7294965837004
2017,1560,1000.0000000000081
2018,1560,1000.0000000000081
2019,1560,1029.8376931098119
2020,1560,1019.8917946896804
2021,1560,980.1082019486985
2022,1560,1019.891798383592
2023,1560,1029.8376977006567
2024,1560,1039.783597100383
2025,1560,1039.783597100383
2016,1561,1049.729499491829
2017,1561,999.9999999999312
2018,1561,999.9999999999312
2019,1561,1039.783594574303
2020,1561,1019.8917995470305
2021,1561,980.108200785806
2022,1561,1029.8376948560551
2023,1561,1039.783594574303
2024,1561,1049.7294950092594
2025,1561,1039.7835994271024
2016,1562,1059.6753996460413
2017,1562,999.9999999999754
2018,1562,999.9999999999754
2019,1562,1049.7294979136482
2020,1562,1019.8918007106278
2021,1562,980.1082058505324
2022,1562,1029.8377011912276
2023,1562,1039.783601754022
2024,1562,1049.7295024006416
2025,1562,1049.7294979136482
2016,1563,1059.6754066200788
2017,1563,1000.0000000000442
2018,1563,1000.0000000000442
2019,1563,1049.72950530869
2020,1563,1019.8918018737482
2021,1563,990.054101984395
2022,1563,1029.8377029357573
2023,1563,1039.7836040806608
2024,1563,1059.6754031401554
2025,1563,1059.6754031401554
2016,1564,1059.6754101111899
2017,1564,1000.0000000000695
2018,1564,1000.0000000000695
2019,1564,1059.675406631499
2020,1564,1029.8377000912953
2021,1564,1000.0000000000695
2022,1564,1029.8377046812088
2023,1564,1049.729503734878
2024,1564,1059.6754101111899
2025,1564,1059.6754101111899
2016,1565,1071.871806745612
2017,1565,999.9999999999625
2018,1565,999.9999999999625
2019,1565,1055.0541633035375
2020,1565,1028.748704569017
2021,1565,1013.202538483194
2022,1565,1043.1230659184146
2023,1565,1055.0541633035375
2024,1565,1061.9359292762374
2025,1565,1057.4974333102516
2016,1566,1133.4468094169426
2017,1566,999.9999999999729
2018,1566,999.9999999999729
2019,1566,1095.3190734024743
2020,1566,1066.7233113869627
2021,1566,1019.0637749190251
2022,1566,1076.2552282505594
2023,1566,1095.3190734024743
2024,1566,1114.38293379259
2025,1566,1114.38293379259
2016,1567,1055.0541383411087
2017,1567,1000.0000000000348
2018,1567,1000.0000000000348
2019,1567,1043.1230919547895
2020,1567,1014.3743579415434
2021,1567,1020.6453108290978
2022,1567,1014.3743579415434
2023,1567,1034.4088451825091
2024,1567,1048.1723753041008
2025,1567,1048.1723753041008
2016,1568,1114.3828263917276
2017,1568,999.9999999999841
2018,1568,999.9999999999841
2019,1568,1066.7232487376093
2020,1568,1028.5956551779793
2021,1568,1028.5956346928842
2022,1568,1057.1913446340905
2023,1568,1076.2551566497184
2024,1568,1095.3189839029626
2025,1568,1095.3189839029626
2016,1569,1104.8508509529934
2017,1569,1000.0000000000299
2018,1569,1000.0000000000299
2019,1569,1057.1913161121772
2020,1569,1009.531876497618
2021,1569,1019.0637568021613
2022,1569,1009.531876497618
2023,1569,1057.1913161121772
2024,1569,1076.2551186204078
2025,1569,1085.7870255897326
2016,1570,1014.3743705438903
2017,1570,999.999999999968
2018,1570,999.999999999968
2019,1570,1020.6452961846043
2020,1570,999.999999999968
2021,1570,1013.763531170471
2022,1570,999.999999999968
2023,1570,1014.3743705438903
2024,1570,1027.5270581076682
2025,1570,1027.5270581076682
2016,1571,999.9999999999305
2017,1571,999.9999999999305
2018,1571,999.9999999999305
2019,1571,1014.3743753035698
2020,1571,999.9999999999305
2021,1571,1013.7635284515005
2022,1571,999.9999999999305
2023,1571,1013.7635284515005
2024,1571,1020.6452921073189
2025,1571,1020.6452921073189
2016,1572,985.6256265612552
2017,1572,999.9999999999699
2018,1572,999.9999999999699
2019,1572,1013.7635257342946
2020,1572,993.118237026306
2021,1572,999.9999999999699
2022,1572,999.9999999999699
2023,1572,1013.7635257342946
2024,1572,1014.3743800667445
2025,1572,1014.3743800667445
2016,1573,980.108188981842
2017,1573,1000.0000000000716
2018,1573,1000.0000000000716
2019,1573,1009.9459034698976
2020,1573,990.054097245556
2021,1573,1000.0000000000716
2022,1573,1000.0000000000716
2023,1573,1009.9459034698976
2024,1573,1009.9459056330614
2025,1573,1009.9459034698976
2016,1574,980.1081878184249
2017,1574,1000.0000000000102
2018,1574,1000.0000000000102
2019,1574,1009.9459062151443
2020,1574,1000.0000000000102
2021,1574,1009.9459040515147
2022,1574,1009.9459040515147
2023,1574,1009.9459062151443
2024,1574,1019.8918088201925
2025,1574,1009.9459062151443
2016,1575,986.7975223373733
2017,1575,1000.0000000000305
2018,1575,1000.0000000000305
2019,1575,1014.3743865088979
2020,1575,1006.8817640909281
2021,1575,1013.7635246264687
2022,1575,1013.7635246264687
2023,1575,1014.3743865088979
2024,1575,1020.6452863696416
2025,1575,1014.3743865088979
2016,1576,999.9999999999567
2017,1576,999.9999999999567
2018,1576,999.9999999999567
2019,1576,1006.8817627314003
2020,1576,999.9999999999567
2021,1576,1006.8817627314003
2022,1576,999.9999999999567
2023,1576,1006.8817627314003
2024,1576,1014.3743912688233
2025,1576,1013.7635219075723
2016,1577,1009.94590596426
2017,1577,1000.0000000000965
2018,1577,1000.0000000000965
2019,1577,1009.94590596426
2020,1577,1000.0000000000965
2021,1577,1009.94590596426
2022,1577,1000.0000000000965
2023,1577,1009.94590596426
2024,1577,1009.9459081269595
2025,1577,1019.8918126462978
2016,1578,1013.763519997355
2017,1578,999.9999999999602
2018,1578,999.9999999999602
2019,1578,1013.763519997355
2020,1578,999.9999999999602
2021,1578,1013.763519997355
2022,1578,999.9999999999602
2023,1578,1013.763519997355
2024,1578,1014.3743968712403
2025,1578,1020.6452794249396
2016,1579,1019.063700284082
2017,1579,1000.000000000036
2018,1579,1000.000000000036
2019,1579,1019.063700284082
2020,1579,1000.000000000036
2021,1579,1019.063700284082
2022,1579,1000.000000000036
2023,1579,1019.063700284082
2024,1579,1028.5955561389908
2025,1579,1028.5955561389908
2016,1580,1013.2024294983464
2017,1580,999.9999999999352
2018,1580,999.9999999999352
2019,1580,999.9999999999352
2020,1580,986.2364824757535
2021,1580,999.9999999999352
2022,1580,985.6256010744663
2023,1580,999.9999999999352
2024,1580,999.9999999999352
2025,1580,1006.8817586554875
2016,1581,1013.7635110377875
2017,1581,1000.0000000000513
2018,1581,1000.0000000000513
2019,1581,1000.0000000000513
2020,1581,985.6255963135156
2021,1581,1000.0000000000513
2022,1581,972.4729661529186
2023,1581,1000.0000000000513
2024,1581,1000.0000000000513
2025,1581,1000.0000000000513
2016,1582,1009.9459107874249
2017,1582,999.9999999999307
2018,1582,999.9999999999307
2019,1582,999.9999999999307
2020,1582,980.108178672461
2021,1582,990.0540892943994
2022,1582,970.1622681329513
2023,1582,990.0540892943994
2024,1582,999.9999999999307
2025,1582,990.0540920913778
2016,1583,1014.3744159143371
2017,1583,999.9999999999247
2018,1583,999.9999999999247
2019,1583,999.9999999999247
2020,1583,979.3547300873745
2021,1583,986.2364871054175
2022,1583,979.3547300873745
2023,1583,993.1182453304345
2024,1583,999.9999999999247
2025,1583,999.9999999999247
2016,1584,1013.7635064085067
2017,1584,999.999999999986
2018,1584,999.999999999986
2019,1584,999.999999999986
2020,1584,979.3547341646246
2021,1584,985.625585951534
2022,1584,979.3547341646246
2023,1584,993.1182466898028
2024,1584,993.1182466898028
2025,1584,999.999999999986
2016,1585,1009.9459105378171
2017,1585,1000.000000000043
2018,1585,1000.000000000043
2019,1585,1000.000000000043
2020,1585,970.1622726918613
2021,1585,980.10817484848
2022,1585,970.1622726918613
2023,1585,990.0540873822323
2024,1585,990.0540873822323
2025,1585,1000.000000000043
2016,1586,1013.7635044958316
2017,1586,1000.0000000000842
2018,1586,1000.0000000000842
2019,1586,1006.8817540252701
2020,1586,979.354737031451
2021,1586,985.6255803470744
2022,1586,979.354737031451
2023,1586,986.236491734087
2024,1586,986.236491734087
2025,1586,1000.0000000000842
2016,1587,1009.9459139478789
2017,1587,1000.0000000000643
2018,1587,1000.0000000000643
2019,1587,1000.0000000000643
2020,1587,970.1622689479929
2021,1587,980.1081723519526
2022,1587,970.1622689479929
2023,1587,980.1081785808891
2024,1587,980.1081785808891
2025,1587,1000.0000000000643
2016,1588,1019.8918254515559
2017,1588,1000.0000000000431
2018,1588,1000.0000000000431
2019,1588,1000.0000000000431
2020,1588,980.1081774153627
2021,1588,980.1081774153627
2022,1588,980.1081774153627
2023,1588,990.0540883494649
2024,1588,990.0540883494649
2025,1588,1000.0000000000431
2016,1589,1020.6452545120782
2017,1589,999.9999999999766
2018,1589,999.9999999999766
2019,1589,1006.8817534720937
2020,1589,985.6255739027757
2021,1589,986.2364928414338
2022,1589,986.2364928414338
2023,1589,999.9999999999766
2024,1589,999.9999999999766
2025,1589,1006.8817534720937
2016,1590,1038.1273049985914
2017,1590,1000.0000000000156
2018,1590,1000.0000000000156
2019,1590,1009.531820536543
2020,1590,971.4045612411592
2021,1590,980.9363703516848
2022,1590,980.9363703516848
2023,1590,1000.0000000000156
2024,1590,1000.0000000000156
2025,1590,1009.531820536543
2016,1591,1006.8817503519796
2017,1591,999.9999999999691
2018,1591,999.9999999999691
2019,1591,993.1182513183181
2020,1591,972.4729939305776
2021,1591,979.3547480515213
2022,1591,979.3547480515213
2023,1591,986.2364990812256
2024,1591,986.2364990812256
2025,1591,999.9999999999691
2016,1592,1006.8817489934451
2017,1592,999.9999999999717
2018,1592,999.9999999999717
2019,1592,986.2365017999474
2020,1592,971.2511269607908
2021,1592,979.35475212878
2022,1592,979.35475212878
2023,1592,986.2365017999474
2024,1592,985.6255604596124
2025,1592,993.1182526778451
2016,1593,1000.0000000000525
2017,1593,1000.0000000000525
2018,1593,1000.0000000000525
2019,1593,971.2511079128194
2020,1593,965.5912609333769
2021,1593,979.3547602804687
2022,1593,972.4730102352929
2023,1593,985.6255509337722
2024,1593,972.4730102352929
2025,1593,985.6255509337722
2016,1594,990.0540843561064
2017,1594,999.9999999999347
2018,1594,999.9999999999347
2019,1594,970.1622449287588
2020,1594,950.2704289553308
2021,1594,970.1622552216041
2022,1594,970.1622449287588
2023,1594,980.1081632016814
2024,1594,970.1622449287588
2025,1594,980.1081632016814
2016,1595,1000.0000000000614
2017,1595,1000.0000000000614
2018,1595,1000.0000000000614
2019,1595,970.1622376913643
2020,1595,970.1622376913643
2021,1595,980.1081583781914
2022,1595,980.1081646073593
2023,1595,990.0540819451239
2024,1595,980.1081583781914
2025,1595,990.0540819451239
2016,1596,1006.881745170242
2017,1596,1000.0000000000422
2018,1596,1000.0000000000422
2019,1596,965.5912664628255
2020,1596,971.2510821309119
2021,1596,985.6255380445807
2022,1596,993.1182565011891
2023,1596,1000.0000000000422
2024,1596,979.3547635989894
2025,1596,1000.0000000000422
2016,1597,1009.9459200197107
2017,1597,999.9999999999457
2018,1597,999.9999999999457
2019,1597,960.2163120950731
2020,1597,960.2163270886684
2021,1597,980.1081558809068
2022,1597,990.0540778980471
2023,1597,990.0540778980471
2024,1597,970.1622442409015
2025,1597,990.0540778980471
2016,1598,1009.9459227655564
2017,1598,999.9999999999477
2018,1598,999.9999999999477
2019,1598,960.2163247609784
2020,1598,970.162232200019
2021,1598,980.1081609458814
2022,1598,990.054077316068
2023,1598,990.0540801137461
2024,1598,980.1081609458814
2025,1598,990.0540801137461
2016,1599,1014.3744750242666
2017,1599,999.9999999999991
2018,1599,999.9999999999991
2019,1599,979.3547652551979
2020,1599,973.5953251901473
2021,1599,993.1182570531449
2022,1599,993.1182570531449
2023,1599,999.9999999999991
2024,1599,999.9999999999991
2025,1599,999.9999999999991
2016,1600,1028.5953806986054
2017,1600,1000.0000000000324
2018,1600,1000.0000000000324
2019,1600,990.4682121472513
2020,1600,990.4682121472513
2021,1600,1000.0000000000324
2022,1600,1000.0000000000324
2023,1600,1000.0000000000324
2024,1600,1000.0000000000324
2025,1600,1000.0000000000324
2016,1601,1009.5317850041969
2017,1601,1000.0000000000483
2018,1601,1000.0000000000483
2019,1601,990.4682169016501
2020,1601,990.4682169016501
2021,1601,1000.0000000000483
2022,1601,1000.0000000000483
2023,1601,1000.0000000000483
2024,1601,1000.0000000000483
2025,1601,1000.0000000000483
2016,1602,1009.5317777869247
2017,1602,999.9999999999977
2018,1602,999.9999999999977
2019,1602,990.4682216559796
2020,1602,990.4682216559796
2021,1602,999.9999999999977
2022,1602,999.9999999999977
2023,1602,999.9999999999977
2024,1602,999.9999999999977
2025,1602,999.9999999999977
2016,1603,1009.5317730323941
2017,1603,999.9999999999663
2018,1603,999.9999999999663
2019,1603,990.4682264105668
2020,1603,990.4682264105668
2021,1603,990.4682283153861
2022,1603,990.4682283153861
2023,1603,999.9999999999663
2024,1603,990.4682283153861
2025,1603,990.4682283153861
2016,1604,1000.000000000059
2017,1604,1000.000000000059
2018,1604,1000.000000000059
2019,1604,993.1182668177017
2020,1604,993.1182668177017
2021,1604,986.2365300798177
2022,1604,986.7977258791395
2023,1604,993.1182668177017
2024,1604,993.1182668177017
2025,1604,993.1182668177017
2016,1605,1006.8817334946683
2017,1605,1000.0000000000691
2018,1605,1000.0000000000691
2019,1605,1000.0000000000691
2020,1605,993.1182681772309
2021,1605,986.2365327979634
2022,1605,993.1182681772309
2023,1605,993.1182681772309
2024,1605,993.1182681772309
2025,1605,1000.0000000000691
2016,1606,1009.5317581498052
2017,1606,999.9999999999768
2018,1606,999.9999999999768
2019,1606,999.9999999999768
2020,1606,999.9999999999768
2021,1606,990.4682437527559
2022,1606,999.9999999999768
2023,1606,990.46824565676
2024,1606,999.9999999999768
2025,1606,999.9999999999768
2016,1607,1000.0000000000355
2017,1607,1000.0000000000355
2018,1607,1000.0000000000355
2019,1607,993.1182712967844
2020,1607,993.1182712967844
2021,1607,986.2365390371782
2022,1607,993.1182712967844
2023,1607,986.7977537042032
2024,1607,993.1182712967844
2025,1607,993.1182712967844
2016,1608,1006.8817290156086
2017,1608,999.9999999999461
2018,1608,999.9999999999461
2019,1608,993.1182726559595
2020,1608,993.1182726559595
2021,1608,986.2365417557029
2022,1608,993.1182726559595
2023,1608,993.1182726559595
2024,1608,999.9999999999461
2025,1608,999.9999999999461
2016,1609,1006.881727656431
2017,1609,999.9999999999549
2018,1609,999.9999999999549
2019,1609,993.1182740145813
2020,1609,993.1182740145813
2021,1609,986.2365444732668
2022,1609,993.1182740145813
2023,1609,999.9999999999549
2024,1609,999.9999999999549
2025,1609,999.9999999999549
2016,1610,1013.2022071407928
2017,1610,999.9999999999285
2018,1610,999.9999999999285
2019,1610,999.9999999999285
2020,1610,999.9999999999285
2021,1610,986.2365471913267
2022,1610,993.1182753735557
2023,1610,999.9999999999285
2024,1610,999.9999999999285
2025,1610,999.9999999999285
2016,1611,1019.0634677349012
2017,1611,999.999999999972
2018,1611,999.999999999972
2019,1611,999.999999999972
2020,1611,999.999999999972
2021,1611,980.9365382041992
2022,1611,990.4682671971487
2023,1611,999.999999999972
2024,1611,999.999999999972
2025,1611,999.999999999972
2016,1612,1006.8817231766748
2017,1612,999.9999999999171
2018,1612,999.9999999999171
2019,1612,999.9999999999171
2020,1612,993.11827849319
2021,1612,979.3548295749131
2022,1612,986.236553430522
2023,1612,993.11827849319
2024,1612,993.11827849319
2025,1612,993.11827849319
2016,1613,1006.8817218191235
2017,1613,999.9999999999549
2018,1613,999.9999999999549
2019,1613,999.9999999999549
2020,1613,993.118279852462
2021,1613,979.3548336522397
2022,1613,986.2365561490285
2023,1613,986.2365561490285
2024,1613,999.9999999999549
2025,1613,993.118279852462
2016,1614,1006.881720460047
2017,1614,999.9999999999604
2018,1614,999.9999999999604
2019,1614,999.9999999999604
2020,1614,993.1182812109768
2021,1614,979.3548377281753
2022,1614,985.6254604513867
2023,1614,986.7978176064879
2024,1614,999.9999999999604
2025,1614,993.1182812109768
2016,1615,1006.8817191010615
2017,1615,1000.0000000000638
2018,1615,1000.0000000000638
2019,1615,993.11828256984
2020,1615,993.11828256984
2021,1615,979.354841803412
2022,1615,979.354841803412
2023,1615,993.11828256984
2024,1615,1000.0000000000638
2025,1615,993.11828256984
2016,1616,1006.8817177426364
2017,1616,999.9999999999692
2018,1616,999.9999999999692
2019,1616,993.1182839285636
2020,1616,993.1182839285636
2021,1616,979.3548458795395
2022,1616,986.2365643003999
2023,1616,993.1182839285636
2024,1616,999.9999999999692
2025,1616,993.1182839285636
2016,1617,1009.5317108743532
2017,1617,999.9999999999884
2018,1617,999.9999999999884
2019,1617,990.468292935262
2020,1617,990.468292935262
2021,1617,971.4048902312317
2022,1617,980.9365896786604
2023,1617,990.468292935262
2024,1617,999.9999999999884
2025,1617,990.468292935262
2016,1618,1000.0000000000748
2017,1618,1000.0000000000748
2018,1618,1000.0000000000748
2019,1618,986.2365732593704
2020,1618,972.4731422845317
2021,1618,972.4731422845317
2022,1618,972.4731422845317
2023,1618,979.3548593181067
2024,1618,986.2365732593704
2025,1618,979.3548593181067
2016,1619,1427.675233653366
2017,1619,1427.675233653366
2018,1619,1427.675233653366
2019,1619,1517.1886741234634
2020,1619,1507.2427359601165
2021,1619,1497.2967978805946
2022,1619,1517.1886741234634
2023,1619,1527.134612369471
2024,1619,1447.567108731059
2025,1619,1497.2967978805946
2016,1620,1417.7293207171874
2017,1620,1427.675258714186
2018,1620,1427.675258714186
2019,1620,1507.2427656832047
2020,1620,1497.2968270209576
2021,1620,1457.5130732027758
2022,1620,1507.2427656832047
2023,1620,1497.2968270209576
2024,1620,1437.6211967938443
2025,1620,1487.3508884413725
2016,1621,1006.8817127114651
2017,1621,999.9999999999646
2018,1621,999.9999999999646
2019,1621,999.9999999999646
2020,1621,985.6254310296089
2021,1621,985.6254310296089
2022,1621,986.2365743630694
2023,1621,993.1182889596521
2024,1621,999.9999999999646
2025,1621,993.1182889596521
2016,1622,1006.8817113526065
2017,1622,999.9999999999629
2018,1622,999.9999999999629
2019,1622,993.1182903190805
2020,1622,979.3548650507623
2021,1622,979.3548650507623
2022,1622,986.236577081684
2023,1622,986.236577081684
2024,1622,993.1182903190805
2025,1622,985.6254262657437
2016,1623,1367.9997028356556
2017,1623,1417.7294011454394
2018,1623,1417.7294011454394
2019,1623,1437.6212810512868
2020,1623,1437.6212810512868
2021,1623,1427.6753410569165
2022,1623,1447.5672211299498
2023,1623,1437.6212810512868
2024,1623,1417.7294011454394
2025,1623,1427.6753410569165
2016,1624,1358.053784407406
2017,1624,1417.7294256265477
2018,1624,1417.7294256265477
2019,1624,1427.675366121225
2020,1624,1427.675366121225
2021,1624,1427.675366121225
2022,1624,1437.621306698565
2023,1624,1427.675366121225
2024,1624,1417.7294256265477
2025,1624,1417.7294256265477
2016,1625,1358.053805392419
2017,1625,1417.7294501094025
2018,1625,1417.7294501094025
2019,1625,1427.675391186355
2020,1625,1427.675391186355
2021,1625,1427.675391186355
2022,1625,1427.675391186355
2023,1625,1427.675391186355
2024,1625,1407.7835091153422
2025,1625,1417.7294501094025
2016,1626,1358.0538263779413
2017,1626,1417.7294745923127
2018,1626,1417.7294745923127
2019,1626,1427.6754162522416
2020,1626,1427.6754162522416
2021,1626,1427.6754162522416
2022,1626,1427.6754162522416
2023,1626,1427.6754162522416
2024,1626,1358.0538263779413
2025,1626,1407.7835330152784
2016,1627,1020.6451289156727
2017,1627,999.9999999999244
2018,1627,999.9999999999244
2019,1627,985.6254181324233
2020,1627,986.2365765706878
2021,1627,999.9999999999244
2022,1627,999.9999999999244
2023,1627,999.9999999999244
2024,1627,999.9999999999244
2025,1627,999.9999999999244
2016,1628,1038.1267768051052
2017,1628,999.9999999999876
2018,1628,999.9999999999876
2019,1628,980.9366262719064
2020,1628,980.9366344475757
2021,1628,999.9999999999876
2022,1628,999.9999999999876
2023,1628,999.9999999999876
2024,1628,990.4683153190207
2025,1628,999.9999999999876
2016,1629,1006.8817084869979
2017,1629,999.9999999999449
2018,1629,999.9999999999449
2019,1629,973.5957972183224
2020,1629,979.3548736461879
2021,1629,999.9999999999449
2022,1629,999.9999999999449
2023,1629,999.9999999999449
2024,1629,986.7979046913741
2025,1629,999.9999999999449
2016,1630,1009.5316795375795
2017,1630,999.9999999999998
2018,1630,999.9999999999998
2019,1630,990.4683223673557
2020,1630,990.4683223673557
2021,1630,1009.5316770750873
2022,1630,999.9999999999998
2023,1630,999.9999999999998
2024,1630,999.9999999999998
2025,1630,1009.5316770750873
2016,1631,1009.5316723200143
2017,1631,999.999999999995
2018,1631,999.999999999995
2019,1631,990.4683271225355
2020,1631,990.4683271225355
2021,1631,999.999999999995
2022,1631,999.999999999995
2023,1631,999.999999999995
2024,1631,999.999999999995
2025,1631,999.999999999995
2016,1632,1009.5316675650691
2017,1632,999.9999999999984
2018,1632,999.9999999999984
2019,1632,990.4683318778367
2020,1632,990.4683318778367
2021,1632,999.9999999999984
2022,1632,990.4683337819574
2023,1632,999.9999999999984
2024,1632,999.9999999999984
2025,1632,999.9999999999984
2016,1633,999.9999999999565
2017,1633,999.9999999999565
2018,1633,999.9999999999565
2019,1633,986.7979618996334
2020,1633,999.9999999999565
2021,1633,993.1183029497788
2022,1633,993.1183029497788
2023,1633,999.9999999999565
2024,1633,999.9999999999565
2025,1633,999.9999999999565
2016,1634,1009.5316496604742
2017,1634,1000.000000000043
2018,1634,1000.000000000043
2019,1634,990.4683516848954
2020,1634,1000.000000000043
2021,1634,1000.000000000043
2022,1634,1000.000000000043
2023,1634,1000.000000000043
2024,1634,1000.000000000043
2025,1634,1000.000000000043
2016,1635,1208.8648396139915
2017,1635,1258.5945687399283
2018,1635,1258.5945687399283
2019,1635,1278.4864609727501
2020,1635,1268.5405148147765
2021,1635,1238.7026768396142
2022,1635,1268.5405148147765
2023,1635,1258.5945687399283
2024,1635,1208.8648396139915
2025,1635,1198.9188940383724
2016,1636,1208.864851859125
2017,1636,1248.6486373255625
2018,1636,1248.6486373255625
2019,1636,1278.4864772995638
2020,1636,1268.5405305588242
2021,1636,1228.7567444259728
2022,1636,1258.594583900513
2023,1636,1258.594583900513
2024,1636,1208.864851859125
2025,1636,1198.9189057000426
2016,1637,1013.7633811072301
2017,1637,999.9999999999646
2018,1637,999.9999999999646
2019,1637,985.6253595761689
2020,1637,999.9999999999646
2021,1637,999.9999999999646
2022,1637,999.9999999999646
2023,1637,1006.8816923320192
2024,1637,999.9999999999646
2025,1637,1013.7633811072301
2016,1638,1019.0632672097402
2017,1638,1000.0000000000532
2018,1638,1000.0000000000532
2019,1638,980.9367398499905
2020,1638,990.4683721087358
2021,1638,1000.0000000000532
2022,1638,1000.0000000000532
2023,1638,1009.531631701358
2024,1638,1000.0000000000532
2025,1638,1019.0632672097402
2016,1639,999.9999999999627
2017,1639,999.9999999999627
2018,1639,999.9999999999627
2019,1639,973.5960378897926
2020,1639,986.7980250284345
2021,1639,999.9999999999627
2022,1639,993.1183124599553
2023,1639,999.9999999999627
2024,1639,993.1183124599553
2025,1639,999.9999999999627
2016,1640,1006.8816878529935
2017,1640,999.9999999999261
2018,1640,999.9999999999261
2019,1640,986.7980340468379
2020,1640,993.1183138183758
2021,1640,999.9999999999261
2022,1640,999.9999999999261
2023,1640,999.9999999999261
2024,1640,999.9999999999261
2025,1640,999.9999999999261
2016,1641,1006.8816864944441
2017,1641,1000.0000000000624
2018,1641,1000.0000000000624
2019,1641,993.1183151771127
2020,1641,1000.0000000000624
2021,1641,1000.0000000000624
2022,1641,1000.0000000000624
2023,1641,1000.0000000000624
2024,1641,1000.0000000000624
2025,1641,1000.0000000000624
2016,1642,1009.5316143545402
2017,1642,999.9999999999695
2018,1642,999.9999999999695
2019,1642,990.4683894517776
2020,1642,999.9999999999695
2021,1642,999.9999999999695
2022,1642,999.9999999999695
2023,1642,999.9999999999695
2024,1642,999.9999999999695
2025,1642,999.9999999999695
2016,1643,1000.0000000000804
2017,1643,1000.0000000000804
2018,1643,1000.0000000000804
2019,1643,985.6253326775403
2020,1643,993.1183182974293
2021,1643,993.1183182974293
2022,1643,993.1183182974293
2023,1643,1000.0000000000804
2024,1643,993.1183182974293
2025,1643,993.1183182974293
2016,1644,1009.5316029412496
2017,1644,1000.0000000000538
2018,1644,1000.0000000000538
2019,1644,980.9367924432489
2020,1644,990.4683984055413
2021,1644,1000.0000000000538
2022,1644,990.4683984055413
2023,1644,1000.0000000000538
2024,1644,1000.0000000000538
2025,1644,1000.0000000000538
2016,1645,1316.8424156231113
2017,1645,1343.2456340647736
2018,1645,1343.2456340647736
2019,1645,973.5961492099683
2020,1645,986.7980806887887
2021,1645,993.1183214185892
2022,1645,986.7980806887887
2023,1645,1000.0000000000811
2024,1645,993.1183214185892
2025,1645,1000.0000000000811
2016,1646,1009.5315939877647
2017,1646,1000.0000000000061
2018,1646,1000.0000000000061
2019,1646,990.4684054531776
2020,1646,990.4684073570656
2021,1646,1000.0000000000061
2022,1646,1000.0000000000061
2023,1646,1000.0000000000061
2024,1646,1000.0000000000061
2025,1646,1000.0000000000061
2016,1647,1089.5135382940105
2017,1647,1099.4594834018105
2018,1647,1099.4594834018105
2019,1647,1129.297335817707
2020,1647,1119.3513714626279
2021,1647,1109.405427791039
2022,1647,1119.3513714626279
2023,1647,1099.4594834018105
2024,1647,1109.405427791039
2025,1647,1099.4594834018105
2016,1648,990.4684493707155
2017,1648,1000.0000000000134
2018,1648,1000.0000000000134
2019,1648,1000.0000000000134
2020,1648,980.9368981837474
2021,1648,1000.0000000000134
2022,1648,980.9368981837474
2023,1648,990.4684493707155
2024,1648,990.4684493707155
2025,1648,990.4684493707155
2016,1649,1119.351365457387
2017,1649,1129.2973079101916
2018,1649,1129.2973079101916
2019,1649,1149.1891906607873
2020,1649,1139.2432496439612
2021,1649,1139.2432496439612
2022,1649,1139.2432496439612
2023,1649,1129.2973079101916
2024,1649,1139.2432496439612
2025,1649,1139.2432496439612
2016,1650,980.936908813443
2017,1650,1000.0000000000531
2018,1650,1000.0000000000531
2019,1650,990.4684546870398
2020,1650,980.936908813443
2021,1650,990.4684546870398
2022,1650,980.936908813443
2023,1650,980.936908813443
2024,1650,980.936908813443
2025,1650,980.936908813443
2016,1651,1149.1891831678747
2017,1651,1159.1351229668385
2018,1651,1159.1351229668385
2019,1651,1169.0810620467653
2020,1651,1159.1351229668385
2021,1651,1159.1351229668385
2022,1651,1159.1351229668385
2023,1651,1159.1351229668385
2024,1651,1159.1351229668385
2025,1651,1159.1351229668385
2016,1652,980.9369194441624
2017,1652,999.9999999999472
2018,1652,999.9999999999472
2019,1652,980.9369194441624
2020,1652,971.4053783266203
2021,1652,980.9369194441624
2022,1652,971.4053783266203
2023,1652,980.9369194441624
2024,1652,980.9369194441624
2025,1652,999.9999999999472
2016,1653,1000.0000000000471
2017,1653,1000.0000000000471
2018,1653,1000.0000000000471
2019,1653,980.9369300738039
2020,1653,971.4053942721936
2021,1653,1000.0000000000471
2022,1653,961.8738579104657
2023,1653,980.9369300738039
2024,1653,1000.0000000000471
2025,1653,1047.6576650371712
2016,1654,1057.1891678328068
2017,1654,1000.0000000000273
2018,1654,1000.0000000000273
2019,1654,1000.0000000000273
2020,1654,980.936939585421
2021,1654,1000.0000000000273
2022,1654,971.4054085396874
2023,1654,990.4684700722008
2024,1654,1066.7206938490085
2025,1654,1066.7206938490085
2016,1655,1085.7837014037589
2017,1655,999.9999999999451
2018,1655,999.9999999999451
2019,1655,999.9999999999451
2020,1655,999.9999999999451
2021,1655,1009.5315246142187
2022,1655,999.9999999999451
2023,1655,999.9999999999451
2024,1655,1095.3152209881484
2025,1655,1085.7837014037589
2016,1656,1208.8647936857403
2017,1656,1218.8107283426446
2018,1656,1218.8107283426446
2019,1656,1248.6486644038052
2020,1656,1238.7025955009717
2021,1656,1218.8107283426446
2022,1656,1228.7566622805118
2023,1656,1218.8107283426446
2024,1656,1228.7566622805118
2025,1656,1218.8107283426446
2016,1657,1114.378194705531
2017,1657,1000.000000000057
2018,1657,1000.000000000057
2019,1657,990.46848014148
2020,1657,990.46848014148
2021,1657,1009.5315192982837
2022,1657,990.46848014148
2023,1657,990.46848014148
2024,1657,1095.3151678403492
2025,1657,1085.7836535706097
2016,1658,1238.7025835072502
2017,1658,1248.6485155093883
2018,1658,1248.6485155093883
2019,1658,1258.594596898914
2020,1658,1248.6486519042796
2021,1658,1248.6485155093883
2022,1658,1248.6485155093883
2023,1658,1238.7025835072502
2024,1658,1248.6485155093883
2025,1658,1238.7025835072502
2016,1659,1114.3781309298884
2017,1659,1000.0000000000264
2018,1659,1000.0000000000264
2019,1659,980.9369703548573
2020,1659,980.9369703548573
2021,1659,1009.5315139835983
2022,1659,980.9369703548573
2023,1659,980.9369703548573
2024,1659,1085.7836057386949
2025,1659,1076.2520962250057
2016,1660,1248.6486394057183
2017,1660,1258.5945839003693
2018,1660,1258.5945839003693
2019,1660,1268.5405283121263
2020,1660,1258.5945839003693
2021,1660,1268.5403638752582
2022,1660,1258.5945839003693
2023,1660,1258.5944338081508
2024,1660,1258.5945839003693
2025,1660,1248.6486394057183
2016,1661,1114.378067152973
2017,1661,999.9999999999685
2018,1661,999.9999999999685
2019,1661,971.4054706391339
2020,1661,971.4054706391339
2021,1661,1019.0630167788564
2022,1661,980.9369809858481
2023,1661,999.9999999999685
2024,1661,1076.2520537073938
2025,1661,1066.7205489495173
2016,1662,1268.5403503763484
2017,1662,1268.5405148146106
2018,1662,1268.5405148146106
2019,1662,1288.4322073562962
2020,1662,1278.4862792251415
2021,1662,1278.4864586425658
2022,1662,1278.4862792251415
2023,1662,1278.4862792251415
2024,1662,1278.4862792251415
2025,1662,1268.5403503763484
2016,1663,1278.4862629226527
2017,1663,1278.4862629226527
2018,1663,1278.4862629226527
2019,1663,1298.3781173029108
2020,1663,1288.4321904719502
2021,1663,1288.4321904719502
2022,1663,1288.4321904719502
2023,1663,1288.4321904719502
2024,1663,1288.4321904719502
2025,1663,1278.4862629226527
2016,1664,1104.846500023204
2017,1664,999.9999999999618
2018,1664,999.9999999999618
2019,1664,952.3424776398831
2020,1664,961.8739832307386
2021,1664,1009.5315027953507
2022,1664,971.4054882613568
2023,1664,999.9999999999618
2024,1664,1057.1890083925277
2025,1664,1047.6575083907428
2016,1665,1298.3781022972603
2017,1665,1298.3781022972603
2018,1665,1298.3781022972603
2019,1665,1318.2699528053906
2020,1665,1308.324027909679
2021,1665,1308.324027909679
2022,1665,1308.324027909679
2023,1665,1308.324027909679
2024,1665,1308.324027909679
2025,1665,1298.3781022972603
2016,1666,1104.8464415637845
2017,1666,1000.0000000000414
2018,1666,1000.0000000000414
2019,1666,952.3425042153018
2020,1666,971.4055042057314
2021,1666,1000.0000000000414
2022,1666,1000.0000000000414
2023,1666,990.468501960815
2024,1666,1047.657481817349
2025,1666,1038.1259865716074
2016,1667,1318.2699368387284
2017,1667,1318.2699368387284
2018,1667,1318.2699368387284
2019,1667,1338.16178347773
2020,1667,1328.2158605170494
2021,1667,1328.2158605170494
2022,1667,1328.2158605170494
2023,1667,1328.2158605170494
2024,1667,1328.2158605170494
2025,1667,1328.2158605170494
2016,1668,1328.215841289042
2017,1668,1338.1617636676463
2018,1668,1338.1617636676463
2019,1668,1367.9995264938975
2020,1668,1338.1617636676463
2021,1668,1348.107685327448
2022,1668,1348.107685327448
2023,1668,1338.1617636676463
2024,1668,1338.1617636676463
2025,1668,1338.1617636676463
2016,1669,1348.1076649271224
2017,1669,1348.1076649271224
2018,1669,1348.1076649271224
2019,1669,1427.6750077032189
2020,1669,1417.7290923691694
2021,1669,1358.053585287446
2022,1669,1377.9454238528447
2023,1669,1358.053585287446
2024,1669,1358.053585287446
2025,1669,1348.1076649271224
2016,1670,1367.9994833824398
2017,1670,1397.8372362549367
2018,1670,1397.8372362549367
2019,1670,1427.6754628102608
2020,1670,1427.6749826656478
2021,1670,1387.8913193486446
2022,1670,1397.8372362549367
2023,1670,1397.8372362549367
2024,1670,1417.7290679127402
2025,1670,1387.8913193486446
2016,1671,1397.8372129535803
2017,1671,1417.729043447711
2018,1671,1417.729043447711
2019,1671,1427.6754377412733
2020,1671,1437.6208710705844
2021,1671,1417.729043447711
2022,1671,1417.729043447711
2023,1671,1417.729043447711
2024,1671,1417.729499075909
2025,1671,1417.729043447711
2016,1672,1397.8375981778515
2017,1672,1417.7294745919505
2018,1672,1417.7294745919505
2019,1672,1427.6754126747758
2020,1672,1437.6213506735412
2021,1672,1417.7294745919505
2022,1672,1417.7294745919505
2023,1672,1417.7294745919505
2024,1672,1417.7294745919505
2025,1672,1417.7294745919505
2016,1673,1407.7830807876978
2017,1673,1417.7294501092722
2018,1673,1417.7294501092722
2019,1673,1427.675387608644
2020,1673,1437.6213250246562
2021,1673,1427.6749075182927
2022,1673,1417.7294501092722
2023,1673,1427.6749075182927
2024,1673,1417.7294501092722
2025,1673,1427.6749075182927
2016,1674,1407.7834886262572
2017,1674,1417.7294256264552
2018,1674,1417.7294256264552
2019,1674,1427.675362543526
2020,1674,1437.6212993763054
2021,1674,1437.6207942018596
2022,1674,1427.6748824953233
2023,1674,1427.675362543526
2024,1674,1427.6748824953233
2025,1674,1437.6207942018596
2016,1675,1250.8345655341957
2017,1675,1250.8345655341957
2018,1675,1250.8345655341957
2019,1675,1264.0365064077662
2020,1675,1264.0365064077662
2021,1675,1250.8345655341957
2022,1675,1250.8345655341957
2023,1675,1250.8345655341957
2024,1675,1250.8345655341957
2025,1675,1250.8345655341957
2016,1676,1407.7834374189363
2017,1676,1417.7289176404402
2018,1676,1417.7289176404402
2019,1676,1427.6748288174756
2020,1676,1437.6212444222049
2021,1676,1437.6212444222049
2022,1676,1437.620739277569
2023,1676,1427.6753088372643
2024,1676,1427.6748288174756
2025,1676,1427.6753088372643
2016,1677,1417.7288932044476
2017,1677,1427.67480380012
2018,1677,1427.67480380012
2019,1677,1427.6752837749677
2020,1677,1447.5666228392447
2021,1677,1447.5666228392447
2022,1677,1447.5666228392447
2023,1677,1437.620713679085
2024,1677,1427.6752837749677
2025,1677,1437.620713679085
2016,1678,1437.6206624274002
2017,1678,1427.675233653149
2018,1678,1427.675233653149
2019,1678,1447.566570423927
2020,1678,1457.5130349110211
2021,1678,1467.4583842645243
2022,1678,1457.5130349110211
2023,1678,1457.512477702812
2024,1678,1447.566570423927
2025,1678,1457.512477702812
2016,1679,1437.6211418471264
2017,1679,1437.620636808915
2018,1679,1437.620636808915
2019,1679,1457.5124509206948
2020,1679,1457.5130081030545
2021,1679,1477.4042621626163
2022,1679,1467.4583569010586
2023,1679,1457.5130081030545
2024,1679,1447.567075016305
2025,1679,1457.5130081030545
2016,1680,971.4055276681818
2017,1680,999.9999999999718
2018,1680,999.9999999999718
2019,1680,818.9015903159503
2020,1680,837.9645903076328
2021,1680,866.5590861034758
2022,1680,847.4960894638823
2023,1680,857.0275880638528
2024,1680,914.2165679221723
2025,1680,904.6850726762698
2016,1681,1457.512427967763
2017,1681,1457.512427967763
2018,1681,1457.512427967763
2019,1681,1477.4042382125708
2020,1681,1477.4042382125708
2021,1681,1497.2960455865878
2022,1681,1487.3501422581674
2023,1681,1477.4042382125708
2024,1681,1467.4583334488705
2025,1681,1477.4042382125708
2016,1682,971.4055436102316
2017,1682,1000.0000000000175
2018,1682,1000.0000000000175
2019,1682,828.4331862531196
2020,1682,847.4961744975368
2021,1682,857.0276677813719
2022,1682,857.0276677813719
2023,1682,847.4961744975368
2024,1682,914.2166157517254
2025,1682,904.6851258203286
2016,1683,980.9370391434448
2017,1683,1000.0000000000501
2018,1683,1000.0000000000501
2019,1683,837.9647615057332
2020,1683,876.0907145006586
2021,1683,866.5592270905024
2022,1683,866.5592270905024
2023,1683,857.0277391216283
2024,1683,961.8740760545202
2025,1683,923.7481431737704
2016,1684,1487.3501218961953
2017,1684,1497.2960248097831
2018,1684,1497.2960248097831
2019,1684,1507.2419270043342
2020,1684,1507.2419270043342
2021,1684,1527.1337292433118
2022,1684,1527.1337292433118
2023,1684,1507.2419270043342
2024,1684,1497.2960248097831
2025,1684,1507.2419270043342
2016,1685,980.9370497725255
2017,1685,1000.0000000000057
2018,1685,1000.0000000000057
2019,1685,914.2167063880622
2020,1685,914.2167063880622
2021,1685,942.8111426169986
2022,1685,904.6852265260131
2023,1685,914.2167063880622
2024,1685,961.8740973123766
2025,1685,933.2796644320402
2016,1686,1517.1878068604835
2017,1686,1527.1337072049253
2018,1686,1527.1337072049253
2019,1686,1537.0796068326579
2020,1686,1537.0796068326579
2021,1686,1556.9714039345074
2022,1686,1547.026328869798
2023,1686,1537.0796068326579
2024,1686,1527.1337072049253
2025,1686,1537.0796068326579
2016,1687,990.4685352366093
2017,1687,1000.0000000000128
2018,1687,1000.0000000000128
2019,1687,914.2167970238254
2020,1687,914.2167970238254
2021,1687,942.8112030420449
2022,1687,914.2167970238254
2023,1687,914.2167970238254
2024,1687,1000.0000000000128
2025,1687,933.2797349265495
2016,1688,1576.863149957756
2017,1688,1586.8090451676303
2018,1688,1586.8090451676303
2019,1688,1586.8090451676303
2020,1688,1596.754939659397
2021,1688,1616.6467264909438
2022,1688,1606.700833433757
2023,1688,1596.7559327001163
2024,1688,1586.8090451676303
2025,1688,1596.754939659397
2016,1689,990.46855537641
2017,1689,999.9999999999573
2018,1689,999.9999999999573
2019,1689,923.7484273852185
2020,1689,933.2798759162029
2021,1689,933.2798759162029
2022,1689,923.7484273852185
2023,1689,923.7484273852185
2024,1689,999.9999999999573
2025,1689,961.8742181600815
2016,1690,1596.7549097472497
2017,1690,1606.700803023523
2018,1690,1606.700803023523
2019,1690,1606.700803023523
2020,1690,1616.6466955821556
2021,1690,1636.5384785478982
2022,1690,1626.5925874243126
2023,1690,1616.6466955821556
2024,1690,1616.6466955821556
2025,1690,1616.6466955821556
2016,1691,980.9371208265953
2017,1691,1000.0000000000323
2018,1691,1000.0000000000323
2019,1691,933.2799131201127
2020,1691,933.2799131201127
2021,1691,933.2799131201127
2022,1691,971.4056804024361
2023,1691,914.2170261287786
2024,1691,990.4685606938964
2025,1691,971.4056804024361
2016,1692,1616.6466646916613
2017,1692,1636.5384466621558
2018,1692,1636.5384466621558
2019,1692,1636.5384466621558
2020,1692,1636.5384466621558
2021,1692,1656.4302257623233
2022,1692,1646.4843365711763
2023,1692,1636.5384466621558
2024,1692,1636.5384466621558
2025,1692,1636.5384466621558
2016,1693,980.9371314570409
2017,1693,999.9999999999591
2018,1693,999.9999999999591
2019,1693,933.2799503221371
2020,1693,933.2799503221371
2021,1693,933.2799503221371
2022,1693,971.4056963459872
2023,1693,914.2170739601571
2024,1693,980.9371314570409
2025,1693,971.4056963459872
2016,1694,1636.5384146937579
2017,1694,1656.4301927970814
2018,1694,1656.4301927970814
2019,1694,1666.3760807720512
2020,1694,1666.3760807720512
2021,1694,1676.3219680298453
2022,1694,1666.3760807720512
2023,1694,1656.4301927970814
2024,1694,1656.4301927970814
2025,1694,1656.4301927970814
2016,1695,971.405712291002
2017,1695,999.9999999999578
2018,1695,999.9999999999578
2019,1695,961.8742819363107
2020,1695,971.405712291002
2021,1695,971.405712291002
2022,1695,971.405712291002
2023,1695,933.2799875254993
2024,1695,980.937142084761
2025,1695,971.405712291002
2016,1696,980.9371515972358
2017,1696,999.9999999999521
2018,1696,999.9999999999521
2019,1696,971.4057265598352
2020,1696,980.9371515972358
2021,1696,980.9371515972358
2022,1696,971.4057265598352
2023,1696,971.4057265598352
2024,1696,980.9371515972358
2025,1696,971.4057265598352
2016,1697,1686.2678317205043
2017,1697,1696.2137172128291
2018,1697,1696.2137172128291
2019,1697,1706.1596019870487
2020,1697,1706.1596019870487
2021,1697,1716.105486045492
2022,1697,1706.1596019870487
2023,1697,1706.1596019870487
2024,1697,1696.2137172128291
2025,1697,1696.2137172128291
2016,1698,990.4685861473242
2017,1698,1000.0000000000371
2018,1698,1000.0000000000371
2019,1698,971.4057567698134
2020,1698,980.9371717377561
2021,1698,980.9371717377561
2022,1698,961.874341244899
2023,1698,971.4057567698134
2024,1698,971.4057567698134
2025,1698,961.874341244899
2016,1699,1706.1595665581672
2017,1699,1716.1054501171375
2018,1699,1716.1054501171375
2019,1699,1726.051332958932
2020,1699,1726.051332958932
2021,1699,1745.9430964905364
2022,1699,1726.051332958932
2023,1699,1735.997215083555
2024,1699,1726.051332958932
2025,1699,1726.051332958932
2016,1700,980.9371823667866
2017,1700,999.999999999955
2018,1700,999.999999999955
2019,1700,961.8743625018811
2020,1700,971.4057727134614
2021,1700,971.4057727134614
2022,1700,952.3429517333259
2023,1700,961.8743625018811
2024,1700,971.4057727134614
2025,1700,961.8743625018811
2016,1701,1735.9971781771708
2017,1701,1745.9430590867735
2018,1701,1745.9430590867735
2019,1701,1745.9430590867735
2020,1701,1755.8889392775732
2021,1701,1765.8348187523613
2022,1701,1755.8889392775732
2023,1701,1755.8889392775732
2024,1701,1755.8889392775732
2025,1701,1745.9430590867735
2016,1702,971.4057886573634
2017,1702,1000.0000000000124
2018,1702,1000.0000000000124
2019,1702,952.342978305176
2020,1702,971.4057886573634
2021,1702,961.8743837603986
2022,1702,942.8115722928652
2023,1702,952.342978305176
2024,1702,961.8743837603986
2025,1702,952.342978305176
2016,1703,980.9372025101065
2017,1703,1000.0000000000481
2018,1703,1000.0000000000481
2019,1703,952.3430020871192
2020,1703,971.4058029264725
2021,1703,961.8744027860995
2022,1703,942.8116008312836
2023,1703,952.3430020871192
2024,1703,971.4058029264725
2025,1703,952.3430020871192
2016,1704,990.4686062904693
2017,1704,999.9999999999538
2018,1704,999.9999999999538
2019,1704,961.8744218114373
2020,1704,980.937212022846
2021,1704,971.4058171955709
2022,1704,942.8116293694552
2023,1704,961.8744218114373
2024,1704,971.4058171955709
2025,1704,952.3430258690514
2016,1705,1775.7806716672287
2017,1705,1785.72654937562
2018,1705,1785.72654937562
2019,1705,1795.672426368001
2020,1705,1795.672426368001
2021,1705,1805.618302642276
2022,1705,1805.618302642276
2023,1705,1795.672426368001
2024,1705,1795.672426368001
2025,1705,1795.672426368001
2016,1706,980.9372226521077
2017,1706,999.9999999999862
2018,1706,999.9999999999862
2019,1706,961.8744430700475
2020,1706,971.405833140847
2021,1706,961.8744430700475
2022,1706,933.280269513246
2023,1706,952.3430524423928
2024,1706,961.8744430700475
2025,1706,952.3430524423928
2016,1707,990.4686163617203
2017,1707,999.9999999999983
2018,1707,999.9999999999983
2019,1707,961.874462095958
2020,1707,971.4058474102821
2021,1707,961.874462095958
2022,1707,942.8116897949919
2023,1707,961.874462095958
2024,1707,971.4058474102821
2025,1707,952.3430762246622
2016,1708,999.9999999999626
2017,1708,999.9999999999626
2018,1708,999.9999999999626
2019,1708,971.4059044883078
2020,1708,980.9372702170758
2021,1708,971.4059044883078
2022,1708,961.8745382000042
2023,1708,971.4059044883078
2024,1708,980.9372702170758
2025,1708,961.8745382000042
2016,1709,1009.5313592989146
2017,1709,999.9999999999903
2018,1709,999.9999999999903
2019,1709,971.405918757994
2020,1709,980.9372797300539
2021,1709,971.405918757994
2022,1709,961.8745572262818
2023,1709,971.405918757994
2024,1709,980.9372797300539
2025,1709,961.8745572262818
2016,1710,1009.5313545423761
2017,1710,1000.0000000000464
2018,1710,1000.0000000000464
2019,1710,980.9372892432988
2020,1710,980.9372892432988
2021,1710,971.4059330277197
2022,1710,961.8745762526022
2023,1710,971.4059330277197
2024,1710,980.9372892432988
2025,1710,961.8745762526022
2016,1711,1009.5313497857234
2017,1711,999.9999999999823
2018,1711,999.9999999999823
2019,1711,980.9372987566476
2020,1711,980.9372987566476
2021,1711,971.4059472975409
2022,1711,961.8745952790148
2023,1711,971.4059472975409
2024,1711,980.9372987566476
2025,1711,961.8745952790148
2016,1712,1009.5313450291336
2017,1712,999.9999999999867
2018,1712,999.9999999999867
2019,1712,980.9373082698381
2020,1712,980.9373082698381
2021,1712,971.405961567439
2022,1712,961.8746143056239
2023,1712,971.405961567439
2024,1712,980.9373082698381
2025,1712,971.405961567439
2016,1713,1009.531340272556
2017,1713,1000.0000000000008
2018,1713,1000.0000000000008
2019,1713,980.9373177832707
2020,1713,980.9373177832707
2021,1713,971.4059758375796
2022,1713,961.8746333322393
2023,1713,971.4059758375796
2024,1713,980.9373177832707
2025,1713,971.4059758375796
2016,1714,1009.5313355158975
2017,1714,1000.0000000000501
2018,1714,1000.0000000000501
2019,1714,980.9373272967356
2020,1714,980.9373272967356
2021,1714,971.405990107636
2022,1714,961.8746523590036
2023,1714,971.405990107636
2024,1714,980.9373272967356
2025,1714,971.405990107636
2016,1715,1009.5313307590487
2017,1715,1000.0000000000283
2018,1715,1000.0000000000283
2019,1715,980.937336810016
2020,1715,980.937336810016
2021,1715,971.4060043776299
2022,1715,961.8746713859381
2023,1715,971.4060043776299
2024,1715,980.937336810016
2025,1715,971.4060043776299
2016,1716,1009.5313260025458
2017,1716,999.9999999999974
2018,1716,999.9999999999974
2019,1716,980.937346323514
2020,1716,980.937346323514
2021,1716,971.4060186479492
2022,1716,961.8746904128488
2023,1716,980.937346323514
2024,1716,980.937346323514
2025,1716,971.4060186479492
2016,1717,1009.531321245733
2017,1717,1000.0000000000118
2018,1717,1000.0000000000118
2019,1717,980.9373558369468
2020,1717,990.4686781975487
2021,1717,971.4060329180897
2022,1717,971.4060329180897
2023,1717,980.9373558369468
2024,1717,980.9373558369468
2025,1717,971.4060329180897
2016,1718,1009.5313164887935
2017,1718,1000.0000000000158
2018,1718,1000.0000000000158
2019,1718,980.9373653504884
2020,1718,990.4686829543797
2021,1718,971.406047188342
2022,1718,971.406047188342
2023,1718,980.9373653504884
2024,1718,980.9373653504884
2025,1718,971.406047188342
2016,1719,1009.5313117320321
2017,1719,999.9999999999617
2018,1719,999.9999999999617
2019,1719,980.9373748641987
2020,1719,990.4686877111495
2021,1719,971.4060614587598
2022,1719,971.4060614587598
2023,1719,980.9373748641987
2024,1719,980.9373748641987
2025,1719,971.4060614587598
2016,1720,1009.5313069753901
2017,1720,1000.0000000000248
2018,1720,1000.0000000000248
2019,1720,980.9373843777935
2020,1720,990.4686924680365
2021,1720,971.4060757294083
2022,1720,971.4060757294083
2023,1720,980.9373843777935
2024,1720,980.9373843777935
2025,1720,971.4060757294083
2016,1721,1009.5313022183656
2017,1721,999.9999999999434
2018,1721,999.9999999999434
2019,1721,980.9373938913601
2020,1721,990.4686972247794
2021,1721,971.4060899998047
2022,1721,971.4060899998047
2023,1721,980.9373938913601
2024,1721,980.9373938913601
2025,1721,971.4060899998047
2016,1722,1009.5312974615806
2017,1722,999.9999999999824
2018,1722,999.9999999999824
2019,1722,980.9374034050497
2020,1722,980.9374115835126
2021,1722,971.4061042703186
2022,1722,971.4061042703186
2023,1722,980.9374034050497
2024,1722,980.9374034050497
2025,1722,971.4061042703186
2016,1723,999.9999999999716
2017,1723,999.9999999999716
2018,1723,999.9999999999716
2019,1723,980.9375080591392
2020,1723,980.9375080591392
2021,1723,980.9375080591392
2022,1723,971.4062612515729
2023,1723,990.468754308683
2024,1723,990.468754308683
2025,1723,990.468754308683
2016,1724,1009.5312403773187
2017,1724,999.9999999999446
2018,1724,999.9999999999446
2019,1724,980.937517573577
2020,1724,980.937517573577
2021,1724,990.4687590658287
2022,1724,971.4062755229537
2023,1724,990.4687590658287
2024,1724,990.4687590658287
2025,1724,990.4687590658287
2016,1725,1009.5312356201487
2017,1725,999.9999999999474
2018,1725,999.9999999999474
2019,1725,980.9375270878086
2020,1725,980.9375270878086
2021,1725,999.9999999999474
2022,1725,971.406289794591
2023,1725,990.4687638230041
2024,1725,990.4687638230041
2025,1725,999.9999999999474
2016,1726,1009.5312308629219
2017,1726,1000.0000000000126
2018,1726,1000.0000000000126
2019,1726,980.9375366022252
2020,1726,980.9375366022252
2021,1726,1000.0000000000126
2022,1726,971.4063040660637
2023,1726,990.4687685802451
2024,1726,1000.0000000000126
2025,1726,1000.0000000000126
2016,1727,1009.5312261057683
2017,1727,1000.0000000000315
2018,1727,1000.0000000000315
2019,1727,980.9375461167057
2020,1727,980.9375461167057
2021,1727,1000.0000000000315
2022,1727,980.9375461167057
2023,1727,990.4687733375529
2024,1727,1000.0000000000315
2025,1727,1000.0000000000315
2016,1728,1019.0624421375129
2017,1728,1000.0000000000367
2018,1728,1000.0000000000367
2019,1728,980.9375556312889
2020,1728,1000.0000000000367
2021,1728,1000.0000000000367
2022,1728,990.4687780947306
2023,1728,1000.0000000000367
2024,1728,1000.0000000000367
2025,1728,1000.0000000000367
2016,1729,1019.0624326228893
2017,1729,999.9999999999968
2018,1729,999.9999999999968
2019,1729,990.4687828518664
2020,1729,999.9999999999968
2021,1729,999.9999999999968
2022,1729,990.4687828518664
2023,1729,999.9999999999968
2024,1729,999.9999999999968
2025,1729,999.9999999999968
2016,1730,1019.0624231084349
2017,1730,1000.0000000000068
2018,1730,1000.0000000000068
2019,1730,990.4687876091682
2020,1730,1000.0000000000068
2021,1730,1000.0000000000068
2022,1730,990.4687876091682
2023,1730,1000.0000000000068
2024,1730,1000.0000000000068
2025,1730,1000.0000000000068
2016,1731,1019.0624135939023
2017,1731,1000.000000000049
2018,1731,1000.000000000049
2019,1731,1000.000000000049
2020,1731,1000.000000000049
2021,1731,1000.000000000049
2022,1731,990.4687923667293
2023,1731,1000.000000000049
2024,1731,1000.000000000049
2025,1731,1000.000000000049
2016,1732,1019.0624040790601
2017,1732,1000.0000000000233
2018,1732,1000.0000000000233
2019,1732,1000.0000000000233
2020,1732,1000.0000000000233
2021,1732,1000.0000000000233
2022,1732,990.4687971238787
2023,1732,1000.0000000000233
2024,1732,1000.0000000000233
2025,1732,1000.0000000000233
2016,1733,1019.0623945643871
2017,1733,1000.0000000000442
2018,1733,1000.0000000000442
2019,1733,1000.0000000000442
2020,1733,1000.0000000000442
2021,1733,1000.0000000000442
2022,1733,1000.0000000000442
2023,1733,1000.0000000000442
2024,1733,1000.0000000000442
2025,1733,1000.0000000000442
2016,1734,1019.0623850495642
2017,1734,1000.0000000000375
2018,1734,1000.0000000000375
2019,1734,1000.0000000000375
2020,1734,1000.0000000000375
2021,1734,1009.5311928045104
2022,1734,1000.0000000000375
2023,1734,1000.0000000000375
2024,1734,1009.5311928045104
2025,1734,1009.5311928045104
2016,1735,1397.8373117850158
2017,1735,1417.729173878146
2018,1735,1417.729173878146
2019,1735,1000.0000000000518
2020,1735,1009.9459344175681
2021,1735,1099.4593404323996
2022,1735,1000.0000000000518
2023,1735,1000.0000000000518
2024,1735,1089.5134067637246
2025,1735,1099.4593404323996
2016,1736,1009.5311874876346
2017,1736,1000.0000000000081
2018,1736,1000.0000000000081
2019,1736,1000.0000000000081
2020,1736,1000.0000000000081
2021,1736,1000.0000000000081
2022,1736,990.4688119527294
2023,1736,990.4688119527294
2024,1736,1000.0000000000081
2025,1736,1000.0000000000081
2016,1737,1019.0623649024398
2017,1737,1000.0000000000197
2018,1737,1000.0000000000197
2019,1737,1000.0000000000197
2020,1737,1000.0000000000197
2021,1737,1000.0000000000197
2022,1737,990.4688167102627
2023,1737,990.4688167102627
2024,1737,1000.0000000000197
2025,1737,1000.0000000000197
2016,1738,1019.0623553876017
2017,1738,999.999999999998
2018,1738,999.999999999998
2019,1738,999.999999999998
2020,1738,999.999999999998
2021,1738,999.999999999998
2022,1738,999.999999999998
2023,1738,990.4688214676491
2024,1738,999.999999999998
2025,1738,999.999999999998
2016,1739,1019.0623458725655
2017,1739,1000.0000000000053
2018,1739,1000.0000000000053
2019,1739,1000.0000000000053
2020,1739,1000.0000000000053
2021,1739,1000.0000000000053
2022,1739,1000.0000000000053
2023,1739,990.4688262251784
2024,1739,1000.0000000000053
2025,1739,1000.0000000000053
2016,1740,1407.7832326446471
2017,1740,999.9999999999056
2018,1740,999.9999999999056
2019,1740,999.9999999999056
2020,1740,999.9999999999056
2021,1740,999.9999999999056
2022,1740,999.9999999999056
2024,1740,999.9999999999056
2025,1740,999.9999999999056
2016,1741,1009.5311678998115
2017,1741,999.9999999999687
2018,1741,999.9999999999687
2019,1741,990.4688315422198
2020,1741,990.4688315422198
2021,1741,990.4688315422198
2022,1741,990.4688315422198
2023,1741,980.9376625249355
2024,1741,990.4688315422198
2025,1741,990.4688315422198
2016,1742,1009.5311631423114
2017,1742,999.9999999999934
2018,1742,999.9999999999934
2019,1742,990.468836299653
2020,1742,990.468836299653
2021,1742,990.468836299653
2022,1742,990.468836299653
2023,1742,980.9376720397798
2024,1742,999.9999999999934
2025,1742,990.468836299653
2016,1743,1009.5311583848049
2017,1743,1000.000000000009
2018,1743,1000.000000000009
2019,1743,990.4688410574234
2020,1743,990.4688410574234
2021,1743,990.4688410574234
2022,1743,990.4688410574234
2023,1743,980.9376815549527
2024,1743,1000.000000000009
2025,1743,990.4688410574234
2016,1744,1009.5311536272477
2017,1744,999.9999999999764
2018,1744,999.9999999999764
2019,1744,990.4688458147991
2020,1744,990.4688458147991
2021,1744,990.4688458147991
2022,1744,980.9376992500625
2023,1744,980.9376910700862
2024,1744,999.9999999999764
2025,1744,990.4688458147991
2016,1745,1009.5311488695376
2017,1745,1000.0000000000238
2018,1745,1000.0000000000238
2019,1745,990.4688505722547
2020,1745,990.4688505722547
2021,1745,990.4688505722547
2022,1745,980.937700585186
2023,1745,980.937700585186
2024,1745,1000.0000000000238
2025,1745,990.4688505722547
2016,1746,1169.080866717518
2017,1746,999.999999999969
2018,1746,999.999999999969
2024,1746,999.999999999969
2016,1747,999.9999999999342
2017,1747,999.9999999999342
2018,1747,999.9999999999342
2019,1747,973.5980705887067
2020,1747,973.5980705887067
2021,1747,973.5980705887067
2022,1747,960.397087624003
2023,1747,960.397087624003
2024,1747,986.7990413800219
2025,1747,973.5980705887067
2016,1748,1009.5311203236776
2017,1748,1000.0000000000013
2018,1748,1000.0000000000013
2019,1748,990.4688791184188
2020,1748,990.4688791184188
2021,1748,990.4688791184188
2022,1748,990.4688791184188
2023,1748,980.9377576773039
2024,1748,1000.0000000000013
2025,1748,990.4688791184188
2016,1749,1009.5311155657723
2017,1749,999.9999999999698
2018,1749,999.9999999999698
2019,1749,990.4688838760281
2020,1749,990.4688838760281
2021,1749,990.4688838760281
2022,1749,990.4688838760281
2023,1749,980.9377671926707
2024,1749,999.9999999999698
2025,1749,990.4688838760281
2016,1750,1009.5311108081961
2017,1750,1000.0000000000314
2018,1750,1000.0000000000314
2019,1750,990.4688886339608
2020,1750,990.4688886339608
2021,1750,980.9377848882172
2022,1750,990.4688886339608
2023,1750,980.9377767084737
2024,1750,1000.0000000000314
2025,1750,990.4688886339608
2016,1751,1009.5311060503271
2017,1751,1000.000000000036
2018,1751,1000.000000000036
2019,1751,990.4688933917228
2020,1751,990.4688933917228
2021,1751,971.4066973232407
2022,1751,990.4688933917228
2023,1751,971.4066973232407
2024,1751,1000.000000000036
2025,1751,990.4688933917228
2016,1752,1000.0000000000434
2017,1752,1000.0000000000434
2018,1752,1000.0000000000434
2019,1752,979.3555489827029
2020,1752,972.4740618363708
2021,1752,960.3973204381988
2022,1752,965.5925754321519
2023,1752,960.3973204381988
2024,1752,993.1185182972192
2025,1752,979.3555489827029
2016,1753,1013.2008598885049
2017,1753,999.9999999999326
2018,1753,999.9999999999326
2019,1753,986.7991280060965
2020,1753,973.5982438423327
2021,1753,973.5982438423327
2022,1753,973.5982438423327
2023,1753,973.5982438423327
2024,1753,993.118519656495
2025,1753,979.3555530621529
2016,1754,1019.062156681435
2017,1754,999.999999999972
2018,1754,999.999999999972
2019,1754,999.999999999972
2020,1754,990.4689208226728
2021,1754,980.9378492676763
2022,1754,990.4689208226728
2023,1754,990.4689208226728
2024,1754,999.999999999972
2025,1754,990.4689208226728
2016,1755,1009.5310763263292
2017,1755,999.9999999999852
2018,1755,999.9999999999852
2019,1755,999.9999999999852
2020,1755,990.4689255806722
2021,1755,980.9378506033395
2022,1755,990.4689255806722
2023,1755,980.9378587837816
2024,1755,999.9999999999852
2025,1755,990.4689255806722
2016,1756,1009.5310691044333
2017,1756,999.9999999999677
2018,1756,999.9999999999677
2019,1756,990.4689322443943
2020,1756,990.4689303386438
2021,1756,980.9378601191812
2022,1756,980.9378682999723
2023,1756,980.9378601191812
2024,1756,999.9999999999677
2025,1756,990.4689303386438
2016,1757,1000.0000000000185
2017,1757,1000.0000000000185
2018,1757,1000.0000000000185
2019,1757,986.7991860220018
2020,1757,986.2370561100864
2021,1757,973.5983598717537
2022,1757,973.5983598717537
2023,1757,973.5983598717537
2024,1757,986.7991860220018
2025,1757,986.7991860220018
2016,1758,1009.531050629029
2017,1758,999.999999999967
2018,1758,999.999999999967
2019,1758,999.999999999967
2020,1758,990.4689488126498
2021,1758,980.9378970673133
2022,1758,980.9379052481044
2023,1758,990.4689488126498
2024,1758,999.999999999967
2025,1758,990.4689507181675
2016,1759,999.9999999999558
2017,1759,999.9999999999558
2018,1759,999.9999999999558
2019,1759,986.7992244397423
2020,1759,986.7992244397423
2021,1759,973.5984367071386
2022,1759,973.5984367071386
2023,1759,979.3556035427142
2024,1759,993.1185364836118
2025,1759,986.7992244397423
2016,1760,1009.5310321548404
2017,1760,1000.0000000000102
2018,1760,1000.0000000000102
2019,1760,1000.0000000000102
2020,1760,990.4689691931408
2021,1760,980.9379340148888
2022,1760,990.468967287274
2023,1760,990.468967287274
2024,1760,1000.0000000000102
2025,1760,1000.0000000000102
2016,1761,1000.0000000000138
2017,1761,1000.0000000000138
2018,1761,1000.0000000000138
2019,1761,986.7992816791177
2020,1761,986.7992816791177
2021,1761,986.7992816791177
2022,1761,986.2370889565967
2023,1761,986.7992816791177
2024,1761,1000.0000000000138
2025,1761,993.11854625747
2016,1762,1009.5310047228281
2017,1762,1000.0000000000117
2018,1762,1000.0000000000117
2019,1762,1000.0000000000117
2020,1762,1000.0000000000117
2021,1762,990.4689966259706
2022,1762,990.4689947203367
2023,1762,990.4689966259706
2024,1762,1000.0000000000117
2025,1762,1000.0000000000117
2016,1763,1009.5309999645565
2017,1763,999.9999999999573
2018,1763,999.9999999999573
2019,1763,990.4690013842502
2020,1763,990.4690013842502
2021,1763,990.4689994786162
2022,1763,990.4689994786162
2023,1763,990.4689994786162
2024,1763,999.9999999999573
2025,1763,999.9999999999573
2016,1764,999.9999999999508
2017,1764,999.9999999999508
2018,1764,999.9999999999508
2019,1764,986.7993103029237
2020,1764,986.7993103029237
2021,1764,986.7993103029237
2022,1764,986.7993103029237
2023,1764,986.7993103029237
2024,1764,999.9999999999508
2025,1764,993.1185511446838
2016,1765,1009.5309910047082
2017,1765,999.9999999999844
2018,1765,999.9999999999844
2019,1765,999.9999999999844
2020,1765,999.9999999999844
2021,1765,990.4690103431053
2022,1765,999.9999999999844
2023,1765,990.4690103431053
2024,1765,999.9999999999844
2025,1765,999.9999999999844
2016,1766,1000.000000000067
2017,1766,1000.000000000067
2018,1766,1000.000000000067
2019,1766,993.1185542683162
2020,1766,1000.000000000067
2021,1766,986.7993291268383
2022,1766,993.1185542683162
2023,1766,986.7993291268383
2024,1766,1000.000000000067
2025,1766,1000.000000000067
2016,1767,1009.5309820458996
2017,1767,999.9999999999974
2018,1767,999.9999999999974
2019,1767,999.9999999999974
2020,1767,1009.5309820458996
2021,1767,999.9999999999974
2022,1767,999.9999999999974
2023,1767,999.9999999999974
2024,1767,999.9999999999974
2025,1767,999.9999999999974
2016,1768,1009.5309772875978
2017,1768,1000.0000000000317
2018,1768,1000.0000000000317
2019,1768,1000.0000000000317
2020,1768,1000.0000000000317
2021,1768,1000.0000000000317
2022,1768,1000.0000000000317
2023,1768,1000.0000000000317
2024,1768,1000.0000000000317
2025,1768,1000.0000000000317
2016,1769,999.9999999999773
2017,1769,999.9999999999773
2018,1769,999.9999999999773
2019,1769,993.1185591565173
2020,1769,999.9999999999773
2021,1769,993.1185591565173
2022,1769,999.9999999999773
2023,1769,993.1185591565173
2024,1769,999.9999999999773
2025,1769,999.9999999999773
2016,1770,1009.5309683276356
2017,1770,1000.0000000000483
2018,1770,1000.0000000000483
2019,1770,1000.0000000000483
2020,1770,1009.5309683276356
2021,1770,1000.0000000000483
2022,1770,1000.0000000000483
2023,1770,1000.0000000000483
2024,1770,1000.0000000000483
2025,1770,1009.5309683276356
2016,1771,1000.0000000000555
2017,1771,1000.0000000000555
2018,1771,1000.0000000000555
2019,1771,1000.0000000000555
2020,1771,1000.0000000000555
2021,1771,1000.0000000000555
2022,1771,1000.0000000000555
2023,1771,1000.0000000000555
2024,1771,1000.0000000000555
2025,1771,1000.0000000000555
2016,1772,1009.5309593713347
2017,1772,999.9999999999978
2018,1772,999.9999999999978
2019,1772,999.9999999999978
2020,1772,1009.5309593713347
2021,1772,999.9999999999978
2022,1772,1009.5309593713347
2023,1772,999.9999999999978
2024,1772,1009.5309593713347
2025,1772,1009.5309593713347
2016,1773,999.999999999985
2017,1773,999.999999999985
2018,1773,999.999999999985
2019,1773,999.999999999985
2020,1773,999.999999999985
2021,1773,993.1185671670792
2022,1773,999.999999999985
2023,1773,999.999999999985
2024,1773,999.999999999985
2025,1773,999.999999999985
2016,1774,1009.5309456525135
2017,1774,999.9999999999462
2018,1774,999.9999999999462
2019,1774,999.9999999999462
2020,1774,1009.5309456525135
2021,1774,999.9999999999462
2022,1774,1009.5309456525135
2023,1774,1009.5309456525135
2024,1774,1009.5309456525135
2025,1774,999.9999999999462
2016,1775,999.9999999999832
2017,1775,999.9999999999832
2018,1775,999.9999999999832
2019,1775,999.9999999999832
2020,1775,999.9999999999832
2021,1775,999.9999999999832
2022,1775,999.9999999999832
2023,1775,999.9999999999832
2024,1775,1006.8814313817566
2025,1775,999.9999999999832
2016,1776,1009.5309366934684
2017,1776,1000.0000000000546
2018,1776,1000.0000000000546
2019,1776,1000.0000000000546
2020,1776,1009.5309366934684
2021,1776,1000.0000000000546
2022,1776,1009.5309366934684
2023,1776,1009.5309366934684
2024,1776,1009.5309391575904
2025,1776,1009.5309366934684
2016,1777,999.9999999999712
2017,1777,999.9999999999712
2018,1777,999.9999999999712
2019,1777,999.9999999999712
2020,1777,999.9999999999712
2021,1777,999.9999999999712
2022,1777,1006.8814282576287
2023,1777,999.9999999999712
2024,1777,999.9999999999712
2025,1777,999.9999999999712
2016,1778,1006.8814268971178
2017,1778,1000.0000000000399
2018,1778,1000.0000000000399
2019,1778,1000.0000000000399
2020,1778,1013.2005360264404
2021,1778,1000.0000000000399
2022,1778,1013.2005360264404
2023,1778,1006.8814268971178
2024,1778,1013.2005360264404
2025,1778,1006.8814268971178
2016,1779,1006.8814255372222
2017,1779,999.999999999921
2018,1779,999.999999999921
2019,1779,999.999999999921
2020,1779,1013.7628475162677
2021,1779,999.999999999921
2022,1779,1013.7628475162677
2023,1779,1006.8814255372222
2024,1779,1020.6442707018841
2025,1779,1006.8814255372222
2016,1780,1009.5309217972195
2017,1780,999.9999999999931
2018,1780,999.9999999999931
2019,1780,999.9999999999931
2020,1780,1019.0618474074629
2021,1780,999.9999999999931
2022,1780,1019.0618474074629
2023,1780,1009.5309217972195
2024,1780,1028.592756326523
2025,1780,1009.5309217972195
2016,1781,1000.0000000000146
2017,1781,1000.0000000000146
2018,1781,1000.0000000000146
2019,1781,1000.0000000000146
2020,1781,1006.8814192888997
2021,1781,1000.0000000000146
2022,1781,1006.8814192888997
2023,1781,1006.8814192888997
2024,1781,1013.2004893496754
2025,1781,1006.8814192888997
2016,1782,1009.5309014145503
2017,1782,999.9999999999471
2018,1782,999.9999999999471
2019,1782,999.9999999999471
2020,1782,1009.5309038789053
2021,1782,999.9999999999471
2022,1782,1009.5309038789053
2023,1782,1009.5309038789053
2024,1782,1019.0618022711311
2025,1782,1009.5309038789053
2016,1783,999.999999999928
2017,1783,999.999999999928
2018,1783,999.999999999928
2019,1783,999.999999999928
2020,1783,1006.8814161645646
2021,1783,999.999999999928
2022,1783,999.999999999928
2023,1783,999.999999999928
2024,1783,1013.2004705255388
2025,1783,999.999999999928
2016,1784,1006.8814148051092
2017,1784,999.9999999999827
2018,1784,999.9999999999827
2019,1784,999.9999999999827
2020,1784,1006.8814148051092
2021,1784,999.9999999999827
2022,1784,1013.2004615003779
2023,1784,1006.8814148051092
2024,1784,1013.7628260515768
2025,1784,1013.2004615003779
2016,1785,1009.5308907191946
2017,1785,1000.0000000000426
2018,1785,1000.0000000000426
2019,1785,1009.5308882550726
2020,1785,1009.5308907191946
2021,1785,1009.5308882550726
2022,1785,1019.0617759530144
2023,1785,1009.5308907191946
2024,1785,1019.0617852513636
2025,1785,1019.0617759530144
2016,1786,1000.0000000000632
2017,1786,1000.0000000000632
2018,1786,1000.0000000000632
2019,1786,1000.0000000000632
2020,1786,1006.8814116805854
2021,1786,1000.0000000000632
2022,1786,1013.2004426726385
2023,1786,1006.8814116805854
2024,1786,1013.7628198025232
2025,1786,1006.8814116805854
2016,1787,1013.2004336451993
2017,1787,1000.0000000000198
2018,1787,1000.0000000000198
2019,1787,1006.8814103198629
2020,1787,1013.2004336451993
2021,1787,1006.8814103198629
2022,1787,1013.762817080792
2023,1787,1013.2004336451993
2024,1787,1013.762817080792
2025,1787,1013.2004336451993
2016,1788,1019.0617496299947
2017,1788,999.9999999999801
2018,1788,999.9999999999801
2019,1788,1009.5308775594577
2020,1788,1019.0617496299947
2021,1788,1009.5308775594577
2022,1788,1019.0617589286932
2023,1788,1019.0617496299947
2024,1788,1019.0617589286932
2025,1788,1019.0617496299947
2016,1789,1006.8814071958657
2017,1789,999.9999999999021
2018,1789,999.9999999999021
2019,1789,1006.8814071958657
2020,1789,1006.8814071958657
2021,1789,999.9999999999021
2022,1789,1013.7628108331592
2023,1789,1013.2004148224992
2024,1789,1013.7628108331592
2025,1789,1013.2004148224992
2016,1790,1013.2004057980292
2017,1790,1000.0000000000456
2018,1790,1000.0000000000456
2019,1790,1013.2004057980292
2020,1790,1006.8814058360207
2021,1790,1006.8814058360207
2022,1790,1020.6442115973721
2023,1790,1013.7628081134108
2024,1790,1020.6442115973721
2025,1790,1013.7628081134108
2016,1791,1013.7628053917076
2017,1791,999.999999999956
2018,1791,999.999999999956
2019,1791,1013.7628053917076
2020,1791,1013.2003967695445
2021,1791,1013.2003967695445
2022,1791,1020.6442075155996
2023,1791,1020.6442075155996
2024,1791,1026.4007813668056
2025,1791,1013.7628053917076
2016,1792,1019.0617242085932
2017,1792,999.9999999999441
2018,1792,999.9999999999441
2019,1792,1019.0617242085932
2020,1792,1019.0617149097785
2021,1792,1019.0617149097785
2022,1792,1028.5925920319164
2023,1792,1028.5925715281846
2024,1792,1028.5925920319164
2025,1792,1019.0617242085932
2016,1793,1009.5308554391394
2017,1793,1000.0000000000555
2018,1793,1000.0000000000555
2019,1793,1009.5308554391394
2020,1793,1019.0617053916077
2021,1793,1009.5308554391394
2022,1793,1019.0617146901925
2023,1793,1019.0617146901925
2024,1793,1028.5925572509937
2025,1793,1019.0617053916077
2016,1794,1000.0000000000226
2017,1794,1000.0000000000226
2018,1794,1000.0000000000226
2019,1794,1006.8813995873439
2020,1794,1006.8813995873439
2021,1794,1000.0000000000226
2022,1794,1013.7627956161659
2023,1794,1013.2003681442246
2024,1794,1013.7627956161659
2025,1794,1006.8813995873439
2016,1795,1006.8813982267646
2017,1795,999.9999999999994
2018,1795,999.9999999999994
2019,1795,1006.8813982267646
2020,1795,1006.8813982267646
2021,1795,1006.8813982267646
2022,1795,1013.7627928953482
2023,1795,1013.7627928953482
2024,1795,1020.6441887706726
2025,1795,1013.2003591185986
2016,1796,1009.5308422798613
2017,1796,999.999999999946
2018,1796,999.999999999946
2019,1796,1009.5308422798613
2020,1796,1009.5308422798613
2021,1796,1009.5308422798613
2022,1796,1019.0616883709281
2023,1796,1019.0616883709281
2024,1796,1028.5925177696472
2025,1796,1019.0616790721103
2016,1797,1006.8813951032658
2017,1797,1000.0000000000543
2018,1797,1000.0000000000543
2019,1797,1006.8813951032658
2020,1797,1006.8813951032658
2021,1797,1006.8813951032658
2022,1797,1013.2003402940022
2023,1797,1013.2003402940022
2024,1797,1013.7627866474784
2025,1797,1013.2003402940022
2016,1798,1006.8813937425775
2017,1798,1000.0000000000599
2018,1798,1000.0000000000599
2019,1798,1006.8813937425775
2020,1798,1006.8813937425775
2021,1798,1006.8813937425775
2022,1798,1013.7627839261812
2023,1798,1013.7627839261812
2024,1798,1020.6441753173438
2025,1798,1013.7627839261812
2016,1799,1006.8813923817282
2017,1799,999.9999999999959
2018,1799,999.9999999999959
2019,1799,1013.2003222392226
2020,1799,1013.2003222392226
2021,1799,1006.8813923817282
2022,1799,1013.7627812047903
2023,1799,1020.6441712350818
2024,1799,1020.6441712350818
2025,1799,1013.7627812047903
2016,1800,1006.8813910216197
2017,1800,1000.0000000000219
2018,1800,1000.0000000000219
2019,1800,1013.7627784840597
2020,1800,1013.7627784840597
2021,1800,1006.8813910216197
2022,1800,1013.7627784840597
2023,1800,1020.6441671537292
2024,1800,1020.6441671537292
2025,1800,1020.6441671537292
2016,1801,1006.8813896618021
2017,1801,1000.0000000000234
2018,1801,1000.0000000000234
2019,1801,1013.762775764508
2020,1801,1013.762775764508
2021,1801,1006.8813896618021
2022,1801,1013.762775764508
2023,1801,1020.6441630735301
2024,1801,1020.6441630735301
2025,1801,1020.6441630735301
2016,1802,1006.8813883003401
2017,1802,999.9999999999922
2018,1802,999.9999999999922
2019,1802,1013.7627730417743
2020,1802,1006.8813883003401
2021,1802,1006.8813883003401
2022,1802,1013.7627730417743
2023,1802,1020.6441589908519
2024,1802,1020.6441589908519
2025,1802,1020.6441589908519
2016,1803,1013.2002861340706
2017,1803,999.9999999999719
2018,1803,999.9999999999719
2019,1803,1013.7627703212048
2020,1803,1013.2002861340706
2021,1803,1013.2002861340706
2022,1803,1013.7627703212048
2023,1803,1020.6441549090148
2024,1803,1020.6441549090148
2025,1803,1020.6441549090148
2016,1804,1019.0616107429275
2017,1804,999.9999999999841
2018,1804,999.9999999999841
2019,1804,1019.0616200423273
2020,1804,1019.0616107429275
2021,1804,1019.0616107429275
2022,1804,1019.0616200423273
2023,1804,1028.5924357796425
2024,1804,1028.5924357796425
2025,1804,1028.5924357796425
2016,1805,1006.8813838160862
2017,1805,1000.0000000001004
2018,1805,1000.0000000001004
2019,1805,1013.2002673083063
2020,1805,1006.8813838160862
2021,1805,1006.8813838160862
2022,1805,1006.8813838160862
2023,1805,1013.7627640729879
2024,1805,1013.7627640729879
2025,1805,1013.7627640729879
2016,1806,1006.8813824561552
2017,1806,1000.0000000000656
2018,1806,1000.0000000000656
2019,1806,1013.7627613534156
2020,1806,1006.8813824561552
2021,1806,1013.2002582820106
2022,1806,1006.8813824561552
2023,1806,1013.7627613534156
2024,1806,1020.6441414569923
2025,1806,1020.6441414569923
2016,1807,1006.8813810951938
2017,1807,1000.0000000000056
2018,1807,1000.0000000000056
2019,1807,1013.7627586317118
2020,1807,1006.8813810951938
2021,1807,1013.7627586317118
2022,1807,1013.2002492540936
2023,1807,1013.7627586317118
2024,1807,1020.6441373752891
2025,1807,1020.6441373752891
2016,1808,1013.2002402277902
2017,1808,999.9999999999908
2018,1808,999.9999999999908
2019,1808,1013.762755910476
2020,1808,1013.2002402277902
2021,1808,1013.762755910476
2022,1808,1013.762755910476
2023,1808,1020.6441332932413
2024,1808,1020.6441332932413
2025,1808,1026.4004682802158
2016,1809,1019.0615676183248
2017,1809,1000.0000000000249
2018,1809,1000.0000000000249
2019,1809,1019.061576917838
2020,1809,1019.0615676183248
2021,1809,1019.061576917838
2022,1809,1019.061576917838
2023,1809,1028.5923505892176
2024,1809,1028.5923710943496
2025,1809,1028.5923710943496
2016,1810,1006.8813766110096
2017,1810,1000.0000000000308
2018,1810,1000.0000000000308
2019,1810,1006.8813766110096
2020,1810,1006.8813766110096
2021,1810,1006.8813766110096
2022,1810,1013.2002214011825
2023,1810,1013.7627496626603
2024,1810,1013.7627496626603
2025,1810,1020.6441239208823
2016,1811,1006.8813752507845
2017,1811,1000.0000000000118
2018,1811,1000.0000000000118
2019,1811,1006.8813752507845
2020,1811,1006.8813752507845
2021,1811,1006.8813752507845
2022,1811,1013.7627469425579
2023,1811,1013.7627469425579
2024,1811,1013.7627469425579
2025,1811,1020.6441198402443
2016,1812,1009.5307733920296
2017,1812,1000.0000000000431
2018,1812,1000.0000000000431
2019,1812,1009.5307733920296
2020,1812,1009.5307733920296
2021,1812,1009.5307733920296
2022,1812,1019.061550597615
2023,1812,1019.061550597615
2024,1812,1019.061550597615
2025,1812,1028.5923316129551
2016,1813,1000.0000000000915
2017,1813,1000.0000000000915
2018,1813,1000.0000000000915
2019,1813,1006.8813666844716
2020,1813,1000.0000000000915
2021,1813,1006.8813666844716
2022,1813,1006.8813666844716
2023,1813,1013.7627298092058
2024,1813,1013.7627298092058
2025,1813,1020.6440941413172
2016,1814,1006.881365323938
2017,1814,999.9999999999804
2018,1814,999.9999999999804
2019,1814,1006.881365323938
2020,1814,1006.881365323938
2021,1814,1006.881365323938
2022,1814,1006.881365323938
2023,1814,1013.7627270886524
2024,1814,1013.7627270886524
2025,1814,1020.6440900600973
2016,1815,1006.8813639630876
2017,1815,999.9999999999958
2018,1815,999.9999999999958
2019,1815,1006.8813639630876
2020,1815,1006.8813639630876
2021,1815,1006.8813639630876
2022,1815,1006.8813639630876
2023,1815,1013.7627243675093
2024,1815,1013.7627243675093
2025,1815,1020.6440859785025
2016,1816,1000.0000000000792
2017,1816,1000.0000000000792
2018,1816,1000.0000000000792
2019,1816,1000.0000000000792
2020,1816,1000.0000000000792
2021,1816,1000.0000000000792
2022,1816,1000.0000000000792
2023,1816,1009.9459684741828
2024,1816,1009.9459684741828
2025,1816,1029.8379010809253
2016,1817,1009.9459668907276
2017,1817,999.999999999889
2018,1817,999.999999999889
2019,1817,1009.9459668907276
2020,1817,1009.9459668907276
2021,1817,1009.9459668907276
2022,1817,1009.9459668907276
2023,1817,1019.8919345006033
2024,1817,1019.8919345006033
2025,1817,1039.7838718751354
2016,1818,1013.7627232611845
2017,1818,1000.0000000000754
2018,1818,1000.0000000000754
2019,1818,1013.7627232611845
2020,1818,1013.7627232611845
2021,1818,1013.7627232611845
2022,1818,1013.7627232611845
2023,1818,1020.6440843195059
2024,1818,1020.6440843195059
2025,1818,1034.4068009897528
2016,1819,1000.0000000000516
2017,1819,1000.0000000000516
2018,1819,1000.0000000000516
2019,1819,1013.7627205407329
2020,1819,1013.7627205407329
2021,1819,1013.7627205407329
2022,1819,1013.7627205407329
2023,1819,1020.6440802384685
2024,1819,1020.6440802384685
2025,1819,1034.4067941875442
2016,1820,985.6245919389178
2017,1820,999.9999999999627
2018,1820,999.9999999999627
2019,1820,1006.8813606897376
2020,1820,1006.8813606897376
2021,1820,1006.8813606897376
2022,1820,1006.8813606897376
2023,1820,1020.6440761577747
2024,1820,1020.6440761577747
2025,1820,1034.4067873863169
2016,1821,971.2491803902717
2017,1821,999.9999999999621
2018,1821,999.9999999999621
2019,1821,1006.8813593290008
2020,1821,1006.8813593290008
2021,1821,1006.8813593290008
2022,1821,1006.8813593290008
2023,1821,1014.3754194654591
2024,1821,1014.3754194654591
2025,1821,1028.7508449821555
2016,1822,965.5932024548554
2017,1822,1000.0000000001023
2018,1822,1000.0000000001023
2019,1822,1006.881357969271
2020,1822,1006.881357969271
2021,1822,1006.881357969271
2022,1822,1006.881357969271
2023,1822,1006.881357969271
2024,1822,1013.7627123787829
2025,1822,1020.6440679952688
2016,1823,965.5932092553415
2017,1823,999.9999999999616
2018,1823,999.9999999999616
2019,1823,1006.8813566082108
2020,1823,1006.8813566082108
2021,1823,1006.8813566082108
2022,1823,1006.8813566082108
2023,1823,1006.8813566082108
2024,1823,1013.7627096568879
2025,1823,1020.6440639130384
2016,1824,950.2701534076845
2017,1824,1000.0000000000608
2018,1824,1000.0000000000608
2019,1824,1009.9459714745761
2020,1824,1009.9459714745761
2021,1824,1009.9459714745761
2022,1824,1009.9459714745761
2023,1824,1009.9459714745761
2024,1824,1019.8919436685954
2025,1824,1019.8919436685954
2016,1825,979.3559321495861
2017,1825,1000.0000000000541
2018,1825,1000.0000000000541
2019,1825,1013.7627077445999
2020,1825,1013.7627077445999
2021,1825,1013.7627077445999
2022,1825,1013.7627077445999
2023,1825,1013.7627077445999
2024,1825,1020.6440610448522
2025,1825,1020.6440610448522
2016,1826,979.355936229852
2017,1826,1000.0000000000321
2018,1826,1000.0000000000321
2019,1826,1013.7627050240926
2020,1826,1013.7627050240926
2021,1826,1013.7627050240926
2022,1826,1013.7627050240926
2023,1826,1013.7627050240926
2024,1826,1020.644056963311
2025,1826,1020.644056963311
2016,1827,970.1620841348351
2017,1827,1000.0000000000938
2018,1827,1000.0000000000938
2019,1827,1009.945975557817
2020,1827,1009.9459733923221
2021,1827,1019.8919475031231
2022,1827,1019.8919475031231
2023,1827,1019.8919475031231
2024,1827,1019.8919475031231
2025,1827,1019.8919511986672
2016,1828,986.7999266496772
2017,1828,1000.0000000000715
2018,1828,1000.0000000000715
2019,1828,1014.3754449997092
2020,1828,1013.7627031121573
2021,1828,1020.6440540944858
2022,1828,1020.6440540944858
2023,1828,1020.6440540944858
2024,1828,1020.6440540944858
2025,1828,1027.5254019835047
2016,1829,999.9999999999197
2017,1829,999.9999999999197
2018,1829,999.9999999999197
2019,1829,1013.7627003904076
2020,1829,1013.7627003904076
2021,1829,1020.6440500135403
2022,1829,1020.6440500135403
2023,1829,1020.6440500135403
2024,1829,1020.6440500135403
2025,1829,1020.6440500135403
2016,1830,1013.2000431893133
2017,1830,999.9999999999025
2018,1830,999.9999999999025
2019,1830,1013.7626976700104
2020,1830,1013.7626976700104
2021,1830,1014.3754545398219
2022,1830,1014.3754545398219
2023,1830,1020.6440459319658
2024,1830,1020.6440459319658
2025,1830,1020.6440459319658
2016,1831,1013.7626949495354
2017,1831,1000.0000000000542
2018,1831,1000.0000000000542
2019,1831,1006.881349254666
2020,1831,1013.7626949495354
2021,1831,1000.0000000000542
2022,1831,1013.7626949495354
2023,1831,1014.3754593088692
2024,1831,1020.6440418513791
2025,1831,1014.3754593088692
2016,1832,1013.7626922293946
2017,1832,1000.0000000000209
2018,1832,1000.0000000000209
2019,1832,1000.0000000000209
2020,1832,1006.8813478942924
2021,1832,993.1186537780097
2022,1832,1000.0000000000209
2023,1832,1013.7626922293946
2024,1832,1014.3754640773485
2025,1832,1013.7626922293946
2016,1833,1009.9459773103982
2017,1833,1000.0000000000446
2018,1833,1000.0000000000446
2019,1833,1000.0000000000446
2020,1833,1000.0000000000446
2021,1833,990.0540234080295
2022,1833,1000.0000000000446
2023,1833,1009.9459773103982
2024,1833,1019.8919553400216
2025,1833,1019.8919553400216
2016,1834,1013.762690315008
2017,1834,1000.0000000000344
2018,1834,1000.0000000000344
2019,1834,1000.0000000000344
2020,1834,1000.0000000000344
2021,1834,1000.0000000000344
2022,1834,1006.8813469373923
2023,1834,1013.762690315008
2024,1834,1020.644034900097
2025,1834,1020.644034900097
2016,1835,1006.8813455777077
2017,1835,1000.0000000000318
2018,1835,1000.0000000000318
2019,1835,1000.0000000000318
2020,1835,1000.0000000000318
2021,1835,1000.0000000000318
2022,1835,1006.8813455777077
2023,1835,1006.8813455777077
2024,1835,1014.3754744608232
2025,1835,1014.3754744608232
2016,1836,1009.945979228392
2017,1836,999.9999999999932
2018,1836,999.9999999999932
2019,1836,999.9999999999932
2020,1836,999.9999999999932
2021,1836,999.9999999999932
2022,1836,999.9999999999932
2023,1836,1009.945979228392
2024,1836,1019.891959175361
2025,1836,1019.891959175361
2016,1837,1013.7626856830077
2017,1837,1000.0000000000832
2018,1837,1000.0000000000832
2019,1837,1006.8813446214589
2020,1837,1006.8813446214589
2021,1837,1000.0000000000832
2022,1837,1006.8813446214589
2023,1837,1013.7626856830077
2024,1837,1020.6440279517856
2025,1837,1020.6440279517856
2016,1838,1009.9459804788426
2017,1838,1000.0000000000463
2018,1838,1000.0000000000463
2019,1838,1000.0000000000463
2020,1838,1000.0000000000463
2021,1838,990.0540174377184
2022,1838,1009.9459804788426
2023,1838,1009.945982644803
2024,1838,1019.8919616771412
2025,1838,1019.8919616771412
2016,1839,1013.7626837700465
2017,1839,1000.0000000000217
2018,1839,1000.0000000000217
2019,1839,1000.0000000000217
2020,1839,1006.8813436651491
2021,1839,986.2373124544599
2022,1839,1013.7626837700465
2023,1839,1014.3754856874243
2024,1839,1020.6440250823321
2025,1839,1020.6440250823321
2016,1840,1019.8919641806866
2017,1840,999.9999999999814
2018,1840,999.9999999999814
2019,1840,999.9999999999814
2020,1840,999.9999999999814
2021,1840,980.1080386965893
2022,1840,999.9999999999814
2023,1840,1009.9459817303491
2024,1840,1009.9459838960768
2025,1840,1009.9459838960768
2016,1841,1019.8919690440807
2017,1841,999.9999999999947
2018,1841,999.9999999999947
2019,1841,999.9999999999947
2020,1841,1009.9459823140488
2021,1841,990.05401840591
2022,1841,1009.9459823140488
2023,1841,1009.9459844804736
2024,1841,1009.9459844804736
2025,1841,1009.9459844804736
2016,1842,1029.8379508527228
2017,1842,1000.0000000001054
2018,1842,1000.0000000001054
2019,1842,1000.0000000001054
2020,1842,1009.9459850640238
2021,1842,1000.0000000001054
2022,1842,1009.9459850640238
2023,1842,1009.9459850640238
2024,1842,1019.8919665164568
2025,1842,1009.9459850640238
2016,1843,1039.7839382433754
2017,1843,1000.0000000000122
2018,1843,1000.0000000000122
2019,1843,1000.0000000000122
2020,1843,1009.94598564785
2021,1843,1000.0000000000122
2022,1843,1009.94598564785
2023,1843,1009.94598564785
2024,1843,1029.8379526036874
2025,1843,1019.8919676837363
2016,1844,1034.4067035394648
2017,1844,999.9999999999055
2018,1844,999.9999999999055
2019,1844,999.9999999999055
2020,1844,1014.3754938368611
2021,1844,1006.881343921574
2022,1844,1014.3754938368611
2023,1844,1014.3754938368611
2024,1844,1027.5253643248816
2025,1844,1020.6440258507663
2016,1845,1057.1840757755613
2017,1845,1000.0000000000232
2018,1845,1000.0000000000232
2019,1845,1000.0000000000232
2020,1845,1038.1227019366559
2021,1845,1009.5306697654439
2022,1845,1038.1227019366559
2023,1845,1047.6533869493687
2024,1845,1066.7147684109293
2025,1845,1066.7147684109293
2016,1846,1047.6533631486739
2017,1846,1000.0000000000106
2018,1846,1000.0000000000106
2019,1846,1000.0000000000106
2020,1846,1009.530665005388
2021,1846,1009.5306625400991
2022,1846,1009.530665005388
2023,1846,1009.530665005388
2024,1846,1028.5920064546056
2025,1846,1019.0613338247107
2016,1847,1028.591992174365
2017,1847,1000.0000000000106
2018,1847,1000.0000000000106
2019,1847,1000.0000000000106
2020,1847,1009.5306577799421
2021,1847,1009.5306577799421
2022,1847,1009.5306577799421
2023,1847,1009.5306577799421
2024,1847,1019.0613243045104
2025,1847,1019.0613150027798
2016,1848,1019.0613147841977
2017,1848,1000.0000000000143
2018,1848,1000.0000000000143
2019,1848,1000.0000000000143
2020,1848,1009.5306530196698
2021,1848,1000.0000000000143
2022,1848,1009.5306530196698
2023,1848,1009.5306530196698
2024,1848,1009.5306554849589
2025,1848,1019.0613054822342
2016,1849,1019.0612959615729
2017,1849,1000.0000000000217
2018,1849,1000.0000000000217
2019,1849,1000.0000000000217
2020,1849,1009.5306482592847
2021,1849,1000.0000000000217
2022,1849,1009.5306482592847
2023,1849,1009.5306482592847
2024,1849,1009.5306482592847
2025,1849,1019.0612959615729
2016,1850,1019.0612864410526
2017,1850,1000.0000000000475
2018,1850,1000.0000000000475
2019,1850,1000.0000000000475
2020,1850,1000.0000000000475
2021,1850,1000.0000000000475
2022,1850,1000.0000000000475
2023,1850,1009.5306434990374
2024,1850,1009.5306434990374
2025,1850,1019.0612864410526
2016,1851,1013.1999175855955
2017,1851,1000.0000000000189
2018,1851,1000.0000000000189
2019,1851,1000.0000000000189
2020,1851,1000.0000000000189
2021,1851,1000.0000000000189
2022,1851,1000.0000000000189
2023,1851,1006.8813319748385
2024,1851,1006.8813319748385
2025,1851,1006.8813319748385
2016,1852,1013.7626576705701
2017,1852,999.9999999999486
2018,1852,999.9999999999486
2019,1852,999.9999999999486
2020,1852,999.9999999999486
2021,1852,1006.8813306152524
2022,1852,999.9999999999486
2023,1852,1006.8813306152524
2024,1852,1006.8813306152524
2025,1852,1013.1999085604878
2016,1853,1013.7626549504258
2017,1853,1000.0000000000069
2018,1853,1000.0000000000069
2019,1853,1000.0000000000069
2020,1853,1000.0000000000069
2021,1853,1006.8813292553741
2022,1853,1000.0000000000069
2023,1853,1006.8813292553741
2024,1853,1006.8813292553741
2025,1853,1013.7626549504258
2016,1854,1487.3542204373484
2017,1854,1447.5701377004227
2018,1854,1447.5701377004227
2019,1854,1447.5701377004227
2020,1854,1407.7860664736825
2021,1854,1457.5161573058078
2022,1854,1407.7860664736825
2023,1854,1457.5161573058078
2024,1854,1477.4081986743854
2025,1854,1447.5701377004227
2016,1855,1507.2462959495585
2017,1855,1477.4082267452418
2018,1855,1477.4082267452418
2019,1855,1477.4082267452418
2020,1855,1467.4622051157544
2021,1855,1477.4082267452418
2022,1855,1457.51618420507
2023,1855,1487.3542490937673
2024,1855,1497.3002721613295
2025,1855,1477.4082267452418
2016,1856,1027.525303451645
2017,1856,999.9999999999998
2018,1856,999.9999999999998
2019,1856,999.9999999999998
2020,1856,999.9999999999998
2021,1856,999.9999999999998
2022,1856,1013.762653846271
2023,1856,1014.3755381631212
2024,1856,1020.6439801961491
2025,1856,1020.6439801961491
2016,1857,1027.525298010617
2017,1857,999.9999999999732
2018,1857,999.9999999999732
2019,1857,993.1186743291294
2020,1857,999.9999999999732
2021,1857,999.9999999999732
2022,1857,1006.8813273425037
2023,1857,1006.8813273425037
2024,1857,1014.375542930611
2025,1857,1014.375542930611
2016,1858,1038.122508153511
2017,1858,1000.0000000000184
2018,1858,1000.0000000000184
2019,1858,990.4693824906933
2020,1858,990.4693824906933
2021,1858,980.9387687927555
2022,1858,1009.5306213222441
2023,1858,1009.5306213222441
2024,1858,1028.5918753982903
2025,1858,1028.5918753982903
2016,1859,1028.5918611166005
2017,1859,999.9999999999559
2018,1859,999.9999999999559
2019,1859,990.4693853452677
2020,1859,990.4693853452677
2021,1859,980.9387701308109
2022,1859,990.469387251018
2023,1859,990.469387251018
2024,1859,999.9999999999559
2025,1859,999.9999999999559
2016,1860,1009.5306118012144
2017,1860,999.9999999999989
2018,1860,999.9999999999989
2019,1860,990.4693901059309
2020,1860,990.4693901059309
2021,1860,980.9387796520942
2022,1860,990.4693901059309
2023,1860,990.4693901059309
2024,1860,999.9999999999989
2025,1860,999.9999999999989
2016,1861,1009.5306045750435
2017,1861,999.9999999999671
2018,1861,999.9999999999671
2019,1861,990.4693948664026
2020,1861,990.4693948664026
2021,1861,980.938789173186
2022,1861,990.4693948664026
2023,1861,990.4693948664026
2024,1861,999.9999999999671
2025,1861,999.9999999999671
2016,1862,1009.5305998144597
2017,1862,1000.0000000000031
2018,1862,1000.0000000000031
2019,1862,990.4693996269422
2020,1862,990.4693996269422
2021,1862,980.9387986942321
2022,1862,990.4693996269422
2023,1862,990.4693996269422
2024,1862,1000.0000000000031
2025,1862,1000.0000000000031
2016,1863,1009.5305950537835
2017,1863,999.9999999999498
2018,1863,999.9999999999498
2019,1863,999.9999999999498
2020,1863,999.9999999999498
2021,1863,980.9388082154187
2022,1863,990.4694043875089
2023,1863,990.4694043875089
2024,1863,999.9999999999498
2025,1863,999.9999999999498
2016,1864,1009.5305902932097
2017,1864,999.999999999996
2018,1864,999.999999999996
2019,1864,999.999999999996
2020,1864,999.999999999996
2021,1864,980.9388177367078
2022,1864,990.469409148178
2023,1864,990.469409148178
2024,1864,999.999999999996
2025,1864,999.999999999996
2016,1865,1009.5305855326895
2017,1865,999.9999999999794
2018,1865,999.9999999999794
2019,1865,999.9999999999794
2020,1865,999.9999999999794
2021,1865,980.9388272580446
2022,1865,990.4694139090142
2023,1865,990.4694139090142
2024,1865,999.9999999999794
2025,1865,999.9999999999794
2016,1866,1026.399578989252
2017,1866,1000.0000000000653
2018,1866,1000.0000000000653
2019,1866,1000.0000000000653
2020,1866,1013.1997955844107
2021,1866,973.6003724406908
2022,1866,986.800192309265
2023,1866,986.800192309265
2024,1866,1000.0000000000653
2025,1866,1000.0000000000653
2016,1867,1028.5917280312444
2017,1867,999.9999999999836
2018,1867,999.9999999999836
2019,1867,1009.5305765696291
2020,1867,1019.0611525810195
2021,1867,999.9999999999836
2022,1867,999.9999999999836
2023,1867,999.9999999999836
2024,1867,1009.5305765696291
2025,1867,1009.5305765696291
2016,1868,1028.5917137491656
2017,1868,999.999999999993
2018,1868,999.999999999993
2019,1868,1009.5305718089027
2020,1868,1019.0611430595601
2021,1868,999.999999999993
2022,1868,999.999999999993
2023,1868,999.999999999993
2024,1868,1009.5305718089027
2025,1868,1009.5305718089027
2016,1869,1028.5916994668398
2017,1869,999.9999999999944
2018,1869,999.9999999999944
2019,1869,1009.5305670482848
2020,1869,1019.0611335382031
2021,1869,999.9999999999944
2022,1869,999.9999999999944
2023,1869,999.9999999999944
2024,1869,1009.5305670482848
2025,1869,1009.5305670482848
2016,1870,1028.5916851846405
2017,1870,1000.0000000000025
2018,1870,1000.0000000000025
2019,1870,1009.5305622874403
2020,1870,1019.0611240165067
2021,1870,1000.0000000000025
2022,1870,1000.0000000000025
2023,1870,1000.0000000000025
2024,1870,1009.5305622874403
2025,1870,1019.0611240165067
2016,1871,1028.5916709023138
2017,1871,1000.0000000000027
2018,1871,1000.0000000000027
2019,1871,1000.0000000000027
2020,1871,1019.0611144950353
2021,1871,1000.0000000000027
2022,1871,1000.0000000000027
2023,1871,1000.0000000000027
2024,1871,1009.5305575267049
2025,1871,1019.0611144950353
2016,1872,1020.6438991438841
2017,1872,999.999999999932
2018,1872,999.999999999932
2019,1872,993.1186999867934
2020,1872,1006.88130168583
2021,1872,999.999999999932
2022,1872,999.999999999932
2023,1872,999.999999999932
2024,1872,1013.1997375418732
2025,1872,1020.6438991438841
2016,1873,1028.5916645280633
2017,1873,1000.0000000000041
2018,1873,1000.0000000000041
2019,1873,990.4694527811768
2020,1873,1009.5305510306841
2021,1873,1000.0000000000041
2022,1873,1000.0000000000041
2023,1873,1000.0000000000041
2024,1873,1019.0610965698543
2025,1873,1028.5916440165236
2016,1874,1019.061096350402
2017,1874,999.999999999943
2018,1874,999.999999999943
2019,1874,990.4694556361007
2020,1874,990.4694575418509
2021,1874,999.999999999943
2022,1874,999.999999999943
2023,1874,999.999999999943
2024,1874,1019.0610870480893
2025,1874,1019.061096350402
2016,1875,1019.0610775264478
2017,1875,1000.000000000008
2018,1875,1000.000000000008
2019,1875,990.4694603970175
2020,1875,990.4694603970175
2021,1875,1000.000000000008
2022,1875,1000.000000000008
2023,1875,1000.000000000008
2024,1875,1019.0610775264478
2025,1875,1019.0610775264478
2016,1876,1019.0610680045542
2017,1876,1000.0000000000505
2018,1876,1000.0000000000505
2019,1876,990.4694651580281
2020,1876,990.4694651580281
2021,1876,1000.0000000000505
2022,1876,1000.0000000000505
2023,1876,1000.0000000000505
2024,1876,1019.0610680045542
2025,1876,1019.0610680045542
2016,1877,1019.0610584826641
2017,1877,999.9999999999833
2018,1877,999.9999999999833
2019,1877,999.9999999999833
2020,1877,990.469469918932
2021,1877,999.9999999999833
2022,1877,999.9999999999833
2023,1877,999.9999999999833
2024,1877,1019.0610584826641
2025,1877,1019.0610584826641
2016,1878,1019.0610489608362
2017,1878,999.9999999999723
2018,1878,999.9999999999723
2019,1878,999.9999999999723
2020,1878,999.9999999999723
2021,1878,999.9999999999723
2022,1878,999.9999999999723
2023,1878,999.9999999999723
2024,1878,1019.0610489608362
2025,1878,1019.0610489608362
2016,1879,641.943632314919
2017,1879,1059.6759706259302
2018,1879,1059.6759706259302
2019,1879,1069.621963210973
2020,1879,1059.6759671711507
2021,1879,1059.6759706259302
2022,1879,1059.6759706259302
2023,1879,1059.6759706259302
2024,1879,631.9976087903145
2025,1879,641.943632314919
2016,1880,1009.5305194395276
2017,1880,999.9999999999942
2018,1880,999.9999999999942
2019,1880,999.9999999999942
2020,1880,999.9999999999942
2021,1880,999.9999999999942
2022,1880,999.9999999999942
2023,1880,999.9999999999942
2024,1880,1009.5305194395276
2025,1880,1009.5305194395276
2016,1881,1009.5305146785555
2017,1881,999.9999999999931
2018,1881,999.9999999999931
2019,1881,1009.5305146785555
2020,1881,999.9999999999931
2021,1881,999.9999999999931
2022,1881,999.9999999999931
2023,1881,999.9999999999931
2024,1881,1009.5305146785555
2025,1881,1009.5305146785555
2016,1882,681.7277325932598
2017,1882,1089.5139424669076
2018,1882,1089.5139424669076
2019,1882,1099.45993247749
2020,1882,1079.56795222068
2021,1882,1238.7037170790104
2022,1882,1089.5139424669076
2023,1882,1089.5139424669076
2024,1882,671.7817123656449
2025,1882,681.7277325932598
2016,1883,1009.5305093591539
2017,1883,999.9999999999746
2018,1883,999.9999999999746
2019,1883,999.9999999999746
2020,1883,999.9999999999746
2021,1883,999.9999999999746
2022,1883,999.9999999999746
2023,1883,999.9999999999746
2024,1883,1009.5305093591539
2025,1883,1009.5305093591539
2016,1884,1009.5305045979269
2017,1884,999.9999999999517
2018,1884,999.9999999999517
2019,1884,999.9999999999517
2020,1884,1009.5305045979269
2021,1884,999.9999999999517
2022,1884,999.9999999999517
2023,1884,999.9999999999517
2024,1884,1009.5305045979269
2025,1884,1009.5305045979269
2016,1885,1077.4697771309911
2017,1885,1169.0818353067539
2018,1885,1169.0818353067539
2019,1885,1258.595663944216
2020,1885,1258.595663944216
2021,1885,1258.5958143743683
2022,1885,1248.6496858623286
2023,1885,1248.6496858623286
2024,1885,1077.4697771309911
2025,1885,1077.4697771309911
2016,1886,1009.5304992760621
2017,1886,1000.0000000000323
2018,1886,1000.0000000000323
2019,1886,1000.0000000000323
2020,1886,1000.0000000000323
2021,1886,1000.0000000000323
2022,1886,1000.0000000000323
2023,1886,1000.0000000000323
2024,1886,1009.5304992760621
2025,1886,1000.0000000000323
2016,1887,1109.4059116636051
2017,1887,1268.541627782907
2018,1887,1268.541627782907
2019,1887,1278.4876039258381
2020,1887,1268.5417925875183
2021,1887,1268.5417925875183
2022,1887,1258.5958013522531
2023,1887,1258.5958013522531
2024,1887,1258.5956509214031
2025,1887,1258.5956509214031
2016,1888,999.9999999999693
2017,1888,999.9999999999693
2018,1888,999.9999999999693
2019,1888,999.9999999999693
2020,1888,999.9999999999693
2021,1888,999.9999999999693
2022,1888,999.9999999999693
2023,1888,999.9999999999693
2024,1888,1009.5304939552165
2025,1888,999.9999999999693
2016,1889,1258.5956379105755
2017,1889,1288.4335648388142
2018,1889,1288.4335648388142
2019,1889,1288.433760284938
2020,1889,1288.4335648388142
2021,1889,1288.4335648388142
2022,1889,1278.487589915804
2023,1889,1278.487589915804
2024,1889,1268.5417790650945
2025,1889,1268.5417790650945
2016,1890,1000.000000000011
2017,1890,1000.000000000011
2018,1890,1000.000000000011
2019,1890,1000.000000000011
2020,1890,1000.000000000011
2021,1890,1000.000000000011
2022,1890,1000.000000000011
2023,1890,1000.000000000011
2024,1890,1009.5304886343637
2025,1890,1009.5304886343637
2016,1891,1009.5304838732086
2017,1891,999.9999999999443
2018,1891,999.9999999999443
2019,1891,999.9999999999443
2020,1891,999.9999999999443
2021,1891,1009.5304838732086
2022,1891,999.9999999999443
2023,1891,1009.5304838732086
2024,1891,1009.5304838732086
2025,1891,1019.0609671883341
2016,1892,1019.0609576660676
2017,1892,999.9999999999685
2018,1892,999.9999999999685
2019,1892,999.9999999999685
2020,1892,999.9999999999685
2021,1892,1009.5304791121442
2022,1892,999.9999999999685
2023,1892,1009.5304791121442
2024,1892,1019.0609576660676
2025,1892,1019.0609576660676
2016,1893,1288.4337505901321
2017,1893,1318.2717207924509
2018,1893,1318.2717207924509
2019,1893,1318.2717207924509
2020,1893,1318.2717207924509
2021,1893,1318.2717207924509
2022,1893,1308.3257308084487
2023,1893,1308.3257308084487
2024,1893,1298.3797407410875
2025,1893,1298.3797407410875
2016,1894,1009.530473792798
2017,1894,1000.0000000000023
2018,1894,1000.0000000000023
2019,1894,1000.0000000000023
2020,1894,1000.0000000000023
2021,1894,1000.0000000000023
2022,1894,1000.0000000000023
2023,1894,1000.0000000000023
2024,1894,1009.530473792798
2025,1894,1009.530473792798
2016,1895,1308.325486672572
2017,1895,1328.2176941666983
2018,1895,1328.2176941666983
2019,1895,1328.2176941666983
2020,1895,1328.2176941666983
2021,1895,1328.2176941666983
2022,1895,1328.2174298166362
2023,1895,1318.2717047664755
2024,1895,1318.2714586040063
2025,1895,1318.2714586040063
2016,1896,999.999999999957
2017,1896,999.999999999957
2018,1896,999.999999999957
2019,1896,999.999999999957
2020,1896,990.4695309684038
2021,1896,999.999999999957
2022,1896,999.999999999957
2023,1896,999.999999999957
2024,1896,1009.5304684704613
2025,1896,1009.5304684704613
2016,1897,1328.2174132943687
2017,1897,1348.1093525616939
2018,1897,1348.1093525616939
2019,1897,1348.1093525616939
2020,1897,1348.1093525616939
2021,1897,1338.1636664580865
2022,1897,1348.1093525616939
2023,1897,1338.1633832877826
2024,1897,1338.1633832877826
2025,1897,1328.2176776418685
2016,1898,999.9999999999495
2017,1898,999.9999999999495
2018,1898,999.9999999999495
2019,1898,999.9999999999495
2020,1898,980.9390815426741
2021,1898,990.469541051778
2022,1898,990.469541051778
2023,1898,999.9999999999495
2024,1898,1009.530458388236
2025,1898,1009.530458388236
2016,1899,1009.5304536272562
2017,1899,1000.000000000056
2018,1899,1000.000000000056
2019,1899,1000.000000000056
2020,1899,980.9390910655352
2021,1899,990.4695458132037
2022,1899,990.4695458132037
2023,1899,1000.000000000056
2024,1899,1009.5304536272562
2025,1899,1009.5304536272562
2016,1900,1009.5304488658726
2017,1900,999.9999999999943
2018,1900,999.9999999999943
2019,1900,999.9999999999943
2020,1900,980.9391005880038
2021,1900,990.4695505744637
2022,1900,980.9391087721735
2023,1900,999.9999999999943
2024,1900,1009.5304488658726
2025,1900,1009.5304488658726
2016,1901,1013.1995164416927
2017,1901,1000.000000000078
2018,1901,1000.000000000078
2019,1901,1000.000000000078
2020,1901,973.6009307172577
2021,1901,986.800471448962
2022,1901,979.3562189919037
2023,1901,1000.000000000078
2024,1901,1013.1995164416927
2025,1901,1006.8812600372589
2016,1902,1019.0608792460926
2017,1902,1000.0000000000082
2018,1902,1000.0000000000082
2019,1902,1000.0000000000082
2020,1902,990.4695595360328
2021,1902,1000.0000000000082
2022,1902,990.4695595360328
2023,1902,1009.5304399027017
2024,1902,1019.0608792460926
2025,1902,1009.5304423684562
2016,1903,1009.5304376074513
2017,1903,999.9999999999783
2018,1903,999.9999999999783
2019,1903,999.9999999999783
2020,1903,990.4695642974407
2021,1903,999.9999999999783
2022,1903,990.4695642974407
2023,1903,1009.5304351413504
2024,1903,1009.5304376074513
2025,1903,1009.5304351413504
2016,1904,1013.1994878054381
2017,1904,1000.000000000042
2018,1904,1000.000000000042
2019,1904,1000.000000000042
2020,1904,986.8005000829253
2021,1904,1000.000000000042
2022,1904,986.8005000829253
2023,1904,1013.1994878054381
2024,1904,1013.1994878054381
2025,1904,1006.8812551474027
2016,1905,1019.0608517983433
2017,1905,999.9999999999776
2018,1905,999.9999999999776
2019,1905,1009.5304261795686
2020,1905,990.4695751686967
2021,1905,1009.5304261795686
2022,1905,990.4695751686967
2023,1905,1019.0608517983433
2024,1905,1019.0608517983433
2025,1905,1009.5304286455561
2016,1906,1009.5304238838237
2017,1906,1000.0000000000322
2018,1906,1000.0000000000322
2019,1906,1000.0000000000322
2020,1906,990.4695780235044
2021,1906,1000.0000000000322
2022,1906,990.4695780235044
2023,1906,1009.5304238838237
2024,1906,1019.0608422755257
2025,1906,1009.5304214181884
2016,1907,1009.5304166565911
2017,1907,999.9999999999886
2018,1907,999.9999999999886
2019,1907,999.9999999999886
2020,1907,990.4695827848984
2021,1907,999.9999999999886
2022,1907,990.4695827848984
2023,1907,1009.5304166565911
2024,1907,1009.5304191221098
2025,1907,1009.5304166565911
2016,1908,1013.1994493648554
2017,1908,1000.000000000059
2018,1908,1000.000000000059
2019,1908,1000.000000000059
2020,1908,986.800538526833
2021,1908,1000.000000000059
2022,1908,986.800538526833
2023,1908,1000.000000000059
2024,1908,1006.8812484934812
2025,1908,1000.000000000059
2016,1909,1019.0608148258559
2017,1909,1000.0000000000479
2018,1909,1000.0000000000479
2019,1909,1000.0000000000479
2020,1909,1000.0000000000479
2021,1909,1009.5304076920794
2022,1909,1000.0000000000479
2023,1909,1009.5304076920794
2024,1909,1009.5304101582997
2025,1909,1000.0000000000479
2016,1910,1009.5304053964986
2017,1910,1000.0000000000332
2018,1910,1000.0000000000332
2019,1910,1000.0000000000332
2020,1910,1000.0000000000332
2021,1910,1000.0000000000332
2022,1910,990.469598416352
2023,1910,1000.0000000000332
2024,1910,1009.5304029305112
2025,1910,1000.0000000000332
2016,1911,1013.1994207256963
2017,1911,999.9999999999981
2018,1911,999.9999999999981
2019,1911,999.9999999999981
2020,1911,993.1187580703445
2021,1911,999.9999999999981
2022,1911,986.8005671641399
2023,1911,999.9999999999981
2024,1911,1006.8812436025698
2025,1911,999.9999999999981
2016,1912,1019.0607873742355
2017,1912,999.9999999999643
2018,1912,999.9999999999643
2019,1912,999.9999999999643
2020,1912,990.4696073801485
2021,1912,999.9999999999643
2022,1912,999.9999999999643
2023,1912,1009.530393966926
2024,1912,1009.530396433379
2025,1912,999.9999999999643
2016,1913,1009.5303916712845
2017,1913,1000.000000000005
2018,1913,1000.000000000005
2019,1913,1000.000000000005
2020,1913,990.469610235058
2021,1913,990.4696121417426
2022,1913,1000.000000000005
2023,1913,1000.000000000005
2024,1913,1009.5303892054163
2025,1913,1000.000000000005
2016,1914,1006.8812387126676
2017,1914,999.9999999999965
2018,1914,999.9999999999965
2019,1914,993.118762960743
2020,1914,986.8005958025923
2021,1914,986.2375223608337
2022,1914,993.118762960743
2023,1914,999.9999999999965
2024,1914,999.9999999999965
2025,1914,999.9999999999965
2016,1915,1009.5303827081306
2017,1915,1000.0000000000146
2018,1915,1000.0000000000146
2019,1915,1000.0000000000146
2020,1915,1000.0000000000146
2021,1915,971.4088747495746
2022,1915,1000.0000000000146
2023,1915,1000.0000000000146
2024,1915,1009.530380241797
2025,1915,1000.0000000000146
2016,1916,1006.8812355872129
2017,1916,999.9999999999761
2018,1916,999.9999999999761
2019,1916,993.1187660856577
2020,1916,993.1187660856577
2021,1916,972.4750529806647
2022,1916,993.1187660856577
2023,1916,999.9999999999761
2024,1916,1006.8812355872129
2025,1916,999.9999999999761
2016,1917,1009.530373745688
2017,1917,1000.0000000000335
2018,1917,1000.0000000000335
2019,1917,1000.0000000000335
2020,1917,1000.0000000000335
2021,1917,971.4089016424491
2022,1917,1000.0000000000335
2023,1917,1000.0000000000335
2024,1917,1009.530373745688
2025,1917,1000.0000000000335
2016,1918,1006.8812324623885
2017,1918,999.99999999996
2018,1918,999.99999999996
2019,1918,999.99999999996
2020,1918,993.1187692118511
2021,1918,972.4750654837567
2022,1918,993.1187692118511
2023,1918,999.99999999996
2024,1918,999.99999999996
2025,1918,999.99999999996
2016,1919,1009.5303647806369
2017,1919,999.9999999999983
2018,1919,999.9999999999983
2019,1919,999.9999999999983
2020,1919,999.9999999999983
2021,1919,961.8785790024862
2022,1919,999.9999999999983
2023,1919,999.9999999999983
2024,1919,1009.5303623143031
2025,1919,999.9999999999983
2016,1920,1000.0000000000593
2017,1920,1000.0000000000593
2018,1920,1000.0000000000593
2019,1920,1000.0000000000593
2020,1920,986.2375555288799
2021,1920,1000.0000000000593
2022,1920,1000.0000000000593
2023,1920,1006.8812221283674
2024,1920,1006.8812221283674
2025,1920,1000.0000000000593
2016,1921,986.2375582500143
2017,1921,1000.000000000053
2018,1921,1000.000000000053
2019,1921,1000.000000000053
2020,1921,986.8007072561513
2021,1921,1000.000000000053
2022,1921,1000.000000000053
2023,1921,1006.8812207674612
2024,1921,1006.8812207674612
2025,1921,1006.8812207674612
2016,1922,986.2375609710932
2017,1922,1000.0000000000215
2018,1922,1000.0000000000215
2019,1922,1000.0000000000215
2020,1922,993.1187822659276
2021,1922,1000.0000000000215
2022,1922,1000.0000000000215
2023,1922,1006.88121940696
2024,1922,1006.88121940696
2025,1922,1013.1992716038844
2016,1923,986.8007253161568
2017,1923,999.9999999999728
2018,1923,999.9999999999728
2019,1923,999.9999999999728
2020,1923,993.1187836268954
2021,1923,999.9999999999728
2022,1923,999.9999999999728
2023,1923,1006.8812180471258
2024,1923,1006.8812180471258
2025,1923,1013.7624325325622
2016,1924,1000.0000000000343
2017,1924,1000.0000000000343
2018,1924,1000.0000000000343
2019,1924,1009.5303191738776
2020,1924,1000.0000000000343
2021,1924,1000.0000000000343
2022,1924,1009.5303191738776
2023,1924,1009.5303216400978
2024,1924,1009.5303216400978
2025,1924,1019.0606470935275
2016,1925,993.1187867525247
2017,1925,999.9999999999532
2018,1925,999.9999999999532
2019,1925,999.9999999999532
2020,1925,993.1187867525247
2021,1925,999.9999999999532
2022,1925,999.9999999999532
2023,1925,999.9999999999532
2024,1925,999.9999999999532
2025,1925,1006.8812149207143
2016,1926,993.1187881132705
2017,1926,999.9999999999998
2018,1926,999.9999999999998
2019,1926,999.9999999999998
2020,1926,993.1187881132705
2021,1926,999.9999999999998
2022,1926,999.9999999999998
2023,1926,999.9999999999998
2024,1926,999.9999999999998
2025,1926,1006.8812135597325
2016,1927,993.1187894734679
2017,1927,999.9999999999792
2018,1927,999.9999999999792
2019,1927,999.9999999999792
2020,1927,993.1187894734679
2021,1927,999.9999999999792
2022,1927,1006.881212199165
2023,1927,1006.881212199165
2024,1927,1006.881212199165
2025,1927,1013.1992256799591
2016,1928,990.469699540573
2017,1928,999.9999999999645
2018,1928,999.9999999999645
2019,1928,1009.5303018066214
2020,1928,990.469699540573
2021,1928,1009.5303018066214
2022,1928,1009.5303042731908
2023,1928,1009.5303042731908
2024,1928,1009.5303042731908
2025,1928,1019.0606030522293
2016,1929,986.2375816379711
2017,1929,1000.0000000000342
2018,1929,1000.0000000000342
2019,1929,1000.0000000000342
2020,1929,986.2375816379711
2021,1929,1000.0000000000342
2022,1929,1000.0000000000342
2023,1929,1000.0000000000342
2024,1929,1000.0000000000342
2025,1929,1006.8812090742834
2016,1930,986.8007900753287
2017,1930,999.9999999999246
2018,1930,999.9999999999246
2019,1930,999.9999999999246
2020,1930,985.6241730488966
2021,1930,999.9999999999246
2022,1930,999.9999999999246
2023,1930,999.9999999999246
2024,1930,1006.881207712842
2025,1930,1006.881207712842
2016,1931,999.9999999999811
2017,1931,999.9999999999811
2018,1931,999.9999999999811
2019,1931,999.9999999999811
2020,1931,999.9999999999811
2021,1931,1006.8811991445109
2022,1931,1006.8811991445109
2023,1931,1006.8811991445109
2024,1931,1006.8811991445109
2025,1931,1013.7623947279712
2016,1932,1006.8811977839016
2017,1932,1000.0000000000284
2018,1932,1000.0000000000284
2019,1932,1006.8811977839016
2020,1932,1006.8811977839016
2021,1932,1006.8811977839016
2022,1932,1006.8811977839016
2023,1932,1006.8811977839016
2024,1932,1006.8811977839016
2025,1932,1013.7623920063019
2016,1933,1006.8811964239017
2017,1933,1000.0000000000634
2018,1933,1000.0000000000634
2019,1933,1006.8811964239017
2020,1933,1006.8811964239017
2021,1933,1006.8811964239017
2022,1933,1006.8811964239017
2023,1933,1006.8811964239017
2024,1933,1006.8811964239017
2025,1933,1013.7623892862672
2016,1934,999.9999999999343
2017,1934,999.9999999999343
2018,1934,999.9999999999343
2019,1934,999.9999999999343
2020,1934,999.9999999999343
2021,1934,1006.8811950622334
2022,1934,1006.8811950622334
2023,1934,1006.8811950622334
2024,1934,1006.8811950622334
2025,1934,1013.7623865638769
2016,1935,993.1188079717664
2017,1935,1000.0000000000265
2018,1935,1000.0000000000265
2019,1935,1000.0000000000265
2020,1935,1000.0000000000265
2021,1935,1006.881193701948
2022,1935,1006.881193701948
2023,1935,1006.881193701948
2024,1935,1006.881193701948
2025,1935,1020.6435751896612
2016,1936,990.4697552882152
2017,1936,999.9999999999584
2018,1936,999.9999999999584
2019,1936,999.9999999999584
2020,1936,999.9999999999584
2021,1936,1009.5302485228558
2022,1936,1009.5302485228558
2023,1936,1009.5302485228558
2024,1936,1009.5302485228558
2025,1936,1028.5907364896402
2016,1937,986.8008999832008
2017,1937,1000.000000000041
2018,1937,1000.000000000041
2019,1937,1000.000000000041
2020,1937,993.1188110969864
2021,1937,1000.000000000041
2022,1937,1000.000000000041
2023,1937,1000.000000000041
2024,1937,1000.000000000041
2025,1937,1013.7623775905996
2016,1938,993.118812457962
2017,1938,1000.0000000000877
2018,1938,1000.0000000000877
2019,1938,1000.0000000000877
2020,1938,993.118812457962
2021,1938,1006.8811892158748
2022,1938,993.118812457962
2023,1938,1006.8811892158748
2024,1938,1006.8811892158748
2025,1938,1013.7623748701044
2016,1939,993.1188138191072
2017,1939,1000.0000000000642
2018,1939,1000.0000000000642
2019,1939,1000.0000000000642
2020,1939,993.1188138191072
2021,1939,1006.8811878547677
2022,1939,1000.0000000000642
2023,1939,1013.199069841781
2024,1939,1006.8811878547677
2025,1939,1013.7623721479986
2016,1940,993.1188151797287
2017,1940,1000.0000000000093
2018,1940,1000.0000000000093
2019,1940,1000.0000000000093
2020,1940,1000.0000000000093
2021,1940,1006.8811864941217
2022,1940,1000.0000000000093
2023,1940,1013.762369426262
2024,1940,1006.8811864941217
2025,1940,1013.762369426262
2016,1941,993.1188165390996
2017,1941,999.999999999991
2018,1941,999.999999999991
2019,1941,999.999999999991
2020,1941,999.999999999991
2021,1941,1006.8811851333127
2022,1941,1006.8811851333127
2023,1941,1013.7623667049918
2024,1941,1006.8811851333127
2025,1941,1013.7623667049918
2016,1942,993.1188179005097
2017,1942,1000.0000000000126
2018,1942,1000.0000000000126
2019,1942,1000.0000000000126
2020,1942,1000.0000000000126
2021,1942,1006.8811837735061
2022,1942,1006.8811837735061
2023,1942,1013.7623639847839
2024,1942,1006.8811837735061
2025,1942,1013.7623639847839
2016,1943,993.1188192611158
2017,1943,999.9999999999553
2018,1943,999.9999999999553
2019,1943,993.1188192611158
2020,1943,999.9999999999553
2021,1943,1006.8811824125415
2022,1943,1006.8811824125415
2023,1943,1013.7623612633257
2024,1943,1006.8811824125415
2025,1943,1013.7623612633257
2016,1944,990.0539860399041
2017,1944,1000.0000000000659
2018,1944,1000.0000000000659
2019,1944,990.0539832364027
2020,1944,1000.0000000000659
2021,1944,1000.0000000000659
2022,1944,1000.0000000000659
2023,1944,1000.0000000000659
2024,1944,1009.9460146799646
2025,1944,1000.0000000000659
2016,1945,999.9999999999864
2017,1945,999.9999999999864
2018,1945,999.9999999999864
2019,1945,999.9999999999864
2020,1945,986.8010189302692
2021,1945,986.8010189302692
2022,1945,986.8010189302692
2023,1945,999.9999999999864
2024,1945,999.9999999999864
2025,1945,999.9999999999864
2016,1946,1013.1989599278077
2017,1946,1000.0000000000504
2018,1946,1000.0000000000504
2019,1946,1000.0000000000504
2020,1946,993.118830954994
2021,1946,993.118830954994
2022,1946,993.118830954994
2023,1946,1000.0000000000504
2024,1946,1006.8811707181101
2025,1946,1006.8811707181101
2016,1947,1019.8920384310762
2017,1947,1000.0000000001155
2018,1947,1000.0000000001155
2019,1947,1000.0000000001155
2020,1947,990.0539818649381
2021,1947,990.0539818649381
2022,1947,990.0539818649381
2023,1947,1000.0000000001155
2024,1947,1009.9460188550298
2025,1947,1009.9460188550298
2016,1948,1020.643503368993
2017,1948,999.9999999999882
2018,1948,999.9999999999882
2019,1948,999.9999999999882
2020,1948,999.9999999999882
2021,1948,999.9999999999882
2022,1948,999.9999999999882
2023,1948,1006.8811697616223
2024,1948,1013.7623359613583
2025,1948,1013.7623359613583
2016,1949,1014.3759647141848
2017,1949,999.9999999999726
2018,1949,999.9999999999726
2019,1949,999.9999999999726
2020,1949,999.9999999999726
2021,1949,999.9999999999726
2022,1949,999.9999999999726
2023,1949,1006.8811684014944
2024,1949,1006.8811684014944
2025,1949,1006.8811684014944
2016,1950,1019.8920422716557
2017,1950,1000.0000000000455
2018,1950,1000.0000000000455
2019,1950,1000.0000000000455
2020,1950,1000.0000000000455
2021,1950,1000.0000000000455
2022,1950,1000.0000000000455
2023,1950,1009.9460207750517
2024,1950,1009.9460207750517
2025,1950,1009.9460207750517
2016,1951,1029.8380662463983
2017,1951,999.9999999999228
2018,1951,999.9999999999228
2019,1951,1009.9460213608711
2020,1951,1009.9460213608711
2021,1951,1009.9460213608711
2022,1951,1009.9460213608711
2023,1951,1019.892043443417
2024,1951,1019.892043443417
2025,1951,1019.892043443417
2016,1952,1099.4602518770746
2017,1952,999.9999999999694
2018,1952,999.9999999999694
2019,1952,1009.9460241126156
2020,1952,1009.9460241126156
2021,1952,1019.892044611681
2022,1952,1009.9460241126156
2023,1952,1109.406281028108
2024,1952,1129.2983414893802
2025,1952,1109.406281028108
2016,1953,1129.2983491041923
2017,1953,1099.4602577349606
2018,1953,1099.4602577349606
2019,1953,1109.406287471247
2020,1953,1099.4602577349606
2021,1953,1079.5682004239252
2022,1953,1099.4602577349606
2023,1953,1129.2983491041923
2024,1953,1149.1904136200396
2025,1953,1129.2983491041923
2016,1954,1149.1904223973397
2017,1954,1119.3523249487735
2018,1954,1119.3523249487735
2019,1954,1129.298356711428
2020,1954,1129.298356711428
2021,1954,1109.4062939077198
2022,1954,1119.3523249487735
2023,1954,1139.2443891942835
2024,1954,1169.0824909649912
2025,1954,1139.2443891942835
2016,1955,1052.7956768848253
2017,1955,999.9999999999895
2018,1955,999.9999999999895
2019,1955,1027.5246648911675
2020,1955,1020.6435012770518
2021,1955,1039.5967759368184
2022,1955,1027.5246648911675
2023,1955,1041.2869909702506
2024,1955,1052.7956768848253
2025,1955,1052.7956768848253
2016,1956,1066.711272596187
2017,1956,999.9999999999438
2018,1956,999.9999999999438
2019,1956,1047.6508899344835
2020,1956,1047.6508899344835
2021,1956,1047.6508899344835
2022,1956,1047.6508899344835
2023,1956,1057.181079359467
2024,1956,1057.181079359467
2025,1956,1057.181079359467
2016,1957,1057.181050782849
2017,1957,1000.0000000000537
2018,1957,1000.0000000000537
2019,1957,1028.5905082356062
2020,1957,1019.0603350119017
2021,1957,1038.1206852718622
2022,1957,1028.5905082356062
2023,1957,1047.6508661204398
2024,1957,1047.6508661204398
2025,1957,1047.6508661204398
2016,1958,1047.6508423069536
2017,1958,1000.0000000000081
2018,1958,1000.0000000000081
2019,1958,1028.5904734279145
2020,1958,1019.0603161796225
2021,1958,1038.1206301155069
2022,1958,1028.5904734279145
2023,1958,1038.120666220368
2024,1958,1047.650786242865
2025,1958,1047.650786242865
2016,1959,860.755520171701
2017,1959,1029.8380844467288
2018,1959,1029.8380844467288
2019,1959,870.7015591287037
2020,1959,880.6475973650385
2021,1959,910.48570775097
2022,1959,890.5936348807065
2023,1959,870.7015591287037
2024,1959,850.8094804942643
2025,1959,870.7015591287037
2016,1960,1038.1206088217152
2017,1960,1000.0000000000514
2018,1960,1000.0000000000514
2019,1960,1019.0603055325156
2020,1960,1009.5301530473316
2021,1960,1028.590457457349
2022,1960,1019.0603055325156
2023,1960,1028.590457457349
2024,1960,1038.1206088217152
2025,1960,1038.1206088217152
2016,1961,890.5936404018909
2017,1961,1049.730130172938
2018,1961,1049.730130172938
2019,1961,900.5396766954203
2020,1961,910.4857122673503
2021,1961,930.3777812515373
2022,1961,910.4857122673503
2023,1961,890.5936404018909
2024,1961,870.7015656530637
2025,1961,890.5936404018909
2016,1962,1019.0603041904332
2017,1962,1000.0000000000094
2018,1962,1000.0000000000094
2019,1962,1009.5301477223195
2020,1962,1000.0000000000094
2021,1962,1019.0602948840433
2022,1962,1009.5301477223195
2023,1962,1019.0602948840433
2024,1962,1028.5904414854197
2025,1962,1028.5904414854197
2016,1963,910.4857167824829
2017,1963,1059.6761529468604
2018,1963,1059.6761529468604
2019,1963,930.3777847630278
2020,1963,1039.7841071416844
2021,1963,950.2698498613689
2022,1963,940.3238176728814
2023,1963,920.4317511327401
2024,1963,890.5936459202002
2025,1963,920.4317511327401
2016,1964,1009.53014239882
2017,1964,999.9999999999653
2018,1964,999.9999999999653
2019,1964,999.9999999999653
2020,1964,999.9999999999653
2021,1964,999.9999999999653
2022,1964,999.9999999999653
2023,1964,1009.53014239882
2024,1964,1019.0602842372078
2025,1964,1009.5301448659714
2016,1965,1009.530137635948
2017,1965,1000.0000000000174
2018,1965,1000.0000000000174
2019,1965,1000.0000000000174
2020,1965,1000.0000000000174
2021,1965,1000.0000000000174
2022,1965,1000.0000000000174
2023,1965,1009.530137635948
2024,1965,1009.5301401030996
2025,1965,1009.530137635948
2016,1966,1009.5301328728355
2017,1966,999.9999999999452
2018,1966,999.9999999999452
2019,1966,999.9999999999452
2020,1966,999.9999999999452
2021,1966,999.9999999999452
2022,1966,999.9999999999452
2023,1966,1009.5301328728355
2024,1966,1009.5301328728355
2025,1966,1009.5301328728355
2016,1967,1009.5301281097474
2017,1967,1000.0000000000136
2018,1967,1000.0000000000136
2019,1967,1000.0000000000136
2020,1967,1000.0000000000136
2021,1967,990.4698732359155
2022,1967,1000.0000000000136
2023,1967,1009.5301281097474
2024,1967,1009.5301281097474
2025,1967,1009.5301281097474
2016,1968,1006.8811506016021
2017,1968,1000.0000000000693
2018,1968,1000.0000000000693
2019,1968,1000.0000000000693
2020,1968,1000.0000000000693
2021,1968,986.8011500156524
2022,1968,1000.0000000000693
2023,1968,1013.1988378714273
2024,1968,1013.1988378714273
2025,1968,1013.1988378714273
2016,1969,1009.5301216107978
2017,1969,1000.0000000000421
2018,1969,1000.0000000000421
2019,1969,1009.5301191442284
2020,1969,1000.0000000000421
2021,1969,1000.0000000000421
2022,1969,1000.0000000000421
2023,1969,1019.0602377278342
2024,1969,1019.0602377278342
2025,1969,1019.0602377278342
2016,1970,1013.1988190345764
2017,1970,1000.0000000001113
2018,1970,1000.0000000001113
2019,1970,1000.0000000001113
2020,1970,1000.0000000001113
2021,1970,993.1188541982451
2022,1970,1000.0000000001113
2023,1970,1013.1988190345764
2024,1970,1020.6434365092368
2025,1970,1013.1988190345764
2016,1971,1013.762288668731
2017,1971,999.9999999999692
2018,1971,999.9999999999692
2019,1971,1006.881146115787
2020,1971,1006.881146115787
2021,1971,993.1188555591293
2022,1971,999.9999999999692
2023,1971,1013.762288668731
2024,1971,1026.3976078239727
2025,1971,1013.762288668731
2016,1972,1020.6434283452525
2017,1972,1000.0000000000678
2018,1972,1000.0000000000678
2019,1972,1013.1988009722915
2020,1972,1006.8811447545013
2021,1972,993.1188569193808
2022,1972,1006.8811447545013
2023,1972,1013.7622859458907
2024,1972,1027.5245676489158
2025,1972,1013.7622859458907
2016,1973,1020.6434242629244
2017,1973,1000.0000000000713
2018,1973,1000.0000000000713
2019,1973,1013.7622832251643
2020,1973,1013.1987919406249
2021,1973,1000.0000000000713
2022,1973,1006.8811433939753
2023,1973,1020.6434242629244
2024,1973,1034.4057008884915
2025,1973,1020.6434242629244
2016,1974,1026.3975536376038
2017,1974,999.9999999999128
2018,1974,999.9999999999128
2019,1974,1020.6434201805508
2020,1974,1013.7622805029238
2021,1974,1013.1987829100877
2022,1974,1013.1987829100877
2023,1974,1020.6434201805508
2024,1974,1034.4056940841208
2025,1974,1020.6434201805508
2016,1975,1027.5245513197574
2017,1975,999.9999999999769
2018,1975,999.9999999999769
2019,1975,1020.6434160985309
2020,1975,1013.7622777820942
2021,1975,1013.7622777820942
2022,1975,1013.7622777820942
2023,1975,1020.6434160985309
2024,1975,1034.4056872809522
2025,1975,1020.6434160985309
2016,1976,1027.5245458771876
2017,1976,1000.0000000000572
2018,1976,1000.0000000000572
2019,1976,1020.6434120167218
2020,1976,1013.7622750608866
2021,1976,1013.7622750608866
2022,1976,1013.7622750608866
2023,1976,1026.397517512848
2024,1976,1034.405680477781
2025,1976,1020.6434120167218
2016,1977,1027.5245404345649
2017,1977,1000.0000000000603
2018,1977,1000.0000000000603
2019,1977,1020.6434079346334
2020,1977,1013.7622723393325
2021,1977,1013.7622723393325
2022,1977,1013.7622723393325
2023,1977,1027.5245404345649
2024,1977,1034.4056736739658
2025,1977,1020.6434079346334
2016,1978,1027.524534992011
2017,1978,1000.000000000081
2018,1978,1000.000000000081
2019,1978,1026.3974813905925
2020,1978,1013.7622696183154
2021,1978,1013.7622696183154
2022,1978,1013.7622696183154
2023,1978,1027.524534992011
2024,1978,1039.596203811685
2025,1978,1020.6434038529273
2016,1979,1029.838097143559
2017,1979,1000.0000000000823
2018,1979,1000.0000000000823
2019,1979,1029.838097143559
2020,1979,1019.8920609821743
2021,1979,1009.9460322978032
2022,1979,1009.9460322978032
2023,1979,1029.838097143559
2024,1979,1039.7841296908955
2025,1979,1019.8920646788854
2016,1980,1034.4056620929166
2017,1980,1000.0000000000365
2018,1980,1000.0000000000365
2019,1980,1034.4056620929166
2020,1980,1020.643400986243
2021,1980,1014.3760638370386
2022,1980,1014.3760638370386
2023,1980,1034.4056620929166
2024,1980,1048.167918954563
2025,1980,1027.524531169882
2016,1981,1047.6504150419273
2017,1981,1000.0000000000458
2018,1981,1000.0000000000458
2019,1981,1047.6503589742244
2020,1981,1028.5902375886335
2021,1981,1028.5902375886335
2022,1981,1028.5902375886335
2023,1981,1047.6504150419273
2024,1981,1057.1805094878696
2025,1981,1038.1203244084227
2016,1982,1020.6433916071196
2017,1982,999.9999999999109
2018,1982,999.9999999999109
2019,1982,1014.3760725420578
2020,1982,1013.762261454408
2021,1982,1006.8811325084374
2022,1982,1006.8811325084374
2023,1982,1020.6433916071196
2024,1982,1028.752151135426
2025,1982,1013.762261454408
2016,1983,1038.1202885449986
2017,1983,1000.0000000000175
2018,1983,1000.0000000000175
2019,1983,1038.1202885449986
2020,1983,1019.0601366465296
2021,1983,1009.5300664167652
2022,1983,1009.5300664167652
2023,1983,1038.1202885449986
2024,1983,1057.1804556920465
2025,1983,1019.0601366465296
2016,1984,1013.7622552021353
2017,1984,1000.0000000000153
2018,1984,1000.0000000000153
2019,1984,1006.8811293823902
2020,1984,1006.8811293823902
2021,1984,1000.0000000000153
2022,1984,1000.0000000000153
2023,1984,1006.8811293823902
2024,1984,1020.6433822285362
2025,1984,1006.8811293823902
2016,1985,1013.7622524811161
2017,1985,999.9999999999538
2018,1985,999.9999999999538
2019,1985,999.9999999999538
2020,1985,1006.8811280217706
2021,1985,999.9999999999538
2022,1985,999.9999999999538
2023,1985,1006.8811280217706
2024,1985,1020.643378147033
2025,1985,1006.8811280217706
2016,1986,1013.7622497598306
2017,1986,1000.0000000000201
2018,1986,1000.0000000000201
2019,1986,1000.0000000000201
2020,1986,1000.0000000000201
2021,1986,1000.0000000000201
2022,1986,1000.0000000000201
2023,1986,1006.881126661283
2024,1986,1020.6433740651936
2025,1986,1006.881126661283
2016,1987,1013.7622470383375
2017,1987,999.9999999999438
2018,1987,999.9999999999438
2019,1987,1006.8811253005832
2020,1987,999.9999999999438
2021,1987,1006.8811253005832
2022,1987,999.9999999999438
2023,1987,1006.8811253005832
2024,1987,1014.3760955732203
2025,1987,1006.8811253005832
2016,1988,1013.7622443159827
2017,1988,1000.000000000063
2018,1988,1000.000000000063
2019,1988,1006.8811239397095
2020,1988,1000.000000000063
2021,1988,1006.8811239397095
2022,1988,1000.000000000063
2023,1988,1006.8811239397095
2024,1988,1013.7622443159827
2025,1988,1006.8811239397095
2016,1989,1019.0600850932034
2017,1989,999.9999999999841
2018,1989,999.9999999999841
2019,1989,1009.5300406416569
2020,1989,1009.5300381747383
2021,1989,1009.5300406416569
2022,1989,999.9999999999841
2023,1989,1009.5300406416569
2024,1989,1019.0600850932034
2025,1989,1009.5300406416569
2016,1990,1006.8811208140726
2017,1990,999.9999999999271
2018,1990,999.9999999999271
2019,1990,999.9999999999271
2020,1990,999.9999999999271
2021,1990,999.9999999999271
2022,1990,993.1188808601014
2023,1990,999.9999999999271
2024,1990,999.9999999999271
2025,1990,999.9999999999271
2016,1991,1006.881119453142
2017,1991,999.9999999999343
2018,1991,999.9999999999343
2019,1991,999.9999999999343
2020,1991,999.9999999999343
2021,1991,999.9999999999343
2022,1991,993.1188822208873
2023,1991,999.9999999999343
2024,1991,999.9999999999343
2025,1991,999.9999999999343
2016,1992,1000.0000000000447
2017,1992,1000.0000000000447
2018,1992,1000.0000000000447
2019,1992,1006.8811184978831
2020,1992,1000.0000000000447
2021,1992,1006.8811184978831
2022,1992,1000.0000000000447
2023,1992,1006.8811184978831
2024,1992,1006.8811184978831
2025,1992,1006.8811184978831
2016,1993,985.6238824127726
2017,1993,999.9999999999337
2018,1993,999.9999999999337
2019,1993,1006.8811171373447
2020,1993,999.9999999999337
2021,1993,1006.8811171373447
2022,1993,999.9999999999337
2023,1993,1006.8811171373447
2024,1993,1006.8811171373447
2025,1993,1006.8811171373447
2016,1994,979.3566517736418
2017,1994,1000.0000000000693
2018,1994,1000.0000000000693
2019,1994,1006.8811157765583
2020,1994,1000.0000000000693
2021,1994,1006.8811157765583
2022,1994,1000.0000000000693
2023,1994,1006.8811157765583
2024,1994,1006.8811157765583
2025,1994,1006.8811157765583
2016,1995,986.8013863744842
2017,1995,1000.0000000000047
2018,1995,1000.0000000000047
2019,1995,1006.8811144157235
2020,1995,1000.0000000000047
2021,1995,1006.8811144157235
2022,1995,1000.0000000000047
2023,1995,1006.8811144157235
2024,1995,1006.8811144157235
2025,1995,1006.8811144157235
2016,1996,1000.0000000000124
2017,1996,1000.0000000000124
2018,1996,1000.0000000000124
2019,1996,1000.0000000000124
2020,1996,1000.0000000000124
2021,1996,1009.9460409135238
2022,1996,990.0539598085659
2023,1996,1009.9460409135238
2024,1996,1009.9460409135238
2025,1996,1000.0000000000124
2016,1997,1006.8811121000407
2017,1997,1000.0000000000957
2018,1997,1000.0000000000957
2019,1997,1000.0000000000957
2020,1997,1000.0000000000957
2021,1997,1013.7622206371859
2022,1997,1000.0000000000957
2023,1997,1013.7622206371859
2024,1997,1013.7622206371859
2025,1997,1000.0000000000957
2016,1998,1006.8811107384778
2017,1998,999.9999999999562
2018,1998,999.9999999999562
2019,1998,999.9999999999562
2020,1998,993.1188909344381
2021,1998,999.9999999999562
2022,1998,993.1188909344381
2023,1998,1006.8811107384778
2024,1998,999.9999999999562
2025,1998,999.9999999999562
2016,1999,1009.9460428364226
2017,1999,999.9999999999417
2018,1999,999.9999999999417
2019,1999,999.9999999999417
2020,1999,990.0539578845944
2021,1999,999.9999999999417
2022,1999,990.0539578845944
2023,1999,999.9999999999417
2024,1999,999.9999999999417
2025,1999,999.9999999999417
2016,2000,1013.7622160057762
2017,2000,999.9999999999466
2018,2000,999.9999999999466
2019,2000,1006.8811097845906
2020,2000,999.9999999999466
2021,2000,1006.8811097845906
2022,2000,999.9999999999466
2023,2000,1006.8811097845906
2024,2000,1006.8811097845906
2025,2000,1006.8811097845906
2016,2001,1013.7622132840675
2017,2001,999.9999999999859
2018,2001,999.9999999999859
2019,2001,1006.8811084238354
2020,2001,999.9999999999859
2021,2001,1006.8811084238354
2022,2001,999.9999999999859
2023,2001,1006.8811084238354
2024,2001,1006.8811084238354
2025,2001,1006.8811084238354
2016,2002,1009.9460469262596
2017,2002,1000.0000000001125
2018,2002,1000.0000000001125
2019,2002,1009.946044759832
2020,2002,1000.0000000001125
2021,2002,1009.946044759832
2022,2002,1000.0000000001125
2023,2002,1009.946044759832
2024,2002,1009.946044759832
2025,2002,1009.946044759832
2016,2003,1014.3761649740205
2017,2003,1000.0000000000467
2018,2003,1000.0000000000467
2019,2003,1013.7622113730004
2020,2003,1000.0000000000467
2021,2003,1013.7622113730004
2022,2003,1006.8811074682952
2023,2003,1013.7622113730004
2024,2003,1013.7622113730004
2025,2003,1013.7622113730004
2016,2004,1013.7622086525423
2017,2004,999.999999999998
2018,2004,999.999999999998
2019,2004,1006.8811061078773
2020,2004,999.999999999998
2021,2004,1006.8811061078773
2022,2004,999.999999999998
2023,2004,1013.7622086525423
2024,2004,1013.7622086525423
2025,2004,1013.7622086525423
2016,2005,1013.7622059310785
2017,2005,1000.000000000007
2018,2005,1000.000000000007
2019,2005,1006.8811047470223
2020,2005,1000.000000000007
2021,2005,1006.8811047470223
2022,2005,1000.000000000007
2023,2005,1013.7622059310785
2024,2005,1006.8811047470223
2025,2005,1013.7622059310785
2016,2006,1006.8811033865146
2017,2006,999.9999999999449
2018,2006,999.9999999999449
2019,2006,1006.8811033865146
2020,2006,999.9999999999449
2021,2006,1006.8811033865146
2022,2006,999.9999999999449
2023,2006,1013.7622032100292
2024,2006,1006.8811033865146
2025,2006,1013.7622032100292
2016,2007,1000.0000000000673
2017,2007,1000.0000000000673
2018,2007,1000.0000000000673
2019,2007,1000.0000000000673
2020,2007,993.1189037294821
2021,2007,993.1189037294821
2022,2007,993.1189037294821
2023,2007,1006.8810979450571
2024,2007,1006.8810979450571
2025,2007,1000.0000000000673
2016,2008,990.0539500237948
2017,2008,999.9999999999183
2018,2008,999.9999999999183
2019,2008,990.0539500237948
2020,2008,990.0539500237948
2021,2008,990.0539500237948
2022,2008,990.0539500237948
2023,2008,1009.9460506978739
2024,2008,999.9999999999183
2025,2008,999.9999999999183
2016,2009,1000.0000000000646
2017,2009,1000.0000000000646
2018,2009,1000.0000000000646
2019,2009,1000.0000000000646
2020,2009,1009.946052538948
2021,2009,1000.0000000000646
2022,2009,1000.0000000000646
2023,2009,1009.9460547063068
2024,2009,1019.892105799432
2025,2009,1009.946052538948
2016,2010,1006.8810964397428
2017,2010,999.9999999999549
2018,2010,999.9999999999549
2019,2010,999.9999999999549
2020,2010,1013.7621893163166
2021,2010,999.9999999999549
2022,2010,1006.8810964397428
2023,2010,1014.376210503944
2024,2010,1020.6432833995468
2025,2010,1013.7621893163166
2016,2011,1006.8810950802163
2017,2011,1000.0000000000699
2018,2011,1000.0000000000699
2019,2011,1000.0000000000699
2020,2011,1000.0000000000699
2021,2011,986.2378096252135
2022,2011,1006.8810950802163
2023,2011,1006.8810950802163
2024,2011,1014.3762152825061
2025,2011,1006.8810950802163
2016,2012,1000.0000000000207
2017,2012,1000.0000000000207
2018,2012,1000.0000000000207
2019,2012,1000.0000000000207
2020,2012,1000.0000000000207
2021,2012,986.8015352433725
2022,2012,1006.881093719276
2023,2012,1006.881093719276
2024,2012,1006.881093719276
2025,2012,1006.881093719276
2016,2013,993.1189093152852
2017,2013,999.9999999999924
2018,2013,999.9999999999924
2019,2013,999.9999999999924
2020,2013,999.9999999999924
2021,2013,993.1189093152852
2022,2013,999.9999999999924
2023,2013,1006.8810923588601
2024,2013,1006.8810923588601
2025,2013,1006.8810923588601
2016,2014,993.1189106762127
2017,2014,1000.000000000071
2018,2014,1000.000000000071
2019,2014,1000.000000000071
2020,2014,1000.000000000071
2021,2014,993.1189106762127
2022,2014,1000.000000000071
2023,2014,1006.8810909985782
2024,2014,1006.8810909985782
2025,2014,1006.8810909985782
2016,2015,1000.0000000000142
2017,2015,1000.0000000000142
2018,2015,1000.0000000000142
2019,2015,993.1189147570461
2020,2015,993.1189147570461
2021,2015,985.623762693671
2022,2015,1000.0000000000142
2023,2015,1013.762170270972
2024,2015,1006.8810869174719
2025,2015,1000.0000000000142
2016,2016,986.2378286697032
2017,2016,1000.0000000000852
2018,2016,1000.0000000000852
2019,2016,993.1189161169948
2020,2016,993.1189161169948
2021,2016,972.4756530938798
2022,2016,1006.881085557251
2023,2016,1013.7621675506296
2024,2016,1006.881085557251
2025,2016,1000.0000000000852
2016,2017,980.1078838665487
2017,2017,1000.0000000000744
2018,2017,1000.0000000000744
2019,2017,990.053941572629
2020,2017,990.053941572629
2021,2017,970.1618165503239
2022,2017,1009.946059149119
2023,2017,1009.9460613164778
2024,2017,1009.946059149119
2025,2017,1000.0000000000744
2016,2018,993.1189170718128
2017,2018,999.9999999999142
2018,2018,999.9999999999142
2019,2018,999.9999999999142
2020,2018,999.9999999999142
2021,2018,986.237830579924
2022,2018,1013.7621656401519
2023,2018,1014.3762543471546
2024,2018,1013.7621656401519
2025,2018,1006.8810846017622
2016,2019,993.1189184326043
2017,2019,1000.0000000000333
2018,2019,1000.0000000000333
2019,2019,1000.0000000000333
2020,2019,1000.0000000000333
2021,2019,986.237833301144
2022,2019,1006.8810832416231
2023,2019,1013.7621629195847
2024,2019,1013.7621629195847
2025,2019,1006.8810832416231
2016,2020,993.1189197922971
2017,2020,1000.0000000000342
2018,2020,1000.0000000000342
2019,2020,1000.0000000000342
2020,2020,1000.0000000000342
2021,2020,986.801615746028
2022,2020,1006.881081881274
2023,2020,1013.7621601989704
2024,2020,1013.7621601989704
2025,2020,1006.881081881274
2016,2021,985.623737958085
2017,2021,1000.0000000000688
2018,2021,1000.0000000000688
2019,2021,1000.0000000000688
2020,2021,1000.0000000000688
2021,2021,993.118921152984
2022,2021,1000.0000000000688
2023,2021,1006.8810805214843
2024,2021,1013.7621574793454
2025,2021,1006.8810805214843
2016,2022,979.35676161985
2017,2022,999.9999999999928
2018,2022,999.9999999999928
2019,2022,999.9999999999928
2020,2022,999.9999999999928
2021,2022,993.1189225136415
2022,2022,999.9999999999928
2023,2022,999.9999999999928
2024,2022,1006.8810791609192
2025,2022,1006.8810791609192
2016,2023,971.2474628534081
2017,2023,1000.0000000000088
2018,2023,1000.0000000000088
2019,2023,993.118923874216
2020,2023,993.118923874216
2021,2023,993.118923874216
2022,2023,1000.0000000000088
2023,2023,1000.0000000000088
2024,2023,1006.8810778003763
2025,2023,1006.8810778003763
2016,2024,970.1618027397262
2017,2024,999.9999999999652
2018,2024,999.9999999999652
2019,2024,990.0539369682477
2020,2024,990.0539369682477
2021,2024,990.0539369682477
2022,2024,999.9999999999652
2023,2024,999.9999999999652
2024,2024,999.9999999999652
2025,2024,999.9999999999652
2016,2025,970.1618009811303
2017,2025,1000.0000000000467
2018,2025,1000.0000000000467
2019,2025,1000.0000000000467
2020,2025,1000.0000000000467
2021,2025,1000.0000000000467
2022,2025,1000.0000000000467
2023,2025,1000.0000000000467
2024,2025,1000.0000000000467
2025,2025,1000.0000000000467
2016,2026,979.3567673476869
2017,2026,1000.0000000000023
2018,2026,1000.0000000000023
2019,2026,1000.0000000000023
2020,2026,1000.0000000000023
2021,2026,1000.0000000000023
2022,2026,1006.8810772518686
2023,2026,1006.8810772518686
2024,2026,1006.8810772518686
2025,2026,1006.8810772518686
2016,2027,979.3567714274868
2017,2027,999.9999999999388
2018,2027,999.9999999999388
2019,2027,999.9999999999388
2020,2027,999.9999999999388
2021,2027,993.1189257831185
2022,2027,999.9999999999388
2023,2027,1006.8810758909201
2024,2027,1006.8810758909201
2025,2027,1006.8810758909201
2016,2028,986.2378507215524
2017,2028,999.9999999999255
2018,2028,999.9999999999255
2019,2028,999.9999999999255
2020,2028,999.9999999999255
2021,2028,993.1189271425958
2022,2028,993.1189271425958
2023,2028,1006.881074530758
2024,2028,1006.881074530758
2025,2028,1006.881074530758
2016,2029,986.2378534434498
2017,2029,1000.0000000000185
2018,2029,1000.0000000000185
2019,2029,1000.0000000000185
2020,2029,1000.0000000000185
2021,2029,993.118928503469
2022,2029,993.118928503469
2023,2029,1006.8810731708993
2024,2029,1006.8810731708993
2025,2029,1006.8810731708993
2016,2030,980.1078669578061
2017,2030,999.9999999999433
2018,2030,999.9999999999433
2019,2030,999.9999999999433
2020,2030,990.0539331178422
2021,2030,990.0539331178422
2022,2030,999.9999999999433
2023,2030,1009.9460676038765
2024,2030,1009.9460676038765
2025,2030,1009.9460676038765
2016,2031,993.1189294582398
2017,2031,999.9999999999791
2018,2031,999.9999999999791
2019,2031,999.9999999999791
2020,2031,999.9999999999791
2021,2031,999.9999999999791
2022,2031,1006.881072215635
2023,2031,1013.7621408673338
2024,2031,1013.7621408673338
2025,2031,1013.7621408673338
2016,2032,985.6236971935168
2017,2032,999.9999999999814
2018,2032,999.9999999999814
2019,2032,999.9999999999814
2020,2032,999.9999999999814
2021,2032,999.9999999999814
2022,2032,1006.8810708558448
2023,2032,1013.7621381470924
2024,2032,1013.7621381470924
2025,2032,1013.7621381470924
2016,2033,979.3567906152983
2017,2033,1000.0000000000518
2018,2033,1000.0000000000518
2019,2033,1000.0000000000518
2020,2033,1000.0000000000518
2021,2033,1000.0000000000518
2022,2033,1006.8810694960641
2023,2033,1013.7621354273016
2024,2033,1006.8810694960641
2025,2033,1013.7621354273016
2016,2034,970.1617937322741
2017,2034,999.9999999999517
2018,2034,999.9999999999517
2019,2034,999.9999999999517
2020,2034,999.9999999999517
2021,2034,999.9999999999517
2022,2034,1009.946070200285
2023,2034,1009.946070200285
2024,2034,1009.946070200285
2025,2034,1009.946070200285
2016,2035,986.2378627025554
2017,2035,999.9999999999982
2018,2035,999.9999999999982
2019,2035,1006.8810685404079
2020,2035,1013.1982758992474
2021,2035,1006.8810685404079
2022,2035,1013.7621335167752
2023,2035,1013.7621335167752
2024,2035,1013.7621335167752
2025,2035,1013.7621335167752
2016,2036,985.6236820081654
2017,2036,999.9999999998996
2018,2036,999.9999999998996
2019,2036,999.9999999998996
2020,2036,1013.762130797082
2021,2036,1006.8810671804695
2022,2036,1006.8810671804695
2023,2036,1013.762130797082
2024,2036,1013.762130797082
2025,2036,1013.762130797082
2016,2037,979.3568016380942
2017,2037,1000.0000000000347
2018,2037,1000.0000000000347
2019,2037,1000.0000000000347
2020,2037,1013.7621280760778
2021,2037,1000.0000000000347
2022,2037,1006.8810658200775
2023,2037,1013.7621280760778
2024,2037,1013.7621280760778
2025,2037,1013.7621280760778
2016,2038,972.4757374797944
2017,2038,1000.0000000000249
2018,2038,1000.0000000000249
2019,2038,1000.0000000000249
2020,2038,1006.8810644608433
2021,2038,1000.0000000000249
2022,2038,1000.0000000000249
2023,2038,1013.7621253574599
2024,2038,1006.8810644608433
2025,2038,1013.7621253574599
2016,2039,973.6034840305491
2017,2039,999.9999999999142
2018,2039,999.9999999999142
2019,2039,999.9999999999142
2020,2039,1006.881063099567
2021,2039,993.1189385733497
2022,2039,999.9999999999142
2023,2039,1006.881063099567
2024,2039,1006.881063099567
2025,2039,1013.7621226351883
2016,2040,960.2157106770525
2017,2040,1000.0000000000193
2018,2040,1000.0000000000193
2019,2040,990.0539265854821
2020,2040,1000.0000000000193
2021,2040,990.0539265854821
2022,2040,1000.0000000000193
2023,2040,1009.9460741361556
2024,2040,1000.0000000000193
2025,2040,1009.9460741361556
2016,2041,980.1078527195441
2017,2041,1000.0000000000838
2018,2041,1000.0000000000838
2019,2041,1000.0000000000838
2020,2041,1009.9460747228698
2021,2041,1000.0000000000838
2022,2041,1000.0000000000838
2023,2041,1009.9460768895301
2024,2041,1009.9460747228698
2025,2041,1019.8921501686501
2016,2042,990.0539254126655
2017,2042,1000.0000000000426
2018,2042,1000.0000000000426
2019,2042,1009.9460753094846
2020,2042,1009.9460774763779
2021,2042,1009.9460753094846
2022,2042,1009.9460753094846
2023,2042,1019.89215134169
2024,2042,1019.89215134169
2025,2042,1019.8921550363074
2016,2043,999.999999999976
2017,2043,999.999999999976
2018,2043,999.999999999976
2019,2043,1013.7621223506096
2020,2043,1014.3763462874194
2021,2043,1013.7621223506096
2022,2043,1013.7621223506096
2023,2043,1020.6431829504023
2024,2043,1020.6431829504023
2025,2043,1027.524240453657
2016,2044,990.0539241565308
2017,2044,999.999999999913
2018,2044,999.999999999913
2019,2044,1009.9460765658258
2020,2044,1009.9460765658258
2021,2044,999.999999999913
2022,2044,1009.9460765658258
2023,2044,1019.8921538547348
2024,2044,1019.8921538547348
2025,2044,1019.8921538547348
2016,2045,1000.0000000000837
2017,2045,1000.0000000000837
2018,2045,1000.0000000000837
2019,2045,1000.0000000000837
2020,2045,1000.0000000000837
2021,2045,1000.0000000000837
2022,2045,1000.0000000000837
2023,2045,1009.9460813306204
2024,2045,1009.94607916396
2025,2045,1009.94607916396
2016,2046,1006.8810583288985
2017,2046,999.9999999998992
2018,2046,999.9999999998992
2019,2046,999.9999999998992
2020,2046,999.9999999998992
2021,2046,999.9999999998992
2022,2046,1006.8810583288985
2023,2046,1014.3763670988498
2024,2046,1013.7621130932931
2025,2046,1013.7621130932931
2016,2047,1000.0000000000158
2017,2047,1000.0000000000158
2018,2047,1000.0000000000158
2019,2047,1000.0000000000158
2020,2047,1000.0000000000158
2021,2047,1000.0000000000158
2022,2047,1009.9460804213201
2023,2047,1019.8921615644575
2024,2047,1000.0000000000158
2025,2047,1019.8921615644575
2016,2048,1006.8810573750384
2017,2048,999.9999999999418
2018,2048,999.9999999999418
2019,2048,1006.8810573750384
2020,2048,1006.8810573750384
2021,2048,1006.8810573750384
2022,2048,1013.7621111856043
2023,2048,1020.6431662027417
2024,2048,1006.8810573750384
2025,2048,1020.6431662027417
2016,2049,999.9999999999359
2017,2049,999.9999999999359
2018,2049,999.9999999999359
2019,2049,999.9999999999359
2020,2049,990.0539183743463
2021,2049,990.0539183743463
2022,2049,1009.946082347592
2023,2049,1009.946084514718
2024,2049,1009.946082347592
2025,2049,1019.8921654180099
2016,2050,1009.9460829349505
2017,2050,999.9999999999162
2018,2050,999.9999999999162
2019,2050,999.9999999999162
2020,2050,999.9999999999162
2021,2050,999.9999999999162
2022,2050,1009.9460851016108
2023,2050,1009.9460851016108
2024,2050,1019.8921665932137
2025,2050,1019.8921702868981
2016,2051,1013.7621073692175
2017,2051,999.9999999999708
2018,2051,999.9999999999708
2019,2051,1006.8810554670295
2020,2051,1006.8810554670295
2021,2051,1006.8810554670295
2022,2051,1014.3763839829675
2023,2051,1014.3763839829675
2024,2051,1020.6431604781467
2025,2051,1027.5242104899646
2016,2052,1013.76210464889
2017,2052,999.9999999999426
2018,2052,999.9999999999426
2019,2052,1006.881054106724
2020,2052,999.9999999999426
2021,2052,999.9999999999426
2022,2052,1013.76210464889
2023,2052,1013.76210464889
2024,2052,1014.3763887600694
2025,2052,1020.6431563976271
2016,2053,1006.8810527474019
2017,2053,1000.0000000000088
2018,2053,1000.0000000000088
2019,2053,1000.0000000000088
2020,2053,993.1189489281779
2021,2053,985.6236130965002
2022,2053,1013.7621019297762
2023,2053,1013.7621019297762
2024,2053,1013.7621019297762
2025,2053,1020.6431523187106
2016,2054,1000.0000000000163
2017,2054,1000.0000000000163
2018,2054,1000.0000000000163
2019,2054,1000.0000000000163
2020,2054,986.2379016372023
2021,2054,973.6037048316608
2022,2054,1000.0000000000163
2023,2054,1013.7620945808482
2024,2054,1013.7620945808482
2025,2054,1013.7620945808482
2016,2055,990.0539125912218
2017,2055,999.9999999999764
2018,2055,999.9999999999764
2019,2055,990.053909784691
2020,2055,980.107825906395
2021,2055,960.2156547038669
2022,2055,990.0539125912218
2023,2055,999.9999999999764
2024,2055,999.9999999999764
2025,2055,1009.9460881312626
2016,2056,1000.0000000000234
2017,2056,1000.0000000000234
2018,2056,1000.0000000000234
2019,2056,993.1189535554381
2020,2056,993.1189535554381
2021,2056,993.1189535554381
2022,2056,1000.0000000000234
2023,2056,1006.8810481190984
2024,2056,1006.8810481190984
2025,2056,1013.762092673229
2016,2057,990.0539113344124
2017,2057,999.9999999999832
2018,2057,999.9999999999832
2019,2057,990.0539113344124
2020,2057,990.0539113344124
2021,2057,990.0539113344124
2022,2057,990.0539113344124
2023,2057,1009.9460893885515
2024,2057,1009.9460893885515
2025,2057,1009.9460893885515
2016,2058,999.9999999999345
2017,2058,999.9999999999345
2018,2058,999.9999999999345
2019,2058,999.9999999999345
2020,2058,999.9999999999345
2021,2058,999.9999999999345
2022,2058,999.9999999999345
2023,2058,1009.9460921430357
2024,2058,1009.9460921430357
2025,2058,1019.892180675345
2016,2059,1006.8810475718277
2017,2059,1000.0000000000176
2018,2059,1000.0000000000176
2019,2059,1000.0000000000176
2020,2059,1000.0000000000176
2021,2059,1006.8810475718277
2022,2059,1000.0000000000176
2023,2059,1014.3764208340128
2024,2059,1014.3764208340128
2025,2059,1020.64313679213
2016,2060,999.999999999944
2017,2060,999.999999999944
2018,2060,999.999999999944
2019,2060,999.999999999944
2020,2060,999.999999999944
2021,2060,1006.8810462118067
2022,2060,999.999999999944
2023,2060,1013.7620888581516
2024,2060,1013.7620888581516
2025,2060,1014.3764256132187
2016,2061,993.1189568234819
2017,2061,1000.0000000000205
2018,2061,1000.0000000000205
2019,2061,1000.0000000000205
2020,2061,993.1189568234819
2021,2061,1000.0000000000205
2022,2061,1000.0000000000205
2023,2061,1006.8810448518774
2024,2061,1006.8810448518774
2025,2061,1013.7620861382902
2016,2062,990.0539081486367
2017,2062,1000.0000000000871
2018,2062,1000.0000000000871
2019,2062,990.0539081486367
2020,2062,990.0539053418743
2021,2062,990.0539053418743
2022,2062,990.0539081486367
2023,2062,1009.9460925756978
2024,2062,1009.9460925756978
2025,2062,1009.9460947425924
2016,2063,1000.0000000000192
2017,2063,1000.0000000000192
2018,2063,1000.0000000000192
2019,2063,1009.9460943379087
2020,2063,1000.0000000000192
2021,2063,990.0539035792949
2022,2063,1019.8921893987928
2023,2063,1019.8921930915475
2024,2063,1029.838285182209
2025,2063,1029.8382897614204
2016,2064,1009.9460949249916
2017,2064,999.999999999896
2018,2064,999.999999999896
2019,2064,1009.9460970918863
2020,2064,999.999999999896
2021,2064,990.0539057989604
2022,2064,1019.8921942665382
2023,2064,1019.8921942665382
2024,2064,1029.8382915240845
2025,2064,1029.8382915240845
2016,2065,1019.8921917475654
2017,2065,999.9999999999798
2018,2065,999.9999999999798
2019,2065,1009.9460976789359
2020,2065,1009.9460955122737
2021,2065,999.9999999999798
2022,2065,1019.8921954410172
2023,2065,1019.8921954410172
2024,2065,1029.8382932864604
2025,2065,1029.8382932864604
2016,2066,1020.6431318673357
2017,2066,1000.0000000000409
2018,2066,1000.0000000000409
2019,2066,1014.3764402681692
2020,2066,1013.7620882952043
2021,2066,1013.1980912283693
2022,2066,1028.7528865846537
2023,2066,1028.7528865846537
2024,2066,1041.2862521383759
2025,2066,1043.1293389485809
2016,2067,1014.376445046771
2017,2067,999.9999999999839
2018,2067,999.9999999999839
2019,2067,1013.7620855752024
2020,2067,1006.8810445702301
2021,2067,1013.7620855752024
2022,2067,1020.6431277867458
2023,2067,1020.6431277867458
2024,2067,1028.752896142073
2025,2067,1028.752896142073
2016,2068,1006.8810432108967
2017,2068,1000.0000000000433
2018,2068,1000.0000000000433
2019,2068,1013.7620828563911
2020,2068,1000.0000000000433
2021,2068,1013.7620828563911
2022,2068,1014.3764498277101
2023,2068,1020.6431237081273
2024,2068,1020.6431237081273
2025,2068,1027.5241614624238
2016,2069,999.9999999999554
2017,2069,999.9999999999554
2018,2069,999.9999999999554
2019,2069,1013.7620782279085
2020,2069,999.9999999999554
2021,2069,999.9999999999554
2022,2069,999.9999999999554
2023,2069,1014.3764602376589
2024,2069,1020.6431167662762
2025,2069,1027.5241522071183
2016,2070,990.0538978755665
2017,2070,1000.0000000000597
2018,2070,1000.0000000000597
2019,2070,1000.0000000000597
2020,2070,990.0539006818645
2021,2070,990.0538978755665
2022,2070,1000.0000000000597
2023,2070,1009.9461000407854
2024,2070,1009.9461022072144
2025,2070,1019.8922008056728
2016,2071,990.0538972881534
2017,2071,1000.0000000001091
2018,2071,1000.0000000001091
2019,2071,1009.946100628299
2020,2071,1000.0000000001091
2021,2071,990.0539000951499
2022,2071,1000.0000000001091
2023,2071,1009.946102795192
2024,2071,1019.8922019801834
2025,2071,1019.8922056736351
2016,2072,985.6235399203301
2017,2072,1000.0000000000083
2018,2072,1000.0000000000083
2019,2072,1013.7620771351352
2020,2072,1000.0000000000083
2021,2072,1000.0000000000083
2022,2072,1006.8810403502088
2023,2072,1014.3764667159664
2024,2072,1020.6431151272913
2025,2072,1027.5241500220068
2016,2073,980.1077921423365
2017,2073,1000.0000000000018
2018,2073,1000.0000000000018
2019,2073,1009.946104054341
2020,2073,1000.0000000000018
2021,2073,1000.0000000000018
2022,2073,1000.0000000000018
2023,2073,1019.8922044983524
2024,2073,1019.8922044983524
2025,2073,1019.8922081913398
2016,2074,979.356880907255
2017,2074,1000.0000000000069
2018,2074,1000.0000000000069
2019,2074,1014.376472346921
2020,2074,1000.0000000000069
2021,2074,1000.0000000000069
2022,2074,1006.881039397178
2023,2074,1020.643112267532
2024,2074,1020.643112267532
2025,2074,1027.5241462081462
2016,2075,970.1616949025135
2017,2075,1000.0000000000064
2018,2075,1000.0000000000064
2019,2075,1009.9461053124463
2020,2075,1000.0000000000064
2021,2075,1000.0000000000064
2022,2075,1000.0000000000064
2023,2075,1009.9461053124463
2024,2075,1019.8922070152584
2025,2075,1029.8383116081943
2016,2076,980.1077947041869
2017,2076,1000.0000000000738
2018,2076,1000.0000000000738
2019,2076,1019.8922081900421
2020,2076,1009.9461037333278
2021,2076,1000.0000000000738
2022,2076,1009.9461037333278
2023,2076,1009.9461059004539
2024,2076,1019.8922118834954
2025,2076,1029.8383179501297
2016,2077,993.118962823092
2017,2077,999.9999999999383
2018,2077,999.9999999999383
2019,2077,1020.6431106272522
2020,2077,1013.7620741355212
2021,2077,1006.8810388502872
2022,2077,1013.7620741355212
2023,2077,1014.37647882562
2024,2077,1027.5241440215323
2025,2077,1034.4051781550488
2016,2078,993.1189641833583
2017,2078,999.9999999999513
2018,2078,999.9999999999513
2019,2078,1020.6431065488944
2020,2078,1006.8810374911193
2021,2078,1006.8810374911193
2022,2078,1013.7620714168434
2023,2078,1013.7620714168434
2024,2078,1020.6431065488944
2025,2078,1028.7529732618934
2016,2079,993.1189655438352
2017,2079,999.9999999999355
2018,2079,999.9999999999355
2019,2079,1014.3764883887624
2020,2079,999.9999999999355
2021,2079,999.9999999999355
2022,2079,1006.8810361309396
2023,2079,1013.7620686964261
2024,2079,1020.6431024691417
2025,2079,1027.524133143918
2016,2080,990.0538943891812
2017,2080,1000.0000000000313
2018,2080,1000.0000000000313
2019,2080,1009.9461063341103
2020,2080,1000.0000000000313
2021,2080,1000.0000000000313
2022,2080,1000.0000000000313
2023,2080,1009.9461063341103
2024,2080,1019.8922133914195
2025,2080,1019.8922133914195
2016,2081,1000.0000000001124
2017,2081,1000.0000000001124
2018,2081,1000.0000000001124
2019,2081,1009.946108852361
2020,2081,1000.0000000001124
2021,2081,990.0538918710945
2022,2081,1000.0000000001124
2023,2081,1009.946108852361
2024,2081,1009.9461110192543
2025,2081,1019.8922221210577
2016,2082,1009.9461094409046
2017,2082,1000.000000000007
2018,2082,1000.000000000007
2019,2082,1019.8922196050312
2020,2082,1000.000000000007
2021,2082,1000.000000000007
2022,2082,1009.9461094409046
2023,2082,1009.9461116070994
2024,2082,1019.8922196050312
2025,2082,1029.838330493085
2016,2083,1009.9461121951485
2017,2083,1000.0000000000845
2018,2083,1000.0000000000845
2019,2083,1029.8383322552127
2020,2083,1000.0000000000845
2021,2083,1009.9461100280212
2022,2083,1009.9461121951485
2023,2083,1019.8922207798853
2024,2083,1019.8922244733386
2025,2083,1029.838336834657
2016,2084,1019.8922219553997
2017,2084,999.9999999999084
2018,2084,999.9999999999084
2019,2084,1029.838338597898
2020,2084,1009.9461106158059
2021,2084,1019.8922219553997
2022,2084,1019.8922219553997
2023,2084,1019.8922256483874
2024,2084,1029.8383340189207
2025,2084,1039.7844468063695
2016,2085,1020.6430975526492
2017,2085,999.99999999991
2018,2085,999.99999999991
2019,2085,1034.4051563630014
2020,2085,1013.7620654189508
2021,2085,1020.6430975526492
2022,2085,1020.6430975526492
2023,2085,1027.5241265889929
2024,2085,1028.7530217072426
2025,2085,1041.2861835074887
2016,2086,1014.3765126089957
2017,2086,999.9999999999396
2018,2086,999.9999999999396
2019,2086,1028.753031266079
2020,2086,999.9999999999396
2021,2086,1014.3765126089957
2022,2086,1014.3765126089957
2023,2086,1014.3765126089957
2024,2086,1027.5241211491198
2025,2086,1034.4051495644508
2016,2087,1013.7620599819309
2017,2087,1000.0000000000059
2018,2087,1000.0000000000059
2019,2087,1020.6430893957979
2020,2087,1000.0000000000059
2021,2087,1000.0000000000059
2022,2087,1006.8810317739769
2023,2087,1006.8810317739769
2024,2087,1020.6430893957979
2025,2087,1028.7530408346563
2016,2088,1006.8810304132445
2017,2088,999.9999999999909
2018,2088,999.9999999999909
2019,2088,1014.3765221738981
2020,2088,993.1189712609832
2021,2088,999.9999999999909
2022,2088,1006.8810304132445
2023,2088,999.9999999999909
2024,2088,1014.3765221738981
2025,2088,1020.643085315435
2016,2089,1006.8810290541301
2017,2089,1000.0000000000919
2018,2089,1000.0000000000919
2019,2089,1006.8810290541301
2020,2089,986.2379416756363
2021,2089,1000.0000000000919
2022,2089,1000.0000000000919
2023,2089,1000.0000000000919
2024,2089,1013.7620545417368
2025,2089,1014.3765269546058
2016,2090,1000.0000000000429
2017,2090,1000.0000000000429
2018,2090,1000.0000000000429
2019,2090,1000.0000000000429
2020,2090,980.1077730499734
2021,2090,990.0538833561636
2022,2090,1000.0000000000429
2023,2090,1000.0000000000429
2024,2090,1009.9461145603874
2025,2090,1009.9461167268164
2016,2091,1009.9461151485089
2017,2091,999.9999999999429
2018,2091,999.9999999999429
2019,2091,1009.9461151485089
2020,2091,990.0538827683091
2021,2091,990.0538855755384
2022,2091,999.9999999999429
2023,2091,999.9999999999429
2024,2091,1009.9461173154021
2025,2091,1009.9461173154021
2016,2092,1013.7620534512713
2017,2092,1000.0000000000312
2018,2092,1000.0000000000312
2019,2092,1013.7620534512713
2020,2092,993.118973166715
2021,2092,1000.0000000000312
2022,2092,1006.8810285084951
2023,2092,1006.8810285084951
2024,2092,1014.3765334365647
2025,2092,1014.3765334365647
2016,2093,1000.0000000000618
2017,2093,1000.0000000000618
2018,2093,1000.0000000000618
2019,2093,1019.8922407617707
2020,2093,1000.0000000000618
2021,2093,1000.0000000000618
2022,2093,1009.9461203393519
2023,2093,1019.8922370694817
2024,2093,1029.8383566899663
2025,2093,1029.8383612673151
2016,2094,990.0538791552204
2017,2094,1000.0000000000787
2018,2094,1000.0000000000787
2019,2094,1019.8922419377784
2020,2094,1009.9461187616349
2021,2094,1000.0000000000787
2022,2094,1019.892238245722
2023,2094,1019.8922419377784
2024,2094,1029.838363032251
2025,2094,1039.7844793882434
2016,2095,985.6234641650141
2017,2095,999.9999999999764
2018,2095,999.9999999999764
2019,2095,1028.7530909869533
2020,2095,1013.762054800518
2021,2095,999.9999999999764
2022,2095,1020.6430816239798
2023,2095,1027.5241053500017
2024,2095,1034.4051298147606
2025,2095,1041.286151649584
2016,2096,972.4758840191113
2017,2096,999.9999999999068
2018,2096,999.9999999999068
2019,2096,1020.6430775441128
2020,2096,1013.7620520798686
2021,2096,993.1189738501334
2022,2096,1014.3765472480384
2023,2096,1020.6430775441128
2024,2096,1028.7531005441233
2025,2096,1034.4051230153862
2016,2097,952.3515049797716
2017,2097,999.9999999999569
2018,2097,999.9999999999569
2019,2097,1047.6485903017922
2020,2097,1019.0594246861667
2021,2097,999.9999999999569
2022,2097,1028.5891427460685
2023,2097,1038.1188646178261
2024,2097,1047.6485903017922
2025,2097,1057.1783197959871
2016,2098,958.7138384106095
2017,2098,1000.0000000000485
2018,2098,1000.0000000000485
2019,2098,1006.8810246983577
2020,2098,1000.0000000000485
2021,2098,993.1189769769724
2022,2098,1006.8810246983577
2023,2098,1013.762045830236
2024,2098,1013.762045830236
2025,2098,1020.643068168112
2016,2099,958.7138465665307
2017,2099,1000.0000000000641
2018,2099,1000.0000000000641
2019,2099,1000.0000000000641
2020,2099,986.2379531064411
2021,2099,993.118978336224
2022,2099,1000.0000000000641
2023,2099,1006.8810233382347
2024,2099,1006.8810233382347
2025,2099,1014.3765607463009
2016,2100,950.269379821619
2017,2100,1000.0000000001124
2018,2100,1000.0000000001124
2019,2100,1000.0000000001124
2020,2100,980.1077579333371
2021,2100,990.0538757971811
2022,2100,1000.0000000001124
2023,2100,1000.0000000001124
2024,2100,1000.0000000001124
2025,2100,1009.9461242847741
2016,2101,950.2693973254478
2017,2101,1000.000000000086
2018,2101,1000.000000000086
2019,2101,1000.000000000086
2020,2101,990.0538752096068
2021,2101,990.0538752096068
2022,2101,1000.000000000086
2023,2101,1009.9461227067976
2024,2101,1009.9461227067976
2025,2101,1009.9461248732266
2016,2102,986.8020887722627
2017,2102,1000.0000000000666
2018,2102,1000.0000000000666
2019,2102,1000.0000000000666
2020,2102,993.1189788816974
2021,2102,993.1189788816974
2022,2102,1000.0000000000666
2023,2102,1013.7620420200968
2024,2102,1013.7620420200968
2025,2102,1014.3765672282091
2016,2103,999.9999999999785
2017,2103,999.9999999999785
2018,2103,999.9999999999785
2019,2103,999.9999999999785
2020,2103,990.053873949567
2021,2103,990.0538767572633
2022,2103,990.0538767572633
2023,2103,999.9999999999785
2024,2103,1009.9461239670882
2025,2103,1009.94612613375
2016,2104,1006.8810218403148
2017,2104,999.9999999999998
2018,2104,999.9999999999998
2019,2104,999.9999999999998
2020,2104,993.1189798342594
2021,2104,999.9999999999998
2022,2104,999.9999999999998
2023,2104,1006.8810218403148
2024,2104,1013.7620401146132
2025,2104,1014.3765728609375
2016,2105,1009.9461252274676
2017,2105,999.9999999999495
2018,2105,999.9999999999495
2019,2105,999.9999999999495
2020,2105,990.0538726895967
2021,2105,990.0538726895967
2022,2105,990.0538754977572
2023,2105,999.9999999999495
2024,2105,999.9999999999495
2025,2105,1009.9461252274676
2016,2106,1009.9461279822095
2017,2106,1000.000000000013
2018,2106,1000.000000000013
2019,2106,1000.000000000013
2020,2106,990.0538749081729
2021,2106,990.0538749081729
2022,2106,1000.000000000013
2023,2106,1000.000000000013
2024,2106,1009.9461258157804
2025,2106,1019.8922523559427
2016,2107,1009.9461285710748
2017,2107,999.9999999999148
2018,2107,999.9999999999148
2019,2107,1009.9461264044131
2020,2107,999.9999999999148
2021,2107,999.9999999999148
2022,2107,999.9999999999148
2023,2107,1009.9461264044131
2024,2107,1009.9461285710748
2025,2107,1019.892257225129
2016,2108,1009.946129158876
2017,2108,999.9999999999277
2018,2108,999.9999999999277
2019,2108,1009.946129158876
2020,2108,999.9999999999277
2021,2108,999.9999999999277
2022,2108,1009.9461269931454
2023,2108,1009.946129158876
2024,2108,1019.8922547112232
2025,2108,1029.8383831532287
2016,2109,1014.3765810460833
2017,2109,999.99999999991
2018,2109,999.99999999991
2019,2109,1014.3765810460833
2020,2109,1006.881022109673
2021,2109,999.99999999991
2022,2109,1013.7620406528351
2023,2109,1014.3765810460833
2024,2109,1020.6430604026533
2025,2109,1028.7531681386386
2016,2110,1000.0000000000106
2017,2110,1000.0000000000106
2018,2110,1000.0000000000106
2019,2110,1006.8810207503294
2020,2110,1000.0000000000106
2021,2110,1000.0000000000106
2022,2110,1000.0000000000106
2023,2110,1006.8810207503294
2024,2110,1014.376585827497
2025,2110,1027.5240716176088
2016,2111,985.6234160244253
2017,2111,1000.0000000000226
2018,2111,1000.0000000000226
2019,2111,1000.0000000000226
2020,2111,993.1189822840369
2021,2111,993.1189822840369
2022,2111,1000.0000000000226
2023,2111,1006.8810193909973
2024,2111,1006.8810193909973
2025,2111,1014.376590611327
2016,2112,980.1077367225495
2017,2112,999.9999999999205
2018,2112,999.9999999999205
2019,2112,999.9999999999205
2020,2112,990.0538683197879
2021,2112,990.0538711272515
2022,2112,990.0538711272515
2023,2112,1009.9461295976824
2024,2112,999.9999999999205
2025,2112,1009.9461317638786
2016,2113,979.356943780692
2017,2113,1000.0000000000141
2018,2113,1000.0000000000141
2019,2113,1000.0000000000141
2020,2113,993.1189832354511
2021,2113,1000.0000000000141
2022,2113,1000.0000000000141
2023,2113,1013.7620333116147
2024,2113,1006.8810184389081
2025,2113,1014.3765962447154
2016,2114,970.1616117737548
2017,2114,999.9999999999467
2018,2114,999.9999999999467
2019,2114,999.9999999999467
2020,2114,990.0538670588938
2021,2114,999.9999999999467
2022,2114,999.9999999999467
2023,2114,999.9999999999467
2024,2114,1009.9461308574649
2025,2114,1019.8922624398432
2016,2115,986.2379648093677
2017,2115,999.9999999999283
2018,2115,999.9999999999283
2019,2115,1006.8810174865307
2020,2115,993.1189841879857
2021,2115,999.9999999999283
2022,2115,999.9999999999283
2023,2115,1006.8810174865307
2024,2115,1013.7620314067763
2025,2115,1020.6430465340919
2016,2116,985.6233999751247
2017,2116,999.9999999999538
2018,2116,999.9999999999538
2019,2116,1006.8810161273044
2020,2116,986.2379675280558
2021,2116,985.6233999751247
2022,2116,993.1189855472628
2023,2116,1006.8810161273044
2024,2116,1006.8810161273044
2025,2116,1014.3766066602458
2016,2117,971.2467964325255
2017,2117,999.9999999999419
2018,2117,999.9999999999419
2019,2117,999.9999999999419
2020,2117,986.2379702462209
2021,2117,971.2467964325255
2022,2117,993.1189869063396
2023,2117,1006.8810147682893
2024,2117,999.9999999999419
2025,2117,1013.7620259697062
2016,2118,970.1615936138503
2017,2118,1000.00000000009
2018,2118,1000.00000000009
2019,2118,990.0538672628109
2020,2118,980.1077352501588
2021,2118,970.1615936138503
2022,2118,990.0538672628109
2023,2118,1000.00000000009
2024,2118,990.0538672628109
2025,2118,1009.9461334617624
2016,2119,965.5949231879456
2017,2119,999.9999999999686
2018,2119,999.9999999999686
2019,2119,999.9999999999686
2020,2119,993.1189878587063
2021,2119,972.4759400496712
2022,2119,999.9999999999686
2023,2119,1006.8810138153176
2024,2119,999.9999999999686
2025,2119,1013.7620240643097
2016,2120,960.2154532744074
2017,2120,1000.0000000000506
2018,2120,1000.0000000000506
2019,2120,1000.0000000000506
2020,2120,990.0538631936572
2021,2120,960.2154683537227
2022,2120,1000.0000000000506
2023,2120,1000.0000000000506
2024,2120,1000.0000000000506
2025,2120,1009.9461368888725
2016,2121,960.2154659984218
2017,2121,1000.0000000000275
2018,2121,1000.0000000000275
2019,2121,1000.0000000000275
2020,2121,990.0538626048736
2021,2121,970.161598411533
2022,2121,1000.0000000000275
2023,2121,1009.9461353114139
2024,2121,1009.9461353114139
2025,2121,1019.8922713483586
2016,2122,972.4759422277482
2017,2122,1000.0000000000954
2018,2122,1000.0000000000954
2019,2122,1000.0000000000954
2020,2122,993.1189884033845
2021,2122,979.356959283087
2022,2122,1000.0000000000954
2023,2122,1013.7620229771493
2024,2122,1013.7620229771493
2025,2122,1020.6430338886599
2016,2123,973.6043484226375
2017,2123,1000.0000000000322
2018,2123,1000.0000000000322
2019,2123,1000.0000000000322
2020,2123,986.2379759591382
2021,2123,979.3569633613461
2022,2123,1000.0000000000322
2023,2123,1006.8810119127832
2024,2123,1000.0000000000322
2025,2123,1014.3766283471826
2016,2124,960.2154582682431
2017,2124,1000.000000000052
2018,2124,1000.000000000052
2019,2124,1000.000000000052
2020,2124,980.10772768501
2021,2124,970.1615926143137
2022,2124,990.0538634796353
2023,2124,1000.000000000052
2024,2124,990.0538634796353
2025,2124,1009.9461394108249
2016,2125,990.0538628904958
2017,2125,999.9999999999185
2018,2125,999.9999999999185
2019,2125,1009.946137833037
2020,2125,990.0538600825664
2021,2125,980.1077202485745
2022,2125,999.9999999999185
2023,2125,999.9999999999185
2024,2125,999.9999999999185
2025,2125,1019.8922763912487
2016,2126,1000.000000000023
2017,2126,1000.000000000023
2018,2126,1000.000000000023
2019,2126,1000.000000000023
2020,2126,993.1189916661419
2021,2126,965.5949422246628
2022,2126,1006.8810100084788
2023,2126,1006.8810100084788
2024,2126,1006.8810100084788
2025,2126,1014.3766396124936
2016,2127,985.6233622379128
2017,2127,999.9999999999735
2018,2127,999.9999999999735
2019,2127,999.9999999999735
2020,2127,986.237982484067
2021,2127,973.6043994823224
2022,2127,999.9999999999735
2023,2127,999.9999999999735
2024,2127,1006.8810086493285
2025,2127,1013.7620137317531
2016,2128,980.1077150379564
2017,2128,999.9999999999616
2018,2128,999.9999999999616
2019,2128,999.9999999999616
2020,2128,980.1077212960118
2021,2128,950.2693086767667
2022,2128,999.9999999999616
2023,2128,999.9999999999616
2024,2128,999.9999999999616
2025,2128,1009.9461404389938
2016,2129,980.1077138596454
2017,2129,999.999999999923
2018,2129,999.999999999923
2019,2129,1009.9461410277409
2020,2129,990.0538568883363
2021,2129,980.1077201174683
2022,2129,999.999999999923
2023,2129,1009.9461410277409
2024,2129,1009.9461410277409
2025,2129,1019.8922827808855
2016,2130,980.1077189393253
2017,2130,1000.0000000000512
2018,2130,1000.0000000000512
2019,2130,1009.9461437837841
2020,2130,990.0538591073747
2021,2130,990.0538591073747
2022,2130,1009.9461416178192
2023,2130,1019.8922839597504
2024,2130,1009.9461437837841
2025,2130,1029.83842702747
2016,2131,999.999999999934
2017,2131,999.999999999934
2018,2131,999.999999999934
2019,2131,1014.376651733944
2020,2131,999.999999999934
2021,2131,999.999999999934
2022,2131,1013.7620134585134
2023,2131,1020.6430196106282
2024,2131,1014.376651733944
2025,2131,1027.5240226644744
2016,2132,1006.8810071537487
2017,2132,1000.0000000000521
2018,2132,1000.0000000000521
2019,2132,1013.7620107403557
2020,2132,1000.0000000000521
2021,2132,1000.0000000000521
2022,2132,1013.7620107403557
2023,2132,1014.376656517312
2024,2132,1013.7620107403557
2025,2132,1027.5240172283586
2016,2133,1006.88100579468
2017,2133,999.9999999999673
2018,2133,999.9999999999673
2019,2133,1013.7620080227915
2020,2133,999.9999999999673
2021,2133,986.2379881939185
2022,2133,1013.7620080227915
2023,2133,1013.7620080227915
2024,2133,1013.7620080227915
2025,2133,1027.5240117922542
2016,2134,999.9999999999553
2017,2134,999.9999999999553
2018,2134,999.9999999999553
2019,2134,1013.7619985074862
2020,2134,999.9999999999553
2021,2134,1006.8810010372712
2022,2134,1013.7619985074862
2023,2134,1020.6429971835404
2024,2134,1014.3766894799393
2025,2134,1028.7533850016978
2016,2135,985.6233123729941
2017,2135,999.9999999999204
2018,2135,999.9999999999204
2019,2135,1013.7619957879124
2020,2135,993.11900199601
2021,2135,999.9999999999204
2022,2135,1006.8809996775888
2023,2135,1020.6429931053916
2024,2135,1013.7619957879124
2025,2135,1027.523987324018
2016,2136,979.3570041404212
2017,2136,999.9999999999718
2018,2136,999.9999999999718
2019,2136,999.9999999999718
2020,2136,993.1190033560512
2021,2136,993.1190033560512
2022,2136,1006.8809983193805
2023,2136,1014.3766990459931
2024,2136,1006.8809983193805
2025,2136,1014.3766990459931
2016,2137,979.3570082172438
2017,2137,999.9999999998796
2018,2137,999.9999999998796
2019,2137,999.9999999998796
2020,2137,993.1190047148209
2021,2137,985.6233028037841
2022,2137,999.9999999998796
2023,2137,1006.8809969595982
2024,2137,999.9999999998796
2025,2137,1013.7619903521424
2016,2138,970.1615467004011
2017,2138,999.9999999999659
2018,2138,999.9999999999659
2019,2138,999.9999999999659
2020,2138,990.0538453671675
2021,2138,980.1076908170303
2022,2138,999.9999999999659
2023,2138,1009.9461525503937
2024,2138,999.9999999999659
2025,2138,1009.9461525503937
2016,2139,979.357011070645
2017,2139,1000.0000000000421
2018,2139,1000.0000000000421
2019,2139,1000.0000000000421
2020,2139,993.1190056662255
2021,2139,986.2380077650647
2022,2139,1000.0000000000421
2023,2139,1013.7619884500641
2024,2139,1006.8809960088475
2025,2139,1013.7619884500641
2016,2140,970.1615429151445
2017,2140,999.9999999999884
2018,2140,999.9999999999884
2019,2140,990.0538469132813
2020,2140,990.0538441048865
2021,2140,980.1076945519001
2022,2140,990.0538469132813
2023,2140,1009.9461538122541
2024,2140,1009.9461538122541
2025,2140,1009.9461538122541
2016,2141,980.1076871147371
2017,2141,999.9999999999698
2018,2141,999.9999999999698
2019,2141,999.9999999999698
2020,2141,990.0538435155564
2021,2141,990.0538435155564
2022,2141,999.9999999999698
2023,2141,1009.9461565679758
2024,2141,1009.9461565679758
2025,2141,1019.8923095289123
2016,2142,980.1076859359029
2017,2142,999.9999999999809
2018,2142,999.9999999999809
2019,2142,999.9999999999809
2020,2142,990.0538457341904
2021,2142,990.0538429260283
2022,2142,999.9999999999809
2023,2142,1009.9461571575262
2024,2142,1009.9461571575262
2025,2142,1019.8923143981971
2016,2143,980.1076847569402
2017,2143,999.9999999998992
2018,2143,999.9999999998992
2019,2143,999.9999999998992
2020,2143,999.9999999998992
2021,2143,990.0538423366232
2022,2143,999.9999999998992
2023,2143,1009.9461577474663
2024,2143,1009.9461577474663
2025,2143,1019.8923155779275
2016,2144,980.1076898358178
2017,2144,1000.0000000000297
2018,2144,1000.0000000000297
2019,2144,1000.0000000000297
2020,2144,1000.0000000000297
2021,2144,990.0538417469833
2022,2144,1000.0000000000297
2023,2144,1009.9461583364364
2024,2144,1009.9461583364364
2025,2144,1019.8923167564369
2016,2145,1028.588774308982
2017,2145,1057.1775947758792
2018,2145,1057.1775947758792
2019,2145,1000.0000000000268
2020,2145,1000.0000000000268
2021,2145,1076.236797554177
2022,2145,1000.0000000000268
2023,2145,933.2927265744767
2024,2145,942.822348495924
2025,2145,933.2927265744767
2016,2146,999.9999999999915
2017,2146,1047.648020891115
2018,2146,1047.648020891115
2019,2146,923.763058193103
2020,2146,942.8223165102737
2021,2146,1066.7072332020443
2022,2146,923.763058193103
2023,2146,914.2334233189426
2024,2146,923.763058193103
2025,2146,904.7037846340876
2016,2147,1009.9461593490387
2017,2147,1009.9461593490387
2018,2147,1009.9461593490387
2019,2147,1019.8923187816956
2020,2147,1019.8923187816956
2021,2147,1009.9461593490387
2022,2147,1019.8923187816956
2023,2147,1029.8384782972482
2024,2147,1029.8384782972482
2025,2147,1039.7846378961608
2016,2148,942.8222845235897
2017,2148,1038.1184007738987
2018,2148,1038.1184007738987
2019,2148,904.7037313240835
2020,2148,914.2333753397983
2021,2148,1057.1775782980924
2022,2148,895.1740834974411
2023,2148,876.1147764100932
2024,2148,895.1740834974411
2025,2148,866.5851171507849
2016,2149,1019.8923197946573
2017,2149,1009.9461598561464
2018,2149,1009.9461598561464
2019,2149,1029.8384798162938
2020,2149,1029.8384798162938
2021,2149,1009.9461598561464
2022,2149,1029.8384798162938
2023,2149,1039.784639921989
2024,2149,1039.784639921989
2025,2149,1049.730800110347
2016,2150,1029.8384770120697
2017,2150,1000.0000000000739
2018,2150,1000.0000000000739
2019,2150,1029.8384815852294
2020,2150,1029.8384815852294
2021,2150,1000.0000000000739
2022,2150,1029.8384815852294
2023,2150,1039.7846422807224
2024,2150,1039.7846422807224
2025,2150,1049.730803058877
2016,2151,1059.6769640977886
2017,2151,999.999999999982
2018,2151,999.999999999982
2019,2151,1029.8384833535395
2020,2151,1029.8384833535395
2021,2151,999.999999999982
2022,2151,1029.8384833535395
2023,2151,1039.7846446385777
2024,2151,1039.7846446385777
2025,2151,1059.6769640977886
2016,2152,1034.4050040351447
2017,2152,999.9999999999602
2018,2152,999.9999999999602
2019,2152,1043.1301510599321
2020,2152,1043.1301510599321
2021,2152,999.9999999999602
2022,2152,1043.1301510599321
2023,2152,1057.5068801681427
2024,2152,1057.5068801681427
2025,2152,1071.8836153202724
2016,2153,1095.2962969215985
2017,2153,1133.4149223908937
2018,2153,1133.4149223908937
2019,2153,1133.4149223908937
2020,2153,1123.8852603077326
2021,2153,1104.8259475722102
2022,2153,1142.9445882851016
2023,2153,1162.0039315075783
2024,2153,1142.9445882851016
2025,2153,1171.5336088346824
2016,2154,1057.1777038283456
2017,2154,1123.8851983472853
2018,2154,1123.8851983472853
2019,2154,1123.8851983472853
2020,2154,1104.8258951440134
2021,2154,1095.2962492593508
2022,2154,1123.8851983472853
2023,2154,1133.414855664498
2024,2154,1123.8851983472853
2025,2154,1142.9445167925212
2016,2155,1028.5888204671185
2017,2155,1104.8258427161027
2018,2155,1104.8258427161027
2019,2155,1095.296201597389
2020,2155,1076.2369307939048
2021,2155,980.9407972220018
2022,2155,1095.296201597389
2023,2155,1123.8851363871302
2024,2155,1114.3554876467913
2025,2155,1123.8851363871302
2016,2156,1028.5887856302465
2017,2156,1000.0000000000001
2018,2156,1000.0000000000001
2019,2156,1000.0000000000001
2020,2156,1000.0000000000001
2021,2156,980.9408067547536
2022,2156,1000.0000000000001
2023,2156,1104.8257902854389
2024,2156,1104.8257902854389
2025,2156,1104.8257902854389
2016,2157,1028.5887713309207
2017,2157,1000.0000000000401
2018,2157,1000.0000000000401
2019,2157,1000.0000000000401
2020,2157,1000.0000000000401
2021,2157,971.4112424265917
2022,2157,1000.0000000000401
2023,2157,1009.5295934787422
2024,2157,1009.5295934787422
2025,2157,1095.2961062690172
2016,2158,1020.6429755786713
2017,2158,1000.0000000000211
2018,2158,1000.0000000000211
2019,2158,993.1190078387096
2020,2158,993.1190078387096
2021,2158,972.4760199681994
2022,2158,1000.0000000000211
2023,2158,1006.8809938356635
2024,2158,1000.0000000000211
2025,2158,1013.7619841039613
2016,2159,1028.5887444284085
2017,2159,999.999999999967
2018,2159,999.999999999967
2019,2159,999.999999999967
2020,2159,990.4704193006838
2021,2159,980.9408342247622
2022,2159,999.999999999967
2023,2159,1009.5295845127415
2024,2159,999.999999999967
2025,2159,1019.0591728343452
2016,2160,1013.7619778535703
2017,2160,999.9999999999488
2018,2160,999.9999999999488
2019,2160,999.9999999999488
2020,2160,986.2380183633469
2021,2160,973.6046995786048
2022,2160,993.1190109653202
2023,2160,999.9999999999488
2024,2160,993.1190109653202
2025,2160,1013.7619778535703
2016,2161,1013.761975133669
2017,2161,1000.000000000026
2018,2161,1000.000000000026
2019,2161,1000.000000000026
2020,2161,986.2380210801115
2021,2161,986.2380210801115
2022,2161,993.119012323948
2023,2161,1000.000000000026
2024,2161,1000.000000000026
2025,2161,1013.761975133669
2016,2162,1019.8923260238089
2017,2162,999.9999999999757
2018,2162,999.9999999999757
2019,2162,999.9999999999757
2020,2162,980.1076768772128
2021,2162,980.1076768772128
2022,2162,990.053838075698
2023,2162,999.9999999999757
2024,2162,999.9999999999757
2025,2162,1019.8923260238089
2016,2163,1029.8384918949948
2017,2163,1000.0000000000808
2018,2163,1000.0000000000808
2019,2163,1009.9461632387957
2020,2163,990.0538346775984
2021,2163,990.0538374862261
2022,2163,1000.0000000000808
2023,2163,1009.9461632387957
2024,2163,1009.9461632387957
2025,2163,1029.8384918949948
2016,2164,1029.8384982351754
2017,2164,999.9999999999911
2018,2164,999.9999999999911
2019,2164,1009.9461659947154
2020,2164,990.0538368967888
2021,2164,999.9999999999911
2022,2164,999.9999999999911
2023,2164,1009.9461659947154
2024,2164,1009.9461659947154
2025,2164,1029.8384982351754
2016,2165,1029.838500005144
2017,2165,1000.0000000000307
2018,2165,1000.0000000000307
2019,2165,1009.9461665843424
2020,2165,1000.0000000000307
2021,2165,1000.0000000000307
2022,2165,1009.9461644179135
2023,2165,1009.9461665843424
2024,2165,1019.8923295625186
2025,2165,1029.838500005144
2016,2166,1029.838501773839
2017,2166,999.999999999991
2018,2166,999.999999999991
2019,2166,1009.9461671741149
2020,2166,1009.9461650081498
2021,2166,999.999999999991
2022,2166,1019.8923307432656
2023,2166,1019.8923307432656
2024,2166,1019.8923344327626
2025,2166,1029.838501773839
2016,2167,1043.1302920384187
2017,2167,999.9999999999711
2018,2167,999.9999999999711
2019,2167,1014.3767579683724
2020,2167,1013.7619764968982
2021,2167,999.9999999999711
2022,2167,1020.642964168266
2023,2167,1020.642964168266
2024,2167,1027.5239487404522
2025,2167,1043.1302920384187
2016,2168,1028.7535315530777
2017,2168,999.9999999999495
2018,2168,999.9999999999495
2019,2168,1013.7619737801185
2020,2168,1006.8809886738284
2021,2168,999.9999999999495
2022,2168,1014.3767627541401
2023,2168,1020.6429600928211
2024,2168,1020.6429600928211
2025,2168,1028.7535315530777
2016,2169,1027.5239378709293
2017,2169,1000.0000000000733
2018,2169,1000.0000000000733
2019,2169,1013.7619710621879
2020,2169,1000.0000000000733
2021,2169,993.1190143600888
2022,2169,1013.7619710621879
2023,2169,1020.6429560162292
2024,2169,1020.6429560162292
2025,2169,1014.3767675412303
2016,2170,1019.8923396512216
2017,2170,999.9999999999874
2018,2170,999.9999999999874
2019,2170,999.9999999999874
2020,2170,990.0538331067575
2021,2170,990.0538302983626
2022,2170,1009.946169783808
2023,2170,1009.946169783808
2024,2170,1009.946169783808
2025,2170,999.9999999999874
2016,2171,1028.7535523990853
2017,2171,999.9999999999134
2018,2171,999.9999999999134
2019,2171,1006.8809863641274
2020,2171,999.9999999999134
2021,2171,985.6232334554094
2022,2171,1014.3767731776619
2023,2171,1014.3767731776619
2024,2171,1014.3767731776619
2025,2171,1006.8809863641274
2016,2172,1029.8385088213329
2017,2172,1000.0000000000405
2018,2172,1000.0000000000405
2019,2172,1009.946168881968
2020,2172,1000.0000000000405
2021,2172,980.1076581552702
2022,2172,1009.946168881968
2023,2172,1009.946168881968
2024,2172,1019.8923384885228
2025,2172,1029.8385088213329
2016,2173,1027.52393026468
2017,2173,1000.0000000000837
2018,2173,1000.0000000000837
2019,2173,1013.7619672598856
2020,2173,1000.0000000000837
2021,2173,986.8024045893985
2022,2173,1013.7619672598856
2023,2173,1013.7619672598856
2024,2173,1020.6429503120384
2025,2173,1026.3951543915518
2016,2174,1029.8385171813168
2017,2174,999.9999999999767
2018,2174,999.9999999999767
2019,2174,1009.9461723103195
2020,2174,999.9999999999767
2021,2174,990.0538305820884
2022,2174,1009.9461723103195
2023,2174,1009.9461723103195
2024,2174,1009.9461723103195
2025,2174,1029.8385171813168
2016,2175,1034.4049062020358
2017,2175,999.9999999999673
2018,2175,999.9999999999673
2019,2175,1014.3767844525225
2020,2175,1006.8809844629735
2021,2175,999.9999999999673
2022,2175,1014.3767844525225
2023,2175,1014.3767844525225
2024,2175,1014.3767844525225
2025,2175,1034.4049062020358
2016,2176,1029.838520970364
2017,2176,1000.0000000000376
2018,2176,1000.0000000000376
2019,2176,1009.9461735732984
2020,2176,1009.9461714073335
2021,2176,1000.0000000000376
2022,2176,1000.0000000000376
2023,2176,1009.9461735732984
2024,2176,1009.9461735732984
2025,2176,1029.8385164009292
2016,2177,1039.7846923461166
2017,2177,999.9999999999894
2018,2177,999.9999999999894
2019,2177,1009.946174163798
2020,2177,1009.946174163798
2021,2177,1009.9461719976017
2022,2177,1009.9461719976017
2023,2177,1019.8923447207725
2024,2177,1019.8923447207725
2025,2177,1029.8385227410322
2016,2178,1049.7308701994132
2017,2178,1000.0000000000163
2018,2178,1000.0000000000163
2019,2178,1009.9461747534391
2020,2178,1009.9461747534391
2021,2178,1009.9461747534391
2022,2178,1009.9461747534391
2023,2178,1019.8923495909202
2024,2178,1029.838519941164
2025,2178,1039.78469470716
2016,2179,1043.1303935186995
2017,2179,999.9999999999463
2018,2179,999.9999999999463
2019,2179,1014.3767917958877
2020,2179,1014.3767917958877
2021,2179,1014.3767917958877
2022,2179,1014.3767917958877
2023,2179,1027.523925925242
2024,2179,1027.523925925242
2025,2179,1041.285882506764
2016,2180,1076.2364918938167
2017,2180,999.9999999999444
2018,2180,999.9999999999444
2019,2180,1047.6477788563236
2020,2180,1038.118215463472
2021,2180,1028.5886558825957
2022,2180,1028.5886558825957
2023,2180,1047.6477788563236
2024,2180,1047.6477788563236
2025,2180,1076.2364918938167
2016,2181,1034.4048899037232
2017,2181,999.999999999969
2018,2181,999.999999999969
2019,2181,999.999999999969
2020,2181,999.999999999969
2021,2181,999.999999999969
2022,2181,1006.8809812036267
2023,2181,1013.7619588392815
2024,2181,1020.6429376810196
2025,2181,1027.5239134234168
2016,2182,1028.7536166476316
2017,2182,999.9999999999662
2018,2182,999.9999999999662
2019,2182,999.9999999999662
2020,2182,1006.8809798444443
2021,2182,999.9999999999662
2022,2182,1006.8809798444443
2023,2182,1013.7619561211636
2024,2182,1020.6429336048683
2025,2182,1014.3768053021683
2016,2183,1014.3768100884345
2017,2183,1000.0000000000339
2018,2183,1000.0000000000339
2019,2183,1000.0000000000339
2020,2183,1006.8809784858361
2021,2183,1000.0000000000339
2022,2183,1006.8809784858361
2023,2183,1013.7619534035504
2024,2183,1014.3768100884345
2025,2183,1013.7619534035504
2016,2184,1009.9461781209914
2017,2184,999.9999999999702
2018,2184,999.9999999999702
2019,2184,990.0538219620762
2020,2184,999.9999999999702
2021,2184,990.0538247718679
2022,2184,999.9999999999702
2023,2184,1009.9461781209914
2024,2184,1019.892352634713
2025,2184,1019.892352634713
2016,2185,1009.9461787106534
2017,2185,1000.0000000000085
2018,2185,1000.0000000000085
2019,2185,990.0538241799545
2020,2185,1000.0000000000085
2021,2185,1000.0000000000085
2022,2185,1000.0000000000085
2023,2185,1009.9461787106534
2024,2185,1019.8923575051235
2025,2185,1019.8923575051235
2016,2186,1014.3768165788013
2017,2186,1000.0000000000047
2018,2186,1000.0000000000047
2019,2186,1000.0000000000047
2020,2186,1006.8809779438288
2021,2186,1006.8809779438288
2022,2186,1006.8809779438288
2023,2186,1014.3768165788013
2024,2186,1027.5239003854235
2025,2186,1027.5239003854235
2016,2187,1013.7619496028232
2017,2187,1000.0000000000026
2018,2187,1000.0000000000026
2019,2187,1000.0000000000026
2020,2187,1006.8809765853346
2021,2187,1006.8809765853346
2022,2187,1006.8809765853346
2023,2187,1006.8809765853346
2024,2187,1020.6429238263099
2025,2187,1020.6429238263099
2016,2188,1019.8923576914128
2017,2188,1000.0000000000917
2018,2188,1000.0000000000917
2019,2188,1000.0000000000917
2020,2188,1000.0000000000917
2021,2188,1009.9461784825082
2022,2188,1009.9461784825082
2023,2188,1000.0000000000917
2024,2188,1029.83853762611
2025,2188,1029.83853762611
2016,2189,1020.6429209760654
2017,2189,1000.000000000078
2018,2189,1000.000000000078
2019,2189,1006.8809756356004
2020,2189,1006.8809756356004
2021,2189,1013.7619477027913
2022,2189,1013.7619477027913
2023,2189,1006.8809756356004
2024,2189,1027.5238911498284
2025,2189,1027.5238911498284
2016,2190,1020.6429168995081
2017,2190,999.9999999999314
2018,2190,999.9999999999314
2019,2190,999.9999999999314
2020,2190,1006.880974276293
2021,2190,1006.880974276293
2022,2190,1006.880974276293
2023,2190,1006.880974276293
2024,2190,1027.5238857148531
2025,2190,1027.5238857148531
2016,2191,1014.3768365771099
2017,2191,1000.0000000000133
2018,2191,1000.0000000000133
2019,2191,1000.0000000000133
2020,2191,1000.0000000000133
2021,2191,1006.8809729178987
2022,2191,1000.0000000000133
2023,2191,1000.0000000000133
2024,2191,1020.6429128233217
2025,2191,1027.5238802799352
2016,2192,1009.9461832597674
2017,2192,1000.000000000031
2018,2192,1000.000000000031
2019,2192,1000.000000000031
2020,2192,1000.000000000031
2021,2192,1000.000000000031
2022,2192,1000.000000000031
2023,2192,1000.000000000031
2024,2192,1019.8923666019325
2025,2192,1039.784728733593
2016,2193,1014.3768422164363
2017,2193,999.9999999999254
2018,2193,999.9999999999254
2019,2193,999.9999999999254
2020,2193,999.9999999999254
2021,2193,999.9999999999254
2022,2193,999.9999999999254
2023,2193,1006.8809719682816
2024,2193,1027.523876479438
2025,2193,1034.4048437235408
2016,2194,1028.5885349349874
2017,2194,999.9999999999937
2018,2194,999.9999999999937
2019,2194,999.9999999999937
2020,2194,999.9999999999937
2021,2194,999.9999999999937
2022,2194,999.9999999999937
2023,2194,1009.5295078347616
2024,2194,1038.1180541996305
2025,2194,1047.6475772750873
2016,2195,1006.8809688421318
2017,2195,1000.0000000000001
2018,2195,1000.0000000000001
2019,2195,1000.0000000000001
2020,2195,1000.0000000000001
2021,2195,993.1190328338449
2022,2195,1000.0000000000001
2023,2195,1000.0000000000001
2024,2195,1013.7619341156873
2025,2195,1027.5238639765998
2016,2196,1013.1974525229097
2017,2196,999.9999999999566
2018,2196,999.9999999999566
2019,2196,999.9999999999566
2020,2196,1006.8809674828636
2021,2196,993.1190341921236
2022,2196,999.9999999999566
2023,2196,999.9999999999566
2024,2196,1013.7619313971097
2025,2196,1020.6428965185003
2016,2197,1020.6428924429866
2017,2197,1000.0000000000213
2018,2197,1000.0000000000213
2019,2197,1013.1974434944391
2020,2197,1006.8809661246215
2021,2197,1000.0000000000213
2022,2197,1006.8809661246215
2023,2197,1006.8809661246215
2024,2197,1013.7619286808051
2025,2197,1026.3948747961622
2016,2198,1028.5884622794372
2017,2198,1000.0000000000457
2018,2198,1000.0000000000457
2019,2198,1019.0589754200773
2020,2198,1009.5294904643783
2021,2198,1009.5294879934961
2022,2198,1009.5294904643783
2023,2198,1009.5294904643783
2024,2198,1019.0589847376598
2025,2198,1028.5884828202418
2016,2199,1019.0589752036009
2017,2199,1000.0000000000557
2018,2199,1000.0000000000557
2019,2199,1009.5294856975286
2020,2199,1000.0000000000557
2021,2199,1009.529483226533
2022,2199,1009.529483226533
2023,2199,1000.0000000000557
2024,2199,1019.0589658860187
2025,2199,1028.5884479781694
2016,2200,1020.6428777651399
2017,2200,999.9999999999495
2018,2200,999.9999999999495
2019,2200,999.9999999999495
2020,2200,993.1190404434784
2021,2200,999.9999999999495
2022,2200,999.9999999999495
2023,2200,999.9999999999495
2024,2200,1013.1974148350777
2025,2200,1013.7619188957696
2016,2201,1020.6428736887444
2017,2201,999.9999999999532
2018,2201,999.9999999999532
2019,2201,1006.880959872886
2020,2201,993.1190418020092
2021,2201,999.9999999999532
2022,2201,999.9999999999532
2023,2201,1006.880959872886
2024,2201,1020.6428736887444
2025,2201,1013.7619161774871
2016,2202,1020.6428696123254
2017,2202,1000.0000000000051
2018,2202,1000.0000000000051
2019,2202,1006.8809585141712
2020,2202,993.1190431605843
2021,2202,985.623123899946
2022,2202,1000.0000000000051
2023,2202,1006.8809585141712
2024,2202,1020.6428696123254
2025,2202,1013.7619134598351
2016,2203,1029.8385621290145
2017,2203,1000.0000000000922
2018,2203,1000.0000000000922
2019,2203,1009.9461866495208
2020,2203,1000.0000000000922
2021,2203,980.107622618221
2022,2203,1009.9461866495208
2023,2203,1009.9461866495208
2024,2203,1029.8385621290145
2025,2203,1019.8923740259062
2016,2204,1027.523818865659
2017,2204,1000.0000000000085
2018,2204,1000.0000000000085
2019,2204,1013.7619115611287
2020,2204,1006.8809575649841
2021,2204,986.238084653519
2022,2204,1013.7619115611287
2023,2204,1013.7619115611287
2024,2204,1027.523818865659
2025,2204,1020.6428667633563
2016,2205,1027.5238134309832
2017,2205,999.9999999998896
2018,2205,999.9999999998896
2019,2205,1013.761908842574
2020,2205,1013.1973794921132
2021,2205,986.2380873703496
2022,2205,1013.761908842574
2023,2205,1020.6428626866192
2024,2205,1027.5238134309832
2025,2205,1026.394746795421
2016,2206,1027.523807995833
2017,2206,999.9999999999662
2018,2206,999.9999999999662
2019,2206,1013.7619061252445
2020,2206,1013.7619061252445
2021,2206,986.2380900876736
2022,2206,1013.7619061252445
2023,2206,1020.6428586105383
2024,2206,1020.6428586105383
2025,2206,1027.523807995833
2016,2207,1027.5238025607885
2017,2207,1000.0000000000907
2018,2207,1000.0000000000907
2019,2207,1013.7619034089358
2020,2207,1013.7619034089358
2021,2207,986.2380928038166
2022,2207,1013.7619034089358
2023,2207,1020.6428545347395
2024,2207,1026.394710669618
2025,2207,1027.5238025607885
2016,2208,1027.5237971269075
2017,2208,999.9999999999332
2018,2208,999.9999999999332
2019,2208,1013.7619006915083
2020,2208,1013.7619006915083
2021,2208,986.8026354824551
2022,2208,1013.7619006915083
2023,2208,1020.6428504591648
2024,2208,1027.5237971269075
2025,2208,1014.3769075184575
2016,2209,1027.5237916927465
2017,2209,1000.0000000000557
2018,2209,1000.0000000000557
2019,2209,1013.7618979733372
2020,2209,1000.0000000000557
2021,2209,993.1190509039515
2022,2209,1006.880950770905
2023,2209,1014.3769123070622
2024,2209,1027.5237916927465
2025,2209,1013.7618979733372
2016,2210,1009.9461934496434
2017,2210,999.9999999999134
2018,2210,999.9999999999134
2019,2210,1019.8923832930036
2020,2210,999.9999999999134
2021,2210,990.0538094428709
2022,2210,1009.9461912836798
2023,2210,1009.9461912836798
2024,2210,1029.838576030215
2025,2210,1019.8923832930036
2016,2211,1014.3769179472731
2017,2211,1000.0000000000723
2018,2211,1000.0000000000723
2019,2211,1020.6428435333531
2020,2211,1006.8809498216922
2021,2211,1000.0000000000723
2022,2211,1013.7618960745663
2023,2211,1013.7618960745663
2024,2211,1027.52378789247
2025,2211,1020.6428435333531
2016,2212,1009.9461925474369
2017,2212,1000.0000000000849
2018,2212,1000.0000000000849
2019,2212,1009.946194713169
2020,2212,1009.9461925474369
2021,2212,990.0538053684983
2022,2212,1009.9461925474369
2023,2212,1019.8923858224445
2024,2212,1029.8385843910485
2025,2212,1019.8923858224445
2016,2213,1013.7618941739072
2017,2213,1000.0000000000455
2018,2213,1000.0000000000455
2019,2213,1014.3769235865842
2020,2213,1013.7618941739072
2021,2213,985.6230830440445
2022,2213,1013.7618941739072
2023,2213,1020.6428406839012
2024,2213,1034.4047282408987
2025,2213,1020.6428406839012
2016,2214,1020.64283660807
2017,2214,1000.0000000000002
2018,2214,1000.0000000000002
2019,2214,1006.8809475129725
2020,2214,1000.0000000000002
2021,2214,972.4762052536786
2022,2214,1006.8809475129725
2023,2214,1014.3769283745088
2024,2214,1028.75386279179
2025,2214,1014.3769283745088
2016,2215,1019.8923933889697
2017,2215,1000.0000000000027
2018,2215,1000.0000000000027
2019,2215,1000.0000000000027
2020,2215,990.0538034304426
2021,2215,970.1614105402384
2022,2215,1000.0000000000027
2023,2215,1009.9461966531554
2024,2215,1029.8385856405716
2025,2215,1009.9461966531554
2016,2216,1019.8923945703237
2017,2216,1000.0000000000799
2018,2216,1000.0000000000799
2019,2216,1000.0000000000799
2020,2216,990.0538028398822
2021,2216,970.1614191274031
2022,2216,1000.0000000000799
2023,2216,1009.9461972441047
2024,2216,1029.8385919813013
2025,2216,1019.8923908822225
2016,2217,1019.8923957521424
2017,2217,999.9999999998992
2018,2217,999.9999999998992
2019,2217,999.9999999998992
2020,2217,990.0538022488183
2021,2217,980.1076045810975
2022,2217,999.9999999998992
2023,2217,1009.9461978350384
2024,2217,1029.8385937535359
2025,2217,1019.8923957521424
2016,2218,1009.9461984258069
2017,2218,1000.0000000000208
2018,2218,1000.0000000000208
2019,2218,1000.0000000000208
2020,2218,990.0538016578275
2021,2218,980.1076096628761
2022,2218,1000.0000000000208
2023,2218,1009.9461984258069
2024,2218,1029.838595526293
2025,2218,1019.8923969340213
2016,2219,1009.9461990167272
2017,2219,1000.0000000000638
2018,2219,1000.0000000000638
2019,2219,1000.0000000000638
2020,2219,990.0538010665277
2021,2219,990.0538038760881
2022,2219,1000.0000000000638
2023,2219,1009.9461990167272
2024,2219,1029.838597298971
2025,2219,1019.8923981158192
2016,2220,1009.9461996080396
2017,2220,1000.0000000000236
2018,2220,1000.0000000000236
2019,2220,1000.0000000000236
2020,2220,990.0538032858592
2021,2220,1000.0000000000236
2022,2220,1000.0000000000236
2023,2220,1009.9461996080396
2024,2220,1029.8385990720562
2025,2220,1019.8923992982515
2016,2221,1009.9462001985714
2017,2221,999.9999999999034
2018,2221,999.9999999999034
2019,2221,999.9999999999034
2020,2221,999.9999999999034
2021,2221,999.9999999999034
2022,2221,1009.9461980326064
2023,2221,1009.9462001985714
2024,2221,1029.8386008448247
2025,2221,1019.8924004796697
2016,2222,1014.376939141668
2017,2222,1000.0000000000371
2018,2222,1000.0000000000371
2019,2222,1000.0000000000371
2020,2222,1000.0000000000371
2021,2222,1000.0000000000371
2022,2222,1013.761894463795
2023,2222,1014.376939141668
2024,2222,1043.1308355489705
2025,2222,1028.7538843240975
2016,2223,1009.9461992969648
2017,2223,999.9999999999075
2018,2223,999.9999999999075
2019,2223,999.9999999999075
2020,2223,990.0538014298055
2021,2223,999.9999999999075
2022,2223,999.9999999999075
2023,2223,1009.9461992969648
2024,2223,1089.5158198484833
2025,2223,1009.9462014631627
2016,2224,1013.7618925651899
2017,2224,1000.000000000043
2018,2224,1000.000000000043
2019,2224,1006.88094806691
2020,2224,1000.000000000043
2021,2224,1006.88094806691
2022,2224,1000.000000000043
2023,2224,1013.7618925651899
2024,2224,1028.7538956068424
2025,2224,1014.3769447816478
2016,2225,1104.8239212786498
2017,2225,999.9999999999462
2018,2225,999.9999999999462
2019,2225,1009.52942833802
2020,2225,1009.5294258666719
2021,2225,1009.52942833802
2022,2225,999.9999999999462
2023,2225,1019.0588604873732
2024,2225,1104.8239212786498
2025,2225,1085.7649922077685
2016,2226,1009.5294235707804
2017,2226,1000.0000000000216
2018,2226,1000.0000000000216
2019,2226,1009.5294210992028
2020,2226,1009.5294210992028
2021,2226,1009.5294210992028
2022,2226,1000.0000000000216
2023,2226,1009.5294235707804
2024,2226,1095.294407163574
2025,2226,1009.5294235707804
2016,2227,1009.5294163316787
2017,2227,1000.0000000000452
2018,2227,1000.0000000000452
2019,2227,1009.5294163316787
2020,2227,1009.5294163316787
2021,2227,1009.5294163316787
2022,2227,1000.0000000000452
2023,2227,1009.5294163316787
2024,2227,1019.0588414171713
2025,2227,1009.5294163316787
2016,2228,1009.5294115642005
2017,2228,999.9999999999922
2018,2228,999.9999999999922
2019,2228,1009.5294115642005
2020,2228,1009.5294115642005
2021,2228,1009.5294115642005
2022,2228,999.9999999999922
2023,2228,1009.5294115642005
2024,2228,1019.0588225634018
2025,2228,1009.5294115642005
2016,2229,1009.5294067964769
2017,2229,1000.0000000000491
2018,2229,1000.0000000000491
2019,2229,1009.5294067964769
2020,2229,1009.5294067964769
2021,2229,1009.5294067964769
2022,2229,1000.0000000000491
2023,2229,1009.5294067964769
2024,2229,1019.0588130282413
2025,2229,1009.5294067964769
2016,2230,1009.52940202902
2017,2230,1000.0000000000173
2018,2230,1000.0000000000173
2019,2230,1009.52940202902
2020,2230,1009.52940202902
2021,2230,1009.52940202902
2022,2230,1000.0000000000173
2023,2230,1009.52940202902
2024,2230,1019.0588034930131
2025,2230,1009.52940202902
2016,2231,1009.5293972613177
2017,2231,999.9999999999819
2018,2231,999.9999999999819
2019,2231,1009.5293972613177
2020,2231,1009.5293972613177
2021,2231,1009.5293972613177
2022,2231,999.9999999999819
2023,2231,1009.5293972613177
2024,2231,1019.058793957647
2025,2231,1009.5293972613177
2016,2232,1013.1972283117293
2017,2232,999.9999999999784
2018,2232,999.9999999999784
2019,2232,1013.1972283117293
2020,2232,999.9999999999784
2021,2232,1006.8809343368157
2022,2232,993.1190673386296
2023,2232,1013.1972283117293
2024,2232,1020.6427970789848
2025,2232,1013.1972283117293
2016,2233,1026.3944263695194
2017,2233,1000.0000000000729
2018,2233,1000.0000000000729
2019,2233,1013.7618623871228
2020,2233,1000.0000000000729
2021,2233,1006.880932978178
2022,2233,993.1190686970419
2023,2233,1013.7618623871228
2024,2233,1020.642793002968
2025,2233,1013.7618623871228
2016,2234,1027.5237150843361
2017,2234,1000.0000000000175
2018,2234,1000.0000000000175
2019,2234,1013.7618596708433
2020,2234,1000.0000000000175
2021,2234,1006.8809316199681
2022,2234,1000.0000000000175
2023,2234,1013.7618596708433
2024,2234,1026.3944083076206
2025,2234,1013.7618596708433
2016,2235,1027.5237096514409
2017,2235,1000.0000000000141
2018,2235,1000.0000000000141
2019,2235,1020.6427848530235
2020,2235,1000.0000000000141
2021,2235,1000.0000000000141
2022,2235,1000.0000000000141
2023,2235,1013.7618569544366
2024,2235,1027.5237096514409
2025,2235,1000.0000000000141
2016,2236,1039.7848197333049
2017,2236,999.9999999999103
2018,2236,999.9999999999103
2019,2236,1019.8924121002146
2020,2236,999.9999999999103
2021,2236,999.9999999999103
2022,2236,999.9999999999103
2023,2236,1019.8924084125789
2024,2236,1029.83861827436
2025,2236,999.9999999999103
2016,2237,1034.4046304394035
2017,2237,999.9999999999704
2018,2237,999.9999999999704
2019,2237,1027.5237058526875
2020,2237,1006.8809293120233
2021,2237,999.9999999999704
2022,2237,999.9999999999704
2023,2237,1020.6427820038806
2024,2237,1034.4046304394035
2025,2237,1006.8809293120233
2016,2238,1047.6469107258097
2017,2238,1000.0000000000313
2018,2238,1000.0000000000313
2019,2238,1038.117520959936
2020,2238,1009.5293745233527
2021,2238,1000.0000000000313
2022,2238,1000.0000000000313
2023,2238,1028.5881350033635
2024,2238,1047.6469107258097
2025,2238,1009.5293745233527
2016,2239,1027.5236933469455
2017,2239,999.9999999999308
2018,2239,999.9999999999308
2019,2239,1006.880926185229
2020,2239,1006.880926185229
2021,2239,993.1190754887193
2022,2239,993.1190754887193
2023,2239,1006.880926185229
2024,2239,1014.3770058283643
2025,2239,1006.880926185229
2016,2240,1020.6427685505757
2017,2240,1000.0000000000695
2018,2240,1000.0000000000695
2019,2240,1006.8809248278417
2020,2240,1006.8809248278417
2021,2240,993.1190768480296
2022,2240,993.1190768480296
2023,2240,1006.8809248278417
2024,2240,1013.7618460862097
2025,2240,1006.8809248278417
2016,2241,1020.6427644757115
2017,2241,1000.0000000000114
2018,2241,1000.0000000000114
2019,2241,1006.8809234691045
2020,2241,1000.0000000000114
2021,2241,993.1190782063217
2022,2241,993.1190782063217
2023,2241,1006.8809234691045
2024,2241,1013.7618433691224
2025,2241,1006.8809234691045
2016,2242,1019.8924188440249
2017,2242,999.999999999906
2018,2242,999.999999999906
2019,2242,1009.9462072139705
2020,2242,999.999999999906
2021,2242,990.0537935130295
2022,2242,999.999999999906
2023,2242,1009.9462072139705
2024,2242,1009.9462093804025
2025,2242,1009.9462072139705
2016,2243,1027.5236786833427
2017,2243,999.9999999999789
2018,2243,999.9999999999789
2019,2243,1013.7618414699559
2020,2243,1006.8809225195474
2021,2243,999.9999999999789
2022,2243,1006.8809225195474
2023,2243,1013.7618414699559
2024,2243,1014.3770210481614
2025,2243,1013.7618414699559
2016,2244,1020.6427575523367
2017,2244,1000.0000000000224
2018,2244,1000.0000000000224
2019,2244,1013.7618387541726
2020,2244,1006.8809211616777
2021,2244,1000.0000000000224
2022,2244,1006.8809211616777
2023,2244,1013.7618387541726
2024,2244,1006.8809211616777
2025,2244,1013.7618387541726
2016,2245,1020.6427534763139
2017,2245,999.9999999999275
2018,2245,999.9999999999275
2019,2245,1013.7618360360814
2020,2245,1006.8809198027488
2021,2245,986.2381601752722
2022,2245,1006.8809198027488
2023,2245,1013.7618360360814
2024,2245,1006.8809198027488
2025,2245,1013.7618360360814
2016,2246,1019.8924240736708
2017,2246,1000.0000000000977
2018,2246,1000.0000000000977
2019,2246,1019.8924203848693
2020,2246,1009.9462098291231
2021,2246,980.1075825252445
2022,2246,1009.9462098291231
2023,2246,1019.8924203848693
2024,2246,1009.9462098291231
2025,2246,1019.8924203848693
2016,2247,1027.5236640178543
2017,2247,999.9999999999413
2018,2247,999.9999999999413
2019,2247,1020.6427506279373
2020,2247,1013.7618341375219
2021,2247,999.9999999999413
2022,2247,1013.7618341375219
2023,2247,1020.6427506279373
2024,2247,1013.7618341375219
2025,2247,1020.6427506279373
2016,2248,1038.1173887845916
2017,2248,1000.0000000000565
2018,2248,1000.0000000000565
2019,2248,1028.5880358736044
2020,2248,1019.0586867727359
2021,2248,1000.0000000000565
2022,2248,1019.0586867727359
2023,2248,1028.5880358736044
2024,2248,1019.0586867727359
2025,2248,1028.5880358736044
2016,2249,999.9999999999862
2017,2249,999.9999999999862
2018,2249,999.9999999999862
2019,2249,1006.880915727757
2020,2249,1006.880915727757
2021,2249,993.1190859475336
2022,2249,1006.880915727757
2023,2249,1006.880915727757
2024,2249,1006.880915727757
2025,2249,1013.7618278862826
2016,2250,986.2381710439154
2017,2250,999.9999999999903
2018,2250,999.9999999999903
2019,2250,1006.8809143691374
2020,2250,1006.8809143691374
2021,2250,986.2381710439154
2022,2250,999.9999999999903
2023,2250,1006.8809143691374
2024,2250,1006.8809143691374
2025,2250,1006.8809143691374
2016,2251,980.1075771293276
2017,2251,1000.0000000000597
2018,2251,1000.0000000000597
2019,2251,1009.9462125271409
2020,2251,1000.0000000000597
2021,2251,980.1075771293276
2022,2251,1000.0000000000597
2023,2251,1000.0000000000597
2024,2251,1009.9462125271409
2025,2251,1009.9462125271409
2016,2252,990.0537876078712
2017,2252,1000.0000000001006
2018,2252,1000.0000000001006
2019,2252,1019.89242696566
2020,2252,1009.9462131197511
2021,2252,990.0537876078712
2022,2252,1009.9462131197511
2023,2252,1009.9462131197511
2024,2252,1009.9462152854848
2025,2252,1019.89242696566
2016,2253,999.999999999997
2017,2253,999.999999999997
2018,2253,999.999999999997
2019,2253,1028.754133304638
2020,2253,1020.6427351636339
2021,2253,1027.5236433980779
2022,2253,1027.5236433980779
2023,2253,1027.5236433980779
2024,2253,1034.4045523701873
2025,2253,1041.2854587098022
2016,2254,990.4706810684635
2017,2254,999.9999999999797
2018,2254,999.9999999999797
2019,2254,1057.1759935989219
2020,2254,1047.6466518065988
2021,2254,1038.1173138253255
2022,2254,1038.1173138253255
2023,2254,1038.1173138253255
2024,2254,1047.6466518065988
2025,2254,1057.1759935989219
2016,2255,986.2381786355231
2017,2255,1000.0000000000379
2018,2255,1000.0000000000379
2019,2255,1014.3770723526416
2020,2255,1006.88091057254
2021,2255,1006.88091057254
2022,2255,1014.3770723526416
2023,2255,1014.3770723526416
2024,2255,1020.6427257850623
2025,2255,1020.6427257850623
2016,2256,980.9413838855493
2017,2256,1000.0000000000302
2018,2256,1000.0000000000302
2019,2256,1028.587952746447
2020,2256,1009.5293137723261
2021,2256,1009.5293137723261
2022,2256,1028.587952746447
2023,2256,1028.587952746447
2024,2256,1038.1172779480394
2025,2256,1047.6466069592816
2016,2257,979.3572767527471
2017,2257,999.9999999999905
2018,2257,999.9999999999905
2019,2257,1006.8809074466766
2020,2257,999.9999999999905
2021,2257,985.6229255543345
2022,2257,999.9999999999905
2023,2257,1006.8809074466766
2024,2257,1013.7618113237886
2025,2257,1013.7618113237886
2016,2258,961.8827850101776
2017,2258,1000.0000000000166
2018,2258,1000.0000000000166
2019,2258,1009.5293048018193
2020,2258,990.4706990062343
2021,2258,971.412108453437
2022,2258,1000.0000000000166
2023,2258,1009.5293048018193
2024,2258,1019.0586134142002
2025,2258,1019.0586134142002
2016,2259,958.7145606454418
2017,2259,1000.0000000000141
2018,2259,1000.0000000000141
2019,2259,1000.0000000000141
2020,2259,986.2381911385799
2021,2259,972.4763780217866
2022,2259,986.2381911385799
2023,2259,986.2381911385799
2024,2259,1000.0000000000141
2025,2259,1006.8809043204454
2016,2260,960.4088853342587
2017,2260,1000.0000000000398
2018,2260,1000.0000000000398
2019,2260,993.11909871396
2020,2260,986.2381938576483
2021,2260,971.245830124355
2022,2260,985.6229120417557
2023,2260,986.2381938576483
2024,2260,1000.0000000000398
2025,2260,1000.0000000000398
2016,2261,950.2688915010204
2017,2261,999.9999999999607
2018,2261,999.9999999999607
2019,2261,990.0537781335919
2020,2261,980.1075626172599
2021,2261,960.2151281458762
2022,2261,980.1075563508172
2023,2261,980.1075626172599
2024,2261,999.9999999999607
2025,2261,999.9999999999607
2016,2262,972.4763872496227
2017,2262,1000.000000000055
2018,2262,1000.000000000055
2019,2262,993.1190996617928
2020,2262,993.1190996617928
2021,2262,972.4763872496227
2022,2262,986.2381957540416
2023,2262,986.2381957540416
2024,2262,1000.000000000055
2025,2262,1006.8809020131472
2016,2263,971.2458092601495
2017,2263,999.9999999999632
2018,2263,999.9999999999632
2019,2263,986.2381984701944
2020,2263,986.2381984701944
2021,2263,972.4763926827633
2022,2263,985.6229016101876
2023,2263,986.2381984701944
2024,2263,999.9999999999632
2025,2263,1006.8809006551345
2016,2264,960.2151203800372
2017,2264,999.9999999999255
2018,2264,999.9999999999255
2019,2264,980.1075587344401
2020,2264,980.1075587344401
2021,2264,960.2151203800372
2022,2264,980.107552467763
2023,2264,980.1075587344401
2024,2264,990.0537761923977
2025,2264,999.9999999999255
2016,2265,970.1613270511032
2017,2265,1000.0000000000585
2018,2265,1000.0000000000585
2019,2265,990.0537784104076
2020,2265,990.0537755999146
2021,2265,970.1613374166285
2022,2265,980.1075575502731
2023,2265,990.0537755999146
2024,2265,990.0537784104076
2025,2265,1000.0000000000585
2016,2266,970.1613356423653
2017,2266,999.9999999999515
2018,2266,999.9999999999515
2019,2266,999.9999999999515
2020,2266,990.0537778190699
2021,2266,980.1075501007964
2022,2266,990.0537778190699
2023,2266,990.0537778190699
2024,2266,999.9999999999515
2025,2266,1009.9462229077883
2016,2267,993.1191011499407
2017,2267,999.9999999999864
2018,2267,999.9999999999864
2019,2267,999.9999999999864
2020,2267,999.9999999999864
2021,2267,979.3572975167838
2022,2267,999.9999999999864
2023,2267,999.9999999999864
2024,2267,1006.880900524862
2025,2267,1013.7617974798347
2016,2268,993.1191025090127
2017,2268,1000.0000000000305
2018,2268,1000.0000000000305
2019,2268,1000.0000000000305
2020,2268,993.1191025090127
2021,2268,979.3573015927543
2022,2268,993.1191025090127
2023,2268,993.1191025090127
2024,2268,1000.0000000000305
2025,2268,1013.7617947643703
2016,2269,990.0537730677444
2017,2269,1000.0000000000915
2018,2269,1000.0000000000915
2019,2269,1000.0000000000915
2020,2269,990.0537730677444
2021,2269,970.1613298191219
2022,2269,990.0537758789359
2023,2269,990.0537758789359
2024,2269,1000.0000000000915
2025,2269,1009.9462248502994
2016,2270,990.053775286179
2017,2270,999.9999999999601
2018,2270,999.9999999999601
2019,2270,999.9999999999601
2020,2270,990.053775286179
2021,2270,980.1075512995877
2022,2270,999.9999999999601
2023,2270,999.9999999999601
2024,2270,999.9999999999601
2025,2270,1009.9462276085239
2016,2271,1000.0000000000058
2017,2271,1000.0000000000058
2018,2271,1000.0000000000058
2019,2271,1000.0000000000058
2020,2271,1000.0000000000058
2021,2271,990.053768332115
2022,2271,1000.0000000000058
2023,2271,1000.0000000000058
2024,2271,1009.9462317524207
2025,2271,1009.9462317524207
2016,2272,1006.880901494336
2017,2272,999.999999999994
2018,2272,999.999999999994
2019,2272,999.999999999994
2020,2272,999.999999999994
2021,2272,993.1191001810554
2022,2272,1006.880901494336
2023,2272,1006.880901494336
2024,2272,1014.3771296587341
2025,2272,1014.3771296587341
2016,2273,1009.5292779974915
2017,2273,1000.0000000000124
2018,2273,1000.0000000000124
2019,2273,1000.0000000000124
2020,2273,1000.0000000000124
2021,2273,1000.0000000000124
2022,2273,1009.5292779974915
2023,2273,1009.5292779974915
2024,2273,1066.7050259887433
2025,2273,1095.2929514145228
2016,2274,1000.0000000000093
2017,2274,1000.0000000000093
2018,2274,1000.0000000000093
2019,2274,1000.0000000000093
2020,2274,1000.0000000000093
2021,2274,1000.0000000000093
2022,2274,1006.8808983682338
2023,2274,1013.1969601106802
2024,2274,1013.1969601106802
2025,2274,1000.0000000000093
2016,2275,1006.8808970103875
2017,2275,1000.0000000000803
2018,2275,1000.0000000000803
2019,2275,1006.8808970103875
2020,2275,1000.0000000000803
2021,2275,1000.0000000000803
2022,2275,1006.8808970103875
2023,2275,1013.7617904510353
2024,2275,1013.7617904510353
2025,2275,1013.1969510808888
2016,2276,1013.1969420472432
2017,2276,1000.0000000000044
2018,2276,1000.0000000000044
2019,2276,1006.8808956520696
2020,2276,1000.0000000000044
2021,2276,1000.0000000000044
2022,2276,1006.8808956520696
2023,2276,1013.7617877339765
2024,2276,1013.7617877339765
2025,2276,1020.6426810228795
2016,2277,1019.8924666524166
2017,2277,1000.0000000000092
2018,2277,1000.0000000000092
2019,2277,1000.0000000000092
2020,2277,1000.0000000000092
2021,2277,990.0537649549111
2022,2277,1009.9462329618038
2023,2277,1009.9462351277688
2024,2277,1019.8924666524166
2025,2277,1019.892470339121
2016,2278,1020.6426781759899
2017,2278,1000.0000000000929
2018,2278,1000.0000000000929
2019,2278,1000.0000000000929
2020,2278,1006.8808947033527
2021,2278,993.1191069718221
2022,2278,1013.7617858361361
2023,2278,1014.3771536076716
2024,2278,1020.6426781759899
2025,2278,1027.5235674148464
2016,2279,1009.9462363948946
2017,2279,999.9999999999038
2018,2279,999.9999999999038
2019,2279,990.053763687109
2020,2279,999.9999999999038
2021,2279,990.053763687109
2022,2279,999.9999999999038
2023,2279,999.9999999999038
2024,2279,1019.8924691884051
2025,2279,1009.9462363948946
2016,2280,1014.3771592537379
2017,2280,999.9999999999922
2018,2280,999.9999999999922
2019,2280,993.1191079201865
2020,2280,999.9999999999922
2021,2280,993.1191079201865
2022,2280,999.9999999999922
2023,2280,1006.8808937559443
2024,2280,1020.6426753328086
2025,2280,1014.3771592537379
2016,2281,1000.0000000000231
2017,2281,1000.0000000000231
2018,2281,1000.0000000000231
2019,2281,1000.0000000000231
2020,2281,1006.8808914494748
2021,2281,1000.0000000000231
2022,2281,1006.8808914494748
2023,2281,1013.7617793282799
2024,2281,1020.6426684135821
2025,2281,1013.7617793282799
2016,2282,990.0537632890528
2017,2282,999.9999999999978
2018,2282,999.9999999999978
2019,2282,990.0537632890528
2020,2282,999.9999999999978
2021,2282,990.0537632890528
2022,2282,999.9999999999978
2023,2282,999.9999999999978
2024,2282,1009.9462396064256
2025,2282,1009.9462396064256
2016,2283,999.9999999999791
2017,2283,999.9999999999791
2018,2283,999.9999999999791
2019,2283,1019.0584814555616
2020,2283,1019.0584814555616
2021,2283,999.9999999999791
2022,2283,1019.0584814555616
2023,2283,1019.0584814555616
2024,2283,1019.0584814555616
2025,2283,1019.0584814555616
2016,2284,985.6228160657038
2017,2284,1000.0000000000207
2018,2284,1000.0000000000207
2019,2284,1000.0000000000207
2020,2284,1000.0000000000207
2021,2284,993.1191148394239
2022,2284,1000.0000000000207
2023,2284,1000.0000000000207
2024,2284,1000.0000000000207
2025,2284,1013.1968737215523
2016,2285,972.4764533867796
2017,2285,1000.0000000000559
2018,2285,1000.0000000000559
2019,2285,1006.8808854785244
2020,2285,1000.0000000000559
2021,2285,986.2382288236078
2022,2285,1006.8808854785244
2023,2285,1000.0000000000559
2024,2285,1013.1968646924923
2025,2285,1013.7617673863463
2016,2286,970.1612679927854
2017,2286,1000.00000000011
2018,2286,1000.00000000011
2019,2286,1009.9462420033839
2020,2286,1000.00000000011
2021,2286,980.1075181807179
2022,2286,1009.9462420033839
2023,2286,1000.00000000011
2024,2286,1019.8924847343114
2025,2286,1019.8924847343114
2016,2287,970.1612765846437
2017,2287,999.9999999998845
2018,2287,999.9999999998845
2019,2287,1019.8924859194876
2020,2287,1009.9462425956258
2021,2287,990.0537581329629
2022,2287,1019.8924859194876
2023,2287,1009.9462425956258
2024,2287,1019.8924896057265
2025,2287,1029.8387299719348
2016,2288,986.8031306435547
2017,2288,1000.0000000000367
2018,2288,1000.0000000000367
2019,2288,1020.64264888661
2020,2288,1013.7617663101969
2021,2288,1000.0000000000367
2022,2288,1020.64264888661
2023,2288,1013.7617663101969
2024,2288,1027.5235283614522
2025,2288,1027.5235283614522
2016,2289,999.999999999967
2017,2289,999.999999999967
2018,2289,999.999999999967
2019,2289,999.999999999967
2020,2289,993.1191216284254
2021,2289,993.1191216284254
2022,2289,999.999999999967
2023,2289,999.999999999967
2024,2289,999.999999999967
2025,2289,1020.6426342042856
2016,2290,1006.880878688856
2017,2290,999.9999999999604
2018,2290,999.9999999999604
2019,2290,999.9999999999604
2020,2290,993.1191229869671
2021,2290,993.1191229869671
2022,2290,999.9999999999604
2023,2290,999.9999999999604
2024,2290,999.9999999999604
2025,2290,1014.3772193085091
2016,2291,1696.23893664479
2017,2291,1636.5611735785023
2018,2291,1636.5611735785023
2019,2291,1000.000000000071
2020,2291,1586.8297243980294
2021,2291,990.0537553473932
2022,2291,1000.000000000071
2023,2291,1000.000000000071
2024,2291,1000.000000000071
2025,2291,1009.9462475470687
2016,2292,1013.7617519103173
2017,2292,1000.0000000000645
2018,2292,1000.0000000000645
2019,2292,1000.0000000000645
2020,2292,1000.0000000000645
2021,2292,1000.0000000000645
2022,2292,1000.0000000000645
2023,2292,1006.8808777408063
2024,2292,1000.0000000000645
2025,2292,1014.3772249572281
2016,2293,1006.8808763827332
2017,2293,1000.0000000000628
2018,2293,1000.0000000000628
2019,2293,1000.0000000000628
2020,2293,1000.0000000000628
2021,2293,1000.0000000000628
2022,2293,1000.0000000000628
2023,2293,1006.8808763827332
2024,2293,1000.0000000000628
2025,2293,1006.8808763827332
2016,2294,1013.1967932271033
2017,2294,999.9999999999266
2018,2294,999.9999999999266
2019,2294,1006.880875024649
2020,2294,999.9999999999266
2021,2294,999.9999999999266
2022,2294,1006.880875024649
2023,2294,1013.1967932271033
2024,2294,999.9999999999266
2025,2294,1013.1967932271033
2016,2295,1019.058379710622
2017,2295,999.9999999999932
2018,2295,999.9999999999932
2019,2295,1009.5291926104977
2020,2295,999.9999999999932
2021,2295,999.9999999999932
2022,2295,1009.5291926104977
2023,2295,1019.058379710622
2024,2295,1009.5291901377527
2025,2295,1019.058379710622
2016,2296,1013.7617402251627
2017,2296,999.9999999999366
2018,2296,999.9999999999366
2019,2296,999.9999999999366
2020,2296,999.9999999999366
2021,2296,999.9999999999366
2022,2296,999.9999999999366
2023,2296,1006.8808718979155
2024,2296,1013.1967743739746
2025,2296,1013.7617402251627
2016,2297,1019.058371091561
2017,2297,1000.0000000000291
2018,2297,1000.0000000000291
2019,2297,1000.0000000000291
2020,2297,1000.0000000000291
2021,2297,1000.0000000000291
2022,2297,1000.0000000000291
2023,2297,1009.529183641727
2024,2297,1019.0583617690837
2025,2297,1019.058371091561
2016,2298,1013.1967555262214
2017,2298,1000.0000000000919
2018,2298,1000.0000000000919
2019,2298,1000.0000000000919
2020,2298,1000.0000000000919
2021,2298,1000.0000000000919
2022,2298,1000.0000000000919
2023,2298,1006.8808687730779
2024,2298,1006.8808687730779
2025,2298,1013.1967555262214
2016,2299,1013.7617312591004
2017,2299,999.9999999999902
2018,2299,999.9999999999902
2019,2299,999.9999999999902
2020,2299,999.9999999999902
2021,2299,999.9999999999902
2022,2299,999.9999999999902
2023,2299,1006.880867414874
2024,2299,1006.880867414874
2025,2299,1020.6425963087624
2016,2300,1775.8097041645026
2017,2300,1775.8097041645026
2018,2300,1775.8097041645026
2019,2300,1785.7560112176197
2020,2300,1775.8097041645026
2021,2300,1765.8633978413675
2022,2300,1726.0781798381838
2023,2300,1775.8097041645026
2024,2300,1795.7023189986248
2025,2300,1745.9707873815553
2016,2301,1795.7023664788712
2017,2301,1805.648675583532
2018,2301,1805.648675583532
2019,2301,1815.5949854174771
2020,2301,1815.5949854174771
2021,2301,1785.7560581032617
2022,2301,1765.863443538732
2023,2301,1815.5949854174771
2024,2301,1835.487607272059
2025,2301,1795.7023664788712
2016,2302,1825.541345268092
2017,2302,1825.541345268092
2018,2302,1825.541345268092
2019,2302,1845.4339697704484
2020,2302,1845.4339697704484
2021,2302,1805.6487236819416
2022,2302,1815.5950341111895
2023,2302,1845.4339697704484
2024,2302,1855.3802831152047
2025,2302,1835.487657154977
2016,2303,1835.4877070410662
2017,2303,1865.3266488605489
2018,2303,1865.3266488605489
2019,2303,1865.3266488605489
2020,2303,1875.2729642577801
2021,2303,1855.3803341916685
2022,2303,1835.4877070410662
2023,2303,1875.2729642577801
2024,2303,1875.2729642577801
2025,2303,1855.3803341916685
2016,2304,1043.1318131168875
2017,2304,999.9999999999876
2018,2304,999.9999999999876
2019,2304,1014.3772649992454
2020,2304,999.9999999999876
2021,2304,999.9999999999876
2022,2304,1014.3772649992454
2023,2304,1027.5234593875134
2024,2304,1027.5234593875134
2025,2304,1043.1318131168875
2016,2305,1066.7041505547777
2017,2305,999.9999999999919
2018,2305,999.9999999999919
2019,2305,1028.5875170533175
2020,2305,999.9999999999919
2021,2305,999.9999999999919
2022,2305,1028.5875170533175
2023,2305,1047.6458808043685
2024,2305,1047.6458808043685
2025,2305,1066.7042597914615
2016,2306,1057.1750397780818
2017,2306,999.9999999999524
2018,2306,999.9999999999524
2019,2306,999.9999999999524
2020,2306,999.9999999999524
2021,2306,999.9999999999524
2022,2306,1009.5291637718117
2023,2306,1028.5875027458803
2024,2306,1028.5875027458803
2025,2306,1057.1750397780818
2016,2307,1047.6458331130154
2017,2307,999.9999999999513
2018,2307,999.9999999999513
2019,2307,999.9999999999513
2020,2307,999.9999999999513
2021,2307,999.9999999999513
2022,2307,999.9999999999513
2023,2307,1009.5291590030313
2024,2307,1019.0583218171553
2025,2307,1047.6458331130154
2016,2308,1020.6425771701419
2017,2308,999.9999999999434
2018,2308,999.9999999999434
2019,2308,999.9999999999434
2020,2308,999.9999999999434
2021,2308,999.9999999999434
2022,2308,999.9999999999434
2023,2308,1006.8808610353027
2024,2308,1006.8808610353027
2025,2308,1013.7617184994311
2016,2309,1020.6425730954213
2017,2309,999.9999999999751
2018,2309,999.9999999999751
2019,2309,1013.1966930899839
2020,2309,999.9999999999751
2021,2309,1006.8808596768359
2022,2309,999.9999999999751
2023,2309,1006.8808596768359
2024,2309,1006.8808596768359
2025,2309,1020.6425730954213
2016,2310,1020.6425690222538
2017,2310,1000.0000000000107
2018,2310,1000.0000000000107
2019,2310,1013.7617130677473
2020,2310,1013.1966840567557
2021,2310,1013.1966840567557
2022,2310,1013.1966840567557
2023,2310,1013.1966840567557
2024,2310,1013.1966840567557
2025,2310,1026.3933559180548
2016,2311,1026.393337856086
2017,2311,1000.0000000000115
2018,2311,1000.0000000000115
2019,2311,1013.7617103507351
2020,2311,1013.7617103507351
2021,2311,1020.6425649475574
2022,2311,1013.7617103507351
2023,2311,1020.6425649475574
2024,2311,1026.393337856086
2025,2311,1039.5899884924352
2016,2312,1034.404261885144
2017,2312,999.9999999999462
2018,2312,999.9999999999462
2019,2312,1013.7617076367392
2020,2312,1013.7617076367392
2021,2312,1020.6425608748659
2022,2312,1013.7617076367392
2023,2312,1020.6425608748659
2024,2312,1027.5234110111667
2025,2312,1048.1659586355302
2016,2313,1034.4042550958998
2017,2313,999.9999999999822
2018,2313,999.9999999999822
2019,2313,999.9999999999822
2020,2313,1013.7617049198467
2021,2313,1014.3773055537023
2022,2313,1013.7617049198467
2023,2313,1014.3773055537023
2024,2313,1027.5234055804776
2025,2313,1048.1659491299306
2016,2314,1034.4042483066764
2017,2314,999.999999999938
2018,2314,999.999999999938
2019,2314,999.999999999938
2020,2314,1006.8808528879449
2021,2314,999.999999999938
2022,2314,1006.8808528879449
2023,2314,1006.8808528879449
2024,2314,1027.5234001482106
2025,2314,1048.1659396247233
2016,2315,1039.5898801109302
2017,2315,1000.000000000102
2018,2315,1000.000000000102
2019,2315,1013.1966388989167
2020,2315,1006.8808515299658
2021,2315,1000.000000000102
2022,2315,1006.8808515299658
2023,2315,1006.8808515299658
2024,2315,1039.5898801109302
2025,2315,1043.1319635287653
2016,2316,1047.6456412213088
2017,2316,999.9999999999434
2018,2316,999.9999999999434
2019,2316,1019.0582357365215
2020,2316,1009.5291206259864
2021,2316,1009.5291181530085
2022,2316,1009.5291206259864
2023,2316,1009.5291206259864
2024,2316,1038.1165053570123
2025,2316,1066.703924375243
2016,2317,1038.116486279778
2017,2317,1000.0000000000305
2018,2317,1000.0000000000305
2019,2317,1019.058226197891
2020,2317,1009.5291133838506
2021,2317,1009.5291133838506
2022,2317,1000.0000000000305
2023,2317,1009.5291133838506
2024,2317,1038.116450122207
2025,2317,1057.174752276626
2016,2318,1038.1164310447548
2017,2318,1000.0000000000102
2018,2318,1000.0000000000102
2019,2318,1019.0582166592699
2020,2318,1009.5291086144744
2021,2318,1009.5291086144744
2022,2318,1000.0000000000102
2023,2318,1009.5291086144744
2024,2318,1038.1164310447548
2025,2318,1047.6455935283707
2016,2319,1052.7863284660973
2017,2319,1000.0000000000439
2018,2319,1000.0000000000439
2019,2319,1026.393188625088
2020,2319,1013.1966004114038
2021,2319,1013.1966004114038
2022,2319,1000.0000000000439
2023,2319,1026.393188625088
2024,2319,1052.7863284660973
2025,2319,1039.5897646434005
2016,2320,1065.9828349309096
2017,2320,999.9999999999382
2018,2320,999.9999999999382
2019,2320,1039.5897375463367
2020,2320,1026.3931705604248
2021,2320,1039.5897375463367
2022,2320,1013.1965913770817
2023,2320,1052.7862923363884
2024,2320,1055.0467082283456
2025,2320,1052.7862923363884
2016,2321,1250.7329795728226
2017,2321,1211.1438543165407
2018,2321,1211.1438543165407
2019,2321,1158.358183237079
2020,2321,1184.751043161863
2021,2321,1211.1438543165407
2022,2321,1158.358183237079
2023,2321,1211.1438543165407
2024,2321,1158.358183237079
2025,2321,1197.9474548381193
2016,2322,1066.7036267505268
2017,2322,999.9999999999518
2018,2322,999.9999999999518
2019,2322,1047.6454505201477
2020,2322,1038.1163615527876
2021,2322,1038.1163615527876
2022,2322,1028.587272016224
2023,2322,1047.6454505201477
2024,2322,1066.7036267505268
2025,2322,1057.1745389193554
2016,2323,1066.7035933643383
2017,2323,999.9999999999595
2018,2323,999.9999999999595
2019,2323,1047.6454266729045
2020,2323,1038.1163424750184
2021,2323,1047.6454266729045
2022,2323,1028.5872577078126
2023,2323,1057.1745103025219
2024,2323,1066.7035933643383
2025,2323,1057.1745103025219
2016,2324,1066.7035599778221
2017,2324,999.9999999999823
2018,2324,999.9999999999823
2019,2324,1047.6454028254498
2020,2324,1038.1163233971506
2021,2324,1047.6454028254498
2022,2324,1038.1163233971506
2023,2324,1057.1744816855955
2024,2324,1057.174562190754
2025,2324,1057.1744816855955
2016,2325,1066.7035265912252
2017,2325,999.9999999999424
2018,2325,999.9999999999424
2019,2325,1047.645378977804
2020,2325,1038.116304318979
2021,2325,1047.645378977804
2022,2325,1038.116304318979
2023,2325,1057.1744530684732
2024,2325,1057.1744530684732
2025,2325,1057.1744530684732
2016,2326,1066.7034932044814
2017,2326,999.9999999999698
2018,2326,999.9999999999698
2019,2326,1047.6453551302377
2020,2326,1038.116285240884
2021,2326,1047.6453551302377
2022,2326,1038.116285240884
2023,2326,1057.1744244513193
2024,2326,1047.6454112737458
2025,2326,1057.1744244513193
2016,2327,1066.7034598175328
2017,2327,1000.0000000000219
2018,2327,1000.0000000000219
2019,2327,1047.6453312824635
2020,2327,1038.1162661625838
2021,2327,1047.6453312824635
2022,2327,1038.1162661625838
2023,2327,1057.1743958339582
2024,2327,1047.6453312824635
2025,2327,1057.1743958339582
2016,2328,1066.7034264302001
2017,2328,999.9999999999558
2018,2328,999.9999999999558
2019,2328,1047.6453074342012
2020,2328,1038.116247084031
2021,2328,1047.6453074342012
2022,2328,1038.116247084031
2023,2328,1057.174367216219
2024,2328,1047.6453074342012
2025,2328,1057.174367216219
2016,2329,1066.7033930430584
2017,2329,1000.0000000000385
2018,2329,1000.0000000000385
2019,2329,1047.6452835863477
2020,2329,1038.116228005881
2021,2329,1047.6452835863477
2022,2329,1038.116228005881
2023,2329,1057.1743385986647
2024,2329,1047.6452835863477
2025,2329,1057.1743385986647
2016,2330,1076.2324087635438
2017,2330,999.9999999999773
2018,2330,999.9999999999773
2019,2330,1057.1743099806947
2020,2330,1047.6452597380908
2021,2330,1057.1743099806947
2022,2330,1038.1162089272173
2023,2330,1066.703359655615
2024,2330,1047.6452597380908
2025,2330,1066.703359655615
2016,2331,234.13742157566895
2017,2331,1076.3505093894512
2018,2331,1076.3505093894512
2019,2331,214.24266749986546
2020,2331,214.24266749986546
2021,2331,204.2963429779759
2022,2331,214.24266749986546
2023,2331,204.2963429779759
2024,2331,214.24266749986546
2025,2331,204.2963429779759
2016,2332,1104.8194939587822
2017,2332,1104.8194939587822
2018,2332,1104.8194939587822
2019,2332,1095.2904518934856
2020,2332,1095.2904518934856
2021,2332,1104.8194939587822
2022,2332,1038.1161875747953
2023,2332,1095.2904518934856
2024,2332,1047.6452330480793
2025,2332,1095.2904518934856
2016,2333,244.08373073814133
2017,2333,1109.4088822042763
2018,2333,1109.4088822042763
2019,2333,234.1353537222897
2020,2333,234.1353537222897
2021,2333,234.1353537222897
2022,2333,234.1353537222897
2023,2333,224.189031171223
2024,2333,234.1353537222897
2025,2333,224.189031171223
2016,2334,254.0280411204623
2017,2334,1119.3551327417517
2018,2334,1119.3551327417517
2019,2334,244.08172062169015
2020,2334,244.08172062169015
2021,2334,244.08172062169015
2022,2334,234.1375064970651
2023,2334,224.1912371038718
2024,2334,234.1375064970651
2025,2334,234.13539939386732
2016,2335,263.97440487138863
2017,2335,1129.3013813509795
2018,2335,1129.3013813509795
2019,2335,244.0838208744541
2020,2335,254.02808569700872
2021,2335,254.02808569700872
2022,2335,244.08176579357658
2023,2335,234.1354451610937
2024,2335,244.08176579357658
2025,2335,244.08176579357658
2016,2336,736.0726760241238
2017,2336,1052.786049829028
2018,2336,1052.786049829028
2019,2336,775.6614637373909
2020,2336,749.2689263985776
2021,2336,775.6614637373909
2022,2336,788.8577507036399
2023,2336,762.4651889694754
2024,2336,762.4651889694754
2025,2336,762.4651889694754
2016,2337,762.4650263678931
2017,2337,1065.9826379398205
2018,2337,1065.9826379398205
2019,2337,788.8576061676107
2020,2337,775.6613101694929
2021,2337,802.0539143643914
2022,2337,999.9999999999696
2023,2337,802.0539143643914
2024,2337,788.8576061676107
2025,2337,775.6613101694929
2016,2338,293.81349632513553
2017,2338,1169.0863639122808
2018,2338,1169.0863639122808
2019,2338,1169.0863639122808
2020,2338,1159.1401130447546
2021,2338,1159.1401559093206
2022,2338,1159.1401130447546
2023,2338,1159.1401130447546
2024,2338,1059.677564266515
2025,2338,1076.3591255466831
2016,2339,1076.3742867576618
2017,2339,1179.0326033881731
2018,2339,1179.0326033881731
2019,2339,1169.086404866555
2020,2339,1159.1401464222808
2021,2339,1159.1401464222808
2022,2339,1159.1401464222808
2023,2339,1159.1401464222808
2024,2339,1076.3742867576618
2025,2339,1119.3550951737864
2016,2340,999.9999999999728
2017,2340,999.9999999999728
2018,2340,999.9999999999728
2019,2340,980.9419377883322
2020,2340,999.9999999999728
2021,2340,999.9999999999728
2022,2340,980.9419377883322
2023,2340,999.9999999999728
2024,2340,980.9419377883322
2025,2340,999.9999999999728
2016,2341,1268.5486975024985
2017,2341,1298.3876247801272
2018,2341,1298.3876247801272
2019,2341,1298.387408868571
2020,2341,1298.3876247801272
2021,2341,1298.3876247801272
2022,2341,1298.387408868571
2023,2341,1288.4411724752101
2024,2341,1288.4411724752101
2025,2341,1268.548865669662
2016,2342,999.9999999999799
2017,2342,999.9999999999799
2018,2342,999.9999999999799
2019,2342,980.9419484623155
2020,2342,990.4709745145242
2021,2342,999.9999999999799
2022,2342,980.9419484623155
2023,2342,999.9999999999799
2024,2342,980.9419484623155
2025,2342,999.9999999999799
2016,2343,1278.495104520508
2017,2343,1308.3338618528182
2018,2343,1308.3338618528182
2019,2343,1308.3338618528182
2020,2343,1308.3338618528182
2021,2343,1308.3338618528182
2022,2343,1308.3338618528182
2023,2343,1298.3876094915315
2024,2343,1298.3876094915315
2025,2343,1278.495104520508
2016,2344,999.9999999999776
2017,2344,999.9999999999776
2018,2344,999.9999999999776
2019,2344,980.9419591374532
2020,2344,980.9419591374532
2021,2344,999.9999999999776
2022,2344,971.412937854777
2023,2344,999.9999999999776
2024,2344,980.9419591374532
2025,2344,990.4709798532573
2016,2345,1009.5290148090578
2017,2345,999.9999999999746
2018,2345,999.9999999999746
2019,2345,999.9999999999746
2020,2345,999.9999999999746
2021,2345,999.9999999999746
2022,2345,980.9419686767653
2023,2345,999.9999999999746
2024,2345,999.9999999999746
2025,2345,999.9999999999746
2016,2346,1308.333615549434
2017,2346,1338.172315366242
2018,2346,1338.172315366242
2019,2346,1338.172315366242
2020,2346,1338.172315366242
2021,2346,1338.172315366242
2022,2346,1338.172315366242
2023,2346,1328.2260828227925
2024,2346,1328.2260828227925
2025,2346,1308.333615549434
2016,2347,1000.0000000000329
2017,2347,1000.0000000000329
2018,2347,1000.0000000000329
2019,2347,1000.0000000000329
2020,2347,990.4709899608297
2021,2347,1000.0000000000329
2022,2347,980.9419793535873
2023,2347,1000.0000000000329
2024,2347,1000.0000000000329
2025,2347,1000.0000000000329
2016,2348,1328.2260660177376
2017,2348,1358.0647599347217
2018,2348,1358.0647599347217
2019,2348,1358.0647599347217
2020,2348,1358.0647599347217
2021,2348,1358.0647599347217
2022,2348,1358.0647599347217
2023,2348,1348.1185293574138
2024,2348,1348.1185293574138
2025,2348,1328.2260660177376
2016,2349,999.9999999999868
2017,2349,999.9999999999868
2018,2349,999.9999999999868
2019,2349,990.4709952983521
2020,2349,980.9419900287947
2021,2349,990.4709952983521
2022,2349,971.4129841913203
2023,2349,999.9999999999868
2024,2349,990.4709952983521
2025,2349,999.9999999999868
2016,2350,1009.528999362792
2017,2350,999.9999999999557
2018,2350,999.9999999999557
2019,2350,999.9999999999557
2020,2350,999.9999999999557
2021,2350,999.9999999999557
2022,2350,980.9419995683091
2023,2350,999.9999999999557
2024,2350,999.9999999999557
2025,2350,999.9999999999557
2016,2351,1368.0109740126304
2017,2351,1397.8496579061311
2018,2351,1397.8496579061311
2019,2351,1397.8496579061311
2020,2351,1397.8496579061311
2021,2351,1397.8496579061311
2022,2351,1397.8496579061311
2023,2351,1377.957202706183
2024,2351,1377.957202706183
2025,2351,1358.0647445907257
2016,2352,1000.0000000000202
2017,2352,1000.0000000000202
2018,2352,1000.0000000000202
2019,2352,990.4710054071804
2020,2352,990.4710054071804
2021,2352,990.4710054071804
2022,2352,980.9420102449075
2023,2352,1000.0000000000202
2024,2352,990.4710054071804
2025,2352,1000.0000000000202
2016,2353,1397.8496375281456
2017,2353,1427.6883133358485
2018,2353,1427.6883133358485
2019,2353,1417.7420887958212
2020,2353,1427.6883133358485
2021,2353,1427.6883133358485
2022,2353,1417.7420887958212
2023,2353,1407.7958635260431
2024,2353,1397.8496375281456
2025,2353,1397.8496375281456
2016,2354,1000.0000000000376
2017,2354,1000.0000000000376
2018,2354,1000.0000000000376
2019,2354,990.4710155119203
2020,2354,1000.0000000000376
2021,2354,990.4710155119203
2022,2354,971.4130448363496
2023,2354,990.4710155119203
2024,2354,990.4710155119203
2025,2354,1000.0000000000376
2016,2355,1427.6882950497645
2017,2355,1457.5269630253015
2018,2355,1457.5269630253015
2019,2355,1447.5807410955308
2020,2355,1457.5269630253015
2021,2355,1457.5269630253015
2022,2355,1447.5807410955308
2023,2355,1437.6345184371721
2024,2355,1457.5269630253015
2025,2355,1427.6882950497645
2016,2356,1000.0000000000166
2017,2356,1000.0000000000166
2018,2356,1000.0000000000166
2019,2356,990.4710351609431
2020,2356,1000.0000000000166
2021,2356,990.4710351609431
2022,2356,980.9420697525528
2023,2356,990.4710351609431
2024,2356,1000.0000000000166
2025,2356,1000.0000000000166
2016,2357,1497.3118304672237
2017,2357,1507.2580484945727
2018,2357,1507.2580484945727
2019,2357,1507.2580484945727
2020,2357,1507.2580484945727
2021,2357,1507.2580484945727
2022,2357,1507.2580484945727
2023,2357,1497.3118304672237
2024,2357,1507.2580484945727
2025,2357,1497.3118304672237
2016,2358,1000.0000000000277
2017,2358,1000.0000000000277
2018,2358,1000.0000000000277
2019,2358,980.9420899693474
2020,2358,1000.0000000000277
2021,2358,980.9420899693474
2022,2358,980.9420899693474
2023,2358,990.4710452685908
2024,2358,990.4710452685908
2025,2358,990.4710452685908
2016,2359,1009.5289493938429
2017,2359,1000.0000000000412
2018,2359,1000.0000000000412
2019,2359,980.9420995096066
2020,2359,1000.0000000000412
2021,2359,980.9420995096066
2022,2359,980.9420995096066
2023,2359,990.4710500387853
2024,2359,990.4710500387853
2025,2359,990.4710500387853
2016,2360,1009.5289446235637
2017,2360,999.9999999999458
2018,2360,999.9999999999458
2019,2360,980.9421090496521
2020,2360,999.9999999999458
2021,2360,980.9421090496521
2022,2360,980.9421090496521
2023,2360,990.4710548087573
2024,2360,990.4710548087573
2025,2360,990.4710548087573
2016,2361,1009.5289398534995
2017,2361,999.9999999999493
2018,2361,999.9999999999493
2019,2361,980.9421185899012
2020,2361,999.9999999999493
2021,2361,980.9421185899012
2022,2361,980.9421185899012
2023,2361,990.4710595788284
2024,2361,990.4710595788284
2025,2361,990.4710595788284
2016,2362,1009.5289350833739
2017,2362,1000.0000000000075
2018,2362,1000.0000000000075
2019,2362,980.9421281300973
2020,2362,1000.0000000000075
2021,2362,980.9421281300973
2022,2362,980.9421281300973
2023,2362,990.4710643488377
2024,2362,990.4710643488377
2025,2362,990.4710643488377
2016,2363,1009.5289303132889
2017,2363,999.99999999999
2018,2363,999.99999999999
2019,2363,980.942137670561
2020,2363,999.99999999999
2021,2363,980.942137670561
2022,2363,980.942137670561
2023,2363,980.9421458594134
2024,2363,990.4710691191206
2025,2363,990.4710691191206
2016,2364,1009.5289255430625
2017,2364,999.9999999999476
2018,2364,999.9999999999476
2019,2364,980.9421472107728
2020,2364,999.9999999999476
2021,2364,980.9421472107728
2022,2364,980.9421472107728
2023,2364,980.9421472107728
2024,2364,990.4710738893782
2025,2364,990.4710738893782
2016,2365,1009.5289207729038
2017,2365,999.9999999999695
2018,2365,999.9999999999695
2019,2365,980.9421567512728
2020,2365,999.9999999999695
2021,2365,980.9421567512728
2022,2365,980.9421567512728
2023,2365,980.9421567512728
2024,2365,990.4710786594648
2025,2365,990.4710786594648
2016,2366,1009.528916002549
2017,2366,1000.0000000000343
2018,2366,1000.0000000000343
2019,2366,980.9421662917081
2020,2366,990.4710853351232
2021,2366,980.9421662917081
2022,2366,980.9421662917081
2023,2366,980.9421662917081
2024,2366,990.4710834297163
2025,2366,990.4710834297163
2016,2367,1009.5289112323226
2017,2367,999.9999999999917
2018,2367,999.9999999999917
2019,2367,980.9421758321522
2020,2367,990.4710881999736
2021,2367,980.9421758321522
2022,2367,971.4132817465055
2023,2367,980.9421758321522
2024,2367,990.4710881999736
2025,2367,980.9421840214673
2016,2368,1009.5289064621993
2017,2368,1000.0000000000489
2018,2368,1000.0000000000489
2019,2368,980.9421853728037
2020,2368,990.4710929703278
2021,2368,980.9421853728037
2022,2368,971.4132772061955
2023,2368,980.9421853728037
2024,2368,990.4710929703278
2025,2368,980.9421853728037
2016,2369,1009.5289016917391
2017,2369,1000.0000000000051
2018,2369,1000.0000000000051
2019,2369,980.9421949132436
2020,2369,990.4710977405844
2021,2369,980.9421949132436
2022,2369,971.4132915168191
2023,2369,980.9421949132436
2024,2369,990.4710977405844
2025,2369,980.9421949132436
2016,2370,999.9999999999684
2017,2370,999.9999999999684
2018,2370,999.9999999999684
2019,2370,973.6075994130265
2020,2370,986.2384714536634
2021,2370,973.6075994130265
2022,2370,960.4113808218481
2023,2370,973.6075994130265
2024,2370,986.8038058052131
2025,2370,973.6075994130265
2016,2371,1009.5288927188968
2017,2371,1000.0000000000244
2018,2371,1000.0000000000244
2019,2371,980.9422210471404
2020,2371,990.4711067134652
2021,2371,990.4711067134652
2022,2371,971.413337289016
2023,2371,980.9422128578252
2024,2371,990.4711086188722
2025,2371,990.4711067134652
2016,2372,1009.5288879485564
2017,2372,999.999999999984
2018,2372,999.999999999984
2019,2372,980.9422223987272
2020,2372,990.4711114839572
2021,2372,980.9422305879287
2022,2372,971.4133327482576
2023,2372,980.9422223987272
2024,2372,980.9422305879287
2025,2372,990.4711114839572
2016,2373,1009.5288831783108
2017,2373,1000.0000000000349
2018,2373,1000.0000000000349
2019,2373,980.9422319393744
2020,2373,990.471116254421
2021,2373,980.9422319393744
2022,2373,971.4133470594372
2023,2373,980.9422319393744
2024,2373,980.9422319393744
2025,2373,980.9422401282268
2016,2374,1013.1961435714381
2017,2374,1000.000000000016
2018,2374,1000.000000000016
2019,2374,973.6076764040769
2020,2374,986.8038443017495
2021,2374,973.6076764040769
2022,2374,960.4114963125187
2023,2374,973.6076764040769
2024,2374,973.6076764040769
2025,2374,979.3577265937278
2016,2375,1019.0577478421794
2017,2375,999.9999999999577
2018,2375,999.9999999999577
2019,2375,990.4711252259209
2020,2375,999.9999999999577
2021,2375,980.9422580761897
2022,2375,980.942249886988
2023,2375,990.4711252259209
2024,2375,980.9422580761897
2025,2375,990.4711252259209
2016,2376,1019.0577383014434
2017,2376,1000.0000000000531
2018,2376,1000.0000000000531
2019,2376,990.4711299965453
2020,2376,1000.0000000000531
2021,2376,980.9422594279146
2022,2376,980.9422594279146
2023,2376,990.4711299965453
2024,2376,980.9422594279146
2025,2376,990.4711299965453
2016,2377,1009.5288671366993
2017,2377,999.9999999999461
2018,2377,999.9999999999461
2019,2377,990.471134766854
2020,2377,999.9999999999461
2021,2377,980.9422689687524
2022,2377,971.4134214531776
2023,2377,990.471134766854
2024,2377,980.9422689687524
2025,2377,980.942277157954
2016,2378,1009.5288598934642
2017,2378,999.999999999988
2018,2378,999.999999999988
2019,2378,990.4711395374279
2020,2378,990.4711414436497
2021,2378,980.942278509861
2022,2378,971.4134169129746
2023,2378,980.9422866996418
2024,2378,980.942278509861
2025,2378,980.942278509861
2016,2379,999.9999999999885
2017,2379,999.9999999999885
2018,2379,999.9999999999885
2019,2379,990.4711813387981
2020,2379,990.4711813387981
2021,2379,980.9423702999372
2022,2379,971.4135611660178
2023,2379,990.4711813387981
2024,2379,990.4711813387981
2025,2379,980.9423621099237
2016,2380,993.119267708894
2017,2380,1000.0000000000196
2018,2380,1000.0000000000196
2019,2380,986.8039794394359
2020,2380,986.2385318458795
2021,2380,979.3577971896061
2022,2380,972.4770594306899
2023,2380,986.2385318458795
2024,2380,986.8039794394359
2025,2380,973.6079466810066
2016,2381,990.4711922179321
2017,2381,999.9999999999458
2018,2381,999.9999999999458
2019,2381,999.9999999999458
2020,2381,990.471190312525
2021,2381,990.471190312525
2022,2381,971.4135692331059
2023,2381,990.471190312525
2024,2381,990.4711922179321
2025,2381,980.9423882471978
2016,2382,986.8039982959493
2017,2382,999.99999999997
2018,2382,999.99999999997
2019,2382,999.99999999997
2020,2382,986.8039982959493
2021,2382,986.8039982959493
2022,2382,965.5963380456807
2023,2382,986.8039982959493
2024,2382,986.8039982959493
2025,2382,979.3578065718749
2016,2383,999.9999999999707
2017,2383,999.9999999999707
2018,2383,999.9999999999707
2019,2383,999.9999999999707
2020,2383,999.9999999999707
2021,2383,990.4712143691713
2022,2383,990.4712124634152
2023,2383,999.9999999999707
2024,2383,1009.5287869701194
2025,2383,999.9999999999707
2016,2384,993.1192784504855
2017,2384,1000.0000000000522
2018,2384,1000.0000000000522
2019,2384,1000.0000000000522
2020,2384,1000.0000000000522
2021,2384,986.8040450463527
2022,2384,986.8040450463527
2023,2384,1000.0000000000522
2024,2384,1000.0000000000522
2025,2384,993.1192784504855
2016,2385,1000.0000000000422
2017,2385,1000.0000000000422
2018,2385,1000.0000000000422
2019,2385,1009.5287690208321
2020,2385,1009.5287690208321
2021,2385,1000.0000000000422
2022,2385,1000.0000000000422
2023,2385,1009.5287690208321
2024,2385,1019.0575374735856
2025,2385,1009.5287690208321
2016,2386,990.4712370868099
2017,2386,1000.0000000000491
2018,2386,1000.0000000000491
2019,2386,1009.5287642497279
2020,2386,1009.5287642497279
2021,2386,1000.0000000000491
2022,2386,990.4712370868099
2023,2386,1009.5287642497279
2024,2386,1009.528766722825
2025,2386,1000.0000000000491
2016,2387,980.9424875273493
2017,2387,999.9999999999892
2018,2387,999.9999999999892
2019,2387,999.9999999999892
2020,2387,999.9999999999892
2021,2387,999.9999999999892
2022,2387,990.4712399523313
2023,2387,999.9999999999892
2024,2387,1009.5287594786795
2025,2387,999.9999999999892
2016,2388,979.3578587914204
2017,2388,999.999999999945
2018,2388,999.999999999945
2019,2388,999.999999999945
2020,2388,999.999999999945
2021,2388,993.119288242945
2022,2388,986.804102401409
2023,2388,999.999999999945
2024,2388,999.999999999945
2025,2388,993.119288242945
2016,2389,979.3578628689988
2017,2389,1000.0000000000293
2018,2389,1000.0000000000293
2019,2389,1000.0000000000293
2020,2389,1006.8807120743439
2021,2389,993.1192896022754
2022,2389,993.1192896022754
2023,2389,1006.8807120743439
2024,2389,1006.8807120743439
2025,2389,1000.0000000000293
2016,2390,980.9425138837244
2017,2390,1000.0000000000107
2018,2390,1000.0000000000107
2019,2390,1009.528746301166
2020,2390,1009.5287487741437
2021,2390,1000.0000000000107
2022,2390,1000.0000000000107
2023,2390,1009.5287487741437
2024,2390,1009.5287487741437
2025,2390,1009.528746301166
2016,2391,979.3578722518982
2017,2391,999.9999999999548
2018,2391,999.9999999999548
2019,2391,999.9999999999548
2020,2391,999.9999999999548
2021,2391,993.119292730135
2022,2391,999.9999999999548
2023,2391,1013.1958575735033
2024,2391,1006.8807089464202
2025,2391,999.9999999999548
2016,2392,979.3578763290046
2017,2392,999.9999999999677
2018,2392,999.9999999999677
2019,2392,1006.8807075876744
2020,2392,999.9999999999677
2021,2392,993.1192940889067
2022,2392,1006.8807075876744
2023,2392,1013.7614116031627
2024,2392,1013.1958485377834
2025,2392,1006.8807075876744
2016,2393,990.4712663097829
2017,2393,999.9999999999415
2018,2393,999.9999999999415
2019,2393,1009.5287355972562
2020,2393,1009.5287331236937
2021,2393,990.4712682154227
2022,2393,1009.5287355972562
2023,2393,1019.0574750053847
2024,2393,1019.0574656790633
2025,2393,1009.5287355972562
2016,2394,990.4712710811979
2017,2394,1000.000000000017
2018,2394,1000.000000000017
2019,2394,1009.5287283524298
2020,2394,1009.5287283524298
2021,2394,990.4712710811979
2022,2394,1000.000000000017
2023,2394,1019.0574561369257
2024,2394,1019.0574561369257
2025,2394,1009.5287283524298
2016,2395,986.8041680167527
2017,2395,1000.0000000000581
2018,2395,1000.0000000000581
2019,2395,1000.0000000000581
2020,2395,1000.0000000000581
2021,2395,986.2385943999889
2022,2395,1000.0000000000581
2023,2395,1013.1958198566778
2024,2395,1013.1958198566778
2025,2395,1006.8807026909582
2016,2396,1000.0000000000067
2017,2396,1000.0000000000067
2018,2396,1000.0000000000067
2019,2396,1009.5287193763686
2020,2396,1009.5287193763686
2021,2396,990.4712800526986
2022,2396,1009.5287193763686
2023,2396,1019.0574381863266
2024,2396,1019.0574381863266
2025,2396,1009.5287218502804
2016,2397,990.4712867289418
2017,2397,999.9999999999695
2018,2397,999.9999999999695
2019,2397,999.9999999999695
2020,2397,999.9999999999695
2021,2397,990.4712848240003
2022,2397,999.9999999999695
2023,2397,1009.5287170782029
2024,2397,1009.5287170782029
2025,2397,1009.5287146051087
2016,2398,986.2386041909958
2017,2398,1000.0000000000969
2018,2398,1000.0000000000969
2019,2398,993.1193038818624
2020,2398,993.1193038818624
2021,2398,986.2386041909958
2022,2398,993.1193038818624
2023,2398,1006.8806977934906
2024,2398,1000.0000000000969
2025,2398,1000.0000000000969
2016,2399,986.2386069100313
2017,2399,999.9999999999183
2018,2399,999.9999999999183
2019,2399,993.1193052412057
2020,2399,999.9999999999183
2021,2399,986.2386069100313
2022,2399,993.1193052412057
2023,2399,1013.1957821422845
2024,2399,1006.8806964356055
2025,2399,999.9999999999183
2016,2400,990.4712980033946
2017,2400,1000.000000000011
2018,2400,1000.000000000011
2019,2400,1000.000000000011
2020,2400,1000.000000000011
2021,2400,980.9426036289943
2022,2400,1000.000000000011
2023,2400,1019.0574022905291
2024,2400,1009.5287039016854
2025,2400,1000.000000000011
2016,2401,986.2386131661532
2017,2401,999.9999999999728
2018,2401,999.9999999999728
2019,2401,999.9999999999728
2020,2401,993.1193083692145
2021,2401,979.3579191691011
2022,2401,999.9999999999728
2023,2401,1006.8806933076208
2024,2401,999.9999999999728
2025,2401,993.1193083692145
2016,2402,986.2386158827835
2017,2402,1000.0000000000374
2018,2402,1000.0000000000374
2019,2402,1006.8806919482138
2020,2402,1000.0000000000374
2021,2402,979.3579232445446
2022,2402,1006.8806919482138
2023,2402,1013.1957542462256
2024,2402,1006.8806919482138
2025,2402,1000.0000000000374
2016,2403,986.8042426585595
2017,2403,999.9999999999716
2018,2403,999.9999999999716
2019,2403,1006.8806905897529
2020,2403,999.9999999999716
2021,2403,986.8042426585595
2022,2403,1006.8806905897529
2023,2403,1013.7613776070725
2024,2403,1006.8806905897529
2025,2403,1006.8806905897529
2016,2404,993.11931244552
2017,2404,999.99999999997
2018,2404,999.99999999997
2019,2404,1006.8806892313949
2020,2404,999.99999999997
2021,2404,999.99999999997
2022,2404,1006.8806892313949
2023,2404,1013.7613748902725
2024,2404,1006.8806892313949
2025,2404,1006.8806892313949
2016,2405,993.1193138045398
2017,2405,999.999999999957
2018,2405,999.999999999957
2019,2405,999.999999999957
2020,2405,999.999999999957
2021,2405,999.999999999957
2022,2405,1006.8806878720198
2023,2405,1013.7613721714501
2024,2405,1006.8806878720198
2025,2405,1006.8806878720198
2016,2406,985.6223189433392
2017,2406,999.9999999999411
2018,2406,999.9999999999411
2019,2406,999.9999999999411
2020,2406,999.9999999999411
2021,2406,999.9999999999411
2022,2406,999.9999999999411
2023,2406,1013.7613694536947
2024,2406,999.9999999999411
2025,2406,1006.8806865130491
2016,2407,971.2446343409217
2017,2407,999.9999999999735
2018,2407,999.9999999999735
2019,2407,999.9999999999735
2020,2407,999.9999999999735
2021,2407,999.9999999999735
2022,2407,999.9999999999735
2023,2407,1006.8806851544826
2024,2407,999.9999999999735
2025,2407,1006.8806851544826
2016,2408,965.5965732658042
2017,2408,999.9999999999784
2018,2408,999.9999999999784
2019,2408,999.9999999999784
2020,2408,999.9999999999784
2021,2408,1006.880683795479
2022,2408,999.9999999999784
2023,2408,1006.880683795479
2024,2408,999.9999999999784
2025,2408,1006.880683795479
2016,2409,973.6085815599752
2017,2409,999.9999999999945
2018,2409,999.9999999999945
2019,2409,999.9999999999945
2020,2409,999.9999999999945
2021,2409,1006.8806824367572
2022,2409,999.9999999999945
2023,2409,1006.8806824367572
2024,2409,999.9999999999945
2025,2409,1006.8806824367572
2016,2410,950.2686583259488
2017,2410,1000.0000000000525
2018,2410,1000.0000000000525
2019,2410,1009.9462705234728
2020,2410,1000.0000000000525
2021,2410,1009.9462705234728
2022,2410,1009.9462705234728
2023,2410,1009.9462705234728
2024,2410,1009.9462705234728
2025,2410,1009.9462705234728
2016,2411,999.9999999999523
2017,2411,999.9999999999523
2018,2411,999.9999999999523
2019,2411,1019.8925429620053
2020,2411,1009.9462711164526
2021,2411,1019.8925429620053
2022,2411,1019.8925429620053
2023,2411,1029.8388155370758
2024,2411,1019.8925429620053
2025,2411,1019.8925429620053
2016,2412,1009.9462717090822
2017,2412,999.9999999999695
2018,2412,999.9999999999695
2019,2412,1029.8388173172566
2020,2412,1029.8388173172566
2021,2412,1039.7850912151544
2022,2412,1029.8388173172566
2023,2412,1049.731365843035
2024,2412,1039.7850912151544
2025,2412,1039.7850912151544
2016,2413,1013.7613610445741
2017,2413,1000.000000000061
2018,2413,1000.000000000061
2019,2413,1027.5227178282819
2020,2413,1026.3913564371205
2021,2413,1027.5227178282819
2022,2413,1027.5227178282819
2023,2413,1034.4033954044626
2024,2413,1027.5227178282819
2025,2413,1027.5227178282819
2016,2414,1019.0573214142414
2017,2414,1000.00000000005
2018,2414,1000.00000000005
2019,2414,1038.1146580744914
2020,2414,1028.585987839831
2021,2414,1038.1146580744914
2022,2414,1038.1146580744914
2023,2414,1038.1146580744914
2024,2414,1038.1146580744914
2025,2414,1038.1146580744914
2016,2415,1009.5286540306511
2017,2415,999.9999999999997
2018,2415,999.9999999999997
2019,2415,1028.5859735254498
2020,2415,1028.5859529657666
2021,2415,1028.5859735254498
2022,2415,1028.5859735254498
2023,2415,1038.1146028173498
2024,2415,1028.5859735254498
2025,2415,1028.5859735254498
2016,2416,1000.0000000000069
2017,2416,1000.0000000000069
2018,2416,1000.0000000000069
2019,2416,1019.0572834578032
2020,2416,1019.0572834578032
2021,2416,1019.057292784707
2022,2416,1019.0572834578032
2023,2416,1028.5859243356947
2024,2416,1019.057292784707
2025,2416,1019.057292784707
2016,2417,993.1193278026915
2017,2417,1000.0000000000348
2018,2417,1000.0000000000348
2019,2417,1006.8806738731952
2020,2417,1006.8806738731952
2021,2417,1006.8806738731952
2022,2417,1006.8806738731952
2023,2417,1013.761344173979
2024,2417,1006.8806738731952
2025,2417,1006.8806738731952
2016,2418,999.9999999999328
2017,2418,999.9999999999328
2018,2418,999.9999999999328
2019,2418,999.9999999999328
2020,2418,999.9999999999328
2021,2418,1009.9462746649717
2022,2418,999.9999999999328
2023,2418,1009.9462768323351
2024,2418,1019.8925500581303
2025,2418,1009.9462746649717
2016,2419,1009.9462752573482
2017,2419,999.9999999999087
2018,2419,999.9999999999087
2019,2419,999.9999999999087
2020,2419,999.9999999999087
2021,2419,1009.9462774249458
2022,2419,999.9999999999087
2023,2419,1009.9462774249458
2024,2419,1019.8925549333412
2025,2419,1009.9462774249458
2016,2420,1009.9462780182184
2017,2420,1000.0000000000892
2018,2420,1000.0000000000892
2019,2420,1000.0000000000892
2020,2420,1000.0000000000892
2021,2420,1009.9462780182184
2022,2420,1000.0000000000892
2023,2420,1009.9462780182184
2024,2420,1019.8925561197076
2025,2420,1019.8925524320688
2016,2421,1009.946278611546
2017,2421,1000.000000000079
2018,2421,1000.000000000079
2019,2421,1000.000000000079
2020,2421,1000.000000000079
2021,2421,1009.946278611546
2022,2421,1000.000000000079
2023,2421,1009.946278611546
2024,2421,1019.8925573070713
2025,2421,1019.8925573070713
2016,2422,1014.3777430075332
2017,2422,1000.0000000000493
2018,2422,1000.0000000000493
2019,2422,1000.0000000000493
2020,2422,1000.0000000000493
2021,2422,1014.3777430075332
2022,2422,1000.0000000000493
2023,2422,1014.3777430075332
2024,2422,1028.755492058471
2025,2422,1027.5226797826758
2016,2423,1006.8806714381228
2017,2423,999.9999999999935
2018,2423,999.9999999999935
2019,2423,999.9999999999935
2020,2423,999.9999999999935
2021,2423,1006.8806714381228
2022,2423,999.9999999999935
2023,2423,1013.7613393036931
2024,2423,1020.6420083760162
2025,2423,1020.6420083760162
2016,2424,1019.8925575107947
2017,2424,999.9999999999036
2018,2424,999.9999999999036
2019,2424,999.9999999999036
2020,2424,1019.8925575107947
2021,2424,1049.7313992493291
2022,2424,999.9999999999036
2023,2424,1019.8925575107947
2024,2424,1059.6776812870226
2025,2424,1069.623964055863
2016,2425,1020.6420055318583
2017,2425,1000.0000000000248
2018,2425,1000.0000000000248
2019,2425,1006.8806704904974
2020,2425,1020.6420055318583
2021,2425,1026.3911953589247
2022,2425,1006.8806704904974
2023,2425,1020.6420055318583
2024,2425,1039.5867747361485
2025,2425,1039.5867747361485
2016,2426,1026.3911772856927
2017,2426,999.9999999999749
2018,2426,999.9999999999749
2019,2426,1006.8806691323638
2020,2426,1020.6420014570582
2021,2426,1039.586747627111
2022,2426,999.9999999999749
2023,2426,1020.6420014570582
2024,2426,1048.164653315145
2025,2426,1052.7823057663095
2016,2427,1039.5867205185862
2017,2427,999.9999999999743
2018,2427,999.9999999999743
2019,2427,1006.88066777286
2020,2427,1020.6419973801932
2021,2427,1041.283983131954
2022,2427,999.9999999999743
2023,2427,1026.3911592134239
2024,2427,1048.1646438044602
2025,2427,1055.045302315267
2016,2428,1038.114439227672
2017,2428,999.9999999999864
2018,2428,999.9999999999864
2019,2428,1009.5286131329594
2020,2428,1028.585850834384
2021,2428,1047.6430476131948
2022,2428,1009.5286106592836
2023,2428,1028.585850834384
2024,2428,1057.1716554289324
2025,2428,1057.1716554289324
2016,2429,1041.2839643634522
2017,2429,999.999999999923
2018,2429,999.999999999923
2019,2429,1013.1955668460141
2020,2429,1026.3911214914456
2021,2429,1028.7555495969088
2022,2429,1006.8806646452151
2023,2429,1039.5866639383617
2024,2429,1041.2839643634522
2025,2429,1048.1646219085233
2016,2430,1041.2839562101362
2017,2430,1000.0000000000566
2018,2430,1000.0000000000566
2019,2430,1013.7613230000499
2020,2430,1027.522641737019
2021,2430,1027.522641737019
2022,2430,1006.8806632865765
2023,2430,1041.2839562101362
2024,2430,1041.2839562101362
2025,2430,1052.7821580421353
2016,2431,1057.1715763588124
2017,2431,999.999999999956
2018,2431,999.999999999956
2019,2431,1019.0572037224676
2020,2431,1038.114386512619
2021,2431,1047.6430378874138
2022,2431,1009.5285999566779
2023,2431,1047.6429817204903
2024,2431,1057.1716568977492
2025,2431,1066.700279719251
2016,2432,1047.6430140273096
2017,2432,999.9999999999535
2018,2432,999.9999999999535
2019,2432,1009.5285951838383
2020,2432,1028.5857969831281
2021,2432,1028.5857969831281
2022,2432,1009.5285927098131
2023,2432,1047.6429578607356
2024,2432,1047.6430140273096
2025,2432,1057.1716282657392
2016,2433,1038.1143845103322
2017,2433,999.9999999999549
2018,2433,999.9999999999549
2019,2433,999.9999999999549
2020,2433,1019.0571846335694
2021,2433,1019.0571846335694
2022,2433,1009.5285879379089
2023,2433,1038.1143845103322
2024,2433,1038.1143845103322
2025,2433,1047.64299016709
2016,2434,1027.5226150713981
2017,2434,1000.0000000000474
2018,2434,1000.0000000000474
2019,2434,1000.0000000000474
2020,2434,1006.8806566203685
2021,2434,986.238686540308
2022,2434,1000.0000000000474
2023,2434,1027.5226150713981
2024,2434,1014.3777931812158
2025,2434,1034.4032669578037
2016,2435,1038.1143124347814
2017,2435,1000.0000000000321
2018,2435,1000.0000000000321
2019,2435,1000.0000000000321
2020,2435,1009.5285814349174
2021,2435,990.4714204703206
2022,2435,1000.0000000000321
2023,2435,1038.1143486095925
2024,2435,1028.5857557409781
2025,2435,1047.642945289722
2016,2436,1013.761303410256
2017,2436,999.9999999999992
2018,2436,999.9999999999992
2019,2436,999.9999999999992
2020,2436,999.9999999999992
2021,2436,986.2386927960384
2022,2436,999.9999999999992
2023,2436,1013.761303410256
2024,2436,1013.1955004409342
2025,2436,1034.4032513170723
2016,2437,1019.0571487304618
2017,2437,999.9999999999886
2018,2437,999.9999999999886
2019,2437,1009.5285699856154
2020,2437,1009.5285699856154
2021,2437,990.4714294444603
2022,2437,1009.5285699856154
2023,2437,1019.0571487304618
2024,2437,1019.0571394026268
2025,2437,1038.1143127074597
2016,2438,1013.1954815813003
2017,2438,1000.0000000000277
2018,2438,1000.0000000000277
2019,2438,1013.1954815813003
2020,2438,1000.0000000000277
2021,2438,986.8045062863788
2022,2438,1000.0000000000277
2023,2438,1006.8806503640797
2024,2438,1026.3909509618281
2025,2438,1027.522590045388
2016,2439,1019.057121452599
2017,2439,999.9999999999525
2018,2439,999.9999999999525
2019,2439,1019.057121452599
2020,2439,1009.5285610112832
2021,2439,999.9999999999525
2022,2439,1009.5285610112832
2023,2439,1009.5285634854281
2024,2439,1028.585681325413
2025,2439,1038.1142768058132
2016,2440,1009.5285587133123
2017,2440,999.9999999999743
2018,2440,999.9999999999743
2019,2440,1009.5285587133123
2020,2440,999.9999999999743
2021,2440,999.9999999999743
2022,2440,999.9999999999743
2023,2440,1009.5285562390542
2024,2440,1028.5856670090286
2025,2440,1028.5856875704605
2016,2441,1009.5285514669577
2017,2441,1000.0000000000119
2018,2441,1000.0000000000119
2019,2441,1000.0000000000119
2020,2441,1000.0000000000119
2021,2441,1000.0000000000119
2022,2441,1000.0000000000119
2023,2441,1000.0000000000119
2024,2441,1028.5856526924301
2025,2441,1028.5856526924301
2016,2442,1009.5285466946984
2017,2442,1000.0000000000067
2018,2442,1000.0000000000067
2019,2442,1000.0000000000067
2020,2442,1000.0000000000067
2021,2442,1000.0000000000067
2022,2442,1000.0000000000067
2023,2442,1000.0000000000067
2024,2442,1028.585638375783
2025,2442,1028.585638375783
2016,2443,1009.5285419224059
2017,2443,999.9999999999618
2018,2443,999.9999999999618
2019,2443,999.9999999999618
2020,2443,999.9999999999618
2021,2443,999.9999999999618
2022,2443,999.9999999999618
2023,2443,999.9999999999618
2024,2443,1028.5856240592218
2025,2443,1028.5856240592218
2016,2444,1009.5285371502159
2017,2444,1000.0000000000284
2018,2444,1000.0000000000284
2019,2444,1000.0000000000284
2020,2444,1000.0000000000284
2021,2444,1000.0000000000284
2022,2444,1000.0000000000284
2023,2444,1000.0000000000284
2024,2444,1019.0570830584589
2025,2444,1028.5856097424082
2016,2445,1013.1954135994285
2017,2445,1000.0000000000537
2018,2445,1000.0000000000537
2019,2445,1000.0000000000537
2020,2445,993.119363288597
2021,2445,1000.0000000000537
2022,2445,1000.0000000000537
2023,2445,1000.0000000000537
2024,2445,1006.8806383895575
2025,2445,1026.3908149955112
2016,2446,1019.0570557773394
2017,2446,999.9999999999753
2018,2446,999.9999999999753
2019,2446,999.9999999999753
2020,2446,999.9999999999753
2021,2446,999.9999999999753
2022,2446,1009.5285281715682
2023,2446,1009.5285281715682
2024,2446,1009.5285306459456
2025,2446,1028.5855828130925
2016,2447,1019.0570462328334
2017,2447,999.9999999999699
2018,2447,999.9999999999699
2019,2447,999.9999999999699
2020,2447,999.9999999999699
2021,2447,999.9999999999699
2022,2447,999.9999999999699
2023,2447,1009.5285233993152
2024,2447,1009.5285233993152
2025,2447,1028.585568496339
2016,2448,1013.7612634077697
2017,2448,1000.0000000000008
2018,2448,1000.0000000000008
2019,2448,1000.0000000000008
2020,2448,1000.0000000000008
2021,2448,1000.0000000000008
2022,2448,1000.0000000000008
2023,2448,1000.0000000000008
2024,2448,1013.1953849107388
2025,2448,1020.6418945327431
2016,2449,1020.6418904559183
2017,2449,999.9999999999652
2018,2449,999.9999999999652
2019,2449,1006.8806321322253
2020,2449,1006.8806321322253
2021,2449,1013.1953758756667
2022,2449,999.9999999999652
2023,2449,1013.1953758756667
2024,2449,1013.7612606911096
2025,2449,1020.6418904559183
2016,2450,1026.3907214753774
2017,2450,1000.0000000000297
2018,2450,1000.0000000000297
2019,2450,1013.1953668383254
2020,2450,1013.1953668383254
2021,2450,1020.6418863802161
2022,2450,1013.1953668383254
2023,2450,1013.7612579737522
2024,2450,1020.6418863802161
2025,2450,1026.3907214753774
2016,2451,1049.7314486405319
2017,2451,999.9999999999025
2018,2451,999.9999999999025
2019,2451,1039.7851574526246
2020,2451,1029.8388669944698
2021,2451,1029.8388669944698
2022,2451,1039.7851574526246
2023,2451,1059.6777405591192
2024,2451,1059.6777405591192
2025,2451,1059.6777405591192
2016,2452,1059.6777441242389
2017,2452,1000.0000000000497
2018,2452,1000.0000000000497
2019,2452,1049.7314516115664
2020,2452,1039.7851598293428
2021,2452,1039.7851598293428
2022,2452,1049.7314516115664
2023,2452,1069.6240373664293
2024,2452,1079.570331338836
2025,2452,1069.6240373664293
2016,2453,1079.5703360853151
2017,2453,1000.0000000000268
2018,2453,1000.0000000000268
2019,2453,1059.6777476839186
2020,2453,1049.7314545780782
2021,2453,1049.7314545780782
2022,2453,1059.6777476839186
2023,2453,1079.5703360853151
2024,2453,1089.5166313818045
2025,2453,1079.5703360853151
2016,2454,1055.0450052980314
2017,2454,1000.0000000000223
2018,2454,1000.0000000000223
2019,2454,1048.1643839144424
2020,2454,1041.283760369557
2021,2454,1041.283760369557
2022,2454,1048.1643839144424
2023,2454,1052.7813674477088
2024,2454,1061.9256264757944
2025,2454,1052.7813674477088
2016,2455,1066.699512695193
2017,2455,1000.0000000000081
2018,2455,1000.0000000000081
2019,2455,1057.1710125878174
2020,2455,1047.642568082824
2021,2455,1057.1710931332816
2022,2455,1057.1710125878174
2023,2455,1057.1710125878174
2024,2455,1057.1710931332816
2025,2455,1066.699512695193
2016,2456,1057.1710644985103
2017,2456,1000.0000000000023
2018,2456,1000.0000000000023
2019,2456,1047.6425442206498
2020,2456,1047.64248804953
2021,2456,1047.6425442206498
2022,2456,1047.6425442206498
2023,2456,1057.1709839530454
2024,2456,1057.1709839530454
2025,2456,1057.1710644985103
2016,2457,1057.1709553183193
2017,2457,1000.0000000000326
2018,2457,1000.0000000000326
2019,2457,1047.6424641871677
2020,2457,1038.1140086647697
2021,2457,1038.1140086647697
2022,2457,1047.6424641871677
2023,2457,1047.6425203587535
2024,2457,1057.1709553183193
2025,2457,1047.6425203587535
2016,2458,1047.642496497001
2017,2458,999.9999999999742
2018,2458,999.9999999999742
2019,2458,1038.1139895750298
2020,2458,1028.5854864632965
2021,2458,1028.5854864632965
2022,2458,1038.1139895750298
2023,2458,1047.6424403246006
2024,2458,1057.1709266831551
2025,2458,1047.6424403246006
2016,2459,1038.1139704850978
2017,2459,999.9999999999623
2018,2459,999.9999999999623
2019,2459,1028.585472146075
2020,2459,1019.0569776194991
2021,2459,1019.0569776194991
2022,2459,1028.585472146075
2023,2459,1047.6424164617192
2024,2459,1047.6424726345854
2025,2459,1047.6424164617192
2016,2460,1028.5854578278136
2017,2460,999.9999999999578
2018,2460,999.9999999999578
2019,2460,1019.056968073602
2020,2460,1009.5284821307896
2021,2460,1019.0569587450656
2022,2460,1019.056968073602
2023,2460,1038.1139513942362
2024,2460,1038.1139513942362
2025,2460,1038.1139513942362
2016,2461,1019.0569585295365
2017,2461,1000.0000000000327
2018,2461,1000.0000000000327
2019,2461,1019.0569492000687
2020,2461,1009.5284748844776
2021,2461,1009.5284773588522
2022,2461,1019.0569492000687
2023,2461,1028.5854435108045
2024,2461,1028.5854435108045
2025,2461,1028.5854435108045
2016,2462,1019.0569396547556
2017,2462,1000.0000000000301
2018,2462,1000.0000000000301
2019,2462,1009.5284725863689
2020,2462,1009.5284701117586
2021,2462,1000.0000000000301
2022,2462,1009.5284725863689
2023,2462,1019.0569489834083
2024,2462,1028.5854086291313
2025,2462,1019.0569489834083
2016,2463,1006.8806151320252
2017,2463,999.9999999999768
2018,2463,999.9999999999768
2019,2463,999.9999999999768
2020,2463,999.9999999999768
2021,2463,993.1193865446589
2022,2463,999.9999999999768
2023,2463,999.9999999999768
2024,2463,1013.7612266898699
2025,2463,1006.8806151320252
2016,2464,999.9999999999735
2017,2464,999.9999999999735
2018,2464,999.9999999999735
2019,2464,999.9999999999735
2020,2464,999.9999999999735
2021,2464,979.3581618473306
2022,2464,999.9999999999735
2023,2464,999.9999999999735
2024,2464,1013.7612212550913
2025,2464,1006.8806124143052
2016,2465,993.1193906218683
2017,2465,1000.0000000000446
2018,2465,1000.0000000000446
2019,2465,993.1193906218683
2020,2465,993.1193906218683
2021,2465,979.3581659232877
2022,2465,993.1193906218683
2023,2465,1000.0000000000446
2024,2465,1000.0000000000446
2025,2465,1013.1952454147256
2016,2466,1000.0000000001152
2017,2466,1000.0000000001152
2018,2466,1000.0000000001152
2019,2466,1000.0000000001152
2020,2466,990.053706630212
2021,2466,970.1611220803563
2022,2466,1000.0000000001152
2023,2466,1019.8925889296388
2024,2466,1000.0000000001152
2025,2466,1019.8925889296388
2016,2467,1029.8388862690256
2017,2467,1000.0000000000567
2018,2467,1000.0000000000567
2019,2467,1009.9462946931399
2020,2467,1000.0000000000567
2021,2467,980.1074128057019
2022,2467,1009.9462946931399
2023,2467,1029.8388862690256
2024,2467,1039.7851831520604
2025,2467,1039.7851831520604
2016,2468,1026.3904637075784
2017,2468,999.9999999999336
2018,2468,999.9999999999336
2019,2468,1013.7612174625215
2020,2468,1013.1952379540063
2021,2468,993.1193911588045
2022,2468,1013.7612174625215
2023,2468,1027.5224306615862
2024,2468,1026.3904637075784
2025,2468,1027.5224306615862
2016,2469,1027.522425225408
2017,2469,1000.0000000000425
2018,2469,1000.0000000000425
2019,2469,1020.6418215367469
2020,2469,1013.7612147448585
2021,2469,1000.0000000000425
2022,2469,1020.6418215367469
2023,2469,1027.522425225408
2024,2469,1034.4030296500891
2025,2469,1034.4030296500891
2016,2470,1027.522419790099
2017,2470,1000.0000000000612
2018,2470,1000.0000000000612
2019,2470,1026.3904275572825
2020,2470,1013.7612120273354
2021,2470,1013.19521987983
2022,2470,1020.6418174602939
2023,2470,1034.4030228554361
2024,2470,1039.585623032589
2025,2470,1034.4030228554361
2016,2471,1027.5224143558394
2017,2471,1000.0000000000229
2018,2471,1000.0000000000229
2019,2471,1027.5224143558394
2020,2471,1013.7612093106375
2021,2471,1013.7612093106375
2022,2471,1020.6418133846933
2023,2471,1034.4030160622738
2024,2471,1041.283615136361
2025,2471,1034.4030160622738
2016,2472,1038.11376415108
2017,2472,999.9999999999586
2018,2472,999.9999999999586
2019,2472,1038.1137279711413
2020,2472,1019.0568744537704
2021,2472,1019.0568744537704
2022,2472,1028.5853173967255
2023,2472,1047.642158541284
2024,2472,1047.6422147166006
2025,2472,1047.6422147166006
2016,2473,1020.6418039989588
2017,2473,1000.0000000000165
2018,2473,1000.0000000000165
2019,2473,1014.377949034353
2020,2473,1000.0000000000165
2021,2473,1000.0000000000165
2022,2473,1020.6418039989588
2023,2473,1027.5224018417732
2024,2473,1028.7559041129718
2025,2473,1027.5224018417732
2016,2474,1014.3779538310281
2017,2474,999.9999999999593
2018,2474,999.9999999999593
2019,2474,1013.7612003350416
2020,2474,1013.195182941159
2021,2474,999.9999999999593
2022,2474,1020.6417999218615
2023,2474,1027.522396405613
2024,2474,1027.522396405613
2025,2474,1027.522396405613
2016,2475,1028.585277853272
2017,2475,999.9999999999583
2018,2475,999.9999999999583
2019,2475,1019.0568480909244
2020,2475,1019.0568387615702
2021,2475,999.9999999999583
2022,2475,1028.585277853272
2023,2475,1038.1137114285316
2024,2475,1047.6421488140265
2025,2475,1038.1137114285316
2016,2476,1000.00000000011
2017,2476,1000.00000000011
2018,2476,1000.00000000011
2019,2476,1029.8389047989313
2020,2476,990.0536998609352
2021,2476,990.0536970453186
2022,2476,1009.9463030373303
2023,2476,1019.8926061576791
2024,2476,1049.7315116503921
2025,2476,1039.785207859437
2016,2477,1013.1951467895532
2017,2477,999.999999999959
2018,2477,999.999999999959
2019,2477,1027.5223746631186
2020,2477,999.999999999959
2021,2477,993.1194051569058
2022,2477,1014.3779730181327
2023,2477,1027.5223746631186
2024,2477,1041.28355559978
2025,2477,1034.4029664477446
2016,2478,1013.7611867474134
2017,2478,1000.0000000000457
2018,2478,1000.0000000000457
2019,2478,1027.5223692291984
2020,2478,1000.0000000000457
2021,2478,1000.0000000000457
2022,2478,1013.7611867474134
2023,2478,1020.6417795400471
2024,2478,1041.283547446632
2025,2478,1034.4029596542953
2016,2479,1013.7611840306297
2017,2479,999.9999999999736
2018,2479,999.9999999999736
2019,2479,1027.5223637956183
2020,2479,1006.8805938023611
2021,2479,1006.8805938023611
2022,2479,1013.7611840306297
2023,2479,1020.6417754649816
2024,2479,1041.2835392944398
2025,2479,1034.4029528612023
2016,2480,1013.7611813119671
2017,2480,999.9999999999592
2018,2480,999.9999999999592
2019,2480,1027.5223583602815
2020,2480,1013.1951196780985
2021,2480,1006.8805924429855
2022,2480,1013.7611813119671
2023,2480,1026.3902271551524
2024,2480,1041.2835311422702
2025,2480,1034.4029460674917
2016,2481,1020.6417673112704
2017,2481,999.9999999999935
2018,2481,999.9999999999935
2019,2481,1034.4029392735276
2020,2481,1013.761178594882
2021,2481,1006.8805910847468
2022,2481,1013.761178594882
2023,2481,1027.5223529242617
2024,2481,1048.1641069702875
2025,2481,1034.4029392735276
2016,2482,1028.585156394306
2017,2482,999.9999999999762
2018,2482,999.9999999999762
2019,2482,1038.1135769043071
2020,2482,1019.0567808290509
2021,2482,1009.5283885091067
2022,2482,1019.0567808290509
2023,2482,1038.1135407220372
2024,2482,1057.170388222828
2025,2482,1047.6419806585648
2016,2483,1019.0567712825361
2017,2483,1000.0000000000334
2018,2483,1000.0000000000334
2019,2483,1038.1135216295293
2020,2483,1009.528383735412
2021,2483,1009.5283812608018
2022,2483,1019.0567619523699
2023,2483,1028.5851626404801
2024,2483,1047.6419567924247
2025,2483,1038.1135578114497
2016,2484,1019.056752406125
2017,2484,1000.0000000000023
2018,2484,1000.0000000000023
2019,2484,1028.585148321886
2020,2484,1009.5283764878399
2021,2484,1000.0000000000023
2022,2484,1009.5283789629127
2023,2484,1028.585127755559
2024,2484,1047.6418767483426
2025,2484,1028.585148321886
2016,2485,1006.8805844166396
2017,2485,1000.0000000000109
2018,2485,1000.0000000000109
2019,2485,1013.7611652587354
2020,2485,1000.0000000000109
2021,2485,993.119417260357
2022,2485,1000.0000000000109
2023,2485,1013.7611652587354
2024,2485,1027.5223262518775
2025,2485,1020.6417473071697
2016,2486,1006.8805830581754
2017,2486,1000.0000000000499
2018,2486,1000.0000000000499
2019,2486,1013.7611625418532
2020,2486,1000.0000000000499
2021,2486,993.1194186195571
2022,2486,1006.8805830581754
2023,2486,1013.7611625418532
2024,2486,1027.52232081716
2025,2486,1020.6417432313698
2016,2487,1006.880581698964
2017,2487,999.9999999999955
2018,2487,999.9999999999955
2019,2487,1020.641739154832
2020,2487,999.9999999999955
2021,2487,985.6219882184636
2022,2487,1006.880581698964
2023,2487,1013.7611598237289
2024,2487,1027.5223153825377
2025,2487,1020.641739154832
2016,2488,1013.195045011083
2017,2488,1000.0000000000726
2018,2488,1000.0000000000726
2019,2488,1020.6417350779391
2020,2488,1000.0000000000726
2021,2488,972.4776739338263
2022,2488,1006.8805803405468
2023,2488,1013.7611571061589
2024,2488,1027.5223099468215
2025,2488,1020.6417350779391
2016,2489,1013.7611543884764
2017,2489,1000.0000000000397
2018,2489,1000.0000000000397
2019,2489,1020.6417310016814
2020,2489,1000.0000000000397
2021,2489,971.2439632890531
2022,2489,1013.1950359733939
2023,2489,1013.7611543884764
2024,2489,1020.6417310016814
2025,2489,1020.6417310016814
2016,2490,1013.7611516710197
2017,2490,1000.0000000000199
2018,2490,1000.0000000000199
2019,2490,1020.6417269255915
2020,2490,1000.0000000000199
2021,2490,965.5971041227531
2022,2490,1013.7611516710197
2023,2490,1013.7611516710197
2024,2490,1020.6417269255915
2025,2490,1026.390041668282
2016,2491,1013.7611489521992
2017,2491,999.9999999999777
2018,2491,999.9999999999777
2019,2491,1020.6417228483634
2020,2491,999.9999999999777
2021,2491,965.59711091497
2022,2491,1013.7611489521992
2023,2491,1020.6417228483634
2024,2491,1020.6417228483634
2025,2491,1027.5222936406424
2016,2492,1019.056693332509
2017,2492,1000.0000000000496
2018,2492,1000.0000000000496
2019,2492,1028.5850457177014
2020,2492,1009.5283422864366
2021,2492,961.8866590655138
2022,2492,1019.056693332509
2023,2492,1028.5850251513743
2024,2492,1028.5850457177014
2025,2492,1038.113365730044
2016,2493,1006.8805731350643
2017,2493,1000.0000000000251
2018,2493,1000.0000000000251
2019,2493,1013.7611426957295
2020,2493,1000.0000000000251
2021,2493,965.5971265574562
2022,2493,1006.8805731350643
2023,2493,1013.7611426957295
2024,2493,1013.7611426957295
2025,2493,1020.6417134624038
2016,2494,1013.194989996238
2017,2494,1000.0000000000304
2018,2494,1000.0000000000304
2019,2494,1013.7611399778458
2020,2494,1000.0000000000304
2021,2494,965.5971333509897
2022,2494,1006.8805717760769
2023,2494,1013.7611399778458
2024,2494,1013.7611399778458
2025,2494,1020.641709386356
2016,2495,1013.7611372619245
2017,2495,1000.0000000000724
2018,2495,1000.0000000000724
2019,2495,1013.7611372619245
2020,2495,1000.0000000000724
2021,2495,958.716564035891
2022,2495,1006.8805704181855
2023,2495,1013.7611372619245
2024,2495,1013.7611372619245
2025,2495,1020.6417053112586
2016,2496,1009.9463141248389
2017,2496,1000.0000000000701
2018,2496,1000.0000000000701
2019,2496,1000.0000000000701
2020,2496,990.0536859584287
2021,2496,950.2684511774725
2022,2496,1009.9463119572414
2023,2496,1019.8926246448632
2024,2496,1009.9463141248389
2025,2496,1019.8926283325021
2016,2497,1014.3780616009026
2017,2497,1000.0000000000473
2018,2497,1000.0000000000473
2019,2497,1000.0000000000473
2020,2497,993.1194322069451
2021,2497,965.5971448824265
2022,2497,1013.7611353657529
2023,2497,1020.6417024673063
2024,2497,1014.3780616009026
2025,2497,1027.5222664654618
2016,2498,1009.9463132283172
2017,2498,1000.0000000000852
2018,2498,1000.0000000000852
2019,2498,1000.0000000000852
2020,2498,990.0536875018364
2021,2498,950.268444818689
2022,2498,1009.9463153961477
2023,2498,1019.8926271879312
2024,2498,1009.9463153961477
2025,2498,1019.8926308758028
2016,2499,1019.8926283782998
2017,2499,999.9999999999729
2018,2499,999.9999999999729
2019,2499,1019.8926283782998
2020,2499,999.9999999999729
2021,2499,960.2147520133659
2022,2499,1009.9463159904618
2023,2499,1019.8926320650089
2024,2499,1019.8926283782998
2025,2499,1029.8389436632551
2016,2500,1020.641700858896
2017,2500,999.9999999999574
2018,2500,999.9999999999574
2019,2500,1020.641700858896
2020,2500,1013.1949652466351
2021,2500,979.3582922869019
2022,2500,1014.3780681168116
2023,2500,1027.5222643207012
2024,2500,1020.641700858896
2025,2500,1028.7561422772894
2016,2501,1028.5849734637102
2017,2501,1000.0000000000472
2018,2501,1000.0000000000472
2019,2501,1028.5849528963324
2020,2501,1019.0566358327392
2021,2501,971.4150419799062
2022,2501,1038.1133055741623
2023,2501,1047.641641495431
2024,2501,1038.1133055741623
2025,2501,1057.1699812281017
2016,2502,1013.7611280353003
2017,2502,999.9999999999451
2018,2502,999.9999999999451
2019,2502,1013.7611280353003
2020,2502,1006.8805658047248
2021,2502,965.5971632074096
2022,2502,1006.8805658047248
2023,2502,1013.7611280353003
2024,2502,1020.6416914722142
2025,2502,1020.6416914722142
2016,2503,1019.0566272088148
2017,2503,1000.0000000000008
2018,2503,1000.0000000000008
2019,2503,1019.0566272088148
2020,2503,1009.5283116986486
2021,2503,971.4150689123285
2022,2503,1009.5283116986486
2023,2503,1019.0566272088148
2024,2503,1028.5849259621843
2025,2503,1028.584946530377
2016,2504,1000.0000000000646
2017,2504,1000.0000000000646
2018,2504,1000.0000000000646
2019,2504,1006.8805626764055
2020,2504,1000.0000000000646
2021,2504,965.5971788506363
2022,2504,1006.8805626764055
2023,2504,1000.0000000000646
2024,2504,1013.7611217778843
2025,2504,1013.7611217778843
2016,2505,1006.8805613179743
2017,2505,1000.0000000000331
2018,2505,1000.0000000000331
2019,2505,1006.8805613179743
2020,2505,1000.0000000000331
2021,2505,972.4777500215408
2022,2505,1006.8805613179743
2023,2505,1000.0000000000331
2024,2505,1013.7611190611274
2025,2505,1013.7611190611274
2016,2506,1006.880559959101
2017,2506,999.9999999999064
2018,2506,999.9999999999064
2019,2506,1006.880559959101
2020,2506,999.9999999999064
2021,2506,972.4777554562198
2022,2506,1006.880559959101
2023,2506,1006.880559959101
2024,2506,1006.880559959101
2025,2506,1013.7611163436775
2016,2507,1000.0000000000202
2017,2507,1000.0000000000202
2018,2507,1000.0000000000202
2019,2507,1000.0000000000202
2020,2507,986.2388880135157
2021,2507,956.8657092817087
2022,2507,1000.0000000000202
2023,2507,1006.8805558834372
2024,2507,1006.8805558834372
2025,2507,1013.7611081923216
2016,2508,993.1194471529649
2017,2508,1000.0000000000312
2018,2508,1000.0000000000312
2019,2508,1000.0000000000312
2020,2508,986.2388907309515
2021,2508,944.9555373244068
2022,2508,993.1194471529649
2023,2508,1000.0000000000312
2024,2508,1000.0000000000312
2025,2508,1013.7611054742497
2016,2509,990.0536772318891
2017,2509,999.9999999999026
2018,2509,999.9999999999026
2019,2509,999.9999999999026
2020,2509,980.1073608267261
2021,2509,940.3220912536841
2022,2509,990.0536800477413
2023,2509,999.9999999999026
2024,2509,999.9999999999026
2025,2509,1009.9463206834456
2016,2510,990.0536794529087
2017,2510,999.9999999999965
2018,2510,999.9999999999965
2019,2510,999.9999999999965
2020,2510,990.0536766372909
2021,2510,950.2683840186697
2022,2510,999.9999999999965
2023,2510,1009.9463212784658
2024,2510,1009.9463212784658
2025,2510,1019.8926432876158
2016,2511,999.9999999999953
2017,2511,999.9999999999953
2018,2511,999.9999999999953
2019,2511,1006.8805539889827
2020,2511,993.119447688811
2021,2511,944.9555416115231
2022,2511,1006.8805539889827
2023,2511,1013.7611044029377
2024,2511,1013.7611044029377
2025,2511,1020.6416560226583
2016,2512,986.2388945198127
2017,2512,1000.0000000000493
2018,2512,1000.0000000000493
2019,2512,1006.8805526296746
2020,2512,986.2388945198127
2021,2512,947.2204510838682
2022,2512,1006.8805526296746
2023,2512,1013.7611016845967
2024,2512,1006.8805526296746
2025,2512,1014.3781257010854
2016,2513,980.1073557365248
2017,2513,1000.0000000001089
2018,2513,1000.0000000001089
2019,2513,1009.9463232278082
2020,2513,980.1073557365248
2021,2513,940.3220493688823
2022,2513,1009.9463232278082
2023,2513,1009.9463253954056
2024,2513,1009.9463232278082
2025,2513,1019.8926471885173
2016,2514,993.1194499939654
2017,2514,999.9999999999328
2018,2514,999.9999999999328
2019,2514,1013.7610997885665
2020,2514,993.1194499939654
2021,2514,973.6102664437321
2022,2514,1013.7610997885665
2023,2514,1014.3781313571136
2024,2514,1013.7610997885665
2025,2514,1020.6416491026558
2016,2515,993.1194513536185
2017,2515,1000.000000000025
2018,2515,1000.000000000025
2019,2515,1000.000000000025
2020,2515,993.1194513536185
2021,2515,986.2388991321061
2022,2515,1000.000000000025
2023,2515,1006.8805503248074
2024,2515,1006.8805503248074
2025,2515,1014.3781361600707
2016,2516,990.0536755523225
2017,2516,999.9999999999966
2018,2516,999.9999999999966
2019,2516,999.9999999999966
2020,2516,990.0536727364716
2021,2516,980.1073518364957
2022,2516,999.9999999999966
2023,2516,999.9999999999966
2024,2516,999.9999999999966
2025,2516,1009.9463251799824
2016,2517,999.999999999984
2017,2517,999.999999999984
2018,2517,999.999999999984
2019,2517,1009.9463257746806
2020,2517,990.0536749571332
2021,2517,990.0536749571332
2022,2517,999.999999999984
2023,2517,1009.9463257746806
2024,2517,1009.9463257746806
2025,2517,1009.9463279420453
2016,2518,1009.9463263689901
2017,2518,1000.0000000000339
2018,2518,1000.0000000000339
2019,2518,1009.9463285370532
2020,2518,1000.0000000000339
2021,2518,1000.0000000000339
2022,2518,1009.9463263689901
2023,2518,1019.8926534683965
2024,2518,1019.8926534683965
2025,2518,1019.8926534683965
2016,2519,1009.9463291315435
2017,2519,1000.0000000000401
2018,2519,1000.0000000000401
2019,2519,1019.8926546582994
2020,2519,1009.9463269639458
2021,2519,1000.0000000000401
2022,2519,1009.9463291315435
2023,2519,1019.892658345474
2024,2519,1029.8389830849674
2025,2519,1029.8389830849674
2016,2520,1014.3781443981609
2017,2520,1000.0000000000597
2018,2520,1000.0000000000597
2019,2520,1020.641645890345
2020,2520,1013.7610976476167
2021,2520,1000.0000000000597
2022,2520,1014.3781443981609
2023,2520,1027.5221910288476
2024,2520,1027.5221910288476
2025,2520,1027.5221910288476
2016,2521,1028.584792830142
2017,2521,999.9999999999587
2018,2521,999.9999999999587
2019,2521,1038.1130647287775
2020,2521,1019.0565247413955
2021,2521,961.8869962496952
2022,2521,1028.584792830142
2023,2521,1038.1130647287775
2024,2521,1038.1130647287775
2025,2521,1047.6413404389284
2016,2522,1009.5282556907555
2017,2522,1000.000000000052
2018,2522,1000.000000000052
2019,2522,1019.056515193327
2020,2522,1009.5282556907555
2021,2522,942.8305458827633
2022,2522,1009.5282556907555
2023,2522,1028.5847785082285
2024,2522,1028.5847785082285
2025,2522,1028.5847785082285
2016,2523,1000.0000000000498
2017,2523,1000.0000000000498
2018,2523,1000.0000000000498
2019,2523,1000.0000000000498
2020,2523,993.1194559645452
2021,2523,958.716712260961
2022,2523,1000.0000000000498
2023,2523,1006.8805457126144
2024,2523,1013.7610878504021
2025,2523,1013.7610878504021
2016,2524,993.1194573226418
2017,2524,999.9999999998951
2018,2524,999.9999999998951
2019,2524,999.9999999998951
2020,2524,993.1194573226418
2021,2524,956.8655524107593
2022,2524,993.1194573226418
2023,2524,1006.8805443536353
2024,2524,1006.8805443536353
2025,2524,1006.8805443536353
2016,2525,993.1194586818114
2017,2525,1000.0000000000233
2018,2525,1000.0000000000233
2019,2525,993.1194586818114
2020,2525,986.2389137883234
2021,2525,951.8361801389229
2022,2525,993.1194586818114
2023,2525,1006.8805429957094
2024,2525,1006.8805429957094
2025,2525,1006.8805429957094
2016,2526,990.0536702939638
2017,2526,999.9999999999658
2018,2526,999.9999999999658
2019,2526,990.0536702939638
2020,2526,980.1073413200422
2021,2526,940.3220327379306
2022,2526,990.0536702939638
2023,2526,1009.9463304378137
2024,2526,1009.9463304378137
2025,2526,1009.9463304378137
2016,2527,1000.0000000001044
2017,2527,1000.0000000001044
2018,2527,1000.0000000001044
2019,2527,1000.0000000001044
2020,2527,990.0536696984402
2021,2527,950.2683352484605
2022,2527,1000.0000000001044
2023,2527,1009.9463332005133
2024,2527,1009.9463332005133
2025,2527,1009.9463332005133
2016,2528,1009.9463316281087
2017,2528,1000.0000000000864
2018,2528,1000.0000000000864
2019,2528,1000.0000000000864
2020,2528,1000.0000000000864
2021,2528,950.268352837437
2022,2528,1009.9463316281087
2023,2528,1019.8926639858834
2024,2528,1019.8926639858834
2025,2528,1019.8926639858834
2016,2529,1013.7610821696451
2017,2529,1000.000000000042
2018,2529,1000.000000000042
2019,2529,1006.8805428724022
2020,2529,1006.8805428724022
2021,2529,1000.000000000042
2022,2529,1013.7610821696451
2023,2529,1020.6416226719952
2024,2529,1020.6416226719952
2025,2529,1020.6416226719952
2016,2530,1009.9463329002053
2017,2530,1000.000000000014
2018,2530,1000.000000000014
2019,2530,1009.9463329002053
2020,2530,1009.9463329002053
2021,2530,1000.000000000014
2022,2530,1009.9463329002053
2023,2530,1029.8390008963602
2024,2530,1019.8926665331741
2025,2530,1029.8390008963602
2016,2531,1019.8926677212521
2017,2531,999.9999999999695
2018,2531,999.9999999999695
2019,2531,1009.9463356629838
2020,2531,1009.9463356629838
2021,2531,1009.9463334946878
2022,2531,1019.8926677212521
2023,2531,1029.8390072386267
2024,2531,1019.8926714093582
2025,2531,1029.8390072386267
2016,2532,1020.6416210641983
2017,2532,999.9999999999218
2018,2532,999.9999999999218
2019,2532,1014.3781805724465
2020,2532,1014.3781805724465
2021,2532,1013.7610810970785
2022,2532,1020.6416210641983
2023,2532,1034.4026955254217
2024,2532,1027.522157927495
2025,2532,1034.4026955254217
2016,2533,1014.3781853750589
2017,2533,999.9999999999403
2018,2533,999.9999999999403
2019,2533,1013.7610783816478
2020,2533,1006.8805409783103
2021,2533,1013.7610783816478
2022,2533,1014.3781853750589
2023,2533,1028.7563767916677
2024,2533,1020.6416169901777
2025,2533,1028.7563767916677
2016,2534,1028.5846970658029
2017,2534,1000.0000000000399
2018,2534,1000.0000000000399
2019,2534,1019.0564609001185
2020,2534,1009.5282285438545
2021,2534,1019.0564609001185
2022,2534,1028.5846970658029
2023,2534,1047.641180830906
2024,2534,1038.1129370428864
2025,2534,1047.641180830906
2016,2535,999.9999999999786
2017,2535,999.9999999999786
2018,2535,999.9999999999786
2019,2535,999.9999999999786
2020,2535,993.1194651858946
2021,2535,999.9999999999786
2022,2535,1006.8805364907938
2023,2535,1006.8805364907938
2024,2535,1006.8805364907938
2025,2535,1013.7610694064914
2016,2536,990.0536638443424
2017,2536,1000.0000000000259
2018,2536,1000.0000000000259
2019,2536,1000.0000000000259
2020,2536,990.0536610282588
2021,2536,1000.0000000000259
2022,2536,1009.946336886857
2023,2536,1009.946336886857
2024,2536,1009.946336886857
2025,2536,1019.8926745053028
2016,2537,1000.0000000000854
2017,2537,1000.0000000000854
2018,2537,1000.0000000000854
2019,2537,1000.0000000000854
2020,2537,990.0536604333223
2021,2537,1009.9463374816796
2022,2537,1009.946339649277
2023,2537,1009.946339649277
2024,2537,1009.946339649277
2025,2537,1019.8926793822958
2016,2538,1009.9463380775335
2017,2538,1000.0000000000039
2018,2538,1000.0000000000039
2019,2538,1009.9463380775335
2020,2538,990.053659838004
2021,2538,1019.8926768859777
2022,2538,1019.8926768859777
2023,2538,1009.9463402451311
2024,2538,1019.8926768859777
2025,2538,1029.8390164283646
2016,2539,1019.8926780781405
2017,2539,1000.0000000000838
2018,2539,1000.0000000000838
2019,2539,1019.8926780781405
2020,2539,990.0536620584759
2021,2539,1039.7853590835825
2022,2539,1029.8390182152878
2023,2539,1009.9463408402041
2024,2539,1029.8390182152878
2025,2539,1049.731700683725
2016,2540,1039.7853614626827
2017,2540,1000.0000000000699
2018,2540,1000.0000000000699
2019,2540,1029.839019999609
2020,2540,1000.0000000000699
2021,2540,1049.7317036576023
2022,2540,1049.7317036576023
2023,2540,1019.8926792674501
2024,2540,1039.7853614626827
2025,2540,1059.6780465855334
2016,2541,1027.5221373472962
2017,2541,999.9999999999353
2018,2541,999.9999999999353
2019,2541,1027.5221373472962
2020,2541,1013.1947306911999
2021,2541,1039.584155454451
2022,2541,1034.40266979966
2023,2541,1020.6416056297318
2024,2541,1034.40266979966
2025,2541,1041.2831996194225
2016,2542,1038.11287890374
2017,2542,1000.0000000000432
2018,2542,1000.0000000000432
2019,2542,1038.11287890374
2020,2542,1019.0564224978125
2021,2542,1047.6411081547017
2022,2542,1057.1693412205573
2023,2542,1057.1693412205573
2024,2542,1057.1693412205573
2025,2542,1066.6975780958305
2016,2543,1028.5846391394546
2017,2543,999.999999999969
2018,2543,999.999999999969
2019,2543,1028.5846391394546
2020,2543,1019.0564129494871
2021,2543,1038.1128598068105
2022,2543,1038.1128598068105
2023,2543,1019.0564222824527
2024,2543,1038.1128598068105
2025,2543,1057.1693125754932
2016,2544,1028.5846042456653
2017,2544,999.9999999999521
2018,2544,999.9999999999521
2019,2544,1019.0564127336024
2020,2544,1019.0564034011023
2021,2544,1038.1128045199773
2022,2544,1028.5846248163054
2023,2544,1009.5282044603197
2024,2544,1028.5846248163054
2025,2544,1038.1128407105236
2016,2545,1013.7610574685258
2017,2545,999.999999999945
2018,2545,999.999999999945
2019,2545,999.999999999945
2020,2545,1006.8805305219955
2021,2545,1020.6415856221377
2022,2545,1020.6415856221377
2023,2545,999.999999999945
2024,2545,1013.7610574685258
2025,2545,1027.5221106712686
2016,2546,1013.7610547523425
2017,2546,1000.0000000000405
2018,2546,1000.0000000000405
2019,2546,1013.194683128498
2020,2546,1006.8805291638722
2021,2546,1014.3782294380039
2022,2546,1014.3782294380039
2023,2546,1013.194683128498
2024,2546,1013.7610547523425
2025,2546,1027.522105236004
2016,2547,1019.8926850282845
2017,2547,1000.0000000000838
2018,2547,1000.0000000000838
2019,2547,1019.8926850282845
2020,2547,1009.9463421477955
2021,2547,1009.9463421477955
2022,2547,1019.8926850282845
2023,2547,1019.8926850282845
2024,2547,1019.8926850282845
2025,2547,1039.785377761946
2016,2548,1029.8390304252139
2017,2548,1000.0000000000692
2018,2548,1000.0000000000692
2019,2548,1019.8926899057273
2020,2548,1009.9463449106363
2021,2548,1009.9463449106363
2022,2548,1019.8926899057273
2023,2548,1019.8926899057273
2024,2548,1029.8390304252139
2025,2548,1039.785380143661
2016,2549,1039.7853777489129
2017,2549,1000.0000000000911
2018,2549,1000.0000000000911
2019,2549,1019.8926910955396
2020,2549,1009.946345505669
2021,2549,1009.946345505669
2022,2549,1019.8926910955396
2023,2549,1019.8926910955396
2024,2549,1039.7853777489129
2025,2549,1039.785382524893
2016,2550,1034.402629046619
2017,2550,999.9999999999399
2018,2550,999.9999999999399
2019,2550,1028.7564796786896
2020,2550,1014.3782368172903
2021,2550,1014.3782368172903
2022,2550,1028.7564796786896
2023,2550,1028.7564796786896
2024,2550,1034.402629046619
2025,2550,1055.0441924181755
2016,2551,1049.7317303876473
2017,2551,999.9999999999334
2018,2551,999.9999999999334
2019,2551,1009.9463467808214
2020,2551,999.9999999999334
2021,2551,999.9999999999334
2022,2551,1009.9463467808214
2023,2551,1009.9463467808214
2024,2551,1039.7853828460386
2025,2551,1039.7853828460386
2016,2552,1059.6780822330416
2017,2552,1000.0000000000563
2018,2552,1000.0000000000563
2019,2552,1009.9463473766743
2020,2552,1000.0000000000563
2021,2552,1000.0000000000563
2022,2552,1009.9463473766743
2023,2552,1009.9463473766743
2024,2552,1049.73173336409
2025,2552,1049.73173336409
2016,2553,1048.1636689054878
2017,2553,999.9999999998819
2018,2553,999.9999999998819
2019,2553,1014.3782433424976
2020,2553,999.9999999998819
2021,2553,999.9999999998819
2022,2553,1014.3782433424976
2023,2553,1014.3782433424976
2024,2553,1043.1347481510652
2025,2553,1043.1347481510652
2016,2554,1048.1636593965668
2017,2554,999.9999999999814
2018,2554,999.9999999999814
2019,2554,999.9999999999814
2020,2554,999.9999999999814
2021,2554,993.119474529208
2022,2554,1006.8805271481436
2023,2554,1013.7610507203716
2024,2554,1041.283139357119
2025,2554,1041.283139357119
2016,2555,1066.6973506641307
2017,2555,999.9999999999613
2018,2555,999.9999999999613
2019,2555,999.9999999999613
2020,2555,1009.5281790433907
2021,2555,999.9999999999613
2022,2555,1009.5281815192812
2023,2555,1019.056366849651
2024,2555,1066.6973506641307
2025,2555,1095.2819866866232
2016,2556,1057.1691176329196
2017,2556,1000.0000000000389
2018,2556,1000.0000000000389
2019,2556,1000.0000000000389
2020,2556,1009.5281742689366
2021,2556,1000.0000000000389
2022,2556,1009.5281742689366
2023,2556,1019.0563479674729
2024,2556,1057.1691176329196
2025,2556,1085.753727899367
2016,2557,1047.6408979622195
2017,2557,1000.0000000000454
2018,2557,1000.0000000000454
2019,2557,1000.0000000000454
2020,2557,1009.5281694947669
2021,2557,1000.0000000000454
2022,2557,1009.5281694947669
2023,2557,1019.056338418888
2024,2557,1038.1127107475183
2025,2557,1038.1127107475183
2016,2558,1038.1126916512383
2017,2558,1000.0000000000016
2018,2558,1000.0000000000016
2019,2558,1000.0000000000016
2020,2558,1009.5281647201975
2021,2558,1000.0000000000016
2022,2558,1009.5281647201975
2023,2558,1019.0563288700262
2024,2558,1028.5845130217633
2025,2558,1028.5845130217633
2016,2559,1028.5844986981035
2017,2559,1000.0000000000492
2018,2559,1000.0000000000492
2019,2559,1000.0000000000492
2020,2559,1009.5281599457137
2021,2559,1000.0000000000492
2022,2559,1009.5281599457137
2023,2559,1019.0563193208975
2024,2559,1019.0563286540961
2025,2559,1019.0563286540961
2016,2560,890.5900815582763
2017,2560,1049.731751825016
2018,2560,1049.731751825016
2019,2560,1049.731751825016
2020,2560,900.5364414405722
2021,2560,1059.6780999931095
2022,2560,900.5364414405722
2023,2560,890.5900815582763
2024,2560,890.5900815582763
2025,2560,890.5900815582763
2016,2561,1009.5281570771091
2017,2561,999.9999999999626
2018,2561,999.9999999999626
2019,2561,999.9999999999626
2020,2561,999.9999999999626
2021,2561,999.9999999999626
2022,2561,999.9999999999626
2023,2561,1009.5281546009855
2024,2561,1009.5281546009855
2025,2561,1009.5281546009855
2016,2562,1009.5281498264432
2017,2562,999.9999999999488
2018,2562,999.9999999999488
2019,2562,999.9999999999488
2020,2562,999.9999999999488
2021,2562,999.9999999999488
2022,2562,999.9999999999488
2023,2562,1009.5281498264432
2024,2562,1009.5281498264432
2025,2562,1009.5281498264432
2016,2563,1009.5281450519885
2017,2563,1000.0000000000227
2018,2563,1000.0000000000227
2019,2563,1000.0000000000227
2020,2563,1000.0000000000227
2021,2563,1000.0000000000227
2022,2563,1000.0000000000227
2023,2563,1009.5281450519885
2024,2563,1009.5281450519885
2025,2563,1009.5281450519885
2016,2564,1009.5281402773464
2017,2564,1000.0000000000256
2018,2564,1000.0000000000256
2019,2564,1000.0000000000256
2020,2564,1000.0000000000256
2021,2564,1000.0000000000256
2022,2564,1000.0000000000256
2023,2564,1009.5281402773464
2024,2564,1009.5281402773464
2025,2564,1009.5281402773464
2016,2565,1009.528135502804
2017,2565,1000.0000000000116
2018,2565,1000.0000000000116
2019,2565,1000.0000000000116
2020,2565,1000.0000000000116
2021,2565,1000.0000000000116
2022,2565,1000.0000000000116
2023,2565,1009.528135502804
2024,2565,1009.528135502804
2025,2565,1009.528135502804
2016,2566,1013.1945518511064
2017,2566,1000.0000000000593
2018,2566,1000.0000000000593
2019,2566,1000.0000000000593
2020,2566,1000.0000000000593
2021,2566,1000.0000000000593
2022,2566,1000.0000000000593
2023,2566,1013.1945518511064
2024,2566,1013.1945518511064
2025,2566,1013.1945518511064
2016,2567,1019.056252477924
2017,2567,999.9999999999964
2018,2567,999.9999999999964
2019,2567,1009.5281265242019
2020,2567,1009.5281265242019
2021,2567,1009.5281265242019
2022,2567,1009.5281265242019
2023,2567,1019.056252477924
2024,2567,1019.056252477924
2025,2567,1019.056252477924
2016,2568,1019.0562429286686
2017,2568,1000.0000000000299
2018,2568,1000.0000000000299
2019,2568,1000.0000000000299
2020,2568,1000.0000000000299
2021,2568,1000.0000000000299
2022,2568,1000.0000000000299
2023,2568,1009.5281242253653
2024,2568,1019.0562429286686
2025,2568,1019.0562429286686
2016,2569,1009.5281194509648
2017,2569,1000.0000000000439
2018,2569,1000.0000000000439
2019,2569,1000.0000000000439
2020,2569,1000.0000000000439
2021,2569,1000.0000000000439
2022,2569,1000.0000000000439
2023,2569,1009.5281169747249
2024,2569,1019.0562333793907
2025,2569,1019.0562333793907
2016,2570,1009.5281122002264
2017,2570,999.999999999957
2018,2570,999.999999999957
2019,2570,999.999999999957
2020,2570,999.999999999957
2021,2570,999.999999999957
2022,2570,999.999999999957
2023,2570,1009.5281122002264
2024,2570,1009.5281146764692
2025,2570,1009.5281146764692
2016,2571,1006.8804992341404
2017,2571,999.9999999999968
2018,2571,999.9999999999968
2019,2571,999.9999999999968
2020,2571,999.9999999999968
2021,2571,999.9999999999968
2022,2571,999.9999999999968
2023,2571,1006.8804992341404
2024,2571,1006.8804992341404
2025,2571,1006.8804992341404
2016,2572,1006.8804978758997
2017,2572,1000.0000000000499
2018,2572,1000.0000000000499
2019,2572,1000.0000000000499
2020,2572,1000.0000000000499
2021,2572,1000.0000000000499
2022,2572,1000.0000000000499
2023,2572,1006.8804978758997
2024,2572,1006.8804978758997
2025,2572,1006.8804978758997
2016,2573,1006.8804965171031
2017,2573,1000.0000000000422
2018,2573,1000.0000000000422
2019,2573,1000.0000000000422
2020,2573,1000.0000000000422
2021,2573,1000.0000000000422
2022,2573,1000.0000000000422
2023,2573,1006.8804965171031
2024,2573,1006.8804965171031
2025,2573,1006.8804965171031
2016,2574,1013.1944763794733
2017,2574,999.9999999999826
2018,2574,999.9999999999826
2019,2574,1013.1944763794733
2020,2574,1006.8804951588432
2021,2574,1006.8804951588432
2022,2574,999.9999999999826
2023,2574,1006.8804951588432
2024,2574,1006.8804951588432
2025,2574,1013.1944763794733
2016,2575,1020.641475454213
2017,2575,1000.0000000000516
2018,2575,1000.0000000000516
2019,2575,1013.760984023944
2020,2575,1013.194467342668
2021,2575,1006.8804937999281
2022,2575,1013.194467342668
2023,2575,1013.194467342668
2024,2575,1013.194467342668
2025,2575,1020.641475454213
2016,2576,1026.3889044005325
2017,2576,999.9999999999668
2018,2576,999.9999999999668
2019,2576,1013.760981308316
2020,2576,1013.760981308316
2021,2576,1006.8804924419071
2022,2576,1013.760981308316
2023,2576,1013.760981308316
2024,2576,1020.6414713800758
2025,2576,1020.6414713800758
2016,2577,1027.5219529131575
2017,2577,1000.0000000000266
2018,2577,1000.0000000000266
2019,2577,1006.8804910831956
2020,2577,1013.7609785906628
2021,2577,1006.8804910831956
2022,2577,1013.7609785906628
2023,2577,1013.7609785906628
2024,2577,1026.3888863225761
2025,2577,1020.6414673043945
2016,2578,1027.5219474786736
2017,2578,1000.0000000000554
2018,2578,1000.0000000000554
2019,2578,1013.194440223911
2020,2578,1013.7609758736054
2021,2578,1000.0000000000554
2022,2578,1013.7609758736054
2023,2578,1013.7609758736054
2024,2578,1027.5219474786736
2025,2578,1014.3783456535564
2016,2579,1027.5219420435817
2017,2579,999.999999999968
2018,2579,999.999999999968
2019,2579,1026.3888501640279
2020,2579,1020.6414591521158
2021,2579,986.2390230450194
2022,2579,1020.6414591521158
2023,2579,1026.3888501640279
2024,2579,1034.402425669751
2025,2579,1013.7609731557662
2016,2580,1039.7854272402242
2017,2580,999.999999999932
2018,2580,999.999999999932
2019,2580,1039.7854224614487
2020,2580,1039.7854224614487
2021,2580,980.1072931631643
2022,2580,1029.839065747776
2023,2580,1049.7317799083655
2024,2580,1079.5708566415938
2025,2580,1029.839065747776
2016,2581,1041.2829009850507
2017,2581,1000.0000000000301
2018,2581,1000.0000000000301
2019,2581,1034.402420938949
2020,2581,1034.402420938949
2021,2581,993.1195142571344
2022,2581,1027.521938259428
2023,2581,1041.2829009850507
2024,2581,1041.2829009850507
2025,2581,1027.521938259428
2016,2582,1041.2828928356482
2017,2582,999.9999999999416
2018,2582,999.9999999999416
2019,2582,1034.4024141475318
2020,2582,1034.4024141475318
2021,2582,993.1195156164326
2022,2582,1027.521932825911
2023,2582,1041.2828928356482
2024,2582,1041.2828928356482
2025,2582,1027.521932825911
2016,2583,1028.7567374811701
2017,2583,1000.0000000000256
2018,2583,1000.0000000000256
2019,2583,1034.4024073545454
2020,2583,1034.4024073545454
2021,2583,993.1195169740437
2022,2583,1027.521927391524
2023,2583,1041.2828846841476
2024,2583,1052.7775461994074
2025,2583,1014.378365719932
2016,2584,1039.7854329939144
2017,2584,1000.000000000013
2018,2584,1000.000000000013
2019,2584,1029.8390782035483
2020,2584,1029.839073647145
2021,2584,1000.000000000013
2022,2584,1019.8927187196301
2023,2584,1039.7854377703604
2024,2584,1069.6245154301914
2025,2584,1009.9463571496121
2016,2585,1027.5219236073049
2017,2585,1000.000000000035
2018,2585,1000.000000000035
2019,2585,1041.2828790067786
2020,2585,1028.7567488082905
2021,2585,1006.8804837566352
2022,2585,1027.5219236073049
2023,2585,1048.1633556528488
2024,2585,1068.8047769989869
2025,2585,1013.7609639372897
2016,2586,1034.4023958315659
2017,2586,999.9999999999138
2018,2586,999.9999999999138
2019,2586,1028.756758413818
2020,2586,1027.5219181729674
2021,2586,1006.880482398618
2022,2586,1020.6414412494975
2023,2586,1043.1351466821943
2024,2586,1068.8047634144825
2025,2586,1006.880482398618
2016,2587,1034.4023890383717
2017,2587,999.9999999999724
2018,2587,999.9999999999724
2019,2587,1027.5219127385892
2020,2587,1027.5219127385892
2021,2587,1006.8804810402744
2022,2587,1020.6414371738506
2023,2587,1034.4023890383717
2024,2587,1057.5135601992615
2025,2587,999.9999999999724
2016,2588,1039.7854435277566
2017,2588,1000.0000000001024
2018,2588,1000.0000000001024
2019,2588,1039.7854435277566
2020,2588,1029.8390815466757
2021,2588,1009.946359782383
2022,2588,1029.8390815466757
2023,2588,1039.7854483021074
2024,2588,1049.7318105851955
2025,2588,1000.0000000001024
2016,2589,1041.2828570279273
2017,2589,1000.0000000000574
2018,2589,1000.0000000000574
2019,2589,1034.4023843080654
2020,2589,1028.756779343702
2021,2589,1013.7609566111628
2022,2589,1027.5219089550171
2023,2589,1041.2828570279273
2024,2589,1057.5135828563887
2025,2589,1000.0000000000574
2016,2590,1034.4023775152662
2017,2590,999.9999999999322
2018,2590,999.9999999999322
2019,2590,1034.4023775152662
2020,2590,1027.5219035198652
2021,2590,1013.7609538940119
2022,2590,1027.5219035198652
2023,2590,1041.2828488773214
2024,2590,1048.1633205015548
2025,2590,999.9999999999322
2016,2591,1039.5830199955851
2017,2591,1000.0000000000143
2018,2591,1000.0000000000143
2019,2591,1034.4023707227582
2020,2591,1027.5218980860727
2021,2591,1000.0000000000143
2022,2591,1014.3783962537801
2023,2591,1034.4023707227582
2024,2591,1043.1352068873032
2025,2591,1013.1943522062384
2016,2592,1041.2828325762875
2017,2592,1000.0000000000028
2018,2592,1000.0000000000028
2019,2592,1028.756808157363
2020,2592,1020.6414221110434
2021,2592,986.2390477406332
2022,2592,1000.0000000000028
2023,2592,1034.4023639320276
2024,2592,1041.2828325762875
2025,2592,1026.3886741261367
2016,2593,1041.2828244265336
2017,2593,1000.000000000089
2018,2593,1000.000000000089
2019,2593,1027.5218872207652
2020,2593,1020.6414180350947
2021,2593,986.2390504570603
2022,2593,1000.000000000089
2023,2593,1028.7568177589578
2024,2593,1028.7568177589578
2025,2593,1034.402357140237
2016,2594,1029.8390980768443
2017,2594,1000.0000000001045
2018,2594,1000.0000000001045
2019,2594,1029.8390935241657
2020,2594,1019.8927282835219
2021,2594,980.1072746475661
2022,2594,1029.8390935241657
2023,2594,1019.8927319683702
2024,2594,1039.7854594978214
2025,2594,1039.7854594978214
2016,2595,1041.2828187495882
2017,2595,1000.0000000000389
2018,2595,1000.0000000000389
2019,2595,1027.521883435927
2020,2595,1020.6414151971329
2021,2595,993.1195279628374
2022,2595,1026.3886395515972
2023,2595,1028.7568290871275
2024,2595,1034.4023524095098
2025,2595,1041.2828187495882
2016,2596,1019.8927345187822
2017,2596,999.999999999948
2018,2596,999.999999999948
2019,2596,1029.8390973479989
2020,2596,1019.8927345187822
2021,2596,990.0536356830536
2022,2596,1029.8391019025412
2023,2596,1019.8927308327698
2024,2596,1049.7318325767917
2025,2596,1039.785469370359
2016,2597,1028.7568404160656
2017,2597,999.9999999999501
2018,2597,999.9999999999501
2019,2597,1028.7568404160656
2020,2597,1027.5218796524282
2021,2597,999.9999999999501
2022,2597,1034.4023476798263
2023,2597,1020.6414123590754
2024,2597,1041.2828130738908
2025,2597,1041.2828130738908
2016,2598,1014.3784219889181
2017,2598,1000.0000000000723
2018,2598,1000.0000000000723
2019,2598,1027.5218742182906
2020,2598,1020.6414082836884
2021,2598,993.119530267636
2022,2598,1028.7568500204113
2023,2598,1026.3886049755338
2024,2598,1041.282804923897
2025,2598,1041.282804923897
2016,2599,1009.9463670054562
2017,2599,1000.0000000000927
2018,2599,1000.0000000000927
2019,2599,1019.8927384284436
2020,2599,1029.8391032128852
2021,2599,990.0536309116554
2022,2599,1019.8927384284436
2023,2599,1039.7854724158851
2024,2599,1039.7854771886061
2025,2599,1039.7854771886061
2016,2600,1013.7609373532437
2017,2600,999.9999999999369
2018,2600,999.9999999999369
2019,2600,1028.7568613524709
2020,2600,1027.5218704355214
2021,2600,986.2390588506853
2022,2600,1027.5218704355214
2023,2600,1034.4023361585869
2024,2600,1043.135301090247
2025,2600,1041.2827992478303
2016,2601,1026.3885703998762
2017,2601,1000.0000000000803
2018,2601,1000.0000000000803
2019,2601,1020.6414013710505
2020,2601,1027.5218650012462
2021,2601,985.6215741787558
2022,2601,1014.3784324568499
2023,2601,1034.4023293662306
2024,2601,1041.2827910969675
2025,2601,1041.2827910969675
2016,2602,1029.8391136316063
2017,2602,999.9999999999012
2018,2602,999.9999999999012
2019,2602,1019.8927423373669
2020,2602,1009.9463711271878
2021,2602,980.1072579949439
2022,2602,1009.9463711271878
2023,2602,1019.8927423373669
2024,2602,1029.8391136316063
2025,2602,1029.8391136316063
2016,2603,1039.7854826217144
2017,2603,999.9999999999616
2018,2603,999.9999999999616
2019,2603,1019.8927435295474
2020,2603,1019.8927398446992
2021,2603,980.1072568021875
2022,2603,1019.8927398446992
2023,2603,1029.8391108673993
2024,2603,1039.7854826217144
2025,2603,1039.7854826217144
2016,2604,1041.2827878973098
2017,2604,999.9999999999909
2018,2604,999.9999999999909
2019,2604,1028.7568840073827
2020,2604,1020.6413997714692
2021,2604,986.2390626329194
2022,2604,1020.6413997714692
2023,2604,1028.7568840073827
2024,2604,1043.1353350743611
2025,2604,1043.1353350743611
2016,2605,1034.402319908323
2017,2605,999.9999999999992
2018,2605,999.9999999999992
2019,2605,1020.6413956964926
2020,2605,1014.378443785546
2021,2605,986.2390653496126
2022,2605,1014.378443785546
2023,2605,1027.5218574354647
2024,2605,1034.402319908323
2025,2605,1034.402319908323
2016,2606,1028.7569032196666
2017,2606,999.9999999999495
2018,2606,999.9999999999495
2019,2606,1020.6413916212272
2020,2606,1013.7609281357406
2021,2606,986.2390680657398
2022,2606,1013.7609281357406
2023,2606,1027.5218520013307
2024,2606,1028.7569032196666
2025,2606,1028.7569032196666
2016,2607,1014.3784533896658
2017,2607,999.9999999999321
2018,2607,999.9999999999321
2019,2607,1020.6413875460019
2020,2607,1013.7609254188404
2021,2607,986.8057311314192
2022,2607,1006.8804644980174
2023,2607,1027.5218465679502
2024,2607,1027.5218465679502
2025,2607,1027.5218465679502
2016,2608,1009.9463728699927
2017,2608,999.9999999999427
2018,2608,999.9999999999427
2019,2608,1019.8927464721216
2020,2608,1009.9463728699927
2021,2608,990.0536278640684
2022,2608,999.9999999999427
2023,2608,1019.8927501581338
2024,2608,1029.8391208079606
2025,2608,1019.8927464721216
2016,2609,1013.7609235278194
2017,2609,1000.0000000000053
2018,2609,1000.0000000000053
2019,2609,1020.6413847094024
2020,2609,1013.7609235278194
2021,2609,1000.0000000000053
2022,2609,1006.8804635523419
2023,2609,1028.7569241548895
2024,2609,1027.5218427860902
2025,2609,1020.6413847094024
2016,2610,1020.6413806340495
2017,2610,999.99999999998
2018,2610,999.99999999998
2019,2610,1014.37846385957
2020,2610,1013.7609208110753
2021,2610,999.99999999998
2022,2610,1006.8804621942807
2023,2610,1020.6413806340495
2024,2610,1027.5218373521288
2025,2610,1020.6413806340495
2016,2611,1028.5839449885495
2017,2611,1000.000000000041
2018,2611,1000.000000000041
2019,2611,1028.583965564553
2020,2611,1019.0559732321902
2021,2611,1009.5279822342912
2022,2611,1009.5279847108801
2023,2611,1047.6399616641834
2024,2611,1038.1119617095983
2025,2611,1028.583965564553
2016,2612,1013.760914552752
2017,2612,1000.0000000000293
2018,2612,1000.0000000000293
2019,2612,1000.0000000000293
2020,2612,1000.0000000000293
2021,2612,1000.0000000000293
2022,2612,1006.880459064772
2023,2612,1006.880459064772
2024,2612,1014.3784726026311
2025,2612,1013.760914552752
2016,2613,1019.8927519084145
2017,2613,999.9999999998985
2018,2613,999.9999999998985
2019,2613,1009.9463755873015
2020,2613,999.9999999998985
2021,2613,999.9999999998985
2022,2613,1009.9463755873015
2023,2613,1009.9463755873015
2024,2613,1019.8927519084145
2025,2613,1019.8927519084145
2016,2614,1020.641368410115
2017,2614,999.9999999999743
2018,2614,999.9999999999743
2019,2614,1013.7609126614548
2020,2614,1006.8804581192178
2021,2614,999.9999999999743
2022,2614,1013.7609126614548
2023,2614,1013.7609126614548
2024,2614,1020.641368410115
2025,2614,1020.641368410115
2016,2615,1020.6413643358409
2017,2615,1000.0000000000393
2018,2615,1000.0000000000393
2019,2615,1013.7609099455168
2020,2615,1006.8804567612871
2021,2615,985.6215235631976
2022,2615,1013.7609099455168
2023,2615,1013.7609099455168
2024,2615,1020.6413643358409
2025,2615,1014.3784830724113
2016,2616,1014.3784878754901
2017,2616,1000.0000000000573
2018,2616,1000.0000000000573
2019,2616,1006.8804554032911
2020,2616,1006.8804554032911
2021,2616,979.3586328751878
2022,2616,1013.7609072291779
2023,2616,1006.8804554032911
2024,2616,1014.3784878754901
2025,2616,1013.7609072291779
2016,2617,1013.7609045133657
2017,2617,999.9999999999754
2018,2617,999.9999999999754
2019,2617,999.9999999999754
2020,2617,1006.8804540454663
2021,2617,986.8058026562489
2022,2617,1013.7609045133657
2023,2617,1006.8804540454663
2024,2617,1013.7609045133657
2025,2617,1013.7609045133657
2016,2618,1013.7609017964681
2017,2618,1000.00000000003
2018,2618,1000.00000000003
2019,2618,1000.00000000003
2020,2618,1013.1941761672871
2021,2618,993.1195489910682
2022,2618,1013.7609017964681
2023,2618,1006.88045268688
2024,2618,1020.6413521124795
2025,2618,1006.88045268688
2016,2619,1006.8804513281669
2017,2619,999.999999999976
2018,2619,999.999999999976
2019,2619,999.999999999976
2020,2619,1013.76089907934
2021,2619,993.1195503489299
2022,2619,1013.76089907934
2023,2619,1006.8804513281669
2024,2619,1020.6413480366074
2025,2619,1006.8804513281669
2016,2620,1006.8804499704493
2017,2620,999.9999999999994
2018,2620,999.9999999999994
2019,2620,999.9999999999994
2020,2620,1013.7608963633932
2021,2620,986.2390998369559
2022,2620,1013.7608963633932
2023,2620,1006.8804499704493
2024,2620,1020.6413439627603
2025,2620,1013.1941580899152
2016,2621,999.9999999999891
2017,2621,999.9999999999891
2018,2621,999.9999999999891
2019,2621,1009.946384900606
2020,2621,1009.946384900606
2021,2621,990.0536151836633
2022,2621,1009.946384900606
2023,2621,1019.8927698834203
2024,2621,1029.8391549484309
2025,2621,1049.7319209944974
2016,2622,1006.8804502637362
2017,2622,999.9999999999663
2018,2622,999.9999999999663
2019,2622,1014.3785153442609
2020,2622,1014.3785153442609
2021,2622,993.119551414743
2022,2622,1014.3785153442609
2023,2622,1027.5217896271886
2024,2622,1034.4022351473066
2025,2622,1048.1631211833592
2016,2623,1013.1941431766162
2017,2623,1000.0000000000393
2018,2623,1000.0000000000393
2019,2623,1013.7608942325808
2020,2623,1013.7608942325808
2021,2623,1000.0000000000393
2022,2623,1013.7608942325808
2023,2623,1020.6413407666439
2024,2623,1028.7570463324278
2025,2623,1043.135578562154
2016,2624,1019.0558759777999
2017,2624,999.9999999999809
2018,2624,999.9999999999809
2019,2624,1019.0558853146102
2020,2624,1019.0558853146102
2021,2624,999.9999999999809
2022,2624,1019.0558853146102
2023,2624,1038.1117858720565
2024,2624,1047.6397418667755
2025,2624,1066.6955559212156
2016,2625,1019.0558664262144
2017,2625,999.9999999999536
2018,2625,999.9999999999536
2019,2625,1019.0558664262144
2020,2625,1019.0558664262144
2021,2625,999.9999999999536
2022,2625,1019.0558664262144
2023,2625,1019.0558757626784
2024,2625,1038.111766768214
2025,2625,1057.1676730179645
2016,2626,1019.0558568748268
2017,2626,1000.000000000002
2018,2626,1000.000000000002
2019,2626,1019.0558568748268
2020,2626,1019.0558568748268
2021,2626,990.4720726105892
2022,2626,1019.0558568748268
2023,2626,1019.0558568748268
2024,2626,1019.0558662109385
2025,2626,1047.6396941091366
2016,2627,1006.8804422340017
2017,2627,999.9999999999637
2018,2627,999.9999999999637
2019,2627,1006.8804422340017
2020,2627,1006.8804422340017
2021,2627,986.2391153101584
2022,2627,1006.8804422340017
2023,2627,1006.8804422340017
2024,2627,1006.8804422340017
2025,2627,1020.6413207533185
2016,2628,1013.1940956056019
2017,2628,1000.0000000000292
2018,2628,1000.0000000000292
2019,2628,1006.8804408761264
2020,2628,1006.8804408761264
2021,2628,986.239118025203
2022,2628,1006.8804408761264
2023,2628,1006.8804408761264
2024,2628,1006.8804408761264
2025,2628,1020.641316679307
2016,2629,1013.7608754589518
2017,2629,1000.0000000000281
2018,2629,1000.0000000000281
2019,2629,1006.8804395182856
2020,2629,1006.8804395182856
2021,2629,985.6214602518813
2022,2629,1006.8804395182856
2023,2629,1006.8804395182856
2024,2629,1006.8804395182856
2025,2629,1020.6413126052985
2016,2630,1009.9463891457044
2017,2630,1000.0000000001133
2018,2630,1000.0000000001133
2019,2630,1009.9463869781055
2020,2630,1009.9463869781055
2021,2630,980.1072219587778
2022,2630,1009.9463869781055
2023,2630,1000.0000000001133
2024,2630,1009.9463869781055
2025,2630,1019.8927746884123
2016,2631,1014.3785520490032
2017,2631,999.9999999999817
2018,2631,999.9999999999817
2019,2631,1013.7608735679468
2020,2631,1013.7608735679468
2021,2631,979.3586833660966
2022,2631,1013.7608735679468
2023,2631,1006.8804385727173
2024,2631,1013.7608735679468
2025,2631,1020.6413097686126
2016,2632,1019.8927772407005
2017,2632,1000.0000000000035
2018,2632,1000.0000000000035
2019,2632,1019.8927772407005
2020,2632,1009.9463882539621
2021,2632,970.1608396403846
2022,2632,1009.9463882539621
2023,2632,1009.9463882539621
2024,2632,1009.9463904224939
2025,2632,1029.8391669616135
2016,2633,1020.641306933708
2017,2633,1000.0000000000998
2018,2633,1000.0000000000998
2019,2633,1020.641306933708
2020,2633,1013.7608716780537
2021,2633,993.1195640507518
2022,2633,1013.7608716780537
2023,2633,1013.7608716780537
2024,2633,1014.3785577152438
2025,2633,1027.5217390837352
2016,2634,1020.6413028591767
2017,2634,1000.0000000000489
2018,2634,1000.0000000000489
2019,2634,1014.3785625208349
2020,2634,1013.7608689607481
2021,2634,993.1195654092431
2022,2634,1013.7608689607481
2023,2634,1013.7608689607481
2024,2634,1013.7608689607481
2025,2634,1027.5217336512349
2016,2635,1014.3785673240609
2017,2635,999.999999999932
2018,2635,999.999999999932
2019,2635,999.999999999932
2020,2635,999.999999999932
2021,2635,985.6214393105904
2022,2635,1006.8804349105424
2023,2635,1013.7608662437207
2024,2635,1013.7608662437207
2025,2635,1020.6412987835663
2016,2636,1009.9463930599368
2017,2636,999.9999999999645
2018,2636,999.9999999999645
2019,2636,999.9999999999645
2020,2636,990.0536098426982
2021,2636,980.1072141319639
2022,2636,999.9999999999645
2023,2636,1009.9463930599368
2024,2636,1009.9463930599368
2025,2636,1019.8927862014065
2016,2637,1009.9463936566694
2017,2637,1000.0000000000804
2018,2637,1000.0000000000804
2019,2637,1000.0000000000804
2020,2637,1000.0000000000804
2021,2637,980.1072192234647
2022,2637,1000.0000000000804
2023,2637,1009.9463936566694
2024,2637,1009.9463936566694
2025,2637,1019.8927873952198
2016,2638,1009.9463942537316
2017,2638,1000.0000000000368
2018,2638,1000.0000000000368
2019,2638,1000.0000000000368
2020,2638,1000.0000000000368
2021,2638,990.0536086490482
2022,2638,1000.0000000000368
2023,2638,1009.9463942537316
2024,2638,1009.9463942537316
2025,2638,1019.8927885896205
2016,2639,1009.9463948501219
2017,2639,1000.0000000000433
2018,2639,1000.0000000000433
2019,2639,1000.0000000000433
2020,2639,1000.0000000000433
2021,2639,1000.0000000000433
2022,2639,1000.0000000000433
2023,2639,1009.9463948501219
2024,2639,1009.9463948501219
2025,2639,1019.892789782629
2016,2640,1009.946395447523
2017,2640,1000.0000000001132
2018,2640,1000.0000000001132
2019,2640,1000.0000000001132
2020,2640,1000.0000000001132
2021,2640,1000.0000000001132
2022,2640,1000.0000000001132
2023,2640,1009.946395447523
2024,2640,1009.946395447523
2025,2640,1019.8927909771282
2016,2641,1014.3785764445388
2017,2641,1000.0000000000265
2018,2641,1000.0000000000265
2019,2641,1000.0000000000265
2020,2641,1000.0000000000265
2021,2641,1000.0000000000265
2022,2641,1000.0000000000265
2023,2641,1014.3785764445388
2024,2641,1014.3785764445388
2025,2641,1028.7571589282493
2016,2642,999.9999999999948
2017,2642,999.9999999999948
2018,2642,999.9999999999948
2019,2642,999.9999999999948
2020,2642,993.1195687761256
2021,2642,999.9999999999948
2022,2642,1006.8804329021666
2023,2642,993.1195687761256
2024,2642,1013.1940288327428
2025,2642,1013.7608622264179
2016,2643,993.1195701335442
2017,2643,999.9999999999449
2018,2643,999.9999999999449
2019,2643,999.9999999999449
2020,2643,999.9999999999449
2021,2643,999.9999999999449
2022,2643,1006.8804315441487
2023,2643,999.9999999999449
2024,2643,1020.641288682237
2025,2643,1026.3880273803766
2016,2644,990.4721196299233
2017,2644,999.9999999999841
2018,2644,999.9999999999841
2019,2644,999.9999999999841
2020,2644,999.9999999999841
2021,2644,990.4721196299233
2022,2644,1009.5278841836612
2023,2644,1009.5278817062544
2024,2644,1028.583643399664
2025,2644,1028.583643399664
2016,2645,986.8059869417905
2017,2645,1000.0000000000331
2018,2645,1000.0000000000331
2019,2645,1000.0000000000331
2020,2645,1000.0000000000331
2021,2645,986.8059869417905
2022,2645,1000.0000000000331
2023,2645,1000.0000000000331
2024,2645,1013.7608532528743
2025,2645,1020.6412792957229
2016,2646,999.9999999999426
2017,2646,999.9999999999426
2018,2646,999.9999999999426
2019,2646,1006.8804270566822
2020,2646,1006.8804270566822
2021,2646,999.9999999999426
2022,2646,999.9999999999426
2023,2646,1006.8804270566822
2024,2646,1013.7608505355865
2025,2646,1014.3786044099552
2016,2647,1006.8804256991268
2017,2647,999.9999999999887
2018,2647,999.9999999999887
2019,2647,1006.8804256991268
2020,2647,1006.8804256991268
2021,2647,999.9999999999887
2022,2647,999.9999999999887
2023,2647,1006.8804256991268
2024,2647,1013.7608478200159
2025,2647,1013.7608478200159
2016,2648,1013.1939738053851
2017,2648,1000.0000000000977
2018,2648,1000.0000000000977
2019,2648,1000.0000000000977
2020,2648,1000.0000000000977
2021,2648,1000.0000000000977
2022,2648,1000.0000000000977
2023,2648,1006.8804243413097
2024,2648,1006.8804243413097
2025,2648,1013.7608451047606
2016,2649,1019.0557196539133
2017,2649,999.999999999972
2018,2649,999.999999999972
2019,2649,990.4721412208264
2020,2649,990.4721412208264
2021,2649,999.999999999972
2022,2649,971.4164350942937
2023,2649,1009.5278625912212
2024,2649,1009.5278625912212
2025,2649,1019.055728991774
2016,2650,1013.1939549352188
2017,2650,999.9999999999684
2018,2650,999.9999999999684
2019,2650,985.6213838698036
2020,2650,986.8060329285804
2021,2650,985.6213838698036
2022,2650,972.4783104361788
2023,2650,1013.1939549352188
2024,2650,1013.1939549352188
2025,2650,1013.1939549352188
2016,2651,1019.0557016930112
2017,2651,999.9999999999657
2018,2651,999.9999999999657
2019,2651,980.9442960196336
2020,2651,999.9999999999657
2021,2651,971.4164431701945
2022,2651,980.9442960196336
2023,2651,1019.0557016930112
2024,2651,1019.0557016930112
2025,2651,1019.0557016930112
2016,2652,1006.8804180827294
2017,2652,999.9999999999518
2018,2652,999.9999999999518
2019,2652,973.6120913900273
2020,2652,999.9999999999518
2021,2652,965.5979018028394
2022,2652,973.6120913900273
2023,2652,1006.8804180827294
2024,2652,1006.8804180827294
2025,2652,1013.7608325876606
2016,2653,1009.9464009286961
2017,2653,999.9999999999987
2018,2653,999.9999999999987
2019,2653,960.2144036267298
2020,2653,1009.9464009286961
2021,2653,960.2143884467835
2022,2653,950.2680063679791
2023,2653,1009.9464009286961
2024,2653,1009.9464009286961
2025,2653,1009.9464030962951
2016,2654,1013.7608306978353
2017,2654,999.9999999999283
2018,2654,999.9999999999283
2019,2654,999.9999999999283
2020,2654,1013.7608306978353
2021,2654,986.8060600442036
2022,2654,993.1195845392448
2023,2654,1013.7608306978353
2024,2654,1013.7608306978353
2025,2654,1014.378637179268
2016,2655,1019.8928051466693
2017,2655,999.9999999999013
2018,2655,999.9999999999013
2019,2655,1009.9464022065467
2020,2655,1009.9464043739129
2021,2655,999.9999999999013
2022,2655,990.0535985269657
2023,2655,1019.8928051466693
2024,2655,1009.9464043739129
2025,2655,1019.8928051466693
2016,2656,1020.641242629925
2017,2656,999.9999999999953
2018,2656,999.9999999999953
2019,2656,1013.7608288084973
2020,2656,1014.3786428490604
2021,2656,1006.880416193334
2022,2656,999.9999999999953
2023,2656,1020.641242629925
2024,2656,1014.3786428490604
2025,2656,1020.641242629925
2016,2657,1019.8928077023269
2017,2657,1000.0000000000952
2018,2657,1000.0000000000952
2019,2657,1009.9464056518387
2020,2657,1009.9464034844725
2021,2657,1009.9464034844725
2022,2657,1000.0000000000952
2023,2657,1009.9464056518387
2024,2657,1009.9464034844725
2025,2657,1009.9464056518387
2016,2658,1020.6412397950768
2017,2658,999.9999999999839
2018,2658,999.9999999999839
2019,2658,1014.3786485186499
2020,2658,1013.7608269188707
2021,2658,1013.7608269188707
2022,2658,999.9999999999839
2023,2658,1014.3786485186499
2024,2658,1013.7608269188707
2025,2658,1014.3786485186499
2016,2659,1014.3786533218073
2017,2659,999.9999999999847
2018,2659,999.9999999999847
2019,2659,1013.7608242018407
2020,2659,1006.8804138902871
2021,2659,1006.8804138902871
2022,2659,999.9999999999847
2023,2659,1013.7608242018407
2024,2659,1013.7608242018407
2025,2659,1013.7608242018407
2016,2660,1028.5835000189247
2017,2660,999.9999999999985
2018,2660,999.9999999999985
2019,2660,1019.0556628687333
2020,2660,1009.527829530526
2021,2660,1009.527829530526
2022,2660,1009.5278270530056
2023,2660,1019.0556628687333
2024,2660,1019.0556628687333
2025,2660,1019.0556628687333
2016,2661,1013.7608179455066
2017,2661,999.9999999999686
2018,2661,999.9999999999686
2019,2661,1020.6412263339714
2020,2661,1013.1938834112865
2021,2661,1006.8804107616606
2022,2661,999.9999999999686
2023,2661,1020.6412263339714
2024,2661,1013.7608179455066
2025,2661,1013.7608179455066
2016,2662,1013.7608152289359
2017,2662,1000.0000000000108
2018,2662,1000.0000000000108
2019,2662,1020.6412222602037
2020,2662,1013.7608152289359
2021,2662,1006.8804094034334
2022,2662,1000.0000000000108
2023,2662,1020.6412222602037
2024,2662,1013.7608152289359
2025,2662,1013.7608152289359
2016,2663,1020.6412181855812
2017,2663,999.999999999985
2018,2663,999.999999999985
2019,2663,1014.3786716786872
2020,2663,1013.7608125121869
2021,2663,1006.8804080453752
2022,2663,999.999999999985
2023,2663,1020.6412181855812
2024,2663,1013.7608125121869
2025,2663,1013.7608125121869
2016,2664,1039.7856346771212
2017,2664,1000.000000000052
2018,2664,1000.000000000052
2019,2664,1000.000000000052
2020,2664,1009.9464075678238
2021,2664,1000.000000000052
2022,2664,1000.000000000052
2023,2664,1019.892815870468
2024,2664,1019.892815870468
2025,2664,1039.7856346771212
2016,2665,1027.5216169756518
2017,2665,999.9999999999551
2018,2665,999.9999999999551
2019,2665,1006.8804071015044
2020,2665,1013.7608106238174
2021,2665,1006.8804071015044
2022,2665,1006.8804071015044
2023,2665,1020.6412153530418
2024,2665,1020.6412153530418
2025,2665,1027.5216169756518
2016,2666,1034.40201254178
2017,2666,999.9999999999932
2018,2666,999.9999999999932
2019,2666,1013.1938480431928
2020,2666,1013.7608079079438
2021,2666,999.9999999999932
2022,2666,1006.8804057433854
2023,2666,1020.6412112785966
2024,2666,1026.3876838761214
2025,2666,1034.40201254178
2016,2667,1038.1112400825768
2017,2667,999.9999999999894
2018,2667,999.9999999999894
2019,2667,1019.0556030811973
2020,2667,1019.0556124196403
2021,2667,1009.5278018268814
2022,2667,1009.5278043045213
2023,2667,1028.5834243452327
2024,2667,1028.5834243452327
2025,2667,1038.1112400825768
2016,2668,1027.5215990258773
2017,2668,999.9999999999459
2018,2668,999.9999999999459
2019,2668,1026.387646134567
2020,2668,1020.6412018910195
2021,2668,999.9999999999459
2022,2668,1006.8804026138284
2023,2668,1020.6412018910195
2024,2668,1027.5215990258773
2025,2668,1027.5215990258773
2016,2669,1027.521593595351
2017,2669,1000.0000000000385
2018,2669,1000.0000000000385
2019,2669,1027.521593595351
2020,2669,1020.6411978184586
2021,2669,1013.1938201330992
2022,2669,1006.8804012566992
2023,2669,1020.6411978184586
2024,2669,1027.521593595351
2025,2669,1027.521593595351
2016,2670,1027.521588163831
2017,2670,1000.0000000000499
2018,2670,1000.0000000000499
2019,2670,1027.521588163831
2020,2670,1020.6411937439347
2021,2670,1013.7607962173389
2022,2670,1006.8803998980687
2023,2670,1020.6411937439347
2024,2670,1027.521588163831
2025,2670,1027.521588163831
2016,2671,1038.1111705270425
2017,2671,999.9999999999869
2018,2671,999.9999999999869
2019,2671,1038.1111705270425
2020,2671,1028.5833721798604
2021,2671,1019.0555776412897
2022,2671,1009.5277869154013
2023,2671,1028.5833721798604
2024,2671,1038.1111705270425
2025,2671,1038.1111705270425
2016,2672,1020.6411843557127
2017,2672,1000.0000000000055
2018,2672,1000.0000000000055
2019,2672,1013.7607899596838
2020,2672,1013.7607899596838
2021,2672,1006.8803967692617
2022,2672,1000.0000000000055
2023,2672,1013.7607899596838
2024,2672,1020.6411843557127
2025,2672,1020.6411843557127
2016,2673,1020.6411802807421
2017,2673,1000.0000000000942
2018,2673,1000.0000000000942
2019,2673,1013.7607872424651
2020,2673,1013.7607872424651
2021,2673,1006.8803954102824
2022,2673,1000.0000000000942
2023,2673,1013.7607872424651
2024,2673,1020.6411802807421
2025,2673,1020.6411802807421
2016,2674,1029.8392414931157
2017,2674,999.9999999999025
2018,2674,999.9999999999025
2019,2674,1019.8928269273266
2020,2674,1019.8928269273266
2021,2674,1009.9464130971088
2022,2674,999.9999999999025
2023,2674,1019.8928269273266
2024,2674,1039.785656793547
2025,2674,1039.785656793547
2016,2675,1027.5215664368818
2017,2675,999.9999999999942
2018,2675,999.9999999999942
2019,2675,1020.6411774496592
2020,2675,1020.6411774496592
2021,2675,1013.7607853561398
2022,2675,1013.1937749337218
2023,2675,1020.6411774496592
2024,2675,1034.4019561575767
2025,2675,1034.4019561575767
2016,2676,1027.521561004527
2017,2676,1000.0000000000308
2018,2676,1000.0000000000308
2019,2676,1020.6411733745343
2020,2676,1020.6411733745343
2021,2676,1013.7607826381709
2022,2676,1013.7607826381709
2023,2676,1020.6411733745343
2024,2676,1034.4019493679923
2025,2676,1034.4019493679923
2016,2677,1038.1110864431448
2017,2677,999.9999999999998
2018,2677,999.9999999999998
2019,2677,1028.58330911665
2020,2677,1028.58330911665
2021,2677,1019.0555355998143
2022,2677,1019.0555355998143
2023,2677,1028.58330911665
2024,2677,1047.6388113589746
2025,2677,1047.6388113589746
2016,2678,1020.6411639872202
2017,2678,1000.0000000000534
2018,2678,1000.0000000000534
2019,2678,1013.7607763805139
2020,2678,1013.7607763805139
2021,2678,1000.0000000000534
2022,2678,1000.0000000000534
2023,2678,1013.7607763805139
2024,2678,1027.521548487301
2025,2678,1020.6411639872202
2016,2679,1014.3787381001108
2017,2679,1000.0000000000485
2018,2679,1000.0000000000485
2019,2679,1006.8803886220537
2020,2679,1013.7607736653099
2021,2679,1000.0000000000485
2022,2679,993.119613056346
2023,2679,1000.0000000000485
2024,2679,1027.521543056654
2025,2679,1014.3787381001108
2016,2680,1006.8803872639286
2017,2680,1000.0000000000182
2018,2680,1000.0000000000182
2019,2680,1006.8803872639286
2020,2680,1013.7607709489321
2021,2680,993.119614414654
2022,2680,993.119614414654
2023,2680,1000.0000000000182
2024,2680,1027.5215376254037
2025,2680,1013.7607709489321
2016,2681,1006.8803859061853
2017,2681,1000.0000000000243
2018,2681,1000.0000000000243
2019,2681,1006.8803859061853
2020,2681,1006.8803859061853
2021,2681,993.1196157725801
2022,2681,1000.0000000000243
2023,2681,1000.0000000000243
2024,2681,1020.6411517661173
2025,2681,1013.7607682335126
2016,2682,1006.8803845475671
2017,2682,999.99999999994
2018,2682,999.99999999994
2019,2682,1006.8803845475671
2020,2682,1013.193710862055
2021,2682,999.99999999994
2022,2682,999.99999999994
2023,2682,999.99999999994
2024,2682,1020.6411476918329
2025,2682,1013.7607655164458
2016,2683,1013.193701822301
2017,2683,1000.000000000043
2018,2683,1000.000000000043
2019,2683,1006.8803831906952
2020,2683,1013.7607628025137
2021,2683,1000.000000000043
2022,2683,1000.000000000043
2023,2683,1000.000000000043
2024,2683,1020.6411436200974
2025,2683,1013.7607628025137
2016,2684,1019.8928391827654
2017,2684,999.9999999999287
2018,2684,999.9999999999287
2019,2684,1009.9464192244913
2020,2684,1019.8928391827654
2021,2684,999.9999999999287
2022,2684,999.9999999999287
2023,2684,999.9999999999287
2024,2684,1039.7856813034682
2025,2684,1029.8392598756793
2016,2685,1020.6411407847187
2017,2685,1000.0000000000646
2018,2685,1000.0000000000646
2019,2685,1013.7607609119145
2020,2685,1020.6411407847187
2021,2685,1000.0000000000646
2022,2685,1006.8803822453638
2023,2685,1006.8803822453638
2024,2685,1027.5215175510675
2025,2685,1027.5215175510675
2016,2686,1020.641136711294
2017,2686,999.9999999999585
2018,2686,999.9999999999585
2019,2686,1013.7607581969739
2020,2686,1020.641136711294
2021,2686,999.9999999999585
2022,2686,999.9999999999585
2023,2686,1006.8803808875907
2024,2686,1034.4018882611533
2025,2686,1027.5215121190733
2016,2687,1020.6411326384333
2017,2687,1000.0000000000745
2018,2687,1000.0000000000745
2019,2687,1013.7607554813617
2020,2687,1014.3787726098541
2021,2687,1000.0000000000745
2022,2687,1000.0000000000745
2023,2687,1006.8803795299705
2024,2687,1034.4018814725648
2025,2687,1027.5215066888056
2016,2688,1020.6411285655713
2017,2688,1000.0000000000006
2018,2688,1000.0000000000006
2019,2688,1013.7607527666974
2020,2688,1013.7607527666974
2021,2688,1000.0000000000006
2022,2688,1013.1936664555582
2023,2688,1006.8803781726011
2024,2688,1034.4018746847833
2025,2688,1027.5215012583192
2016,2689,1020.6411244916246
2017,2689,999.9999999999462
2018,2689,999.9999999999462
2019,2689,1013.7607500498939
2020,2689,1013.7607500498939
2021,2689,1006.8803768144164
2022,2689,1013.7607500498939
2023,2689,1006.8803768144164
2024,2689,1028.7575704884453
2025,2689,1020.6411244916246
2016,2690,1028.583157765768
2017,2690,1000.0000000000082
2018,2690,1000.0000000000082
2019,2690,1019.0554346993047
2020,2690,1019.0554346993047
2021,2690,1009.5277154444793
2022,2690,1019.0554346993047
2023,2690,1009.5277154444793
2024,2690,1047.63861532871
2025,2690,1038.1108846421203
2016,2691,1013.7607437913828
2017,2691,1000.0000000000064
2018,2691,1000.0000000000064
2019,2691,1006.8803736852332
2020,2691,1006.8803736852332
2021,2691,1000.0000000000064
2022,2691,1006.8803736852332
2023,2691,1000.0000000000064
2024,2691,1013.7607437913828
2025,2691,1006.8803736852332
2016,2692,1013.7607410766767
2017,2692,1000.0000000000938
2018,2692,1000.0000000000938
2019,2692,1006.8803723279665
2020,2692,1006.8803723279665
2021,2692,1000.0000000000938
2022,2692,1006.8803723279665
2023,2692,1006.8803723279665
2024,2692,1020.641111031152
2025,2692,1006.8803723279665
2016,2693,1013.7607383596765
2017,2693,999.9999999998979
2018,2693,999.9999999998979
2019,2693,999.9999999998979
2020,2693,999.9999999998979
2021,2693,993.1196307084431
2022,2693,999.9999999998979
2023,2693,1006.8803709690819
2024,2693,1026.3872287103006
2025,2693,1013.1936204596615
2016,2694,1013.7607356436189
2017,2694,999.9999999999892
2018,2694,999.9999999999892
2019,2694,999.9999999999892
2020,2694,999.9999999999892
2021,2694,993.1196320661577
2022,2694,999.9999999999892
2023,2694,1006.880369611221
2024,2694,1027.5214670141486
2025,2694,1013.7607356436189
2016,2695,1009.9464260352001
2017,2695,999.9999999999658
2018,2695,999.9999999999658
2019,2695,999.9999999999658
2020,2695,999.9999999999658
2021,2695,990.053574700304
2022,2695,999.9999999999658
2023,2695,1009.9464260352001
2024,2695,1019.8928564894611
2025,2695,1009.9464282028007
2016,2696,1013.7607337571261
2017,2696,999.9999999999371
2018,2696,999.9999999999371
2019,2696,999.9999999999371
2020,2696,999.9999999999371
2021,2696,999.9999999999371
2022,2696,999.9999999999371
2023,2696,1013.7607337571261
2024,2696,1028.757628175729
2025,2696,1014.3788110678995
2016,2697,1013.7607310402548
2017,2697,1000.0000000000088
2018,2697,1000.0000000000088
2019,2697,1000.0000000000088
2020,2697,1000.0000000000088
2021,2697,1000.0000000000088
2022,2697,1000.0000000000088
2023,2697,1000.0000000000088
2024,2697,1020.6410959769701
2025,2697,1013.7607310402548
2016,2698,1006.8803659520761
2017,2698,999.9999999999624
2018,2698,999.9999999999624
2019,2698,999.9999999999624
2020,2698,1006.8803659520761
2021,2698,999.9999999999624
2022,2698,999.9999999999624
2023,2698,999.9999999999624
2024,2698,1020.641091902756
2025,2698,1013.7607283246979
2016,2699,999.9999999999695
2017,2699,999.9999999999695
2018,2699,999.9999999999695
2019,2699,999.9999999999695
2020,2699,999.9999999999695
2021,2699,999.9999999999695
2022,2699,999.9999999999695
2023,2699,999.9999999999695
2024,2699,1013.7607182900178
2025,2699,1020.6410768512686
2016,2700,1006.8803595775238
2017,2700,999.9999999999255
2018,2700,999.9999999999255
2019,2700,999.9999999999255
2020,2700,999.9999999999255
2021,2700,999.9999999999255
2022,2700,999.9999999999255
2023,2700,999.9999999999255
2024,2700,1013.7607155753863
2025,2700,1020.6410727790142
2016,2701,1009.527661362415
2017,2701,999.9999999999837
2018,2701,999.9999999999837
2019,2701,999.9999999999837
2020,2701,999.9999999999837
2021,2701,999.9999999999837
2022,2701,1009.5276588839604
2023,2701,999.9999999999837
2024,2701,1019.0553265364811
2025,2701,1028.5829955199706
2016,2702,1000.0000000000504
2017,2702,1000.0000000000504
2018,2702,1000.0000000000504
2019,2702,1000.0000000000504
2020,2702,1000.0000000000504
2021,2702,1000.0000000000504
2022,2702,1000.0000000000504
2023,2702,1000.0000000000504
2024,2702,1000.0000000000504
2025,2702,1000.0000000000504
2016,2703,993.1196552647361
2017,2703,1000.0000000000089
2018,2703,1000.0000000000089
2019,2703,1000.0000000000089
2020,2703,1000.0000000000089
2021,2703,993.1196552647361
2022,2703,1000.0000000000089
2023,2703,1000.0000000000089
2024,2703,1000.0000000000089
2025,2703,1000.0000000000089
2016,2704,999.9999999999529
2017,2704,999.9999999999529
2018,2704,999.9999999999529
2019,2704,999.9999999999529
2020,2704,999.9999999999529
2021,2704,990.4723839170698
2022,2704,999.9999999999529
2023,2704,999.9999999999529
2024,2704,1009.5276174157832
2025,2704,999.9999999999529
2016,2705,993.1196583941262
2017,2705,1000.0000000000429
2018,2705,1000.0000000000429
2019,2705,993.1196583941262
2020,2705,993.1196583941262
2021,2705,986.8065556582068
2022,2705,993.1196583941262
2023,2705,993.1196583941262
2024,2705,1000.0000000000429
2025,2705,1000.0000000000429
2016,2706,999.9999999999593
2017,2706,999.9999999999593
2018,2706,999.9999999999593
2019,2706,990.4723928990948
2020,2706,990.4723928990948
2021,2706,990.4723928990948
2022,2706,980.9447896101008
2023,2706,999.9999999999593
2024,2706,999.9999999999593
2025,2706,999.9999999999593
2016,2707,990.4723976769267
2017,2707,999.9999999999645
2018,2707,999.9999999999645
2019,2707,990.4723957717495
2020,2707,990.4723957717495
2021,2707,990.4723957717495
2022,2707,980.9447909714181
2023,2707,999.9999999999645
2024,2707,990.4723976769267
2025,2707,999.9999999999645
2016,2708,990.4724005494663
2017,2708,999.9999999999742
2018,2708,999.9999999999742
2019,2708,990.4724005494663
2020,2708,990.4724005494663
2021,2708,990.4724005494663
2022,2708,971.4172187966844
2023,2708,999.9999999999742
2024,2708,990.4724005494663
2025,2708,999.9999999999742
2016,2709,990.4724053270735
2017,2709,999.9999999999873
2018,2709,999.9999999999873
2019,2709,990.4724053270735
2020,2709,990.4724053270735
2021,2709,990.4724053270735
2022,2709,971.4172142625774
2023,2709,999.9999999999873
2024,2709,990.4724053270735
2025,2709,999.9999999999873
2016,2710,990.4724101048066
2017,2710,1000.0000000000134
2018,2710,1000.0000000000134
2019,2710,990.4724101048066
2020,2710,990.4724101048066
2021,2710,990.4724101048066
2022,2710,971.4172285957311
2023,2710,1000.0000000000134
2024,2710,990.4724101048066
2025,2710,1000.0000000000134
2016,2711,990.4724148826215
2017,2711,1000.0000000000015
2018,2711,1000.0000000000015
2019,2711,990.4724148826215
2020,2711,990.4724148826215
2021,2711,990.4724148826215
2022,2711,971.4172429288499
2023,2711,1000.0000000000015
2024,2711,990.4724148826215
2025,2711,1000.0000000000015
2016,2712,990.472419660455
2017,2712,1000.0000000000084
2018,2712,1000.0000000000084
2019,2712,990.472419660455
2020,2712,990.472419660455
2021,2712,990.472419660455
2022,2712,971.417257262217
2023,2712,1000.0000000000084
2024,2712,990.472419660455
2025,2712,1000.0000000000084
2016,2713,986.8066335402589
2017,2713,1000.0000000000542
2018,2713,1000.0000000000542
2019,2713,986.8066335402589
2020,2713,986.2393407290704
2021,2713,986.8066335402589
2022,2713,960.4198639845965
2023,2713,1000.0000000000542
2024,2713,986.8066335402589
2025,2713,1000.0000000000542
2016,2714,1000.0000000000175
2017,2714,1000.0000000000175
2018,2714,1000.0000000000175
2019,2714,1000.0000000000175
2020,2714,986.8066425836694
2021,2714,1000.0000000000175
2022,2714,973.6132729527499
2023,2714,1000.0000000000175
2024,2714,1000.0000000000175
2025,2714,1006.8803281662954
2016,2715,1006.8803268080079
2017,2715,999.9999999999445
2018,2715,999.9999999999445
2019,2715,999.9999999999445
2020,2715,999.9999999999445
2021,2715,1013.1933362355418
2022,2715,986.2393461599436
2023,2715,999.9999999999445
2024,2715,1006.8803268080079
2025,2715,1006.8803268080079
2016,2716,1013.1933271966791
2017,2716,999.9999999999391
2018,2716,999.9999999999391
2019,2716,1013.1933271966791
2020,2716,1006.8803254510462
2021,2716,1013.7606473222473
2022,2716,986.8066606603609
2023,2716,999.9999999999391
2024,2716,1013.1933271966791
2025,2716,1006.8803254510462
2016,2717,1019.0551157689341
2017,2717,1000.000000000016
2018,2717,1000.000000000016
2019,2717,1019.0551157689341
2020,2717,1009.5275606502072
2021,2717,1019.0551251101738
2022,2717,1000.000000000016
2023,2717,1009.5275581717526
2024,2717,1019.0551157689341
2025,2717,1009.5275606502072
2016,2718,1009.527555872579
2017,2718,999.999999999977
2018,2718,999.999999999977
2019,2718,1009.527555872579
2020,2718,1009.5275533938916
2021,2718,1009.527555872579
2022,2718,999.999999999977
2023,2718,1009.5275533938916
2024,2718,1009.527555872579
2025,2718,1009.5275533938916
2016,2719,1009.5275486161812
2017,2719,999.9999999999725
2018,2719,999.9999999999725
2019,2719,1009.5275486161812
2020,2719,999.9999999999725
2021,2719,999.9999999999725
2022,2719,990.4724527169471
2023,2719,1009.5275486161812
2024,2719,999.9999999999725
2025,2719,1009.5275486161812
2016,2720,999.9999999999391
2017,2720,999.9999999999391
2018,2720,999.9999999999391
2019,2720,999.9999999999391
2020,2720,999.9999999999391
2021,2720,993.1196829009314
2022,2720,986.2393622219324
2023,2720,999.9999999999391
2024,2720,999.9999999999391
2025,2720,1006.8803187781626
2016,2721,1009.5275396321888
2017,2721,999.9999999999523
2018,2721,999.9999999999523
2019,2721,999.9999999999523
2020,2721,1009.5275396321888
2021,2721,990.4724616996183
2022,2721,990.4724597943217
2023,2721,1009.5275396321888
2024,2721,1009.5275396321888
2025,2721,1009.5275421108764
2016,2722,999.9999999999877
2017,2722,999.9999999999877
2018,2722,999.9999999999877
2019,2722,999.9999999999877
2020,2722,1006.8803142902858
2021,2722,999.9999999999877
2022,2722,986.8067271252572
2023,2722,999.9999999999877
2024,2722,1013.1932607331224
2025,2722,1013.1932607331224
2016,2723,1006.8803129321597
2017,2723,999.9999999999618
2018,2723,999.9999999999618
2019,2723,1006.8803129321597
2020,2723,1006.8803129321597
2021,2723,999.9999999999618
2022,2723,993.1196887454082
2023,2723,999.9999999999618
2024,2723,1013.7606222842927
2025,2723,1020.6409328424352
2016,2724,1006.8803115749693
2017,2724,999.999999999994
2018,2724,999.999999999994
2019,2724,1006.8803115749693
2020,2724,1013.1932426532354
2021,2724,999.999999999994
2022,2724,993.1196901041494
2023,2724,999.999999999994
2024,2724,1020.6409287702155
2025,2724,1026.386473091321
2016,2725,1009.5275205148877
2017,2725,1000.0000000000514
2018,2725,1000.0000000000514
2019,2725,1009.5275205148877
2020,2725,1019.0550354995371
2021,2725,1000.0000000000514
2022,2725,990.4724832958054
2023,2725,1009.5275180358511
2024,2725,1028.582552388316
2025,2725,1028.5825729777243
2016,2726,999.9999999999624
2017,2726,999.9999999999624
2018,2726,999.9999999999624
2019,2726,999.9999999999624
2020,2726,1006.8803084446337
2021,2726,993.1196932335935
2022,2726,986.2393828870745
2023,2726,999.9999999999624
2024,2726,1013.7606133091552
2025,2726,1020.6409193804291
2016,2727,1009.5275090530421
2017,2727,1000.000000000028
2018,2727,1000.000000000028
2019,2727,1000.000000000028
2020,2727,1009.5275115318459
2021,2727,1000.000000000028
2022,2727,990.4724903722265
2023,2727,1009.5275090530421
2024,2727,1019.0550268742508
2025,2727,1028.5825460294607
2016,2728,1000.0000000000293
2017,2728,1000.0000000000293
2018,2728,1000.0000000000293
2019,2728,1000.0000000000293
2020,2728,1000.0000000000293
2021,2728,990.4725047067323
2022,2728,990.4725047067323
2023,2728,1000.0000000000293
2024,2728,1000.0000000000293
2025,2728,1000.0000000000293
2016,2729,990.4725113901685
2017,2729,999.9999999999998
2018,2729,999.9999999999998
2019,2729,999.9999999999998
2020,2729,999.9999999999998
2021,2729,990.472509484875
2022,2729,990.472509484875
2023,2729,999.9999999999998
2024,2729,999.9999999999998
2025,2729,999.9999999999998
2016,2730,990.4725142631813
2017,2730,1000.0000000000235
2018,2730,1000.0000000000235
2019,2730,1000.0000000000235
2020,2730,1000.0000000000235
2021,2730,990.4725142631813
2022,2730,990.4725142631813
2023,2730,1000.0000000000235
2024,2730,1000.0000000000235
2025,2730,1000.0000000000235
2016,2731,986.8068321343748
2017,2731,1000.000000000023
2018,2731,1000.000000000023
2019,2731,1000.000000000023
2020,2731,1000.000000000023
2021,2731,986.8068321343748
2022,2731,986.8068321343748
2023,2731,1000.000000000023
2024,2731,1000.000000000023
2025,2731,1000.000000000023
2016,2732,999.9999999999833
2017,2732,999.9999999999833
2018,2732,999.9999999999833
2019,2732,999.9999999999833
2020,2732,986.8068706854239
2021,2732,999.9999999999833
2022,2732,999.9999999999833
2023,2732,999.9999999999833
2024,2732,999.9999999999833
2025,2732,1013.193117173849
2016,2733,1009.5274576389302
2017,2733,1000.0000000000466
2018,2733,1000.0000000000466
2019,2733,1009.5274576389302
2020,2733,1000.0000000000466
2021,2733,1009.5274576389302
2022,2733,1009.5274576389302
2023,2733,1009.5274576389302
2024,2733,1009.5274576389302
2025,2733,1019.0549147055839
2016,2734,1000.0000000000568
2017,2734,1000.0000000000568
2018,2734,1000.0000000000568
2019,2734,1000.0000000000568
2020,2734,1000.0000000000568
2021,2734,1000.0000000000568
2022,2734,1000.0000000000568
2023,2734,1009.5274528605393
2024,2734,1009.5274528605393
2025,2734,1019.0549051487949
2016,2735,993.1197168004693
2017,2735,1000.0000000000932
2018,2735,1000.0000000000932
2019,2735,1000.0000000000932
2020,2735,1000.0000000000932
2021,2735,1000.0000000000932
2022,2735,1000.0000000000932
2023,2735,1006.8802848791769
2024,2735,1006.8802848791769
2025,2735,1013.7605661777701
2016,2736,990.4725574550808
2017,2736,999.9999999999632
2018,2736,999.9999999999632
2019,2736,999.9999999999632
2020,2736,999.9999999999632
2021,2736,999.9999999999632
2022,2736,1009.5274438758172
2023,2736,1009.5274463550867
2024,2736,1009.5274463550867
2025,2736,1019.0548965220804
2016,2737,986.8069182763525
2017,2737,1000.0000000001086
2018,2737,1000.0000000001086
2019,2737,1000.0000000001086
2020,2737,1000.0000000001086
2021,2737,993.1197199292483
2022,2737,1000.0000000001086
2023,2737,1000.0000000001086
2024,2737,1000.0000000001086
2025,2737,1020.640839290928
2016,2738,990.4725664381443
2017,2738,1000.0000000000313
2018,2738,1000.0000000000313
2019,2738,1000.0000000000313
2020,2738,1000.0000000000313
2021,2738,1000.0000000000313
2022,2738,1000.0000000000313
2023,2738,1009.5274348938208
2024,2738,1009.5274348938208
2025,2738,1028.5823029588935
2016,2739,986.8069371543025
2017,2739,999.9999999999189
2018,2739,999.9999999999189
2019,2739,999.9999999999189
2020,2739,999.9999999999189
2021,2739,993.1197230595105
2022,2739,999.9999999999189
2023,2739,1013.193050702697
2024,2739,1013.193050702697
2025,2739,1013.7605536572755
2016,2740,990.472575419936
2017,2740,999.999999999995
2018,2740,999.999999999995
2019,2740,999.999999999995
2020,2740,999.999999999995
2021,2740,999.999999999995
2022,2740,1009.5274259102106
2023,2740,1019.054851246683
2024,2740,1019.054851246683
2025,2740,1019.0548605886243
2016,2741,986.80695602942
2017,2741,999.9999999999146
2018,2741,999.9999999999146
2019,2741,999.9999999999146
2020,2741,999.9999999999146
2021,2741,999.9999999999146
2022,2741,1006.8802754888177
2023,2741,1006.8802754888177
2024,2741,1013.7605473974007
2025,2741,1013.7605473974007
2016,2742,990.472584405388
2017,2742,1000.0000000000172
2018,2742,1000.0000000000172
2019,2742,1000.0000000000172
2020,2742,1000.0000000000172
2021,2742,1009.5274169279458
2022,2742,1009.5274194070989
2023,2742,1009.5274194070989
2024,2742,1019.0548426238365
2025,2742,1019.0548426238365
2016,2743,986.8069749101189
2017,2743,1000.0000000000445
2018,2743,1000.0000000000445
2019,2743,1000.0000000000445
2020,2743,1000.0000000000445
2021,2743,1000.0000000000445
2022,2743,1006.8802723592562
2023,2743,1013.1930129490212
2024,2743,1013.1930129490212
2025,2743,1013.7605411379038
2016,2744,999.9999999999651
2017,2744,999.9999999999651
2018,2744,999.9999999999651
2019,2744,1009.52740794293
2020,2744,1009.52740794293
2021,2744,1009.52740794293
2022,2744,1009.5274104221995
2023,2744,1019.0548153134353
2024,2744,1019.0548153134353
2025,2744,1019.0548246561909
2016,2745,990.4725981677701
2017,2745,999.9999999999706
2018,2745,999.9999999999706
2019,2745,999.9999999999706
2020,2745,999.9999999999706
2021,2745,999.9999999999706
2022,2745,1009.5274031643063
2023,2745,1009.5274056435759
2024,2745,1019.0548057561795
2025,2745,1009.5274056435759
2016,2746,986.2394648640345
2017,2746,1000.0000000000232
2018,2746,1000.0000000000232
2019,2746,1000.0000000000232
2020,2746,1000.0000000000232
2021,2746,993.119734222396
2022,2746,1000.0000000000232
2023,2746,1000.0000000000232
2024,2746,1006.8802674568662
2025,2746,1013.1929842318623
2016,2747,980.9452181119983
2017,2747,999.9999999999688
2018,2747,999.9999999999688
2019,2747,999.9999999999688
2020,2747,1009.527394180279
2021,2747,990.472607151678
2022,2747,1009.527394180279
2023,2747,1009.527394180279
2024,2747,1009.5273966594319
2025,2747,1019.0547877869593
2016,2748,979.3592061011237
2017,2748,1000.000000000035
2018,2748,1000.000000000035
2019,2748,1000.000000000035
2020,2748,1000.000000000035
2021,2748,986.2394711246211
2022,2748,1013.1929653533169
2023,2748,1013.1929653533169
2024,2748,1006.8802643267919
2025,2748,1013.760525072571
2016,2749,986.8070315427844
2017,2749,999.9999999999634
2018,2749,999.9999999999634
2019,2749,1006.8802629685807
2020,2749,999.9999999999634
2021,2749,986.2394738386955
2022,2749,1013.7605223561347
2023,2749,1020.6407829501122
2024,2749,1013.1929563121594
2025,2749,1013.7605223561347
2016,2750,1000.000000000021
2017,2750,1000.000000000021
2018,2750,1000.000000000021
2019,2750,1013.1929193491818
2020,2750,1013.1929193491818
2021,2750,986.8070685054631
2022,2750,1013.1929193491818
2023,2750,1020.6407654115112
2024,2750,1034.4012694253229
2025,2750,1026.3858264837597
2016,2751,1009.5273635985144
2017,2751,1000.0000000000567
2018,2751,1000.0000000000567
2019,2751,1019.0547266218354
2020,2751,1019.0547266218354
2021,2751,990.4726377362954
2022,2751,1019.0547266218354
2023,2751,1028.5821096629168
2024,2751,1038.109487173346
2025,2751,1028.5821096629168
2016,2752,999.999999999986
2017,2752,999.999999999986
2018,2752,999.999999999986
2019,2752,1019.0547170639319
2020,2752,1009.5273612990894
2021,2752,990.4726406093223
2022,2752,1019.0547170639319
2023,2752,1019.0547264070368
2024,2752,1038.1094318332575
2025,2752,1028.5820747347664
2016,2753,990.4726472933746
2017,2753,1000.0000000000014
2018,2753,1000.0000000000014
2019,2753,1009.527356519663
2020,2753,1009.5273540406265
2021,2753,980.9452983967558
2022,2753,1019.0547075061086
2023,2753,1019.0547075061086
2024,2753,1028.58208098959
2025,2753,1028.5820603978502
2016,2754,986.2394988827067
2017,2754,1000.0000000000568
2018,2754,1000.0000000000568
2019,2754,1006.8802504480316
2020,2754,1013.192880796459
2021,2754,979.3592477389784
2022,2754,1013.7604973156015
2023,2754,1013.192880796459
2024,2754,1020.6407453883633
2025,2754,1020.6407453883633
2016,2755,980.9453163643456
2017,2755,999.9999999999453
2018,2755,999.9999999999453
2019,2755,1009.5273475332797
2020,2755,1019.054689536314
2021,2755,980.9453163643456
2022,2755,1019.0546988800008
2023,2755,1019.054689536314
2024,2755,1028.5820540363784
2025,2755,1028.582033443824
2016,2756,979.3592571290034
2017,2756,999.999999999982
2018,2756,999.999999999982
2019,2756,1013.1928619138868
2020,2756,1013.1928619138868
2021,2756,979.3592571290034
2022,2756,1013.7604910526608
2023,2756,1013.7604910526608
2024,2756,1020.6407359959702
2025,2756,1013.7604910526608
2016,2757,990.4726633553876
2017,2757,1000.0000000000148
2018,2757,1000.0000000000148
2019,2757,1019.0546715664166
2020,2757,1019.0546715664166
2021,2757,990.4726633553876
2022,2757,1019.0546809096379
2023,2757,1019.0546809096379
2024,2757,1028.5820064910981
2025,2757,1019.0546809096379
2016,2758,986.8071448199005
2017,2758,1000.0000000000464
2018,2758,1000.0000000000464
2019,2758,1006.8802441870764
2020,2758,1013.1928430364406
2021,2758,986.8071448199005
2022,2758,1013.7604847932131
2023,2758,1013.7604847932131
2024,2758,1020.640726604786
2025,2758,1013.1928430364406
2016,2759,999.9999999999148
2017,2759,999.9999999999148
2018,2759,999.9999999999148
2019,2759,1013.1928241569991
2020,2759,1006.8802410563744
2021,2759,999.9999999999148
2022,2759,1013.7604785320998
2023,2759,1013.7604785320998
2024,2759,1020.6407172136754
2025,2759,1020.6407172136754
2016,2760,1009.5273181020267
2017,2760,1000.0000000000485
2018,2760,1000.0000000000485
2019,2760,1019.0546356302651
2020,2760,1009.5273205814127
2021,2760,1000.0000000000485
2022,2760,1019.0546449737194
2023,2760,1019.0546449737194
2024,2760,1028.5819525845243
2025,2760,1028.5819525845243
2016,2761,1000.0000000000512
2017,2761,1000.0000000000512
2018,2761,1000.0000000000512
2019,2761,1006.8802379266921
2020,2761,1013.19280527728
2021,2761,993.1197637526259
2022,2761,1000.0000000000512
2023,2761,1006.8802379266921
2024,2761,1013.7604722722699
2025,2761,1013.7604722722699
2016,2762,1009.5273091189379
2017,2762,1000.0000000000075
2018,2762,1000.0000000000075
2019,2762,1009.5273115982073
2020,2762,1019.0546176626091
2021,2762,990.4726922142603
2022,2762,1000.0000000000075
2023,2762,1009.5273115982073
2024,2762,1019.0546270061827
2025,2762,1019.0546270061827
2016,2763,999.9999999999877
2017,2763,999.9999999999877
2018,2763,999.9999999999877
2019,2763,1013.1927863988755
2020,2763,1013.1927863988755
2021,2763,986.8072014593228
2022,2763,993.119766883178
2023,2763,999.9999999999877
2024,2763,1013.7604660117072
2025,2763,1006.880234796416
2016,2764,1009.5273001328044
2017,2764,999.9999999999447
2018,2764,999.9999999999447
2019,2764,1019.0545996933176
2020,2764,1019.0545996933176
2021,2764,990.4727011986387
2022,2764,999.9999999999447
2023,2764,1009.5273001328044
2024,2764,1019.0546090372376
2025,2764,1009.5273026123066
2016,2765,999.9999999999828
2017,2765,999.9999999999828
2018,2765,999.9999999999828
2019,2765,1013.1927675162794
2020,2765,1013.1927675162794
2021,2765,986.8072203395203
2022,2765,999.9999999999828
2023,2765,999.9999999999828
2024,2765,1013.760459750318
2025,2765,1006.8802316655601
2016,2766,1009.5272911482915
2017,2766,999.9999999999861
2018,2766,999.9999999999861
2019,2766,1019.0545817227346
2020,2766,1019.0545817227346
2021,2766,999.9999999999861
2022,2766,999.9999999999861
2023,2766,999.9999999999861
2024,2766,1019.0545910664247
2025,2766,1009.527293627561
2016,2767,1006.8802285351211
2017,2767,999.9999999999948
2018,2767,999.9999999999948
2019,2767,1013.7604534890253
2020,2767,1006.8802285351211
2021,2767,993.119773143914
2022,2767,999.9999999999948
2023,2767,999.9999999999948
2024,2767,1013.1927486367292
2025,2767,1006.8802285351211
2016,2768,1009.5272846433185
2017,2768,999.999999999945
2018,2768,999.999999999945
2019,2768,1019.0545730972825
2020,2768,1009.5272846433185
2021,2768,990.4727191670452
2022,2768,999.999999999945
2023,2768,1009.527282163467
2024,2768,1019.0545637531267
2025,2768,1009.5272846433185
2016,2769,1000.0000000000524
2017,2769,1000.0000000000524
2018,2769,1000.0000000000524
2019,2769,1006.8802222749208
2020,2769,1013.1927108774511
2021,2769,986.239555228915
2022,2769,1000.0000000000524
2023,2769,1000.0000000000524
2024,2769,1006.8802222749208
2025,2769,1013.1927108774511
2016,2770,1006.8802209161714
2017,2770,999.9999999999714
2018,2770,999.9999999999714
2019,2770,1006.8802209161714
2020,2770,1013.7604382508085
2021,2770,986.8072860234452
2022,2770,1006.8802209161714
2023,2770,1006.8802209161714
2024,2770,1006.8802209161714
2025,2770,1013.7604382508085
2016,2771,1006.8802195582682
2017,2771,1000.0000000000514
2018,2771,1000.0000000000514
2019,2771,1006.8802195582682
2020,2771,1013.7604355350924
2021,2771,993.1197821212945
2022,2771,1006.8802195582682
2023,2771,1013.1926927882441
2024,2771,1013.1926927882441
2025,2771,1013.7604355350924
2016,2772,1006.8802181993507
2017,2772,999.9999999999978
2018,2772,999.9999999999978
2019,2772,999.9999999999978
2020,2772,999.9999999999978
2021,2772,993.1197834782894
2022,2772,1006.8802181993507
2023,2772,1020.640648642279
2024,2772,1013.7604328178105
2025,2772,1013.7604328178105
2016,2773,1009.5272540579695
2017,2773,1000.0000000000176
2018,2773,1000.0000000000176
2019,2773,1000.0000000000176
2020,2773,1000.0000000000176
2021,2773,1000.0000000000176
2022,2773,1009.5272540579695
2023,2773,1028.5817530104089
2024,2773,1019.0545119255801
2025,2773,1019.0545119255801
2016,2774,1009.5272467990682
2017,2774,999.9999999999424
2018,2774,999.9999999999424
2019,2774,999.9999999999424
2020,2774,999.9999999999424
2021,2774,999.9999999999424
2022,2774,1009.5272467990682
2023,2774,1019.0545023658157
2024,2774,1019.0544930216599
2025,2774,1009.5272492784568
2016,2775,1009.5272420197275
2017,2775,1000.0000000000329
2018,2775,1000.0000000000329
2019,2775,1000.0000000000329
2020,2775,1000.0000000000329
2021,2775,1000.0000000000329
2022,2775,1000.0000000000329
2023,2775,1009.5272444993491
2024,2775,1019.0544834627722
2025,2775,1009.5272420197275
2016,2776,1006.8802115249497
2017,2776,999.9999999999872
2018,2776,999.9999999999872
2019,2776,999.9999999999872
2020,2776,999.9999999999872
2021,2776,999.9999999999872
2022,2776,999.9999999999872
2023,2776,1006.8802115249497
2024,2776,1013.7604194685198
2025,2776,1013.1926451916298
2016,2777,1009.5272355135274
2017,2777,1000.0000000000155
2018,2777,1000.0000000000155
2019,2777,1009.5272330333268
2020,2777,1000.0000000000155
2021,2777,1000.0000000000155
2022,2777,1000.0000000000155
2023,2777,1009.5272355135274
2024,2777,1019.0544748386802
2025,2777,1019.0544654938262
2016,2778,1013.1926263085786
2017,2778,1000.0000000001214
2018,2778,1000.0000000001214
2019,2778,1006.880208393652
2020,2778,1000.0000000001214
2021,2778,993.1197932850631
2022,2778,1000.0000000001214
2023,2778,1000.0000000001214
2024,2778,1006.880208393652
2025,2778,1013.7604132063634
2016,2779,1019.0544475221114
2017,2779,1000.0000000000189
2018,2779,1000.0000000000189
2019,2779,1009.5272265273809
2020,2779,1000.0000000000189
2021,2779,1000.0000000000189
2022,2779,1000.0000000000189
2023,2779,1009.5272240481112
2024,2779,1009.5272265273809
2025,2779,1019.0544568669657
2016,2780,1006.880205263312
2017,2780,999.9999999999617
2018,2780,999.9999999999617
2019,2780,1006.880205263312
2020,2780,993.1197964158273
2021,2780,993.1197964158273
2022,2780,999.9999999999617
2023,2780,999.9999999999617
2024,2780,999.9999999999617
2025,2780,1013.7604069447701
2016,2781,1013.1925983846648
2017,2781,999.999999999899
2018,2781,999.999999999899
2019,2781,1006.8802039051888
2020,2781,999.999999999899
2021,2781,993.1197977733258
2022,2781,999.999999999899
2023,2781,1006.8802039051888
2024,2781,999.999999999899
2025,2781,1013.760404229001
2016,2782,1019.0544211416172
2017,2782,999.9999999999886
2018,2782,999.9999999999886
2019,2782,1009.5272133385736
2020,2782,999.9999999999886
2021,2782,999.9999999999886
2022,2782,1009.5272108583729
2023,2782,1009.5272133385736
2024,2782,999.9999999999886
2025,2782,1019.0544304868205
2016,2783,1006.8802007750944
2017,2783,1000.0000000000332
2018,2783,1000.0000000000332
2019,2783,1000.0000000000332
2020,2783,993.1198009044317
2021,2783,993.1198009044317
2022,2783,1000.0000000000332
2023,2783,1000.0000000000332
2024,2783,1000.0000000000332
2025,2783,1013.1925795039338
2016,2784,1006.8801994165823
2017,2784,1000.0000000001212
2018,2784,1000.0000000001212
2019,2784,1000.0000000001212
2020,2784,993.119802262876
2021,2784,993.119802262876
2022,2784,1000.0000000001212
2023,2784,1000.0000000001212
2024,2784,1000.0000000001212
2025,2784,1013.7603952515658
2016,2785,1013.1925614154775
2017,2785,1000.0000000000979
2018,2785,1000.0000000000979
2019,2785,1006.8801980585359
2020,2785,1000.0000000000979
2021,2785,993.1198036211196
2022,2785,1000.0000000000979
2023,2785,1000.0000000000979
2024,2785,1000.0000000000979
2025,2785,1013.7603925356555
2016,2786,1019.0543863467909
2017,2786,1000.0000000000404
2018,2786,1000.0000000000404
2019,2786,1009.527195940488
2020,2786,1000.0000000000404
2021,2786,1000.0000000000404
2022,2786,1009.52719346052
2023,2786,1009.52719346052
2024,2786,1000.0000000000404
2025,2786,1019.0543956917616
2016,2787,1006.8801949278574
2017,2787,1000.0000000000637
2018,2787,1000.0000000000637
2019,2787,1000.0000000000637
2020,2787,993.1198067510716
2021,2787,993.1198067510716
2022,2787,1000.0000000000637
2023,2787,1000.0000000000637
2024,2787,993.1198067510716
2025,2787,1013.7603862740884
2016,2788,1006.8801935702736
2017,2788,999.9999999999817
2018,2788,999.9999999999817
2019,2788,999.9999999999817
2020,2788,999.9999999999817
2021,2788,999.9999999999817
2022,2788,999.9999999999817
2023,2788,999.9999999999817
2024,2788,999.9999999999817
2025,2788,1013.7603835589293
2016,2789,1009.5271827490908
2017,2789,1000.0000000000543
2018,2789,1000.0000000000543
2019,2789,1009.5271802693528
2020,2789,1000.0000000000543
2021,2789,1000.0000000000543
2022,2789,1000.0000000000543
2023,2789,1000.0000000000543
2024,2789,1000.0000000000543
2025,2789,1019.0543693111621
2016,2790,1000.0000000000958
2017,2790,1000.0000000000958
2018,2790,1000.0000000000958
2019,2790,1000.0000000000958
2020,2790,993.1198125986896
2021,2790,993.1198125986896
2022,2790,1000.0000000000958
2023,2790,1000.0000000000958
2024,2790,1000.0000000000958
2025,2790,1006.8801890807179
2016,2791,1009.5271670780099
2017,2791,999.9999999999967
2018,2791,999.9999999999967
2019,2791,999.9999999999967
2020,2791,999.9999999999967
2021,2791,999.9999999999967
2022,2791,999.9999999999967
2023,2791,1009.5271670780099
2024,2791,1009.5271670780099
2025,2791,1009.5271695577482
2016,2792,1000.0000000000175
2017,2792,1000.0000000000175
2018,2792,1000.0000000000175
2019,2792,1000.0000000000175
2020,2792,1000.0000000000175
2021,2792,1009.5271317102367
2022,2792,1009.5271317102367
2023,2792,1019.0542628448475
2024,2792,1009.527134190321
2025,2792,1019.0542628448475
2016,2793,993.1198278374484
2017,2793,1000.000000000005
2018,2793,1000.000000000005
2019,2793,1000.000000000005
2020,2793,1000.000000000005
2021,2793,1000.000000000005
2022,2793,1006.8801738420216
2023,2793,1013.1924119481416
2024,2793,1013.1924119481416
2025,2793,1020.6405155673895
2016,2794,1000.0000000000689
2017,2794,1000.0000000000689
2018,2794,1000.0000000000689
2019,2794,1000.0000000000689
2020,2794,1000.0000000000689
2021,2794,1006.8801707105636
2022,2794,1006.8801707105636
2023,2794,1013.7603378392517
2024,2794,1013.1923930638205
2025,2794,1020.6405061744485
2016,2795,1009.5271137369225
2017,2795,1000.000000000034
2018,2795,1000.000000000034
2019,2795,1009.5271137369225
2020,2795,1009.5271137369225
2021,2795,1009.527116217359
2022,2795,1009.527116217359
2023,2795,1019.05423624574
2024,2795,1019.0542268993726
2025,2795,1028.5813394888942
2016,2796,1000.0000000000219
2017,2796,1000.0000000000219
2018,2796,1000.0000000000219
2019,2796,1006.8801662216588
2020,2796,1006.8801662216588
2021,2796,1006.8801662216588
2022,2796,1006.8801662216588
2023,2796,1013.7603288612336
2024,2796,1020.6404927069141
2025,2796,1020.6404927069141
2016,2797,1009.5271005462123
2017,2797,999.9999999999509
2018,2797,999.9999999999509
2019,2797,1009.5271030265293
2020,2797,1009.5271030265293
2021,2797,1009.5271030265293
2022,2797,1009.5271030265293
2023,2797,1019.0542098625367
2024,2797,1028.5812999126165
2025,2797,1028.5812999126165
2016,2798,1009.5270957657556
2017,2798,999.9999999999659
2018,2798,999.9999999999659
2019,2798,1009.5270957657556
2020,2798,999.9999999999659
2021,2798,999.9999999999659
2022,2798,1009.5270957657556
2023,2798,1019.0541909557066
2024,2798,1019.0542003017248
2025,2798,1019.0542003017248
2016,2799,999.9999999999073
2017,2799,999.9999999999073
2018,2799,999.9999999999073
2019,2799,999.9999999999073
2020,2799,999.9999999999073
2021,2799,999.9999999999073
2022,2799,999.9999999999073
2023,2799,1006.880161317687
2024,2799,1006.880161317687
2025,2799,1013.1923364142002
2016,2800,1009.5270867768802
2017,2800,999.9999999999525
2018,2800,999.9999999999525
2019,2800,1009.5270867768802
2020,2800,1009.5270867768802
2021,2800,999.9999999999525
2022,2800,999.9999999999525
2023,2800,1009.5270892563855
2024,2800,1009.5270892563855
2025,2800,1019.0541729819303
2016,2801,1000.0000000000432
2017,2801,1000.0000000000432
2018,2801,1000.0000000000432
2019,2801,1009.5270688054333
2020,2801,1009.5270688054333
2021,2801,1000.0000000000432
2022,2801,1000.0000000000432
2023,2801,1009.5270688054333
2024,2801,1009.5270688054333
2025,2801,1009.5270688054333
2016,2802,993.1198497541287
2017,2802,1000.0000000000432
2018,2802,1000.0000000000432
2019,2802,1000.0000000000432
2020,2802,1000.0000000000432
2021,2802,993.1198497541287
2022,2802,993.1198497541287
2023,2802,1000.0000000000432
2024,2802,1000.0000000000432
2025,2802,1000.0000000000432
2016,2803,990.4729415120739
2017,2803,999.9999999999756
2018,2803,999.9999999999756
2019,2803,999.9999999999756
2020,2803,1009.5270598201289
2021,2803,990.4729415120739
2022,2803,990.4729415120739
2023,2803,999.9999999999756
2024,2803,999.9999999999756
2025,2803,999.9999999999756
2016,2804,986.2397021898436
2017,2804,1000.0000000000733
2018,2804,1000.0000000000733
2019,2804,993.1198528862334
2020,2804,1000.0000000000733
2021,2804,986.2397021898436
2022,2804,986.8077269766136
2023,2804,1000.0000000000733
2024,2804,1000.0000000000733
2025,2804,1000.0000000000733
2016,2805,986.8077360205344
2017,2805,999.9999999999957
2018,2805,999.9999999999957
2019,2805,993.1198542434638
2020,2805,999.9999999999957
2021,2805,986.8077360205344
2022,2805,993.1198542434638
2023,2805,999.9999999999957
2024,2805,999.9999999999957
2025,2805,999.9999999999957
2016,2806,993.1198556017755
2017,2806,999.9999999999314
2018,2806,999.9999999999314
2019,2806,993.1198556017755
2020,2806,999.9999999999314
2021,2806,993.1198556017755
2022,2806,993.1198556017755
2023,2806,999.9999999999314
2024,2806,999.9999999999314
2025,2806,999.9999999999314
2016,2807,990.0535116554224
2017,2807,999.9999999999455
2018,2807,999.9999999999455
2019,2807,990.0535116554224
2020,2807,999.9999999999455
2021,2807,990.0535116554224
2022,2807,990.0535116554224
2023,2807,999.9999999999455
2024,2807,999.9999999999455
2025,2807,999.9999999999455
2016,2808,1765.881954709462
2017,2808,1865.3474642840206
2018,2808,1865.3474642840206
2019,2808,1855.400910009779
2020,2808,1845.454356471809
2021,2808,1845.454356471809
2022,2808,1855.400910009779
2023,2808,1865.3474642840206
2024,2808,1875.2940192963974
2025,2808,1934.9733648482024
2016,2809,1006.8801463794582
2017,2809,1000.0000000000334
2018,2809,1000.0000000000334
2019,2809,1000.0000000000334
2020,2809,1006.8801463794582
2021,2809,1006.8801463794582
2022,2809,1006.8801463794582
2023,2809,1014.3794631415816
2024,2809,1014.3794631415816
2025,2809,1027.5205740735753
2016,2810,1944.920047143961
2017,2810,1925.0269249616085
2018,2810,1925.0269249616085
2019,2810,1934.9734856848818
2020,2810,1934.9734856848818
2021,2810,1925.0269249616085
2022,2810,1934.9734856848818
2023,2810,1934.9734856848818
2024,2810,1934.9734856848818
2025,2810,1457.5388254209827
2016,2811,1013.7602872903351
2017,2811,1000.0000000000236
2018,2811,1000.0000000000236
2019,2811,1000.0000000000236
2020,2811,1013.7602872903351
2021,2811,1000.0000000000236
2022,2811,1006.8801454363747
2023,2811,1013.7602872903351
2024,2811,1014.3794688225114
2025,2811,1014.3794688225114
2016,2812,1013.7602845737995
2017,2812,1000.0000000000912
2018,2812,1000.0000000000912
2019,2812,1000.0000000000912
2020,2812,1000.0000000000912
2021,2812,1000.0000000000912
2022,2812,1000.0000000000912
2023,2812,1000.0000000000912
2024,2812,1006.8801440780927
2025,2812,1006.8801440780927
2016,2813,1019.0540741225554
2017,2813,1000.000000000013
2018,2813,1000.000000000013
2019,2813,1000.000000000013
2020,2813,1000.000000000013
2021,2813,1000.000000000013
2022,2813,1000.000000000013
2023,2813,1000.000000000013
2024,2813,1009.5270351554058
2025,2813,1009.5270351554058
2016,2814,1009.5270303750156
2017,2814,999.9999999999641
2018,2814,999.9999999999641
2019,2814,999.9999999999641
2020,2814,999.9999999999641
2021,2814,999.9999999999641
2022,2814,999.9999999999641
2023,2814,999.9999999999641
2024,2814,1009.5270278946954
2025,2814,1009.5270278946954
2016,2815,1009.5270231137758
2017,2815,999.9999999999741
2018,2815,999.9999999999741
2019,2815,999.9999999999741
2020,2815,999.9999999999741
2021,2815,999.9999999999741
2022,2815,999.9999999999741
2023,2815,999.9999999999741
2024,2815,1009.5270231137758
2025,2815,1009.5270231137758
2016,2816,1009.5270183331851
2017,2816,999.9999999999604
2018,2816,999.9999999999604
2019,2816,999.9999999999604
2020,2816,999.9999999999604
2021,2816,999.9999999999604
2022,2816,999.9999999999604
2023,2816,999.9999999999604
2024,2816,1009.5270183331851
2025,2816,1009.5270183331851
2016,2817,1009.5270135525773
2017,2817,1000.0000000000459
2018,2817,1000.0000000000459
2019,2817,1000.0000000000459
2020,2817,1000.0000000000459
2021,2817,1000.0000000000459
2022,2817,1000.0000000000459
2023,2817,1000.0000000000459
2024,2817,1009.5270135525773
2025,2817,1009.5270135525773
2016,2818,1009.5270087716332
2017,2818,1000.0000000000283
2018,2818,1000.0000000000283
2019,2818,1000.0000000000283
2020,2818,1000.0000000000283
2021,2818,1000.0000000000283
2022,2818,1000.0000000000283
2023,2818,1000.0000000000283
2024,2818,1009.5270087716332
2025,2818,1009.5270087716332
2016,2819,1009.5270039907085
2017,2819,1000.0000000000297
2018,2819,1000.0000000000297
2019,2819,1000.0000000000297
2020,2819,1000.0000000000297
2021,2819,1000.0000000000297
2022,2819,1000.0000000000297
2023,2819,1000.0000000000297
2024,2819,1009.5270039907085
2025,2819,1009.5270039907085
2016,2820,1009.5269992097718
2017,2820,1000.000000000022
2018,2820,1000.000000000022
2019,2820,1000.000000000022
2020,2820,1000.000000000022
2021,2820,1000.000000000022
2022,2820,1000.000000000022
2023,2820,1000.000000000022
2024,2820,1009.5269992097718
2025,2820,1009.5269992097718
2016,2821,1009.5269944289049
2017,2821,999.9999999999619
2018,2821,999.9999999999619
2019,2821,999.9999999999619
2020,2821,999.9999999999619
2021,2821,999.9999999999619
2022,2821,999.9999999999619
2023,2821,999.9999999999619
2024,2821,1009.5269944289049
2025,2821,1009.5269944289049
2016,2822,1009.5269896479152
2017,2822,1000.0000000000206
2018,2822,1000.0000000000206
2019,2822,1000.0000000000206
2020,2822,1000.0000000000206
2021,2822,1000.0000000000206
2022,2822,1000.0000000000206
2023,2822,1000.0000000000206
2024,2822,1009.5269896479152
2025,2822,1019.0539787210218
2016,2823,1009.5269848670954
2017,2823,1000.0000000000075
2018,2823,1000.0000000000075
2019,2823,1000.0000000000075
2020,2823,1000.0000000000075
2021,2823,1000.0000000000075
2022,2823,1000.0000000000075
2023,2823,1000.0000000000075
2024,2823,1009.5269848670954
2025,2823,1019.053969159276
2016,2824,1013.1921023465143
2017,2824,999.9999999999538
2018,2824,999.9999999999538
2019,2824,999.9999999999538
2020,2824,999.9999999999538
2021,2824,999.9999999999538
2022,2824,993.11987846298
2023,2824,999.9999999999538
2024,2824,1013.1921023465143
2025,2824,1020.6403636886156
2016,2825,1019.0539511861896
2017,2825,999.9999999999732
2018,2825,999.9999999999732
2019,2825,1009.5269758811751
2020,2825,1009.5269758811751
2021,2825,1009.5269758811751
2022,2825,999.9999999999732
2023,2825,1009.5269758811751
2024,2825,1019.0539511861896
2025,2825,1028.5809259166463
2016,2826,1019.053941624153
2017,2826,1000.0000000000236
2018,2826,1000.0000000000236
2019,2826,1009.5269711000673
2020,2826,1009.5269711000673
2021,2826,1009.5269711000673
2022,2826,1000.0000000000236
2023,2826,1009.5269711000673
2024,2826,1019.053941624153
2025,2826,1019.0539509716873
2016,2827,1009.5269687992433
2017,2827,1000.0000000000441
2018,2827,1000.0000000000441
2019,2827,1009.5269663190426
2020,2827,1009.5269663190426
2021,2827,1009.5269663190426
2022,2827,1000.0000000000441
2023,2827,1009.5269663190426
2024,2827,1019.0539320620865
2025,2827,1019.0539320620865
2016,2828,1009.526961538154
2017,2828,999.9999999999616
2018,2828,999.9999999999616
2019,2828,1009.526961538154
2020,2828,1009.526961538154
2021,2828,1009.526961538154
2022,2828,999.9999999999616
2023,2828,1009.526961538154
2024,2828,1019.0539225000393
2025,2828,1019.0539225000393
2016,2829,1009.526956757064
2017,2829,1000.0000000000329
2018,2829,1000.0000000000329
2019,2829,1009.526956757064
2020,2829,1009.526956757064
2021,2829,1009.526956757064
2022,2829,1000.0000000000329
2023,2829,1009.526956757064
2024,2829,1009.5269592373842
2025,2829,1019.0539129379074
2016,2830,1009.5269519757761
2017,2830,1000.0000000000198
2018,2830,1000.0000000000198
2019,2830,1009.5269519757761
2020,2830,1009.5269519757761
2021,2830,1009.5269519757761
2022,2830,1009.5269519757761
2023,2830,1019.0539033756971
2024,2830,1009.5269519757761
2025,2830,1019.0539033756971
2016,2831,1009.5269471945776
2017,2831,999.9999999999795
2018,2831,999.9999999999795
2019,2831,1009.5269471945776
2020,2831,1009.5269471945776
2021,2831,1009.5269471945776
2022,2831,1009.5269471945776
2023,2831,1019.0538938133374
2024,2831,1009.5269471945776
2025,2831,1019.0538938133374
2017,2832,1069.6254884754146
2018,2832,1069.6254884754146
2022,2832,1075.5737396809634
2016,2833,999.9999999999893
2017,2833,999.9999999999893
2018,2833,999.9999999999893
2019,2833,999.9999999999893
2020,2833,999.9999999999893
2021,2833,999.9999999999893
2022,2833,999.9999999999893
2023,2833,999.9999999999893
2024,2833,1009.5269131502691
2025,2833,1009.5269131502691
2016,2834,1009.5269083688393
2017,2834,999.9999999999536
2018,2834,999.9999999999536
2019,2834,999.9999999999536
2020,2834,999.9999999999536
2021,2834,999.9999999999536
2022,2834,999.9999999999536
2023,2834,999.9999999999536
2024,2834,1019.0538161628207
2025,2834,1009.5269083688393
2016,2835,1009.5269035875149
2017,2835,1000.0000000000203
2018,2835,1000.0000000000203
2019,2835,1000.0000000000203
2020,2835,1000.0000000000203
2021,2835,1000.0000000000203
2022,2835,1000.0000000000203
2023,2835,1000.0000000000203
2024,2835,1019.0538066002189
2025,2835,1009.5269035875149
2016,2836,1009.5268988060802
2017,2836,999.9999999999797
2018,2836,999.9999999999797
2019,2836,999.9999999999797
2020,2836,999.9999999999797
2021,2836,999.9999999999797
2022,2836,999.9999999999797
2023,2836,999.9999999999797
2024,2836,1019.0537970373931
2025,2836,1009.5268988060802
2016,2837,1075.5757197172725
2017,2837,1179.0369015464628
2018,2837,1179.0369015464628
2019,2837,1075.5757197172725
2020,2837,1075.5757197172725
2021,2837,1075.5757197172725
2022,2837,1188.9833890732718
2023,2837,1075.5757197172725
2024,2837,1075.5757197172725
2016,2838,999.9999999999933
2017,2838,999.9999999999933
2018,2838,999.9999999999933
2019,2838,999.9999999999933
2020,2838,999.9999999999933
2021,2838,986.8081429687386
2022,2838,999.9999999999933
2023,2838,999.9999999999933
2024,2838,999.9999999999933
2025,2838,999.9999999999933
2016,2839,1009.5268504165026
2017,2839,999.9999999999469
2018,2839,999.9999999999469
2019,2839,999.9999999999469
2020,2839,999.9999999999469
2021,2839,999.9999999999469
2022,2839,999.9999999999469
2023,2839,1009.5268504165026
2024,2839,1009.5268504165026
2025,2839,1009.5268504165026
2016,2840,1009.5268456349439
2017,2840,1000.0000000000149
2018,2840,1000.0000000000149
2019,2840,1000.0000000000149
2020,2840,1000.0000000000149
2021,2840,1000.0000000000149
2022,2840,1000.0000000000149
2023,2840,1000.0000000000149
2024,2840,1009.5268456349439
2025,2840,1009.5268456349439
2016,2841,1009.526840853301
2017,2841,999.9999999999955
2018,2841,999.9999999999955
2019,2841,999.9999999999955
2020,2841,999.9999999999955
2021,2841,999.9999999999955
2022,2841,999.9999999999955
2023,2841,999.9999999999955
2024,2841,1009.526840853301
2025,2841,1009.526840853301
2016,2842,1009.5268360715235
2017,2842,999.999999999961
2018,2842,999.999999999961
2019,2842,999.999999999961
2020,2842,999.999999999961
2021,2842,999.999999999961
2022,2842,999.999999999961
2023,2842,999.999999999961
2024,2842,1009.5268360715235
2025,2842,1009.5268360715235
2016,2843,1009.5268312900848
2017,2843,1000.0000000000296
2018,2843,1000.0000000000296
2019,2843,1000.0000000000296
2020,2843,1000.0000000000296
2021,2843,1000.0000000000296
2022,2843,1000.0000000000296
2023,2843,1000.0000000000296
2024,2843,1009.5268312900848
2025,2843,1009.5268312900848
2016,2844,1009.5268265082694
2017,2844,999.999999999957
2018,2844,999.999999999957
2019,2844,999.999999999957
2020,2844,999.999999999957
2021,2844,999.999999999957
2022,2844,999.999999999957
2023,2844,999.999999999957
2024,2844,1009.5268265082694
2025,2844,1009.5268265082694
2016,2845,1009.5268217265628
2017,2845,999.9999999999905
2018,2845,999.9999999999905
2019,2845,999.9999999999905
2020,2845,999.9999999999905
2021,2845,999.9999999999905
2022,2845,999.9999999999905
2023,2845,999.9999999999905
2024,2845,1009.5268217265628
2025,2845,1009.5268217265628
2016,2846,1009.5268169448043
2017,2846,999.9999999999749
2018,2846,999.9999999999749
2019,2846,999.9999999999749
2020,2846,999.9999999999749
2021,2846,999.9999999999749
2022,2846,999.9999999999749
2023,2846,999.9999999999749
2024,2846,1009.5268169448043
2025,2846,1019.0536333147268
2016,2847,1009.526812163121
2017,2847,1000.0000000000312
2018,2847,1000.0000000000312
2019,2847,1000.0000000000312
2020,2847,1000.0000000000312
2021,2847,1009.526812163121
2022,2847,990.4731891683784
2023,2847,1000.0000000000312
2024,2847,1009.526812163121
2025,2847,1019.0536237514201
2016,2848,1009.5268073811078
2017,2848,999.9999999999935
2018,2848,999.9999999999935
2019,2848,999.9999999999935
2020,2848,999.9999999999935
2021,2848,1009.5268073811078
2022,2848,990.4731920439722
2023,2848,999.9999999999935
2024,2848,1009.5268073811078
2025,2848,1019.0536141876642
2016,2849,1358.0736025687186
2017,2849,1497.3241900098708
2018,2849,1497.3241900098708
2019,2849,1497.3241900098708
2020,2849,1497.3241900098708
2021,2849,1497.3241900098708
2022,2849,1497.3241900098708
2023,2849,1497.3241900098708
2024,2849,1338.1806497109421
2025,2849,224.1705835086294
2016,2850,990.4732021824004
2017,2850,1000.0000000000027
2018,2850,1000.0000000000027
2019,2850,1000.0000000000027
2020,2850,990.4732021824004
2021,2850,1000.0000000000027
2022,2850,980.9464037901239
2023,2850,990.4732021824004
2024,2850,1000.0000000000027
2025,2850,1009.5267972428143
2016,2851,990.4732069644123
2017,2851,1000.0000000000416
2018,2851,1000.0000000000416
2019,2851,1000.0000000000416
2020,2851,990.4732069644123
2021,2851,1000.0000000000416
2022,2851,980.9464133541085
2023,2851,990.4732069644123
2024,2851,1000.0000000000416
2025,2851,1009.5267924611131
2016,2852,990.4732117462495
2017,2852,1000.0000000000197
2018,2852,1000.0000000000197
2019,2852,1000.0000000000197
2020,2852,1000.0000000000197
2021,2852,1000.0000000000197
2022,2852,980.9464229178051
2023,2852,1000.0000000000197
2024,2852,1000.0000000000197
2025,2852,1009.5267876791155
2016,2853,990.473216528208
2017,2853,1000.0000000000055
2018,2853,1000.0000000000055
2019,2853,1000.0000000000055
2020,2853,1000.0000000000055
2021,2853,1000.0000000000055
2022,2853,990.473216528208
2023,2853,1000.0000000000055
2024,2853,1000.0000000000055
2025,2853,1009.5267828973613
2016,2854,990.4732213100871
2017,2854,1000.0000000000254
2018,2854,1000.0000000000254
2019,2854,1000.0000000000254
2020,2854,1000.0000000000254
2021,2854,1000.0000000000254
2022,2854,990.4732213100871
2023,2854,1000.0000000000254
2024,2854,1000.0000000000254
2025,2854,1009.5267781154056
2016,2855,990.4732260920466
2017,2855,1000.0000000000092
2018,2855,1000.0000000000092
2019,2855,1000.0000000000092
2020,2855,1000.0000000000092
2021,2855,1000.0000000000092
2022,2855,990.4732260920466
2023,2855,1000.0000000000092
2024,2855,1000.0000000000092
2025,2855,1009.5267733331812
2016,2856,990.4732308740349
2017,2856,1000.000000000025
2018,2856,1000.000000000025
2019,2856,1000.000000000025
2020,2856,1000.000000000025
2021,2856,1000.000000000025
2022,2856,1000.000000000025
2023,2856,1000.000000000025
2024,2856,1000.000000000025
2025,2856,1009.5267685513409
2016,2857,990.4732356561066
2017,2857,1000.0000000000047
2018,2857,1000.0000000000047
2019,2857,1000.0000000000047
2020,2857,1000.0000000000047
2021,2857,1000.0000000000047
2022,2857,1000.0000000000047
2023,2857,1000.0000000000047
2024,2857,1009.5267637692285
2025,2857,1009.5267637692285
2016,2858,990.4732404380234
2017,2858,999.9999999999491
2018,2858,999.9999999999491
2019,2858,999.9999999999491
2020,2858,999.9999999999491
2021,2858,999.9999999999491
2022,2858,999.9999999999491
2023,2858,999.9999999999491
2024,2858,1009.5267589873168
2025,2858,1009.5267589873168
2016,2859,1596.788825743766
2017,2859,1616.681740900803
2018,2859,1616.681740900803
2019,2859,1616.681740900803
2020,2859,1606.7363481985333
2021,2859,1616.681740900803
2022,2859,1606.7363481985333
2023,2859,1606.7363481985333
2024,2859,1606.7352836906541
2025,2859,1606.7352836906541
2016,2860,990.4732553589679
2017,2860,1000.0000000000296
2018,2860,1000.0000000000296
2019,2860,1000.0000000000296
2020,2860,1000.0000000000296
2021,2860,990.4732553589679
2022,2860,1000.0000000000296
2023,2860,1000.0000000000296
2024,2860,1009.5267440665333
2025,2860,1009.5267440665333
2016,2861,990.4732601412037
2017,2861,1000.0000000000568
2018,2861,1000.0000000000568
2019,2861,1000.0000000000568
2020,2861,1000.0000000000568
2021,2861,990.4732601412037
2022,2861,1000.0000000000568
2023,2861,1009.5267392843551
2024,2861,1009.5267392843551
2025,2861,1009.5267392843551
2016,2862,1000.0000000000167
2017,2862,1000.0000000000167
2018,2862,1000.0000000000167
2019,2862,1000.0000000000167
2020,2862,1000.0000000000167
2021,2862,990.4732792697612
2022,2862,1000.0000000000167
2023,2862,1009.526720155598
2024,2862,1009.526720155598
2025,2862,1009.526720155598
2016,2863,1009.5267153733046
2017,2863,1000.000000000048
2018,2863,1000.000000000048
2019,2863,1000.000000000048
2020,2863,1000.000000000048
2021,2863,990.473284052117
2022,2863,1000.000000000048
2023,2863,1009.5267153733046
2024,2863,1009.5267153733046
2025,2863,1009.5267153733046
2016,2864,1009.5267105911086
2017,2864,1000.000000000057
2018,2864,1000.000000000057
2019,2864,1000.000000000057
2020,2864,1000.000000000057
2021,2864,990.4732888343312
2022,2864,1000.000000000057
2023,2864,1009.5267105911086
2024,2864,1009.5267105911086
2025,2864,1009.5267105911086
2016,2865,1019.0534110427722
2017,2865,999.9999999999927
2018,2865,999.9999999999927
2019,2865,999.9999999999927
2020,2865,999.9999999999927
2021,2865,999.9999999999927
2022,2865,999.9999999999927
2023,2865,1009.5267058088359
2024,2865,1009.5267058088359
2025,2865,1009.5267058088359
2016,2866,1019.053401478096
2017,2866,999.9999999999658
2018,2866,999.9999999999658
2019,2866,999.9999999999658
2020,2866,999.9999999999658
2021,2866,999.9999999999658
2022,2866,999.9999999999658
2023,2866,1009.5267010263681
2024,2866,1009.5267010263681
2025,2866,1009.5267010263681
2016,2867,1019.0533919136085
2017,2867,1000.0000000000107
2018,2867,1000.0000000000107
2019,2867,1000.0000000000107
2020,2867,1000.0000000000107
2021,2867,1000.0000000000107
2022,2867,1000.0000000000107
2023,2867,1009.5266962440886
2024,2867,1009.5266962440886
2025,2867,1009.5266962440886
2016,2868,1716.146295241195
2017,2868,1726.094304883967
2018,2868,1726.094304883967
2019,2868,1726.094304883967
2020,2868,1716.147810549618
2021,2868,1726.094304883967
2022,2868,1726.0927446601618
2023,2868,1716.147810549618
2024,2868,1716.147810549618
2025,2868,1716.147810549618
2016,2869,1009.5266908871897
2017,2869,1000.0000000000286
2018,2869,1000.0000000000286
2019,2869,990.47330853831
2020,2869,990.47330853831
2021,2869,990.47330853831
2022,2869,990.47330853831
2023,2869,1000.0000000000286
2024,2869,1000.0000000000286
2025,2869,1000.0000000000286
2016,2870,1736.0391550835873
2017,2870,1745.9856025129584
2018,2870,1745.9856025129584
2019,2870,1745.9856025129584
2020,2870,1736.0391550835873
2021,2870,1736.0407608910464
2022,2870,1736.0407608910464
2023,2870,1736.0391550835873
2024,2870,1726.0942671561784
2025,2870,1726.0942671561784
2016,2871,1000.0000000000276
2017,2871,1000.0000000000276
2018,2871,1000.0000000000276
2019,2871,990.4733234599903
2020,2871,980.9466463456312
2021,2871,990.4733234599903
2022,2871,990.4733234599903
2023,2871,1000.0000000000276
2024,2871,1000.0000000000276
2025,2871,1000.0000000000276
2016,2872,990.4733301490645
2017,2872,999.9999999999638
2018,2872,999.9999999999638
2019,2872,999.9999999999638
2020,2872,980.9466559103365
2021,2872,990.4733282424874
2022,2872,999.9999999999638
2023,2872,999.9999999999638
2024,2872,999.9999999999638
2025,2872,999.9999999999638
2016,2873,1785.7713638614905
2017,2873,1785.7732071934834
2018,2873,1785.7732071934834
2019,2873,1785.7732071934834
2020,2873,1785.7713638614905
2021,2873,1785.7713638614905
2022,2873,1785.7713638614905
2023,2873,1775.826714142117
2024,2873,1775.824919645537
2025,2873,1765.8802210066908
2016,2874,971.4200179557553
2017,2874,999.9999999999943
2018,2874,999.9999999999943
2019,2874,990.473333599668
2020,2874,980.9466666246643
2021,2874,980.9466666246643
2022,2874,990.473333599668
2023,2874,990.473333599668
2024,2874,999.9999999999943
2025,2874,999.9999999999943
2016,2875,971.4200134225713
2017,2875,1000.0000000000126
2018,2875,1000.0000000000126
2019,2875,990.4733383821278
2020,2875,990.4733383821278
2021,2875,990.4733383821278
2022,2875,990.4733383821278
2023,2875,990.4733383821278
2024,2875,1000.0000000000126
2025,2875,1000.0000000000126
2016,2876,971.4200277702528
2017,2876,1000.0000000000296
2018,2876,1000.0000000000296
2019,2876,990.4733431646997
2020,2876,990.4733431646997
2021,2876,990.4733431646997
2022,2876,990.4733431646997
2023,2876,990.4733431646997
2024,2876,1000.0000000000296
2025,2876,1000.0000000000296
2016,2877,971.4200421178352
2017,2877,1000.0000000000489
2018,2877,1000.0000000000489
2019,2877,990.4733479471635
2020,2877,990.4733479471635
2021,2877,990.4733479471635
2022,2877,990.4733479471635
2023,2877,990.4733479471635
2024,2877,1000.0000000000489
2025,2877,1000.0000000000489
2016,2878,971.4200564654625
2017,2878,999.9999999999997
2018,2878,999.9999999999997
2019,2878,990.4733527297884
2020,2878,990.4733527297884
2021,2878,990.4733527297884
2022,2878,990.4733527297884
2023,2878,990.4733527297884
2024,2878,999.9999999999997
2025,2878,999.9999999999997
2016,2879,960.4257010230436
2017,2879,1000.0000000000233
2018,2879,1000.0000000000233
2019,2879,986.8085792296986
2020,2879,986.8085792296986
2021,2879,986.8085792296986
2022,2879,986.8085792296986
2023,2879,986.8085792296986
2024,2879,1000.0000000000233
2025,2879,1000.0000000000233
2016,2880,980.9467228662018
2017,2880,1000.0000000000263
2018,2880,1000.0000000000263
2019,2880,1000.0000000000263
2020,2880,1000.0000000000263
2021,2880,1000.0000000000263
2022,2880,1000.0000000000263
2023,2880,1000.0000000000263
2024,2880,1009.5266377050448
2025,2880,1009.5266377050448
2016,2881,980.9467324314161
2017,2881,1000.0000000000064
2018,2881,1000.0000000000064
2019,2881,1000.0000000000064
2020,2881,990.4733684099166
2021,2881,990.4733684099166
2022,2881,1000.0000000000064
2023,2881,1000.0000000000064
2024,2881,1000.0000000000064
2025,2881,1009.5266329223482
2016,2882,973.6172037094157
2017,2882,1000.0000000000848
2018,2882,1000.0000000000848
2019,2882,993.1200100077684
2020,2882,986.8086079659706
2021,2882,986.8086079659706
2022,2882,993.1200100077684
2023,2882,1000.0000000000848
2024,2882,1000.0000000000848
2025,2882,1006.8799916728481
2016,2883,990.4733754937387
2017,2883,1000.0000000000077
2018,2883,1000.0000000000077
2019,2883,990.4733773999666
2020,2883,990.4733773999666
2021,2883,990.4733773999666
2022,2883,1000.0000000000077
2023,2883,1000.0000000000077
2024,2883,1009.526623931835
2025,2883,1009.5266264127372
2016,2884,990.4733802765637
2017,2884,1000.0000000000429
2018,2884,1000.0000000000429
2019,2884,990.4733802765637
2020,2884,990.4733802765637
2021,2884,990.4733802765637
2022,2884,1000.0000000000429
2023,2884,990.4733821827914
2024,2884,1000.0000000000429
2025,2884,1009.5266191490804
2016,2885,999.9999999999934
2017,2885,999.9999999999934
2018,2885,999.9999999999934
2019,2885,986.8086563890645
2020,2885,986.8086563890645
2021,2885,986.8086563890645
2022,2885,986.8086563890645
2023,2885,986.8086563890645
2024,2885,999.9999999999934
2025,2885,1013.1913314601409
2016,2886,1009.5266005923353
2017,2886,999.999999999969
2018,2886,999.999999999969
2019,2886,999.999999999969
2020,2886,999.999999999969
2021,2886,999.999999999969
2022,2886,999.999999999969
2023,2886,999.999999999969
2024,2886,999.999999999969
2025,2886,1019.0532006102601
2016,2887,1013.1913125672432
2017,2887,1000.0000000000746
2018,2887,1000.0000000000746
2019,2887,1000.0000000000746
2020,2887,1000.0000000000746
2021,2887,1000.0000000000746
2022,2887,1000.0000000000746
2023,2887,1000.0000000000746
2024,2887,1000.0000000000746
2025,2887,1013.7599565870431
2016,2888,1013.7599538677763
2017,2888,999.9999999999167
2018,2888,999.9999999999167
2019,2888,1006.8799787257002
2020,2888,1006.8799787257002
2021,2888,999.9999999999167
2022,2888,1006.8799787257002
2023,2888,1006.8799787257002
2024,2888,1006.8799787257002
2025,2888,1026.3825948165468
2016,2889,1019.0531835613742
2017,2889,999.9999999999834
2018,2889,999.9999999999834
2019,2889,1009.5265898742198
2020,2889,1009.5265898742198
2021,2889,999.9999999999834
2022,2889,1009.5265898742198
2023,2889,1009.5265898742198
2024,2889,1009.5265898742198
2025,2889,1028.5797604553836
2016,2890,1009.5265850910558
2017,2890,999.9999999999574
2018,2890,999.9999999999574
2019,2890,1009.5265826100401
2020,2890,999.9999999999574
2021,2890,999.9999999999574
2022,2890,999.9999999999574
2023,2890,999.9999999999574
2024,2890,1009.5265826100401
2025,2890,1028.579746106762
2016,2891,1009.5265778271645
2017,2891,999.9999999999897
2018,2891,999.9999999999897
2019,2891,1009.5265778271645
2020,2891,999.9999999999897
2021,2891,999.9999999999897
2022,2891,999.9999999999897
2023,2891,999.9999999999897
2024,2891,1009.5265778271645
2025,2891,1028.5797317579568
2016,2892,1009.5265730443006
2017,2892,1000.0000000000276
2018,2892,1000.0000000000276
2019,2892,1009.5265730443006
2020,2892,1000.0000000000276
2021,2892,1000.0000000000276
2022,2892,1000.0000000000276
2023,2892,1000.0000000000276
2024,2892,1009.5265730443006
2025,2892,1028.5797174092918
2016,2893,1009.5265682612188
2017,2893,999.9999999999674
2018,2893,999.9999999999674
2019,2893,1009.5265682612188
2020,2893,999.9999999999674
2021,2893,999.9999999999674
2022,2893,999.9999999999674
2023,2893,999.9999999999674
2024,2893,1009.5265682612188
2025,2893,1028.5797030601677
2016,2894,1009.5265634783159
2017,2894,999.9999999999663
2018,2894,999.9999999999663
2019,2894,1009.5265634783159
2020,2894,999.9999999999663
2021,2894,999.9999999999663
2022,2894,999.9999999999663
2023,2894,999.9999999999663
2024,2894,1009.5265634783159
2025,2894,1028.579688711222
2016,2895,1009.526558695126
2017,2895,1000.0000000000334
2018,2895,1000.0000000000334
2019,2895,1009.526558695126
2020,2895,1000.0000000000334
2021,2895,1000.0000000000334
2022,2895,1000.0000000000334
2023,2895,1000.0000000000334
2024,2895,1009.526558695126
2025,2895,1028.5796743621088
2016,2896,1009.5265539122038
2017,2896,1000.0000000000132
2018,2896,1000.0000000000132
2019,2896,1009.5265539122038
2020,2896,1000.0000000000132
2021,2896,1000.0000000000132
2022,2896,1000.0000000000132
2023,2896,1000.0000000000132
2024,2896,1009.5265539122038
2025,2896,1028.5796600131414
2016,2897,1009.5265491290462
2017,2897,999.999999999993
2018,2897,999.999999999993
2019,2897,1009.5265491290462
2020,2897,999.999999999993
2021,2897,1009.5265491290462
2022,2897,999.999999999993
2023,2897,1009.5265491290462
2024,2897,1019.0530976840039
2025,2897,1028.5796456639412
2016,2898,1009.5265443463194
2017,2898,1000.0000000000516
2018,2898,1000.0000000000516
2019,2898,1009.5265443463194
2020,2898,1000.0000000000516
2021,2898,1009.5265443463194
2022,2898,1000.0000000000516
2023,2898,1009.5265443463194
2024,2898,1019.0530881177964
2025,2898,1028.5796313149485
2016,2899,1009.5265395628657
2017,2899,999.9999999999712
2018,2899,999.9999999999712
2019,2899,1009.5265395628657
2020,2899,999.9999999999712
2021,2899,1009.5265395628657
2022,2899,999.9999999999712
2023,2899,1009.5265395628657
2024,2899,1019.0530785514351
2025,2899,1028.57961696533
2016,2900,1019.0530689853
2017,2900,999.9999999999918
2018,2900,999.9999999999918
2019,2900,1009.5265347798683
2020,2900,999.9999999999918
2021,2900,1009.5265347798683
2022,2900,999.9999999999918
2023,2900,1009.5265347798683
2024,2900,1019.0530689853
2025,2900,1028.5796026160606
2016,2901,1915.0755137785804
2017,2901,1755.9340934218553
2018,2901,1755.9340934218553
2019,2901,1755.9340934218553
2020,2901,1755.9340934218553
2021,2901,1755.9340934218553
2022,2901,1745.9875953102758
2023,2901,1885.2385613077845
2024,2901,1895.1826341679089
2025,2901,781.1766701154826
2016,2902,1019.0530582698153
2017,2902,1000.0000000000134
2018,2902,1000.0000000000134
2019,2902,1000.0000000000134
2020,2902,1000.0000000000134
2021,2902,1000.0000000000134
2022,2902,1000.0000000000134
2023,2902,1000.0000000000134
2024,2902,1009.5265294221367
2025,2902,1019.0530582698153
2016,2903,1726.0945611086893
2017,2903,1726.0945611086893
2018,2903,1726.0945611086893
2019,2903,1726.0945611086893
2020,2903,1726.0945611086893
2021,2903,1606.736581492996
2022,2903,1726.0945611086893
2023,2903,1726.0945611086893
2024,2903,1805.666540869186
2025,2903,1974.7569801949237
2016,2904,1009.5265240643446
2017,2904,999.9999999999759
2018,2904,999.9999999999759
2019,2904,999.9999999999759
2020,2904,999.9999999999759
2021,2904,999.9999999999759
2022,2904,999.9999999999759
2023,2904,999.9999999999759
2024,2904,1009.5265240643446
2025,2904,1009.5265240643446
2016,2905,1447.5925667930526
2017,2905,1467.4855658539886
2018,2905,1467.4855658539886
2019,2905,1477.432065259184
2020,2905,1467.4855658539886
2021,2905,1387.9135676151845
2022,2905,1467.4855658539886
2023,2905,1477.432065259184
2024,2905,1517.2180620498523
2025,2905,1626.6295463669308
2016,2906,999.999999999995
2017,2906,999.999999999995
2018,2906,999.999999999995
2019,2906,986.8088934533594
2020,2906,986.8088934533594
2021,2906,986.8088934533594
2022,2906,986.8088934533594
2023,2906,999.999999999995
2024,2906,986.8088934533594
2025,2906,999.999999999995
2016,2907,1009.5264852234778
2017,2907,999.9999999999955
2018,2907,999.9999999999955
2019,2907,999.9999999999955
2020,2907,999.9999999999955
2021,2907,999.9999999999955
2022,2907,999.9999999999955
2023,2907,1009.5264852234778
2024,2907,999.9999999999955
2025,2907,1009.5264852234778
2016,2908,999.9999999999552
2017,2908,999.9999999999552
2018,2908,999.9999999999552
2019,2908,999.9999999999552
2020,2908,993.1200716855341
2021,2908,999.9999999999552
2022,2908,999.9999999999552
2023,2908,1006.8799299949085
2024,2908,993.1200716855341
2025,2908,1013.1910361189872
2016,2909,1009.5264570973723
2017,2909,999.9999999999608
2018,2909,999.9999999999608
2019,2909,999.9999999999608
2020,2909,999.9999999999608
2021,2909,999.9999999999608
2022,2909,999.9999999999608
2023,2909,1009.5264595789728
2024,2909,999.9999999999608
2025,2909,1019.0529136202284
2016,2910,1009.5264523139059
2017,2910,999.9999999999783
2018,2910,999.9999999999783
2019,2910,999.9999999999783
2020,2910,999.9999999999783
2021,2910,999.9999999999783
2022,2910,999.9999999999783
2023,2910,999.9999999999783
2024,2910,999.9999999999783
2025,2910,1009.5264547958527
2016,2911,1228.7696611973063
2017,2911,1228.7696611973063
2018,2911,1228.7696611973063
2019,2911,1228.7696611973063
2020,2911,1228.7696611973063
2021,2911,1228.7696611973063
2022,2911,1228.7696611973063
2023,2911,1198.9301376767992
2024,2911,1109.4115716057931
2025,2911,1198.9301376767992
2016,2912,1870.578484092868
2017,2912,1870.578484092868
2018,2912,1870.578484092868
2019,2912,1896.9588193565144
2020,2912,1883.7686578365754
2021,2912,1896.9588193565144
2022,2912,1870.578484092868
2023,2912,1896.9588193565144
2024,2912,1910.1489686484072
2025,2912,1923.3391057126564
2016,2913,1896.9582037779435
2017,2913,1896.9582037779435
2018,2913,1896.9582037779435
2019,2913,1923.3384720290462
2020,2913,1910.148344017396
2021,2913,1923.3384720290462
2022,2913,1896.9582037779435
2023,2913,1923.3384720290462
2024,2913,1923.3384720290462
2025,2913,1936.5285878131378
2016,2914,1019.0528523975181
2017,2914,999.999999999986
2018,2914,999.999999999986
2019,2914,1009.5264264854476
2020,2914,1009.5264264854476
2021,2914,1009.5264289666989
2022,2914,1009.5264289666989
2023,2914,1019.0528617479628
2024,2914,1019.0528617479628
2025,2914,1028.5792983414497
2016,2915,1019.0528428302342
2017,2915,1000.0000000000149
2018,2915,1000.0000000000149
2019,2915,1009.5264217018813
2020,2915,1009.5264217018813
2021,2915,1000.0000000000149
2022,2915,1009.5264217018813
2023,2915,1019.0528428302342
2024,2915,1009.5264241835952
2025,2915,1019.0528521818459
2016,2916,1019.052833262567
2017,2916,1000.000000000019
2018,2916,1000.000000000019
2019,2916,1009.5264169179318
2020,2916,1009.5264169179318
2021,2916,1000.000000000019
2022,2916,1009.5264169179318
2023,2916,1019.052833262567
2024,2916,1009.5264169179318
2025,2916,1019.052833262567
2016,2917,1019.0528236952601
2017,2917,1000.000000000028
2018,2917,1000.000000000028
2019,2917,1009.5264121344587
2020,2917,1009.5264121344587
2021,2917,1000.000000000028
2022,2917,1009.5264121344587
2023,2917,1019.0528236952601
2024,2917,1009.5264121344587
2025,2917,1019.0528236952601
2016,2918,1019.0528141278376
2017,2918,1000.0000000000348
2018,2918,1000.0000000000348
2019,2918,1009.5264073506319
2020,2918,1009.5264073506319
2021,2918,1000.0000000000348
2022,2918,1009.5264073506319
2023,2918,1019.0528141278376
2024,2918,1009.5264073506319
2025,2918,1019.0528141278376
2016,2919,1019.0528045601433
2017,2919,1000.0000000000085
2018,2919,1000.0000000000085
2019,2919,1009.5264025667714
2020,2919,1009.5264025667714
2021,2919,1000.0000000000085
2022,2919,1009.5264025667714
2023,2919,1019.0528045601433
2024,2919,1009.5264025667714
2025,2919,1019.0528045601433
2016,2920,1019.0527949924623
2017,2920,999.9999999999953
2018,2920,999.9999999999953
2019,2920,1009.5263977829271
2020,2920,1009.5263977829271
2021,2920,999.9999999999953
2022,2920,1009.5263977829271
2023,2920,1019.0527949924623
2024,2920,1009.5263977829271
2025,2920,1019.0527949924623
2017,2921,1069.6255596226727
2018,2921,1069.6255596226727
2021,2921,1059.679053317355
2016,2922,1009.5263924255629
2017,2922,1000.000000000057
2018,2922,1000.000000000057
2019,2922,1000.000000000057
2020,2922,1000.000000000057
2021,2922,1000.000000000057
2022,2922,1000.000000000057
2023,2922,1009.5263924255629
2024,2922,1000.000000000057
2025,2922,1009.5263924255629
2016,2923,1009.526387641939
2017,2923,1000.0000000000343
2018,2923,1000.0000000000343
2019,2923,1009.526387641939
2020,2923,1000.0000000000343
2021,2923,1000.0000000000343
2022,2923,1000.0000000000343
2023,2923,1009.526387641939
2024,2923,1009.526387641939
2025,2923,1009.526387641939
2016,2924,1009.5263828580057
2017,2924,1000.0000000000487
2018,2924,1000.0000000000487
2019,2924,1009.5263828580057
2020,2924,1009.5263828580057
2021,2924,1000.0000000000487
2022,2924,1000.0000000000487
2023,2924,1009.5263828580057
2024,2924,1009.5263828580057
2025,2924,1009.5263828580057
2016,2925,1009.5263780740457
2017,2925,1000.0000000000422
2018,2925,1000.0000000000422
2019,2925,1009.5263780740457
2020,2925,1009.5263780740457
2021,2925,1000.0000000000422
2022,2925,1000.0000000000422
2023,2925,1009.5263780740457
2024,2925,1019.052755572211
2025,2925,1009.5263780740457
2016,2926,1009.5263732901548
2017,2926,999.9999999999823
2018,2926,999.9999999999823
2019,2926,1009.5263732901548
2020,2926,1009.5263732901548
2021,2926,999.9999999999823
2022,2926,999.9999999999823
2023,2926,1009.5263732901548
2024,2926,1019.0527460044889
2025,2926,1009.5263732901548
2016,2927,1009.5263685062517
2017,2927,1000.0000000000298
2018,2927,1000.0000000000298
2019,2927,1009.5263685062517
2020,2927,1009.5263685062517
2021,2927,1000.0000000000298
2022,2927,1000.0000000000298
2023,2927,1009.5263685062517
2024,2927,1019.0527364366354
2025,2927,1009.5263685062517
2016,2928,1009.5263637222796
2017,2928,1000.000000000008
2018,2928,1000.000000000008
2019,2928,1009.5263637222796
2020,2928,1000.000000000008
2021,2928,1000.000000000008
2022,2928,1000.000000000008
2023,2928,1009.5263637222796
2024,2928,1019.0527268685967
2025,2928,1009.5263637222796
2016,2929,1009.526358938226
2017,2929,1000.0000000000182
2018,2929,1000.0000000000182
2019,2929,1000.0000000000182
2020,2929,1000.0000000000182
2021,2929,1000.0000000000182
2022,2929,1000.0000000000182
2023,2929,1009.526358938226
2024,2929,1019.052717300709
2025,2929,1009.526358938226
2016,2930,1009.5263541542458
2017,2930,999.9999999999914
2018,2930,999.9999999999914
2019,2930,999.9999999999914
2020,2930,999.9999999999914
2021,2930,999.9999999999914
2022,2930,999.9999999999914
2023,2930,1009.5263541542458
2024,2930,1019.0527077326651
2025,2930,1009.5263541542458
2016,2931,1009.5263493702003
2017,2931,1000.0000000000094
2018,2931,1000.0000000000094
2019,2931,1000.0000000000094
2020,2931,1000.0000000000094
2021,2931,1000.0000000000094
2022,2931,1000.0000000000094
2023,2931,1009.5263493702003
2024,2931,1019.0526981645528
2025,2931,1009.5263493702003
2016,2932,1009.5263445859712
2017,2932,999.9999999999634
2018,2932,999.9999999999634
2019,2932,999.9999999999634
2020,2932,999.9999999999634
2021,2932,999.9999999999634
2022,2932,999.9999999999634
2023,2932,1009.5263445859712
2024,2932,1019.052688596254
2025,2932,1009.5263445859712
2016,2933,1009.5263398020252
2017,2933,999.9999999999675
2018,2933,999.9999999999675
2019,2933,999.9999999999675
2020,2933,999.9999999999675
2021,2933,999.9999999999675
2022,2933,999.9999999999675
2023,2933,1009.5263398020252
2024,2933,1019.0526790282446
2025,2933,1009.5263398020252
2017,2934,1198.930082471583
2018,2934,1198.930082471583
2019,2934,1049.7325482644358
2020,2934,1059.6790557057702
2021,2934,1188.9835853515617
2022,2934,1075.6448173901144
2016,2935,999.9999999999935
2017,2935,999.9999999999935
2018,2935,999.9999999999935
2019,2935,999.9999999999935
2020,2935,999.9999999999935
2021,2935,1009.9465038903916
2022,2935,990.0534960260013
2023,2935,1009.9465038903916
2024,2935,999.9999999999935
2025,2935,1009.9465038903916
2016,2936,990.053496625632
2017,2936,999.9999999999151
2018,2936,999.9999999999151
2019,2936,999.9999999999151
2020,2936,999.9999999999151
2021,2936,999.9999999999151
2022,2936,990.053496625632
2023,2936,999.9999999999151
2024,2936,999.9999999999151
2025,2936,999.9999999999151
2016,2937,990.0534972254176
2017,2937,999.9999999999998
2018,2937,999.9999999999998
2019,2937,999.9999999999998
2020,2937,990.0534972254176
2021,2937,999.9999999999998
2022,2937,990.0534972254176
2023,2937,999.9999999999998
2024,2937,999.9999999999998
2025,2937,999.9999999999998
2016,2938,990.0534978254778
2017,2938,999.9999999998898
2018,2938,999.9999999998898
2019,2938,999.9999999998898
2020,2938,990.0534978254778
2021,2938,999.9999999998898
2022,2938,990.0534978254778
2023,2938,999.9999999998898
2024,2938,999.9999999998898
2025,2938,999.9999999998898
2016,2939,990.0534984253569
2017,2939,1000.0000000000772
2018,2939,1000.0000000000772
2019,2939,1000.0000000000772
2020,2939,990.0534984253569
2021,2939,1000.0000000000772
2022,2939,990.0534984253569
2023,2939,1000.0000000000772
2024,2939,1000.0000000000772
2025,2939,1000.0000000000772
2016,2940,990.0534990245725
2017,2940,1000.0000000000523
2018,2940,1000.0000000000523
2019,2940,1000.0000000000523
2020,2940,990.0534990245725
2021,2940,1000.0000000000523
2022,2940,980.1069979664325
2023,2940,1000.0000000000523
2024,2940,1000.0000000000523
2025,2940,1000.0000000000523
2016,2941,990.053499624364
2017,2941,999.9999999999193
2018,2941,999.9999999999193
2019,2941,999.9999999999193
2020,2941,990.053499624364
2021,2941,999.9999999999193
2022,2941,980.1069991659141
2023,2941,999.9999999999193
2024,2941,999.9999999999193
2025,2941,999.9999999999193
2016,2942,990.053500224075
2017,2942,999.999999999941
2018,2942,999.999999999941
2019,2942,999.999999999941
2020,2942,990.053500224075
2021,2942,999.999999999941
2022,2942,980.1070003650817
2023,2942,999.999999999941
2024,2942,999.999999999941
2025,2942,999.999999999941
2016,2943,990.0535008231504
2017,2943,1000.0000000000188
2018,2943,1000.0000000000188
2019,2943,1000.0000000000188
2020,2943,990.0535008231504
2021,2943,1000.0000000000188
2022,2943,980.1070015643174
2023,2943,1000.0000000000188
2024,2943,1000.0000000000188
2025,2943,1000.0000000000188
2016,2944,990.0535014230504
2017,2944,999.9999999999997
2018,2944,999.9999999999997
2019,2944,999.9999999999997
2020,2944,999.9999999999997
2021,2944,999.9999999999997
2022,2944,990.0534985985797
2023,2944,999.9999999999997
2024,2944,999.9999999999997
2025,2944,999.9999999999997
2016,2945,990.0535020226368
2017,2945,999.9999999998977
2018,2945,999.9999999998977
2019,2945,999.9999999998977
2020,2945,999.9999999998977
2021,2945,999.9999999998977
2022,2945,990.0535020226368
2023,2945,999.9999999998977
2024,2945,999.9999999998977
2025,2945,999.9999999998977
2016,2946,990.0535026225153
2017,2946,1000.0000000001021
2018,2946,1000.0000000001021
2019,2946,1000.0000000001021
2020,2946,1000.0000000001021
2021,2946,1000.0000000001021
2022,2946,990.0535026225153
2023,2946,1000.0000000001021
2024,2946,1000.0000000001021
2025,2946,1000.0000000001021
2016,2947,990.0535032221884
2017,2947,1000.0000000000852
2018,2947,1000.0000000000852
2019,2947,1000.0000000000852
2020,2947,1000.0000000000852
2021,2947,1000.0000000000852
2022,2947,990.0535032221884
2023,2947,1000.0000000000852
2024,2947,1000.0000000000852
2025,2947,1000.0000000000852
2016,2948,1277.0080985554935
2017,2948,1303.3901033096568
2018,2948,1303.3901033096568
2019,2948,1290.1990948212695
2020,2948,1290.1990948212695
2021,2948,1303.3901033096568
2022,2948,1290.1990948212695
2023,2948,1277.0080985554935
2024,2948,1290.1990948212695
2025,2948,1277.0080985554935
2016,2949,990.0535045043152
2017,2949,1000.0000000000332
2018,2949,1000.0000000000332
2019,2949,1000.0000000000332
2020,2949,1000.0000000000332
2021,2949,1009.9464954130881
2022,2949,980.1070089250062
2023,2949,1000.0000000000332
2024,2949,1000.0000000000332
2025,2949,1000.0000000000332
2016,2950,1000.000000000035
2017,2950,1000.000000000035
2018,2950,1000.000000000035
2019,2950,1009.9464963846079
2020,2950,1009.9464963846079
2021,2950,1019.8929883440976
2022,2950,990.0535028789587
2023,2950,1009.9464963846079
2024,2950,1009.9464963846079
2025,2950,1009.9464963846079
2016,2951,1009.9464936143293
2017,2951,1000.0000000000541
2018,2951,1000.0000000000541
2019,2951,1019.8929871457098
2020,2951,1019.8929871457098
2021,2951,1019.8929871457098
2022,2951,1000.0000000000541
2023,2951,1019.8929871457098
2024,2951,1019.8929871457098
2025,2951,1019.8929871457098
2016,2952,1009.946493014546
2017,2952,999.9999999999408
2018,2952,999.9999999999408
2019,2952,1019.8929859467225
2020,2952,1019.8929859467225
2021,2952,1019.8929859467225
2022,2952,1009.946493014546
2023,2952,1019.8929859467225
2024,2952,1019.8929859467225
2025,2952,1019.8929859467225
2016,2953,1343.9946503470248
2017,2953,1345.1189129244062
2018,2953,1345.1189129244062
2019,2953,1345.1189129244062
2020,2953,1350.8745696032681
2021,2953,1343.9946503470248
2022,2953,1343.9946503470248
2023,2953,1337.1147302708928
2024,2953,1337.1147302708928
2025,2953,1330.2348133928356
2016,2954,999.9999999999595
2017,2954,999.9999999999595
2018,2954,999.9999999999595
2019,2954,1009.9464893349572
2020,2954,999.9999999999595
2021,2954,1009.9464893349572
2022,2954,999.9999999999595
2023,2954,1009.9464893349572
2024,2954,999.9999999999595
2025,2954,1009.9464893349572
2016,2955,990.0535111799377
2017,2955,1000.0000000000358
2018,2955,1000.0000000000358
2019,2955,1000.0000000000358
2020,2955,1000.0000000000358
2021,2955,1009.9464887360754
2022,2955,1000.0000000000358
2023,2955,1009.9464887360754
2024,2955,990.0535111799377
2025,2955,1009.9464887360754
2016,2956,676.105276484525
2017,2956,1000.0000000000521
2018,2956,1000.0000000000521
2019,2956,1000.0000000000521
2020,2956,980.9473875799581
2021,2956,1000.0000000000521
2022,2956,676.105276484525
2023,2956,1000.0000000000521
2024,2956,971.4210805077832
2025,2956,1000.0000000000521
2016,2957,990.0535116963636
2017,2957,1000.0000000001116
2018,2957,1000.0000000001116
2019,2957,1000.0000000001116
2020,2957,1000.0000000001116
2021,2957,1009.9464882202653
2022,2957,1000.0000000001116
2023,2957,1009.9464882202653
2024,2957,990.0535116963636
2025,2957,1009.9464882202653
2016,2958,971.4210965833262
2017,2958,999.9999999999873
2018,2958,999.9999999999873
2019,2958,999.9999999999873
2020,2958,980.9473982961492
2021,2958,999.9999999999873
2022,2958,980.9473982961492
2023,2958,999.9999999999873
2024,2958,971.4210965833262
2025,2958,999.9999999999873
2016,2959,990.0535122123042
2017,2959,999.9999999999293
2018,2959,999.9999999999293
2019,2959,999.9999999999293
2020,2959,999.9999999999293
2021,2959,1009.9464877046586
2022,2959,990.0535122123042
2023,2959,1009.9464877046586
2024,2959,999.9999999999293
2025,2959,1009.9464877046586
2016,2960,971.4211126560509
2017,2960,1000.0000000000107
2018,2960,1000.0000000000107
2019,2960,1000.0000000000107
2020,2960,980.9474090108046
2021,2960,1000.0000000000107
2022,2960,980.9474090108046
2023,2960,1000.0000000000107
2024,2960,971.4211126560509
2025,2960,1000.0000000000107
2016,2961,990.0535127277792
2017,2961,999.9999999999724
2018,2961,999.9999999999724
2019,2961,999.9999999999724
2020,2961,999.9999999999724
2021,2961,1009.9464871883387
2022,2961,990.0535127277792
2023,2961,1009.9464871883387
2024,2961,999.9999999999724
2025,2961,1009.9464871883387
2016,2962,971.4211287316729
2017,2962,1000.0000000000288
2018,2962,1000.0000000000288
2019,2962,1000.0000000000288
2020,2962,980.9474197283553
2021,2962,1000.0000000000288
2022,2962,971.4211287316729
2023,2962,1000.0000000000288
2024,2962,980.9474197283553
2025,2962,1000.0000000000288
2016,2963,980.1070264054014
2017,2963,999.999999999982
2018,2963,999.999999999982
2019,2963,999.999999999982
2020,2963,999.999999999982
2021,2963,1009.9464866729301
2022,2963,990.0535132439054
2023,2963,999.999999999982
2024,2963,999.999999999982
2025,2963,1009.9464866729301
2016,2964,971.4211448059234
2017,2964,999.9999999999611
2018,2964,999.9999999999611
2019,2964,999.9999999999611
2020,2964,980.9474304457037
2021,2964,999.9999999999611
2022,2964,971.4211448059234
2023,2964,999.9999999999611
2024,2964,980.9474304457037
2025,2964,999.9999999999611
2016,2965,980.1070274372892
2017,2965,1000.0000000000819
2018,2965,1000.0000000000819
2019,2965,1000.0000000000819
2020,2965,1000.0000000000819
2021,2965,1009.946486157136
2022,2965,980.1070274372892
2023,2965,1000.0000000000819
2024,2965,1000.0000000000819
2025,2965,1009.946486157136
2016,2966,971.421160881639
2017,2966,999.9999999999668
2018,2966,999.9999999999668
2019,2966,990.4737208671339
2020,2966,980.9474411605581
2021,2966,999.9999999999668
2022,2966,971.421160881639
2023,2966,999.9999999999668
2024,2966,980.9474411605581
2025,2966,999.9999999999668
2016,2967,971.4211752344146
2017,2967,1000.0000000000132
2018,2967,1000.0000000000132
2019,2967,1000.0000000000132
2020,2967,990.4737256515001
2021,2967,1009.5262737761801
2022,2967,980.9474507291304
2023,2967,1000.0000000000132
2024,2967,990.4737256515001
2025,2967,1009.5262737761801
2016,2968,980.1070283029774
2017,2968,1000.0000000000955
2018,2968,1000.0000000000955
2019,2968,1000.0000000000955
2020,2968,1000.0000000000955
2021,2968,1019.8929713649364
2022,2968,990.0535141925171
2023,2968,1009.9464857245451
2024,2968,990.0535141925171
2025,2968,1019.8929713649364
2016,2969,971.4211913057775
2017,2969,999.9999999999682
2018,2969,999.9999999999682
2019,2969,999.9999999999682
2020,2969,980.9474614439404
2021,2969,999.9999999999682
2022,2969,971.4211913057775
2023,2969,999.9999999999682
2024,2969,980.9474614439404
2025,2969,999.9999999999682
2016,2970,980.1070293345739
2017,2970,999.9999999999164
2018,2970,999.9999999999164
2019,2970,999.9999999999164
2020,2970,999.9999999999164
2021,2970,1009.9464852082456
2022,2970,990.0535147093915
2023,2970,1009.9464852082456
2024,2970,990.0535147093915
2025,2970,1009.9464852082456
2016,2971,971.4212073801777
2017,2971,999.9999999999482
2018,2971,999.9999999999482
2019,2971,990.473736367682
2020,2971,980.9474721601597
2021,2971,999.9999999999482
2022,2971,971.4212073801777
2023,2971,999.9999999999482
2024,2971,971.4212073801777
2025,2971,999.9999999999482
2016,2972,970.1605454240171
2017,2972,1000.0000000001106
2018,2972,1000.0000000001106
2019,2972,1000.0000000001106
2020,2972,1000.0000000001106
2021,2972,1000.0000000001106
2022,2972,980.1070303663087
2023,2972,1000.0000000001106
2024,2972,990.0535152245403
2025,2972,1000.0000000001106
2016,2973,961.8949634588713
2017,2973,999.999999999996
2018,2973,999.999999999996
2019,2973,980.9474828777334
2020,2973,980.9474828777334
2021,2973,999.999999999996
2022,2973,971.4212234545337
2023,2973,999.999999999996
2024,2973,971.4212234545337
2025,2973,999.999999999996
2016,2974,971.4212378074593
2017,2974,999.9999999999546
2018,2974,999.9999999999546
2019,2974,990.4737465099583
2020,2974,990.4737465099583
2021,2974,999.9999999999546
2022,2974,980.9474924463385
2023,2974,999.9999999999546
2024,2974,980.9474924463385
2025,2974,999.9999999999546
2016,2975,980.9475020151746
2017,2975,1000.0000000000307
2018,2975,1000.0000000000307
2019,2975,1000.0000000000307
2020,2975,1000.0000000000307
2021,2975,1000.0000000000307
2022,2975,980.9475020151746
2023,2975,1009.526248131844
2024,2975,990.473751294474
2025,2975,1009.526248131844
2016,2976,990.053515574056
2017,2976,1000.0000000000756
2018,2976,1000.0000000000756
2019,2976,1000.0000000000756
2020,2976,1000.0000000000756
2021,2976,1009.9464843427353
2022,2976,990.053515574056
2023,2976,1019.8929686024992
2024,2976,1000.0000000000756
2025,2976,1019.8929686024992
2016,2977,971.4212682367627
2017,2977,1000.0000000000108
2018,2977,1000.0000000000108
2019,2977,1000.0000000000108
2020,2977,1000.0000000000108
2021,2977,1000.0000000000108
2022,2977,980.9475127313945
2023,2977,1000.0000000000108
2024,2977,980.9475127313945
2025,2977,1000.0000000000108
2016,2978,990.0535160905456
2017,2978,999.9999999999793
2018,2978,999.9999999999793
2019,2978,999.9999999999793
2020,2978,999.9999999999793
2021,2978,1009.9464838274499
2022,2978,990.0535160905456
2023,2978,1009.9464838274499
2024,2978,999.9999999999793
2025,2978,1009.9464838274499
2016,2979,971.4212843096137
2017,2979,999.9999999999471
2018,2979,999.9999999999471
2019,2979,999.9999999999471
2020,2979,999.9999999999471
2021,2979,999.9999999999471
2022,2979,971.4212843096137
2023,2979,999.9999999999471
2024,2979,980.9475234461795
2025,2979,999.9999999999471
2016,2980,990.0535166047632
2017,2980,999.9999999999361
2018,2980,999.9999999999361
2019,2980,999.9999999999361
2020,2980,999.9999999999361
2021,2980,1009.946483310118
2022,2980,980.1070331266974
2023,2980,1009.946483310118
2024,2980,999.9999999999361
2025,2980,1009.946483310118
2016,2981,971.4213003840422
2017,2981,999.9999999999616
2018,2981,999.9999999999616
2019,2981,999.9999999999616
2020,2981,999.9999999999616
2021,2981,999.9999999999616
2022,2981,971.4213003840422
2023,2981,999.9999999999616
2024,2981,980.9475341625495
2025,2981,999.9999999999616
2016,2982,1000.000000000053
2017,2982,1000.000000000053
2018,2982,1000.000000000053
2019,2982,1000.000000000053
2020,2982,1000.000000000053
2021,2982,1009.946482795752
2022,2982,980.1070341597389
2023,2982,1009.946482795752
2024,2982,1000.000000000053
2025,2982,1009.946482795752
2016,2983,971.4213164585477
2017,2983,1000.0000000000554
2018,2983,1000.0000000000554
2019,2983,1000.0000000000554
2020,2983,1000.0000000000554
2021,2983,1000.0000000000554
2022,2983,971.4213164585477
2023,2983,1000.0000000000554
2024,2983,980.9475448801564
2025,2983,1000.0000000000554
2016,2984,1000.0000000000512
2017,2984,1000.0000000000512
2018,2984,1000.0000000000512
2019,2984,1000.0000000000512
2020,2984,1000.0000000000512
2021,2984,1009.9464812483369
2022,2984,1000.0000000000512
2023,2984,1009.9464812483369
2024,2984,1009.9464812483369
2025,2984,1009.9464812483369
2016,2985,980.9475770290832
2017,2985,1000.0000000000529
2018,2985,1000.0000000000529
2019,2985,1000.0000000000529
2020,2985,1000.0000000000529
2021,2985,1000.0000000000529
2022,2985,961.8951517634935
2023,2985,1000.0000000000529
2024,2985,1000.0000000000529
2025,2985,1000.0000000000529
2016,2986,999.9999999999557
2017,2986,999.9999999999557
2018,2986,999.9999999999557
2019,2986,999.9999999999557
2020,2986,999.9999999999557
2021,2986,1009.9464795349876
2022,2986,990.0535203824937
2023,2986,999.9999999999557
2024,2986,999.9999999999557
2025,2986,1009.9464795349876
2016,2987,990.0535209813747
2017,2987,999.9999999999184
2018,2987,999.9999999999184
2019,2987,999.9999999999184
2020,2987,999.9999999999184
2021,2987,1009.9464789364988
2022,2987,990.0535209813747
2023,2987,999.9999999999184
2024,2987,999.9999999999184
2025,2987,1009.9464789364988
2016,2988,952.3689736619625
2017,2988,999.9999999999758
2018,2988,999.9999999999758
2019,2988,999.9999999999758
2020,2988,999.9999999999758
2021,2988,1009.5262035464907
2022,2988,952.3689736619625
2023,2988,999.9999999999758
2024,2988,999.9999999999758
2025,2988,999.9999999999758
2016,2989,999.9999999999958
2017,2989,999.9999999999958
2018,2989,999.9999999999958
2019,2989,999.9999999999958
2020,2989,999.9999999999958
2021,2989,1019.8929567575942
2022,2989,990.0535214961559
2023,2989,999.9999999999958
2024,2989,999.9999999999958
2025,2989,1009.9464784197758
2016,2990,971.4214019923976
2017,2990,1000.0000000000191
2018,2990,1000.0000000000191
2019,2990,1000.0000000000191
2020,2990,1000.0000000000191
2021,2990,1019.0523958050709
2022,2990,961.8952015098932
2023,2990,1000.0000000000191
2024,2990,1000.0000000000191
2025,2990,1000.0000000000191
2016,2991,999.9999999999147
2017,2991,999.9999999999147
2018,2991,999.9999999999147
2019,2991,1009.9464773060745
2020,2991,999.9999999999147
2021,2991,1019.8929545284086
2022,2991,990.0535226106279
2023,2991,999.9999999999147
2024,2991,999.9999999999147
2025,2991,999.9999999999147
2016,2992,971.4214197869078
2017,2992,1000.0000000000449
2018,2992,1000.0000000000449
2019,2992,1000.0000000000449
2020,2992,1000.0000000000449
2021,2992,1009.526192257328
2022,2992,961.8952252360554
2023,2992,1000.0000000000449
2024,2992,1000.0000000000449
2025,2992,1000.0000000000449
2016,2993,1000.0000000000759
2017,2993,1000.0000000000759
2018,2993,1000.0000000000759
2019,2993,1009.9464752439277
2020,2993,1009.9464752439277
2021,2993,1019.8929504051162
2022,2993,990.053524672166
2023,2993,1000.0000000000759
2024,2993,1009.9464752439277
2025,2993,1009.9464752439277
2016,2994,990.4738286016474
2017,2994,1000.0000000000324
2018,2994,1000.0000000000324
2019,2994,1000.0000000000324
2020,2994,1000.0000000000324
2021,2994,1000.0000000000324
2022,2994,971.4214840863257
2023,2994,1000.0000000000324
2024,2994,1000.0000000000324
2025,2994,1000.0000000000324
2016,2995,1000.0000000000041
2017,2995,1000.0000000000041
2018,2995,1000.0000000000041
2019,2995,1000.0000000000041
2020,2995,1000.0000000000041
2021,2995,1009.9464747291553
2022,2995,990.053525186793
2023,2995,1000.0000000000041
2024,2995,1000.0000000000041
2025,2995,1009.9464747291553
2016,2996,980.9476673447051
2017,2996,999.9999999999503
2018,2996,999.9999999999503
2019,2996,999.9999999999503
2020,2996,999.9999999999503
2021,2996,999.9999999999503
2022,2996,971.4215001590854
2023,2996,999.9999999999503
2024,2996,999.9999999999503
2025,2996,999.9999999999503
2016,2997,999.9999999998862
2017,2997,999.9999999998862
2018,2997,999.9999999998862
2019,2997,1029.8394200483897
2020,2997,1029.8394200483897
2021,2997,1039.7858932313252
2022,2997,999.9999999998862
2023,2997,1019.8929467818599
2024,2997,1029.8394200483897
2025,2997,1049.732366330668
2016,2998,990.473864386916
2017,2998,1000.0000000000279
2018,2998,1000.0000000000279
2019,2998,1009.526135038582
2020,2998,1009.526135038582
2021,2998,1009.526135038582
2022,2998,980.9477282020399
2023,2998,1000.0000000000279
2024,2998,1009.526135038582
2025,2998,1019.0522695038612
2016,2999,1000.0000000001124
2017,2999,1000.0000000001124
2018,2999,1000.0000000001124
2019,2999,1029.8394187526874
2020,2999,1039.785891502792
2021,2999,1039.785891502792
2022,2999,1000.0000000001124
2023,2999,1019.892945918523
2024,2999,1039.785891502792
2025,2999,1049.7323641704695
2016,3000,990.4738745312217
2017,3000,999.9999999999857
2018,3000,999.9999999999857
2019,3000,1009.5261248955886
2020,3000,999.9999999999857
2021,3000,1009.5261248955886
2022,3000,980.947748488019
2023,3000,999.9999999999857
2024,3000,1009.5261248955886
2025,3000,1019.0522492179144
2016,3001,1000.0000000000484
2017,3001,1000.0000000000484
2018,3001,1000.0000000000484
2019,3001,1019.0522002232666
2020,3001,1009.5261003974814
2021,3001,1019.0522002232666
2022,3001,1000.0000000000484
2023,3001,1019.0522002232666
2024,3001,1019.0522002232666
2025,3001,1028.5782994743774
2016,3002,1009.9464723030402
2017,3002,1000.0000000000936
2018,3002,1000.0000000000936
2019,3002,1049.7323606819198
2020,3002,1029.839416659317
2021,3002,1049.7323606819198
2022,3002,1000.0000000000936
2023,3002,1039.7858887124148
2024,3002,1079.5717760926009
2025,3002,1099.464719283231
2016,3003,1000.0000000000508
2017,3003,1000.0000000000508
2018,3003,1000.0000000000508
2019,3003,1009.5260854706589
2020,3003,1009.5260854706589
2021,3003,1019.0521703665925
2022,3003,1000.0000000000508
2023,3003,1019.0521703665925
2024,3003,1019.0521703665925
2025,3003,1028.5782546883177
2016,3004,1009.5260806855065
2017,3004,1000.0000000000487
2018,3004,1000.0000000000487
2019,3004,1019.0521607964097
2020,3004,1009.5260806855065
2021,3004,1019.0521607964097
2022,3004,1000.0000000000487
2023,3004,1019.0521607964097
2024,3004,1019.0521607964097
2025,3004,1028.5782403331038
2016,3005,1019.8929439919633
2017,3005,999.999999999909
2018,3005,999.999999999909
2019,3005,1089.518245339586
2020,3005,1039.7858876501105
2021,3005,1089.518245339586
2022,3005,1009.9464720377325
2023,3005,1079.5717739686434
2024,3005,1089.518245339586
2025,3005,1119.3576589552756
2016,3006,1079.5717731755428
2017,3006,999.9999999999751
2018,3006,999.9999999999751
2019,3006,1119.357657765706
2020,3006,1099.464715637578
2021,3006,1119.357657765706
2022,3006,1039.7858872532438
2023,3006,1119.357657765706
2024,3006,1129.3041287053131
2025,3006,1149.1970703346751
2016,3007,990.4739533853096
2017,3007,1000.0000000000026
2018,3007,1000.0000000000026
2019,3007,1009.5260460401377
2020,3007,1000.0000000000026
2021,3007,1009.5260460401377
2022,3007,1000.0000000000026
2023,3007,1009.5260460401377
2024,3007,1009.5260460401377
2025,3007,1028.5781364038346
2016,3008,1000.00000000004
2017,3008,1000.00000000004
2018,3008,1000.00000000004
2019,3008,1000.00000000004
2020,3008,1000.00000000004
2021,3008,986.8100759741731
2022,3008,1013.1899118677893
2023,3008,1013.7594164571613
2024,3008,1020.6391240986097
2025,3008,1020.6391240986097
2016,3009,1009.5258988341277
2017,3009,999.9999999999524
2018,3009,999.9999999999524
2019,3009,1009.5258988341277
2020,3009,1009.5258988341277
2021,3009,999.9999999999524
2022,3009,1019.0517970937452
2023,3009,1019.0518064468671
2024,3009,1028.5777153930196
2025,3009,1028.5777153930196
2016,3010,1009.5258940482116
2017,3010,999.9999999999997
2018,3010,999.9999999999997
2019,3010,999.9999999999997
2020,3010,1009.5258940482116
2021,3010,990.4741072888124
2022,3010,1019.0517875218686
2023,3010,1009.5258965296957
2024,3010,1019.051796874871
2025,3010,1019.051796874871
2016,3011,1009.525889262177
2017,3011,1000.000000000042
2018,3011,1000.000000000042
2019,3011,1000.000000000042
2020,3011,1009.525889262177
2021,3011,990.474110166146
2022,3011,1009.5258917436582
2023,3011,1009.525889262177
2024,3011,1019.0517779498706
2025,3011,1019.0517779498706
2016,3012,1013.1898732616949
2017,3012,999.9999999998992
2018,3012,999.9999999998992
2019,3012,999.9999999998992
2020,3012,1013.1898732616949
2021,3012,986.8101145831916
2022,3012,1013.1898732616949
2023,3012,1013.1898732616949
2024,3012,1026.3797342930552
2025,3012,1026.3797342930552
2016,3013,1019.0517599516356
2017,3013,999.9999999999548
2018,3013,999.9999999999548
2019,3013,1009.5258802616759
2020,3013,1019.0517599516356
2021,3013,999.9999999999548
2022,3013,1019.0517599516356
2023,3013,1019.0517599516356
2024,3013,1028.5776390671508
2025,3013,1028.5776390671508
2016,3014,1019.0517503795211
2017,3014,1000.0000000000024
2018,3014,1000.0000000000024
2019,3014,1009.5258754756439
2020,3014,1019.0517503795211
2021,3014,1000.0000000000024
2022,3014,1009.5258779572415
2023,3014,1009.5258779572415
2024,3014,1028.5776247087242
2025,3014,1028.5776247087242
2016,3015,1019.0517408071042
2017,3015,999.9999999999743
2018,3015,999.9999999999743
2019,3015,1009.5258706895363
2020,3015,1009.5258731711368
2021,3015,999.9999999999743
2022,3015,1009.5258706895363
2023,3015,1009.5258706895363
2024,3015,1028.577610350344
2025,3015,1028.577610350344
2016,3016,1009.5258683849994
2017,3016,1000.0000000000358
2018,3016,1000.0000000000358
2019,3016,1009.5258659032858
2020,3016,1009.5258659032858
2021,3016,1000.0000000000358
2022,3016,1009.5258659032858
2023,3016,1009.5258659032858
2024,3016,1019.0517405883558
2025,3016,1028.5775959919317
2016,3017,1009.5258611170358
2017,3017,999.9999999999818
2018,3017,999.9999999999818
2019,3017,1009.5258611170358
2020,3017,1009.5258611170358
2021,3017,999.9999999999818
2022,3017,1009.5258611170358
2023,3017,1009.5258611170358
2024,3017,1019.0517216624419
2025,3017,1028.5775816332903
2016,3018,1009.5258563307991
2017,3018,999.9999999999438
2018,3018,999.9999999999438
2019,3018,999.9999999999438
2020,3018,1009.5258563307991
2021,3018,999.9999999999438
2022,3018,1009.5258563307991
2023,3018,1009.5258563307991
2024,3018,1019.0517120900096
2025,3018,1019.051721443012
2016,3019,1006.8796913193606
2017,3019,999.9999999999975
2018,3019,999.9999999999975
2019,3019,999.9999999999975
2020,3019,1006.8796913193606
2021,3019,999.9999999999975
2022,3019,1013.1898051006864
2023,3019,1013.1898051006864
2024,3019,1026.3795979744013
2025,3019,1026.3795979744013
2016,3020,1009.5258498129928
2017,3020,1000.0000000000114
2018,3020,1000.0000000000114
2019,3020,1009.5258473315116
2020,3020,1009.5258498129928
2021,3020,1009.5258473315116
2022,3020,1019.0516940899672
2023,3020,1019.0516940899672
2024,3020,1028.5775402766583
2025,3020,1028.5775402766583
2016,3021,1013.1897861933386
2017,3021,999.999999999924
2018,3021,999.999999999924
2019,3021,1006.8796881822035
2020,3021,1013.1897861933386
2021,3021,1006.8796881822035
2022,3021,1013.1897861933386
2023,3021,1020.639058583553
2024,3021,1027.518741278207
2025,3021,1026.3795601580484
2016,3022,1019.0516760911702
2017,3022,1000.0000000000341
2018,3022,1000.0000000000341
2019,3022,1009.5258408141297
2020,3022,1019.0516760911702
2021,3022,1009.5258408141297
2022,3022,1019.0516760911702
2023,3022,1028.5775132771132
2024,3022,1038.1033498911786
2025,3022,1028.5775338924918
2016,3023,1019.0516665186144
2017,3023,999.9999999999847
2018,3023,999.9999999999847
2019,3023,1009.525833545822
2020,3023,1019.0516665186144
2021,3023,1009.525833545822
2022,3023,1019.0516665186144
2023,3023,1019.0516758718528
2024,3023,1028.577519533392
2025,3023,1028.5774989181325
2016,3024,1009.525831240817
2017,3024,1000.0000000000427
2018,3024,1000.0000000000427
2019,3024,1009.5258287595686
2020,3024,1019.0516569459334
2021,3024,1009.5258287595686
2022,3024,1019.0516569459334
2023,3024,1019.0516569459334
2024,3024,1028.5774845590208
2025,3024,1028.5774845590208
2016,3025,1009.5258239730782
2017,3025,999.9999999999802
2018,3025,999.9999999999802
2019,3025,1009.5258239730782
2020,3025,1009.5258264547922
2021,3025,1009.5258239730782
2022,3025,1019.0516473731318
2023,3025,1009.5258264547922
2024,3025,1028.5774702000274
2025,3025,1028.5774702000274
2016,3026,1009.5258191867323
2017,3026,999.9999999999455
2018,3026,999.9999999999455
2019,3026,1009.5258191867323
2020,3026,1009.5258191867323
2021,3026,999.9999999999455
2022,3026,1019.0516378003582
2023,3026,1009.5258191867323
2024,3026,1028.577455840826
2025,3026,1028.577455840826
2016,3027,999.9999999999895
2017,3027,999.9999999999895
2018,3027,999.9999999999895
2019,3027,999.9999999999895
2020,3027,1013.1897278833271
2021,3027,999.9999999999895
2022,3027,1013.1897278833271
2023,3027,1013.1897278833271
2024,3027,1026.3794435379486
2025,3027,1026.3794435379486
2016,3028,1009.5258101884069
2017,3028,1000.0000000000355
2018,3028,1000.0000000000355
2019,3028,1009.5258101884069
2020,3028,1019.05161980234
2021,3028,1009.5258101884069
2022,3028,1019.05161980234
2023,3028,1019.05161980234
2024,3028,1028.577428843109
2025,3028,1028.577428843109
2016,3029,1000.0000000000402
2017,3029,1000.0000000000402
2018,3029,1000.0000000000402
2019,3029,1006.8796730313442
2020,3029,1013.1896991246144
2021,3029,1013.1896991246144
2022,3029,1013.1896991246144
2023,3029,1020.6390131300731
2024,3029,1026.3793860186684
2025,3029,1026.3793860186684
2016,3030,1009.525796400752
2017,3030,1000.0000000000099
2018,3030,1000.0000000000099
2019,3030,1009.5257988823525
2020,3030,1019.0515922296165
2021,3030,1019.0515922296165
2022,3030,1019.0515922296165
2023,3030,1028.5773874841557
2024,3030,1028.577408099648
2025,3030,1028.577408099648
2016,3031,1009.525791614276
2017,3031,999.999999999961
2018,3031,999.999999999961
2019,3031,1009.525791614276
2020,3031,1009.5257940955275
2021,3031,1009.5257940955275
2022,3031,1019.0515826567137
2023,3031,1019.0515920100685
2024,3031,1028.5773731247098
2025,3031,1028.5773731247098
2016,3032,1009.5257868278231
2017,3032,1000.0000000000482
2018,3032,1000.0000000000482
2019,3032,1009.5257868278231
2020,3032,1009.5257868278231
2021,3032,1009.5257868278231
2022,3032,1009.5257893087253
2023,3032,1019.0515730837174
2024,3032,1028.5773587651734
2025,3032,1028.5773587651734
2016,3033,999.999999999934
2017,3033,999.999999999934
2018,3033,999.999999999934
2019,3033,999.999999999934
2020,3033,1013.1896605121506
2021,3033,1006.8796663426051
2022,3033,1006.8796663426051
2023,3033,1013.759329100326
2024,3033,1027.518653919198
2025,3033,1034.3983155039366
2016,3034,1009.5257778278606
2017,3034,1000.0000000000031
2018,3034,1000.0000000000031
2019,3034,1009.5257778278606
2020,3034,1019.0515550823241
2021,3034,1009.5257803098073
2022,3034,1009.5257803098073
2023,3034,1019.0515644361416
2024,3034,1038.1031078730514
2025,3034,1038.1031078730514
2016,3035,1009.5257730410949
2017,3035,1000.0000000000101
2018,3035,1000.0000000000101
2019,3035,1009.5257730410949
2020,3035,1009.5257755226925
2021,3035,1009.5257730410949
2022,3035,1009.5257730410949
2023,3035,1019.0515455091321
2024,3035,1028.577338021485
2025,3035,1038.1030887265467
2016,3036,1000.0000000000273
2017,3036,1000.0000000000273
2018,3036,1000.0000000000273
2019,3036,1000.0000000000273
2020,3036,1000.0000000000273
2021,3036,1009.5257448955005
2022,3036,1009.5257448955005
2023,3036,1009.5257448955005
2024,3036,1028.5772329640504
2025,3036,1019.0514985701165
2016,3037,993.1203504917836
2017,3037,1000.0000000000072
2018,3037,1000.0000000000072
2019,3037,1000.0000000000072
2020,3037,1000.0000000000072
2021,3037,1000.0000000000072
2022,3037,1000.0000000000072
2023,3037,1006.8796511900791
2024,3037,1020.6389476065256
2025,3037,1026.3791346469582
2016,3038,993.1203518542861
2017,3038,1000.0000000000783
2018,3038,1000.0000000000783
2019,3038,1000.0000000000783
2020,3038,1006.8796498284622
2021,3038,1013.1895643781664
2022,3038,1013.1895643781664
2023,3038,1013.1895643781664
2024,3038,1026.3791165285254
2025,3038,1027.5185878622906
2016,3039,1000.0000000000329
2017,3039,1000.0000000000329
2018,3039,1000.0000000000329
2019,3039,1000.0000000000329
2020,3039,1009.5257341611599
2021,3039,1019.0514627854623
2022,3039,1019.0514627854623
2023,3039,1019.0514627854623
2024,3039,1028.577213938123
2025,3039,1038.102923280931
2016,3040,993.1203549905583
2017,3040,1000.0000000001088
2018,3040,1000.0000000001088
2019,3040,1000.0000000001088
2020,3040,1006.8796466900324
2021,3040,1006.8796466900324
2022,3040,1006.8796466900324
2023,3040,1013.7592897953351
2024,3040,1034.3982172432516
2025,3040,1034.3982172432516
2016,3041,990.4742786557273
2017,3041,999.999999999966
2018,3041,999.999999999966
2019,3041,1009.5257226795999
2020,3041,1009.5257251620152
2021,3041,1009.5257251620152
2022,3041,1009.5257251620152
2023,3041,1019.0514541393105
2024,3041,1038.1028872789582
2025,3041,1038.1028872789582
2016,3042,990.4742815338511
2017,3042,999.9999999999882
2018,3042,999.9999999999882
2019,3042,999.9999999999882
2020,3042,1009.5257178927313
2021,3042,1009.5257178927313
2022,3042,1009.5257178927313
2023,3042,1009.5257203746811
2024,3042,1038.1028681313019
2025,3042,1038.1028681313019
2016,3043,986.8104711332566
2017,3043,1000.0000000000157
2018,3043,1000.0000000000157
2019,3043,1000.0000000000157
2020,3043,1000.0000000000157
2021,3043,1000.0000000000157
2022,3043,1000.0000000000157
2023,3043,1006.8796417775
2024,3043,1020.638919368113
2025,3043,1026.3790211846963
2016,3044,1000.0000000000493
2017,3044,1000.0000000000493
2018,3044,1000.0000000000493
2019,3044,1006.8796355035433
2020,3044,1000.0000000000493
2021,3044,1000.0000000000493
2022,3044,1000.0000000000493
2023,3044,1013.7592674217584
2024,3044,1026.3789455465094
2025,3044,1027.5185305599616
2016,3045,1009.5256908906998
2017,3045,999.9999999999446
2018,3045,999.9999999999446
2019,3045,1009.5256933728825
2020,3045,1009.5256908906998
2021,3045,999.9999999999446
2022,3045,1009.5256908906998
2023,3045,1019.0513905639768
2024,3045,1028.577070953545
2025,3045,1038.102760124238
2016,3046,999.9999999999599
2017,3046,999.9999999999599
2018,3046,999.9999999999599
2019,3046,1009.5256861038288
2020,3046,1009.5256861038288
2021,3046,999.9999999999599
2022,3046,1009.5256861038288
2023,3046,1009.5256885861276
2024,3046,1028.577056592322
2025,3046,1028.5770772107276
2016,3047,990.4743200185254
2017,3047,999.9999999999937
2018,3047,999.9999999999937
2019,3047,1009.5256813166242
2020,3047,1009.5256813166242
2021,3047,999.9999999999937
2022,3047,999.9999999999937
2023,3047,1009.5256813166242
2024,3047,1019.0513714151973
2025,3047,1028.5770422309897
2016,3048,986.8105475684916
2017,3048,1000.0000000000128
2018,3048,1000.0000000000128
2019,3048,1006.879628813908
2020,3048,1006.879628813908
2021,3048,1000.0000000000128
2022,3048,1000.0000000000128
2023,3048,1006.879628813908
2024,3048,1020.6388804775861
2025,3048,1026.378868317168
2016,3049,990.4743290199287
2017,3049,1000.0000000000089
2018,3049,1000.0000000000089
2019,3049,1009.5256747977828
2020,3049,1009.5256747977828
2021,3049,1009.5256723157167
2022,3049,1009.5256723157167
2023,3049,1009.5256747977828
2024,3049,1028.5770152282373
2025,3049,1028.5770152282373
2016,3050,986.2407484259024
2017,3050,999.9999999999468
2018,3050,999.9999999999468
2019,3050,1013.1894213618344
2020,3050,1006.8796256763907
2021,3050,999.9999999999468
2022,3050,1013.1894213618344
2023,3050,1013.1894213618344
2024,3050,1026.378830492947
2025,3050,1026.378830492947
2016,3051,990.4743361106995
2017,3051,1000.0000000000462
2018,3051,1000.0000000000462
2019,3051,1019.0513260561166
2020,3051,1009.5256657966685
2021,3051,1009.5256633148381
2022,3051,1019.0513260561166
2023,3051,1019.0513260561166
2024,3051,1028.5769882238878
2025,3051,1028.5770088421768
2016,3052,986.8105853870862
2017,3052,1000.0000000000912
2018,3052,1000.0000000000912
2019,3052,1013.1894024524935
2020,3052,1006.8796225387294
2021,3052,1006.8796225387294
2022,3052,1013.1894024524935
2023,3052,1013.7592414921739
2024,3052,1020.6388616512247
2025,3052,1027.518478700677
2016,3053,999.9999999999959
2017,3053,999.9999999999959
2018,3053,999.9999999999959
2019,3053,1009.5256430069746
2020,3053,1009.5256405251441
2021,3053,999.9999999999959
2022,3053,1019.0512804781791
2023,3053,1019.0512804781791
2024,3053,1028.5769198565397
2025,3053,1028.5769198565397
2016,3054,993.1203871945798
2017,3054,999.9999999999945
2018,3054,999.9999999999945
2019,3054,1006.8796144877571
2020,3054,999.9999999999945
2021,3054,999.9999999999945
2022,3054,1013.7592253900818
2023,3054,1013.1893547760292
2024,3054,1026.378697322775
2025,3054,1026.378697322775
2016,3055,990.474369809505
2017,3055,999.999999999983
2018,3055,999.999999999983
2019,3055,1009.5256340053612
2020,3055,1009.5256315238771
2021,3055,1009.5256315238771
2022,3055,1019.0512718291288
2023,3055,1019.051262474377
2024,3055,1028.5768928526504
2025,3055,1028.576913471638
2016,3056,986.8106519724673
2017,3056,1000.0000000000877
2018,3056,1000.0000000000877
2019,3056,1006.8796113495847
2020,3056,1006.8796113495847
2021,3056,1000.0000000000877
2022,3056,1006.8796113495847
2023,3056,1013.189335866362
2024,3056,1026.3786595018607
2025,3056,1026.3786595018607
2016,3057,999.9999999999786
2017,3057,999.9999999999786
2018,3057,999.9999999999786
2019,3057,1009.5256177364362
2020,3057,1009.5256177364362
2021,3057,1009.5256177364362
2022,3057,1009.5256177364362
2023,3057,1019.0512348981031
2024,3057,1028.5768514862625
2025,3057,1028.5768514862625
2016,3058,993.120395246202
2017,3058,1000.0000000001163
2018,3058,1000.0000000001163
2019,3058,1000.0000000001163
2020,3058,1000.0000000001163
2021,3058,1000.0000000001163
2022,3058,1006.8796064367073
2023,3058,1013.1893071023087
2024,3058,1020.6388133446939
2025,3058,1013.7592092883483
2016,3059,990.4743926016324
2017,3059,1000.0000000000513
2018,3059,1000.0000000000513
2019,3059,1009.5256087323519
2020,3059,1000.0000000000513
2021,3059,1009.5256087323519
2022,3059,1009.5256112143016
2023,3059,1019.0512168938225
2024,3059,1028.5768450992566
2025,3059,1019.0512262492693
2016,3060,986.8106996511755
2017,3060,1000.0000000000155
2018,3060,1000.0000000000155
2019,3060,1000.0000000000155
2020,3060,1000.0000000000155
2021,3060,1000.0000000000155
2022,3060,1006.8796032980545
2023,3060,1013.1892881875947
2024,3060,1020.6388039302532
2025,3060,1026.3785641476043
2016,3061,993.1203997453654
2017,3061,999.999999999966
2018,3061,999.999999999966
2019,3061,1013.1892791300913
2020,3061,999.999999999966
2021,3061,999.999999999966
2022,3061,1013.1892791300913
2023,3061,1013.7592002880848
2024,3061,1020.6387998447879
2025,3061,1027.5183962919657
2016,3062,993.120401107003
2017,3062,1000.0000000000807
2018,3062,1000.0000000000807
2019,3062,1013.7591975643479
2020,3062,1000.0000000000807
2021,3062,1000.0000000000807
2022,3062,1013.7591975643479
2023,3062,1026.3785279121112
2024,3062,1026.3785279121112
2025,3062,1034.3979866603727
2016,3063,993.120402468453
2017,3063,1000.0000000000235
2018,3063,1000.0000000000235
2019,3063,1013.7591948407768
2020,3063,1000.0000000000235
2021,3063,1006.8795992131984
2022,3063,1013.7591948407768
2023,3063,1027.5183853981832
2024,3063,1027.5183853981832
2025,3063,1034.3979798521095
2016,3064,999.9999999999475
2017,3064,999.9999999999475
2018,3064,999.9999999999475
2019,3064,1019.0511829629061
2020,3064,1009.5255870913298
2021,3064,1009.5255895732796
2022,3064,1019.0511829629061
2023,3064,1038.102344919995
2024,3064,1038.102344919995
2025,3064,1047.6279297145456
2016,3065,993.1204056066858
2017,3065,1000.0000000000206
2018,3065,1000.0000000000206
2019,3065,1006.8795960759472
2020,3065,1000.0000000000206
2021,3065,1006.8795960759472
2022,3065,1006.8795960759472
2023,3065,1020.6387822618731
2024,3065,1020.6387822618731
2025,3065,1027.518372847944
2016,3066,990.4744232470604
2017,3066,999.999999999964
2018,3066,999.999999999964
2019,3066,1009.5255805707912
2020,3066,1009.5255780881461
2021,3066,1009.5255805707912
2022,3066,1009.5255805707912
2023,3066,1028.5767531659965
2024,3066,1028.5767531659965
2025,3066,1038.1023451889712
2016,3067,980.9488598864439
2017,3067,999.9999999999785
2018,3067,999.9999999999785
2019,3067,1009.5255733005799
2020,3067,999.9999999999785
2021,3067,999.9999999999785
2022,3067,1009.5255733005799
2023,3067,1019.0511553840528
2024,3067,1019.0511553840528
2025,3067,1028.5767388024549
2016,3068,979.3612255957333
2017,3068,999.9999999999725
2018,3068,999.9999999999725
2019,3068,999.9999999999725
2020,3068,999.9999999999725
2021,3068,986.2408174550551
2022,3068,1006.8795911615665
2023,3068,1013.1892133347632
2024,3068,1020.6387675194738
2025,3068,1020.6387675194738
2016,3069,986.8107835646143
2017,3069,999.9999999999732
2018,3069,999.9999999999732
2019,3069,1006.8795897997605
2020,3069,999.9999999999732
2021,3069,986.8107835646143
2022,3069,1006.8795897997605
2023,3069,1020.6387634335671
2024,3069,1026.3783963198448
2025,3069,1026.3783963198448
2016,3070,1000.0000000000152
2017,3070,1000.0000000000152
2018,3070,1000.0000000000152
2019,3070,1009.5255625668938
2020,3070,1009.5255600844815
2021,3070,990.4744412488485
2022,3070,1009.5255625668938
2023,3070,1028.5766785329995
2024,3070,1028.5766991536195
2025,3070,1028.5766991536195
2016,3071,990.4744460369174
2017,3071,1000.0000000000387
2018,3071,1000.0000000000387
2019,3071,1009.5255552968088
2020,3071,1009.5255552968088
2021,3071,990.4744441281284
2022,3071,1009.5255552968088
2023,3071,1019.0511193758709
2024,3071,1028.5766641698242
2025,3071,1028.5766641698242
2016,3072,986.2408300060346
2017,3072,1000.0000000000117
2018,3072,1000.0000000000117
2019,3072,1000.0000000000117
2020,3072,1000.0000000000117
2021,3072,986.2408300060346
2022,3072,1000.0000000000117
2023,3072,1013.7591661859079
2024,3072,1020.638748691627
2025,3072,1020.638748691627
2016,3073,986.2408327301848
2017,3073,1000.0000000000457
2018,3073,1000.0000000000457
2019,3073,1000.0000000000457
2020,3073,1006.8795835246418
2021,3073,986.2408327301848
2022,3073,1000.0000000000457
2023,3073,1013.7591634633861
2024,3073,1020.6387446071636
2025,3073,1026.3783206711958
2016,3074,986.2408354537242
2017,3074,1000.000000000017
2018,3074,1000.000000000017
2019,3074,1006.8795821620915
2020,3074,1013.189157391312
2021,3074,986.8108304486075
2022,3074,1000.000000000017
2023,3074,1020.6387405212892
2024,3074,1026.3783025525636
2025,3074,1027.5183171939225
2016,3075,980.9489307542841
2017,3075,999.999999999968
2018,3075,999.999999999968
2019,3075,1009.5255403489435
2020,3075,1019.0510751594616
2021,3075,990.4744634696177
2022,3075,999.999999999968
2023,3075,1028.5766118800486
2024,3075,1028.5766325011343
2025,3075,1038.1021480256122
2016,3076,979.3612620080575
2017,3076,1000.0000000000866
2018,3076,1000.0000000000866
2019,3076,1006.8795790247405
2020,3076,1006.8795790247405
2021,3076,986.8108493648348
2022,3076,993.1204226585236
2023,3076,1020.6387311072078
2024,3076,1026.3782647222915
2025,3076,1027.5183046416034
2016,3077,986.2408444518599
2017,3077,999.9999999999403
2018,3077,999.9999999999403
2019,3077,1006.8795776618787
2020,3077,1013.1891294179034
2021,3077,993.1204240190332
2022,3077,993.1204240190332
2023,3077,1026.378246606067
2024,3077,1027.5182991928023
2025,3077,1027.5182991928023
2016,3078,990.4744747761644
2017,3078,1000.0000000000178
2018,3078,1000.0000000000178
2019,3078,1009.5255271341732
2020,3078,1019.0510487267312
2021,3078,990.4744766847203
2022,3078,1000.0000000000178
2023,3078,1028.5765928504438
2024,3078,1038.1020951588243
2025,3078,1038.102131435935
2016,3079,986.8108773341626
2017,3079,1000.0000000000597
2018,3079,1000.0000000000597
2019,3079,1006.8795745245926
2020,3079,1013.1891105076577
2021,3079,986.2408507287654
2022,3079,993.1204271574605
2023,3079,1020.6387176075602
2024,3079,1026.3782087794475
2025,3079,1027.5182866414207
2016,3080,990.4744856871258
2017,3080,999.9999999999548
2018,3080,999.9999999999548
2019,3080,1009.5255181300121
2020,3080,1019.0510307235935
2021,3080,980.9489751910568
2022,3080,999.9999999999548
2023,3080,1028.576565844023
2024,3080,1028.576565844023
2025,3080,1038.1020591498184
2016,3081,986.8108962477551
2017,3081,1000.000000000075
2018,3081,1000.000000000075
2019,3081,1006.8795713867114
2020,3081,1006.8795713867114
2021,3081,979.3612849211969
2022,3081,1000.000000000075
2023,3081,1020.6387081941303
2024,3081,1026.3781709539426
2025,3081,1034.3978407169711
2016,3082,999.9999999999856
2017,3082,999.9999999999856
2018,3082,999.9999999999856
2019,3082,1009.525509127927
2020,3082,1009.525509127927
2021,3082,971.4234955189463
2022,3082,1009.5255066457444
2023,3082,1028.576518217316
2024,3082,1028.5765388384016
2025,3082,1038.1020231405653
2016,3083,993.1204334335222
2017,3083,999.9999999999852
2018,3083,999.9999999999852
2019,3083,1006.879568248467
2020,3083,1006.879568248467
2021,3083,972.4817222768521
2022,3083,1006.879568248467
2023,3083,1020.6386987790887
2024,3083,1026.3781331260902
2025,3083,1027.518261537715
2016,3084,993.120434794611
2017,3084,999.9999999999873
2018,3084,999.9999999999873
2019,3084,1006.8795668866387
2020,3084,1013.1890636203046
2021,3084,971.2386137082963
2022,3084,1013.1890636203046
2023,3084,1020.6386946937592
2024,3084,1027.518256089982
2025,3084,1034.3978182164717
2016,3085,993.1204361566811
2017,3085,999.9999999999989
2018,3085,999.9999999999989
2019,3085,1013.1890545621509
2020,3085,1013.7591274641617
2021,3085,965.6021645691726
2022,3085,1020.6386906087645
2023,3085,1026.3780968898961
2024,3085,1027.5182506432582
2025,3085,1039.5671269854533
2016,3086,999.9999999999474
2017,3086,999.9999999999474
2018,3086,999.9999999999474
2019,3086,1019.0509787835015
2020,3086,1019.0509787835015
2021,3086,971.4235604541718
2022,3086,1028.5764739029862
2023,3086,1038.1019365601385
2024,3086,1038.1019728388817
2025,3086,1047.6274755922352
2016,3087,993.1204406568027
2017,3087,999.9999999999618
2018,3087,999.9999999999618
2019,3087,1006.8795610244812
2020,3087,1006.8795610244812
2021,3087,972.4817511701299
2022,3087,1006.8795610244812
2023,3087,1020.6386771076668
2024,3087,1020.6386771076668
2025,3087,1034.3977889078458
2016,3088,993.1204420183803
2017,3088,1000.0000000000575
2018,3088,1000.0000000000575
2019,3088,1006.8795596627664
2020,3088,1013.1890175280837
2021,3088,972.4817566176395
2022,3088,1006.8795596627664
2023,3088,1020.6386730225742
2024,3088,1026.3780228238363
2025,3088,1034.397782098218
2016,3089,1000.0000000000168
2017,3089,1000.0000000000168
2018,3089,1000.0000000000168
2019,3089,1009.5254742677297
2020,3089,1019.05094299466
2021,3089,980.9490547124998
2022,3089,1009.5254742677297
2023,3089,1028.5764342530974
2024,3089,1028.5764342530974
2025,3089,1047.62740951133
2016,3090,993.1204451572196
2017,3090,1000.0000000000863
2018,3090,1000.0000000000863
2019,3090,1006.8795565255563
2020,3090,1006.8795565255563
2021,3090,973.6219662210341
2022,3090,1013.1889986152504
2023,3090,1020.6386636093144
2024,3090,1026.3779849956786
2025,3090,1034.3977664086535
2016,3091,1000.0000000000241
2017,3091,1000.0000000000241
2018,3091,1000.0000000000241
2019,3091,1009.5254520464977
2020,3091,1009.5254520464977
2021,3091,990.4745517697312
2022,3091,1009.5254520464977
2023,3091,1019.0509079096146
2024,3091,1028.5763675915923
2025,3091,1038.1018310923089
2016,3092,993.1204527946604
2017,3092,1000.0000000000218
2018,3092,1000.0000000000218
2019,3092,1000.0000000000218
2020,3092,1000.0000000000218
2021,3092,986.2409020031181
2022,3092,1000.0000000000218
2023,3092,1013.7590941874435
2024,3092,1013.7590941874435
2025,3092,1027.5181840892992
2016,3093,999.9999999999939
2017,3093,999.9999999999939
2018,3093,999.9999999999939
2019,3093,1009.525438829187
2020,3093,1009.525438829187
2021,3093,990.4745630794732
2022,3093,1009.525438829187
2023,3093,1019.0508814777037
2024,3093,1028.5763073193334
2025,3093,1038.1017782228132
2016,3094,993.1204572951505
2017,3094,1000.0000000000013
2018,3094,1000.0000000000013
2019,3094,1000.0000000000013
2020,3094,1006.8795443868707
2021,3094,986.8110640883677
2022,3094,1000.0000000000013
2023,3094,1013.1889237504477
2024,3094,1020.638627194512
2025,3094,1027.5181660909527
2016,3095,999.999999999981
2017,3095,999.999999999981
2018,3095,999.999999999981
2019,3095,1009.5254256117988
2020,3095,1009.5254256117988
2021,3095,1009.5254231291508
2022,3095,1009.5254256117988
2023,3095,1019.0508550415433
2024,3095,1028.576288289334
2025,3095,1038.1017253555142
2016,3096,993.1204617947725
2017,3096,1000.0000000000174
2018,3096,1000.0000000000174
2019,3096,1000.0000000000174
2020,3096,1006.8795398867076
2021,3096,1000.0000000000174
2022,3096,1000.0000000000174
2023,3096,1013.7590761869618
2024,3096,1013.7590761869618
2025,3096,1027.5181480894985
2016,3097,993.1204631571563
2017,3097,999.9999999999523
2018,3097,999.9999999999523
2019,3097,999.9999999999523
2020,3097,1006.8795385254251
2021,3097,999.9999999999523
2022,3097,999.9999999999523
2023,3097,1013.7590734643027
2024,3097,1020.6386096091154
2025,3097,1027.5181426430022
2016,3098,990.4745914229686
2017,3098,999.9999999999658
2018,3098,999.9999999999658
2019,3098,1009.5254099117757
2020,3098,1009.525412394424
2021,3098,990.4745914229686
2022,3098,999.9999999999658
2023,3098,1019.0508286080922
2024,3098,1028.576228014638
2025,3098,1038.1016724860601
2016,3099,986.240929004526
2017,3099,999.9999999999932
2018,3099,999.9999999999932
2019,3099,999.9999999999932
2020,3099,999.9999999999932
2021,3099,986.240929004526
2022,3099,999.9999999999932
2023,3099,1006.8795353868196
2024,3099,1013.7590671875384
2025,3099,1027.5181300900176
2016,3100,986.2409317275021
2017,3100,999.9999999999252
2018,3100,999.9999999999252
2019,3100,999.9999999999252
2020,3100,999.9999999999252
2021,3100,986.8111290972331
2022,3100,1006.8795340244492
2023,3100,1013.1888587409308
2024,3100,1013.7590644628659
2025,3100,1027.5181246413874
2016,3101,986.2409344505761
2017,3101,999.9999999999638
2018,3101,999.9999999999638
2019,3101,999.9999999999638
2020,3101,1006.8795326630071
2021,3101,993.1204690186103
2022,3101,1006.8795326630071
2023,3101,1013.75906173954
2024,3101,1026.3776871296482
2025,3101,1027.518119194453
2016,3102,980.1069752166916
2017,3102,999.9999999999686
2018,3102,999.9999999999686
2019,3102,999.9999999999686
2020,3102,1009.946513497529
2021,3102,990.0534872400775
2022,3102,999.9999999999686
2023,3102,1019.8930277315932
2024,3102,1029.8395472622997
2025,3102,1049.7325748556116
2016,3103,993.1204699659779
2017,3103,1000.0000000000391
2018,3103,1000.0000000000391
2019,3103,1006.8795317152169
2020,3103,1013.7590598443726
2021,3103,1000.0000000000391
2022,3103,1006.8795317152169
2023,3103,1020.6385891801217
2024,3103,1034.3976423602044
2025,3103,1041.2771666807798
2016,3104,1000.0000000000257
2017,3104,1000.0000000000257
2018,3104,1000.0000000000257
2019,3104,1009.5253913222073
2020,3104,1019.0507864608056
2021,3104,1000.0000000000257
2022,3104,1009.5253913222073
2023,3104,1028.5761854195391
2024,3104,1047.6269384548
2025,3104,1047.6269947877631
2016,3105,993.1204731043072
2017,3105,1000.0000000000082
2018,3105,1000.0000000000082
2019,3105,1000.0000000000082
2020,3105,1000.0000000000082
2021,3105,1000.0000000000082
2022,3105,1000.0000000000082
2023,3105,1013.7590535687667
2024,3105,1020.6385797651684
2025,3105,1034.397626668031
2016,3106,993.1204744656764
2017,3106,1000.0000000000105
2018,3106,1000.0000000000105
2019,3106,1000.0000000000105
2020,3106,1000.0000000000105
2021,3106,1000.0000000000105
2022,3106,1000.0000000000105
2023,3106,1013.7590508452188
2024,3106,1020.6385756803387
2025,3106,1034.3976198585783
2016,3107,1000.0000000000709
2017,3107,1000.0000000000709
2018,3107,1000.0000000000709
2019,3107,1006.8795244920922
2020,3107,1000.0000000000709
2021,3107,985.6191700910625
2022,3107,1006.8795244920922
2023,3107,1020.6385675096114
2024,3107,1020.6385675096114
2025,3107,1034.3976062418947
2016,3108,1006.8795231302292
2017,3108,999.9999999999643
2018,3108,999.9999999999643
2019,3108,1006.8795231302292
2020,3108,1006.8795231302292
2021,3108,972.481902747066
2022,3108,1006.8795231302292
2023,3108,1020.6385634235038
2024,3108,1020.6385634235038
2025,3108,1039.5663220780423
2016,3109,1009.5253654608196
2017,3109,1000.000000000018
2018,3109,1000.000000000018
2019,3109,1009.5253654608196
2020,3109,1009.5253654608196
2021,3109,971.423926522031
2022,3109,1009.5253654608196
2023,3109,1028.5761078355072
2024,3109,1028.5761078355072
2025,3109,1047.6268654823643
2016,3110,999.9999999999608
2017,3110,999.9999999999608
2018,3110,999.9999999999608
2019,3110,1006.8795172685191
2020,3110,999.9999999999608
2021,3110,979.3614472728428
2022,3110,1013.7590309499828
2023,3110,1013.7590309499828
2024,3110,1026.3774862141026
2025,3110,1034.3975701226657
2016,3111,1009.5253455451237
2017,3111,999.9999999999669
2018,3111,999.9999999999669
2019,3111,1009.5253480290523
2020,3111,999.9999999999669
2021,3111,980.9493153967397
2022,3111,1019.050699874319
2023,3111,1019.050699874319
2024,3111,1028.576055539261
2025,3111,1047.626778319547
2016,3112,1000.0000000000673
2017,3112,1000.0000000000673
2018,3112,1000.0000000000673
2019,3112,1006.8795100448791
2020,3112,1006.8795100448791
2021,3112,972.481955089906
2022,3112,1013.7590165026701
2023,3112,1013.7590165026701
2024,3112,1026.3773940168255
2025,3112,1034.3975340022862
2016,3113,1006.8795086830854
2017,3113,1000.0000000000649
2018,3113,1000.0000000000649
2019,3113,1006.8795086830854
2020,3113,1006.8795086830854
2021,3113,972.4819605357303
2022,3113,1013.7590137789375
2023,3113,1013.7590137789375
2024,3113,1027.5180232723185
2025,3113,1034.39752719352
2016,3114,1006.8795073213959
2017,3114,999.9999999999923
2018,3114,999.9999999999923
2019,3114,1006.8795073213959
2020,3114,1006.8795073213959
2021,3114,972.4819659836111
2022,3114,1020.6385159961198
2023,3114,1013.759011055949
2024,3114,1027.5180178256821
2025,3114,1034.397520384694
2016,3115,1009.9465245910111
2017,3115,1000.0000000000115
2018,3115,1000.0000000000115
2019,3115,1009.9465245910111
2020,3115,1009.9465245910111
2021,3115,960.2139090101406
2022,3115,1019.8930536122188
2023,3115,1029.8395759843906
2024,3115,1039.7861027872339
2025,3115,1049.732634654568
2016,3116,1013.7590091619691
2017,3116,1000.000000000048
2018,3116,1000.000000000048
2019,3116,1013.7590091619691
2020,3116,1013.7590091619691
2021,3116,979.3614799551667
2022,3116,1027.5180140384837
2023,3116,1027.5180140384837
2024,3116,1034.3975156505994
2025,3116,1048.156513859646
2016,3117,1006.8795050125597
2017,3117,1000.00000000006
2018,3117,1000.00000000006
2019,3117,1013.7590064382824
2020,3117,1006.8795050125597
2021,3117,986.2409897516858
2022,3117,1014.380903204424
2023,3117,1027.5180085903664
2024,3117,1034.3975088412915
2025,3117,1048.1565043266507
2016,3118,1009.5253100969594
2017,3118,1000.0000000000431
2018,3118,1000.0000000000431
2019,3118,1019.0506240115668
2020,3118,1009.5253100969594
2021,3118,980.9493912576655
2022,3118,1038.101263294687
2023,3118,1038.101263294687
2024,3118,1047.6265886622625
2025,3118,1057.151917847765
2016,3119,1000.0000000000355
2017,3119,1000.0000000000355
2018,3119,1000.0000000000355
2019,3119,1006.8795018743808
2020,3119,1000.0000000000355
2021,3119,979.3614934548135
2022,3119,1013.1886487631758
2023,3119,1013.7590001613875
2024,3119,1027.5179960366745
2025,3119,1034.397493148543
2016,3120,1009.5252986109716
2017,3120,999.9999999999495
2018,3120,999.9999999999495
2019,3120,1009.5253010939692
2020,3120,1009.5252986109716
2021,3120,971.424119627782
2022,3120,1019.0505966461557
2023,3120,1019.0506060051038
2024,3120,1038.1012272794042
2025,3120,1057.1518638256473
2016,3121,1000.0000000000665
2017,3121,1000.0000000000665
2018,3121,1000.0000000000665
2019,3121,1009.9465287737203
2020,3121,1000.0000000000665
2021,3121,960.2138922812131
2022,3121,1009.9465287737203
2023,3121,1019.893058285043
2024,3121,1029.8395885333368
2025,3121,1049.7326512424665
2016,3122,1006.8794964269638
2017,3122,1000.0000000000604
2018,3122,1000.0000000000604
2019,3122,1013.7589892666025
2020,3122,1006.8794964269638
2021,3122,986.8113753150417
2022,3122,1013.7589892666025
2023,3122,1020.6384833126759
2024,3122,1027.5179742477378
2025,3122,1041.2769549425648
2016,3123,1009.5252842359143
2017,3123,999.9999999999648
2018,3123,999.9999999999648
2019,3123,1019.0505722865313
2020,3123,1009.5252842359143
2021,3123,999.9999999999648
2022,3123,1019.0505722865313
2023,3123,1028.5758641561258
2024,3123,1038.101159843414
2025,3123,1057.1516818891846
2016,3124,999.9999999999837
2017,3124,999.9999999999837
2018,3124,999.9999999999837
2019,3124,1013.7589693729942
2020,3124,1006.8794864802007
2021,3124,986.8114395376559
2022,3124,1013.7589693729942
2023,3124,1027.5179344601836
2024,3124,1020.6384534721371
2025,3124,1027.5179344601836
2016,3125,986.2410295401954
2017,3125,999.999999999976
2018,3125,999.999999999976
2019,3125,1013.758966649446
2020,3125,1006.8794851181789
2021,3125,993.120516563877
2022,3125,1013.758966649446
2023,3125,1027.5179290121082
2024,3125,1020.6384493862458
2025,3125,1034.397409368078
2016,3126,986.241032262523
2017,3126,999.9999999999692
2018,3126,999.9999999999692
2019,3126,1013.7589639257883
2020,3126,1006.8794837564686
2021,3126,993.1205179249154
2022,3126,1013.7589639257883
2023,3126,1027.5179235650435
2024,3126,1026.3770481219476
2025,3126,1034.3974025584075
2016,3127,986.2410349874297
2017,3127,999.9999999999972
2018,3127,999.9999999999972
2019,3127,1013.7589612031561
2020,3127,1006.8794823954162
2021,3127,993.1205192874253
2022,3127,1013.7589612031561
2023,3127,1027.5179181190192
2024,3127,1027.5179181190192
2025,3127,1034.3973957508888
2016,3128,985.6190232050832
2017,3128,1000.0000000000744
2018,3128,1000.0000000000744
2019,3128,1013.7589584790215
2020,3128,1006.8794810333449
2021,3128,993.120520649736
2022,3128,1013.7589584790215
2023,3128,1020.638437131133
2024,3128,1027.517912672148
2025,3128,1034.3973889421984
2016,3129,979.3615600624705
2017,3129,999.9999999999933
2018,3129,999.9999999999933
2019,3129,1006.8794796710857
2020,3129,1006.8794796710857
2021,3129,993.1205220106758
2022,3129,1006.8794796710857
2023,3129,1020.6384330446026
2024,3129,1027.5179072236099
2025,3129,1034.3973821322252
2016,3130,986.8114939000479
2017,3130,999.9999999998939
2018,3130,999.9999999998939
2019,3130,1006.8794783098962
2020,3130,1006.8794783098962
2021,3130,986.2410431563441
2022,3130,1013.1884939342519
2023,3130,1020.638428960002
2024,3130,1020.638428960002
2025,3130,1028.761992254422
2016,3131,993.1205247338871
2017,3131,999.9999999999683
2018,3131,999.9999999999683
2019,3131,1006.8794769482381
2020,3131,1006.8794769482381
2021,3131,986.2410458803826
2022,3131,1013.7589503095724
2023,3131,1020.6384248756962
2024,3131,1020.6384248756962
2025,3131,1027.5178963311373
2016,3132,993.1205260959739
2017,3132,999.9999999999978
2018,3132,999.9999999999978
2019,3132,1006.8794755862108
2020,3132,1006.8794755862108
2021,3132,986.811512024176
2022,3132,1013.7589475853289
2023,3132,1020.638420790553
2024,3132,1020.638420790553
2025,3132,1034.3973617079168
2016,3133,986.2410513273966
2017,3133,1000.0000000000167
2018,3133,1000.0000000000167
2019,3133,1006.8794742246762
2020,3133,1006.8794742246762
2021,3133,993.1205274575459
2022,3133,1013.7589448619973
2023,3133,1020.6384167052536
2024,3133,1020.6384167052536
2025,3133,1034.3973548990969
2016,3134,986.2410540495134
2017,3134,1000.0000000000625
2018,3134,1000.0000000000625
2019,3134,1006.8794728631501
2020,3134,1006.8794728631501
2021,3134,1000.0000000000625
2022,3134,1013.7589421385703
2023,3134,1020.638412619841
2024,3134,1020.638412619841
2025,3134,1028.7620308380763
2016,3135,986.241056773905
2017,3135,1000.0000000000373
2018,3135,1000.0000000000373
2019,3135,1006.8794715018244
2020,3135,1006.8794715018244
2021,3135,1006.8794715018244
2022,3135,1013.7589394155298
2023,3135,1020.6384085351706
2024,3135,1026.3768850264833
2025,3135,1027.5178745438002
2016,3136,986.2410594977583
2017,3136,999.9999999999422
2018,3136,999.9999999999422
2019,3136,1006.879470140127
2020,3136,1006.879470140127
2021,3136,1006.879470140127
2022,3136,1013.7589366923036
2023,3136,1020.6384044505122
2024,3136,1027.517869097942
2025,3136,1034.3973344739193
2016,3137,986.8115573289015
2017,3137,1000.0000000000988
2018,3137,1000.0000000000988
2019,3137,1006.8794687783222
2020,3137,1013.1884305077826
2021,3137,1000.0000000000988
2022,3137,1013.7589339684638
2023,3137,1020.6384003646259
2024,3137,1027.517863649862
2025,3137,1034.397327664621
2016,3138,993.120534265106
2017,3138,999.9999999999269
2018,3138,999.9999999999269
2019,3138,1006.8794674164371
2020,3138,1013.7589312449509
2021,3138,999.9999999999269
2022,3138,1013.7589312449509
2023,3138,1020.6383962796441
2024,3138,1027.5178582029969
2025,3138,1034.3973208557138
2016,3139,993.120535628138
2017,3139,1000.000000000076
2018,3139,1000.000000000076
2019,3139,1006.8794660556042
2020,3139,1013.7589285231246
2021,3139,1000.000000000076
2022,3139,1013.7589285231246
2023,3139,1020.6383921962627
2024,3139,1027.5178527578048
2025,3139,1034.3973140487115
2016,3140,990.0534562438096
2017,3140,1000.000000000056
2018,3140,1000.000000000056
2019,3140,1009.9465444939719
2020,3140,1019.8930897253241
2021,3140,990.0534534158451
2022,3140,1019.8930897253241
2023,3140,1029.8396356955097
2024,3140,1039.7861824033644
2025,3140,1059.6792780330145
2016,3141,999.9999999999606
2017,3141,999.9999999999606
2018,3141,999.9999999999606
2019,3141,1019.0503784107749
2020,3141,1028.5755733412097
2021,3141,990.4748165199333
2022,3141,1028.5755733412097
2023,3141,1038.1007720919024
2024,3141,1047.6259746584265
2025,3141,1057.1511810429968
2016,3142,971.4244753839671
2017,3142,999.9999999999798
2018,3142,999.9999999999798
2019,3142,1019.0503594702551
2020,3142,1019.050368831066
2021,3142,980.9496464380456
2022,3142,1019.050368831066
2023,3142,1028.5755589714054
2024,3142,1038.1007529320027
2025,3142,1047.6259507095954
2016,3143,972.4821544940758
2017,3143,1000.0000000000415
2018,3143,1000.0000000000415
2019,3143,1006.8794601929519
2020,3143,1006.8794601929519
2021,3143,979.3616184978812
2022,3143,1013.1883753455776
2023,3143,1013.7589167978657
2024,3143,1020.6383746088001
2025,3143,1034.3972847365976
2016,3144,972.4821599414922
2017,3144,1000.0000000000041
2018,3144,1000.0000000000041
2019,3144,1006.8794588318553
2020,3144,1006.8794588318553
2021,3144,979.3616225840684
2022,3144,1013.7589140757099
2023,3144,1013.7589140757099
2024,3144,1020.6383705250006
2025,3144,1034.3972779296926
2016,3145,960.2138181316005
2017,3145,999.9999999999578
2018,3145,999.9999999999578
2019,3145,1009.9465473119769
2020,3145,1009.9465473119769
2021,3145,970.1603624910803
2022,3145,1009.9465494851681
2023,3145,1019.8930953623653
2024,3145,1019.8930990537394
2025,3145,1039.7861936777779
2016,3146,979.3616254214102
2017,3146,999.9999999999721
2018,3146,999.9999999999721
2019,3146,1013.7589121818697
2020,3146,1013.7589121818697
2021,3146,979.3616254214102
2022,3146,1014.3810654510232
2023,3146,1020.6383676846333
2024,3146,1027.517820076057
2025,3146,1034.3972731974177
2016,3147,979.3616295060397
2017,3147,1000.0000000000907
2018,3147,1000.0000000000907
2019,3147,1006.8794565234932
2020,3147,1000.0000000000907
2021,3147,986.2410867292408
2022,3147,1013.7589094588143
2023,3147,1020.6383636001557
2024,3147,1020.6383636001557
2025,3147,1034.3972663887787
2016,3148,970.1603565891576
2017,3148,1000.0000000000507
2018,3148,1000.0000000000507
2019,3148,1009.9465492804948
2020,3148,1000.0000000000507
2021,3148,980.1069036549642
2022,3148,1019.8930992986095
2023,3148,1019.8931029911478
2024,3148,1029.839650054392
2025,3148,1039.7862063147534
2016,3149,986.2410886224454
2017,3149,999.9999999999324
2018,3149,999.9999999999324
2019,3149,1013.7589075663651
2020,3149,1013.1883406925351
2021,3149,993.120546105193
2022,3149,1020.6383607616465
2023,3149,1027.517810845661
2024,3149,1027.517810845661
2025,3149,1041.276709836333
2016,3150,980.9496958658237
2017,3150,999.9999999999825
2018,3150,999.9999999999825
2019,3150,1019.050319403526
2020,3150,1019.0503100430645
2021,3150,980.9496958658237
2022,3150,1028.5754848330057
2023,3150,1038.1006540793644
2024,3150,1038.1006540793644
2025,3150,1057.151004023657
2016,3151,979.36164176147
2017,3151,1000.0000000000873
2018,3151,1000.0000000000873
2019,3151,1006.879452438268
2020,3151,1006.879452438268
2021,3151,979.36164176147
2022,3151,1013.758901288855
2023,3151,1013.758901288855
2024,3151,1020.6383513448892
2025,3151,1028.7621755512325
2016,3152,979.3616458465195
2017,3152,1000.0000000000379
2018,3152,1000.0000000000379
2019,3152,1006.8794510768479
2020,3152,1006.8794510768479
2021,3152,986.241097623043
2022,3152,1013.7588985659788
2023,3152,1013.7588985659788
2024,3152,1020.6383472605573
2025,3152,1027.5177928440396
2016,3153,970.1603483828707
2017,3153,1000.0000000000002
2018,3153,1000.0000000000002
2019,3153,1009.9465520155464
2020,3153,1009.9465520155464
2021,3153,980.1068981833138
2022,3153,1019.8931047696933
2023,3153,1019.8931047696933
2024,3153,1029.839658262442
2025,3153,1039.7862124933242
2016,3154,986.2410995147027
2017,3154,999.9999999999909
2018,3154,999.9999999999909
2019,3154,1013.7588966731529
2020,3154,1013.7588966731529
2021,3154,993.1205515513508
2022,3154,1020.6383444216767
2023,3154,1020.6383444216767
2024,3154,1027.5177890587634
2025,3154,1034.397234424812
2016,3155,980.9497295831092
2017,3155,1000.0000000000557
2018,3155,1000.0000000000557
2019,3155,1019.0502856853395
2020,3155,1019.0502856853395
2021,3155,971.4246001012378
2022,3155,1028.5754342547552
2023,3155,1028.5754342547552
2024,3155,1038.1005866411726
2025,3155,1047.6257428463282
2016,3156,979.3616581002545
2017,3156,1000.0000000000695
2018,3156,1000.0000000000695
2019,3156,1006.8794469923683
2020,3156,1006.8794469923683
2021,3156,972.4822072964023
2022,3156,1013.7588903962452
2023,3156,1013.7588903962452
2024,3156,1020.6383350060687
2025,3156,1027.5177765046255
2016,3157,979.3616621838896
2017,3157,999.9999999999574
2018,3157,999.9999999999574
2019,3157,999.9999999999574
2020,3157,1006.87944563054
2021,3157,972.4822127420091
2022,3157,1013.7588876723714
2023,3157,1013.7588876723714
2024,3157,1020.6383309207228
2025,3157,1027.5177710572343
2016,3158,979.3616662702312
2017,3158,1000.0000000000181
2018,3158,1000.0000000000181
2019,3158,1000.0000000000181
2020,3158,1006.8794442697629
2021,3158,972.4822181894327
2022,3158,1013.7588849508527
2023,3158,1013.7588849508527
2024,3158,1020.638326837464
2025,3158,1027.5177656122355
2016,3159,970.1603381237899
2017,3159,999.9999999998985
2018,3159,999.9999999998985
2019,3159,1009.9465554360356
2020,3159,1009.9465554360356
2021,3159,960.213785642289
2022,3159,1019.8931116093765
2023,3159,1019.8931116093765
2024,3159,1029.8396685222503
2025,3159,1039.7862261734906
2016,3160,986.2411131305898
2017,3160,999.9999999999743
2018,3160,999.9999999999743
2019,3160,1013.7588830575618
2020,3160,1013.7588830575618
2021,3160,979.3616691073835
2022,3160,1020.638323997677
2023,3160,1020.638323997677
2024,3160,1027.5177618266107
2025,3160,1034.3972003852377
2016,3161,986.2411158524523
2017,3161,999.9999999999454
2018,3161,999.9999999999454
2019,3161,1013.7588803339108
2020,3161,1013.7588803339108
2021,3161,979.3616731911791
2022,3161,1020.6383199126664
2023,3161,1020.6383199126664
2024,3161,1027.5177563799962
2025,3161,1034.3971935766049
2016,3162,986.2411185773209
2017,3162,999.9999999999756
2018,3162,999.9999999999756
2019,3162,1013.7588776120643
2020,3162,1013.7588776120643
2021,3162,979.3616772768696
2022,3162,1020.6383158295097
2023,3162,1020.6383158295097
2024,3162,1027.5177509349564
2025,3162,1034.3971867698413
2016,3163,985.618872797337
2017,3163,999.9999999999538
2018,3163,999.9999999999538
2019,3163,1006.8794392383875
2020,3163,1006.8794392383875
2021,3163,971.2377516530103
2022,3163,1020.6383117442832
2023,3163,1014.381133859911
2024,3163,1027.5177454887307
2025,3163,1034.3971799618846
2016,3164,980.1068783552053
2017,3164,1000.0000000000481
2018,3164,1000.0000000000481
2019,3164,1009.9465587737363
2020,3164,1009.9465587737363
2021,3164,970.1603176574762
2022,3164,1019.8931219776337
2023,3164,1019.8931182862593
2024,3164,1029.8396830910015
2025,3164,1039.7862442877295
2016,3165,980.1068834657414
2017,3165,1000.0000000001135
2018,3165,1000.0000000001135
2019,3165,1009.9465615474601
2020,3165,1019.8931194886565
2021,3165,970.1603158547426
2022,3165,1029.8396803409441
2023,3165,1029.8396803409441
2024,3165,1039.7862419316011
2025,3165,1049.7328042606262
2016,3166,993.1205629749938
2017,3166,1000.0000000000512
2018,3166,1000.0000000000512
2019,3166,1014.3811404219822
2020,3166,1020.6383101536951
2021,3166,979.3616829525064
2022,3166,1028.7622869032757
2023,3166,1027.5177433671993
2024,3166,1041.2766086177526
2025,3166,1048.1560401779018
2016,3167,993.1205643362924
2017,3167,1000.000000000047
2018,3167,1000.000000000047
2019,3167,1013.758871104998
2020,3167,1020.638306069283
2021,3167,979.361687037239
2022,3167,1027.5177379218985
2023,3167,1027.5177379218985
2024,3167,1034.3971705023916
2025,3167,1043.1434539160805
2016,3168,993.1205656976865
2017,3168,1000.0000000000576
2018,3168,1000.0000000000576
2019,3168,1013.7588683817422
2020,3168,1014.3811500722973
2021,3168,986.2411278064908
2022,3168,1027.5177324745594
2023,3168,1027.5177324745594
2024,3168,1028.7623062019254
2025,3168,1041.2765922796548
2016,3169,993.1205670585657
2017,3169,999.999999999949
2018,3169,999.999999999949
2019,3169,1006.8794346234358
2020,3169,1006.8794346234358
2021,3169,986.2411305286014
2022,3169,1027.5177270280374
2023,3169,1027.5177270280374
2024,3169,1027.5177270280374
2025,3169,1041.276584109353
2016,3170,990.0534351975273
2017,3170,1000.0000000001066
2018,3170,1000.0000000001066
2019,3170,1009.9465627126223
2020,3170,1009.9465627126223
2021,3170,980.1068767908788
2022,3170,1029.8396903543874
2023,3170,1019.8931261644382
2024,3170,1029.8396903543874
2025,3170,1059.6793873574738
2016,3171,993.1205680048344
2017,3171,999.9999999999836
2018,3171,999.9999999999836
2019,3171,1013.7588637668225
2020,3171,1013.7588637668225
2021,3171,986.2411324213479
2022,3171,1028.762327239884
2023,3171,1020.6382950625875
2024,3171,1028.762327239884
2025,3171,1048.156004964944
2016,3172,986.2411351438966
2017,3172,999.9999999999789
2018,3172,999.9999999999789
2019,3172,1013.7588610441786
2020,3172,1013.7588610441786
2021,3172,986.2411351438966
2022,3172,1027.5177177990965
2023,3172,1026.3763477236882
2024,3172,1027.5177177990965
2025,3172,1048.155995434265
2016,3173,980.9498441438346
2017,3173,1000.0000000000317
2018,3173,1000.0000000000317
2019,3173,1019.0501711253838
2020,3173,1019.0501711253838
2021,3173,980.9498441438346
2022,3173,1047.6254564447318
2023,3173,1028.5752624139025
2024,3173,1047.6254564447318
2025,3173,1066.6756657448293
2016,3174,979.3617115430935
2017,3174,1000.0000000000837
2018,3174,1000.0000000000837
2019,3174,1006.8794291777182
2020,3174,1006.8794291777182
2021,3174,979.3617115430935
2022,3174,1020.6382815612724
2023,3174,1020.6382815612724
2024,3174,1020.6382815612724
2025,3174,1041.27655143313
2016,3175,979.3617156283551
2017,3175,1000.0000000000032
2018,3175,1000.0000000000032
2019,3175,1006.8794278162181
2020,3175,1006.8794278162181
2021,3175,979.3617156283551
2022,3175,1014.3811790217283
2023,3175,1020.6382774770923
2024,3175,1020.6382774770923
2025,3175,1028.7623641025602
2016,3176,979.3617197133011
2017,3176,1000.0000000000064
2018,3176,1000.0000000000064
2019,3176,1006.8794264544887
2020,3176,1006.8794264544887
2021,3176,979.3617197133011
2022,3176,1013.7588493204751
2023,3176,1014.3811838490884
2024,3176,1020.6382733927258
2025,3176,1027.5176943529782
2016,3177,970.1603039731954
2017,3177,1000.000000000029
2018,3177,1000.000000000029
2019,3177,1009.9465668198197
2020,3177,1000.000000000029
2021,3177,970.1603039731954
2022,3177,1019.8931343777454
2023,3177,1019.8931343777454
2024,3177,1029.83970267497
2025,3177,1039.786271711262
2016,3178,979.3617225485231
2017,3178,999.9999999999895
2018,3178,999.9999999999895
2019,3178,1013.7588474294706
2020,3178,1006.8794255093921
2021,3178,993.12057617319
2022,3178,1020.6382705546672
2023,3178,1020.6382705546672
2024,3178,1027.5176905681833
2025,3178,1034.3971113113187
2016,3179,979.3617266339023
2017,3179,999.9999999999611
2018,3179,999.9999999999611
2019,3179,1013.758844707072
2020,3179,1006.8794241479717
2021,3179,993.120577535212
2022,3179,1020.6382664716199
2023,3179,1020.6382664716199
2024,3179,1027.5176851240726
2025,3179,1034.3971045054016
2016,3180,970.160298065187
2017,3180,1000.0000000000042
2018,3180,1000.0000000000042
2019,3180,1009.9465687896661
2020,3180,1009.9465687896661
2021,3180,990.0534319496427
2022,3180,1019.8931383179287
2023,3180,1029.839708584793
2024,3180,1039.7862795914218
2025,3180,1039.7862843506473
2016,3181,985.6188065953402
2017,3181,999.9999999999744
2018,3181,999.9999999999744
2019,3181,1013.7588428152385
2020,3181,1013.7588428152385
2021,3181,999.9999999999744
2022,3181,1020.638263634186
2023,3181,1027.5176813408061
2024,3181,1034.3970997773638
2025,3181,1041.2765155783236
2016,3182,980.1068557530707
2017,3182,1000.0000000000445
2018,3182,1000.0000000000445
2019,3182,1019.893140888154
2020,3182,1009.9465722486883
2021,3182,1000.0000000000445
2022,3182,1029.8397124408077
2023,3182,1029.8397124408077
2024,3182,1029.839716995592
2025,3182,1039.7862894936188
2016,3183,971.2376078558115
2017,3183,1000.0000000000246
2018,3183,1000.0000000000246
2019,3183,1020.6382607981166
2020,3183,1014.3812057569766
2021,3183,1013.1881090857131
2022,3183,1027.5176775593068
2023,3183,1028.7624175719634
2024,3183,1041.276509904733
2025,3183,1043.1436354441794
2016,3184,965.6028877044132
2017,3184,1000.0000000000207
2018,3184,1000.0000000000207
2019,3184,1014.3812105836266
2020,3184,1006.8794208949696
2021,3184,1013.7588382012518
2022,3184,1027.517672113774
2023,3184,1027.517672113774
2024,3184,1028.7624272241212
2025,3184,1041.2765017362715
2016,3185,973.6237815089245
2017,3185,1000.0000000000401
2018,3185,1000.0000000000401
2019,3185,1013.758835478351
2020,3185,1006.8794195336932
2021,3185,1013.758835478351
2022,3185,1020.6382526287855
2023,3185,1020.6382526287855
2024,3185,1027.517666667295
2025,3185,1034.39708143484
2016,3186,979.3617445590761
2017,3186,999.9999999999593
2018,3186,999.9999999999593
2019,3186,1006.8794181723097
2020,3186,1006.8794181723097
2021,3186,1013.75883275558
2022,3186,1020.6382485444678
2023,3186,1020.6382485444678
2024,3186,1020.6382485444678
2025,3186,1034.39707462676
2016,3187,986.2411661557808
2017,3187,1000.0000000000126
2018,3187,1000.0000000000126
2019,3187,1006.8794168110993
2020,3187,1006.8794168110993
2021,3187,1006.8794168110993
2022,3187,1014.3812250607808
2023,3187,1020.6382444608031
2024,3187,1020.6382444608031
2025,3187,1034.3970678202381
2016,3188,986.2411688783487
2017,3188,1000.0000000000896
2018,3188,1000.0000000000896
2019,3188,1006.8794154490655
2020,3188,1006.8794154490655
2021,3188,1000.0000000000896
2022,3188,1013.758827308961
2023,3188,1020.6382403754617
2024,3188,1020.6382403754617
2025,3188,1028.762465831811
2016,3189,985.6187719441466
2017,3189,1000.0000000000289
2018,3189,1000.0000000000289
2019,3189,1006.8794140876303
2020,3189,1006.8794140876303
2021,3189,1000.0000000000289
2022,3189,1013.7588245865657
2023,3189,1014.3812347113619
2024,3189,1020.6382362906191
2025,3189,1027.5176448831623
2016,3190,980.1068449644648
2017,3190,999.9999999999767
2018,3190,999.9999999999767
2019,3190,1009.9465754692322
2020,3190,1009.9465754692322
2021,3190,990.0534252702528
2022,3190,1009.9465776426562
2023,3190,1009.9465776426562
2024,3190,1019.893155368697
2025,3190,1039.786306311166
2016,3191,986.2411734911207
2017,3191,1000.0000000000982
2018,3191,1000.0000000000982
2019,3191,1013.7588226974372
2020,3191,1013.7588226974372
2021,3191,1000.0000000000982
2022,3191,1014.3812404088188
2023,3191,1014.3812404088188
2024,3191,1027.5176411039342
2025,3191,1034.3970494800853
2016,3192,986.8119504459738
2017,3192,1000.0000000001022
2018,3192,1000.0000000001022
2019,3192,1006.8794117815206
2020,3192,1006.8794117815206
2021,3192,1000.0000000001022
2022,3192,1013.7588199736149
2023,3192,1013.7588199736149
2024,3192,1020.6382293721439
2025,3192,1034.397042672742
2016,3193,993.1205912628548
2017,3193,1000.0000000000791
2018,3193,1000.0000000000791
2019,3193,1006.8794104198215
2020,3193,1006.8794104198215
2021,3193,993.1205912628548
2022,3193,1013.7588172501543
2023,3193,1013.7588172501543
2024,3193,1020.6382252869216
2025,3193,1034.3970358651543
2016,3194,993.1205926239128
2017,3194,1000.0000000000383
2018,3194,1000.0000000000383
2019,3194,1006.8794090586819
2020,3194,1006.8794090586819
2021,3194,985.6187517719824
2022,3194,1006.8794090586819
2023,3194,1013.758814527757
2024,3194,1020.6382212030228
2025,3194,1028.762515828888
2016,3195,986.2411843821274
2017,3195,999.9999999999482
2018,3195,999.9999999999482
2019,3195,1006.879407697872
2020,3195,999.9999999999482
2021,3195,979.3617759842462
2022,3195,1006.879407697872
2023,3195,1013.7588118063011
2024,3195,1020.6382171199336
2025,3195,1027.5176193215564
2016,3196,980.1068432289155
2017,3196,1000.0000000000115
2018,3196,1000.0000000000115
2019,3196,1009.9465794938094
2020,3196,1000.0000000000115
2021,3196,970.1602659523176
2022,3196,1009.9465794938094
2023,3196,1019.8931597278388
2024,3196,1029.8397407014018
2025,3196,1039.7863224130979
2016,3197,993.1205949305722
2017,3197,1000.0000000000058
2018,3197,1000.0000000000058
2019,3197,1013.7588099142555
2020,3197,1006.8794067517986
2021,3197,986.2411862720583
2022,3197,1013.7588099142555
2023,3197,1020.6382142828298
2024,3197,1027.5176155390648
2025,3197,1034.397017524908
2016,3198,993.1205962922704
2017,3198,999.9999999999858
2018,3198,999.9999999999858
2019,3198,1006.8794053905482
2020,3198,1006.8794053905482
2021,3198,985.6187364219877
2022,3198,1013.758807191701
2023,3198,1020.6382101990449
2024,3198,1027.5176100939643
2025,3198,1034.3970107174312
2016,3199,990.0534192738811
2017,3199,1000.0000000000613
2018,3199,1000.0000000000613
2019,3199,1009.9465814660061
2020,3199,1009.9465814660061
2021,3199,980.1068329709384
2022,3199,1019.8931636707856
2023,3199,1029.839746616261
2024,3199,1029.839746616261
2025,3199,1039.7863302994058
2016,3200,1000.0000000000567
2017,3200,1000.0000000000567
2018,3200,1000.0000000000567
2019,3200,1013.7588053015556
2020,3200,1013.7588053015556
2021,3200,993.1205972373702
2022,3200,1020.6382073634561
2023,3200,1027.517606313103
2024,3200,1027.517606313103
2025,3200,1041.2764030344665
2016,3201,985.6187258980151
2017,3201,1000.0000000000379
2018,3201,1000.0000000000379
2019,3201,1006.8794030837795
2020,3201,1006.8794030837795
2021,3201,993.1205985984114
2022,3201,1014.3812807573524
2023,3201,1027.5176008677943
2024,3201,1027.5176008677943
2025,3201,1034.396999184514
2016,3202,979.3617939059757
2017,3202,1000.0000000000211
2018,3202,1000.0000000000211
2019,3202,1000.0000000000211
2020,3202,1000.0000000000211
2021,3202,993.120599959439
2022,3202,1013.7587998563239
2023,3202,1020.6381991958763
2024,3202,1020.6381991958763
2025,3202,1028.7625772258941
2016,3203,970.1602520680797
2017,3203,1000.0000000000924
2018,3203,1000.0000000000924
2019,3203,1000.0000000000924
2020,3203,1000.0000000000924
2021,3203,990.053416616168
2022,3203,1019.8931689844443
2023,3203,1019.8931689844443
2024,3203,1019.8931689844443
2025,3203,1029.8397545865016
2016,3204,972.4823921508838
2017,3204,1000.0000000000911
2018,3204,1000.0000000000911
2019,3204,1006.879400777541
2020,3204,1006.879400777541
2021,3204,1000.0000000000911
2022,3204,1020.6381963604592
2023,3204,1020.6381963604592
2024,3204,1020.6381963604592
2025,3204,1028.762588618586
2016,3205,971.2374271539076
2017,3205,1000.0000000000781
2018,3205,1000.0000000000781
2019,3205,1006.8793994164951
2020,3205,1006.8793994164951
2021,3205,986.2412009436135
2022,3205,1014.3812961084657
2023,3205,1020.6381922764572
2024,3205,1020.6381922764572
2025,3205,1027.5175861970727
2016,3206,965.6030019007114
2017,3206,999.9999999999893
2018,3206,999.9999999999893
2019,3206,1006.8793980554746
2020,3206,1006.8793980554746
2021,3206,986.2412036651446
2022,3206,1013.7587925214651
2023,3206,1014.3813009362741
2024,3206,1014.3813009362741
2025,3206,1027.5175807520025
2016,3207,960.2136450193294
2017,3207,1000.0000000000305
2018,3207,1000.0000000000305
2019,3207,1009.9465867794252
2020,3207,1009.9465867794252
2021,3207,980.1068286586739
2022,3207,1019.8931742995172
2023,3207,1019.8931742995172
2024,3207,1019.8931742995172
2025,3207,1029.8397625582095
2016,3208,960.2136578705174
2017,3208,1000.0000000000387
2018,3208,1000.0000000000387
2019,3208,1009.9465895550823
2020,3208,1009.9465895550823
2021,3208,990.0534105278894
2022,3208,1019.893179193253
2023,3208,1029.8397643630274
2024,3208,1029.8397643630274
2025,3208,1029.8397689152507
2016,3209,979.3618064959047
2017,3209,1000.0000000000538
2018,3209,1000.0000000000538
2019,3209,1014.3813075027927
2020,3209,1014.3813075027927
2021,3209,993.1206041569814
2022,3209,1027.5175786367033
2023,3209,1027.5175786367033
2024,3209,1027.5175786367033
2025,3209,1034.3969713962595
2016,3210,979.3618105784786
2017,3210,999.9999999999648
2018,3210,999.9999999999648
2019,3210,1013.7587887405133
2020,3210,1013.7587887405133
2021,3210,986.2412074449015
2022,3210,1020.6381825217741
2023,3210,1027.5175731911102
2024,3210,1027.5175731911102
2025,3210,1028.7626307154605
2016,3211,979.3618146628452
2017,3211,1000.0000000000538
2018,3211,1000.0000000000538
2019,3211,1013.7587860197002
2020,3211,1013.7587860197002
2021,3211,986.8120733183218
2022,3211,1020.6381784394013
2023,3211,1027.517567746678
2024,3211,1027.517567746678
2025,3211,1014.3813171571574
2016,3212,979.3618187465979
2017,3212,1000.0000000000811
2018,3212,1000.0000000000811
2019,3212,1006.8793934429938
2020,3212,1013.7587832961676
2021,3212,993.1206082400155
2022,3212,1020.6381743555328
2023,3212,1020.6381743555328
2024,3212,1027.5175623023997
2025,3212,1006.8793934429938
2016,3213,979.3618228299142
2017,3213,1000.0000000000256
2018,3213,1000.0000000000256
2019,3213,1006.8793920814608
2020,3213,1013.7587805734012
2021,3213,993.1206096011935
2022,3213,1014.3813268104076
2023,3213,1020.6381702712032
2024,3213,1027.5175568569955
2025,3213,1013.1878963922637
2016,3214,970.1602302111327
2017,3214,999.9999999999985
2018,3214,999.9999999999985
2019,3214,1009.9465914095395
2020,3214,1009.9465914095395
2021,3214,990.0534065001607
2022,3214,1019.8931835586125
2023,3214,1019.8931872492898
2024,3214,1029.8397764474528
2025,3214,1029.8397764474528
2016,3215,980.1068118800778
2017,3215,999.9999999999278
2018,3215,999.9999999999278
2019,3215,1019.8931847632405
2020,3215,1019.8931847632405
2021,3215,990.0534058985548
2022,3215,1029.83977825408
2023,3215,1029.83977825408
2024,3215,1029.8397828044394
2025,3215,1039.7863724844517
2016,3216,986.2412166695083
2017,3216,999.9999999999709
2018,3216,999.9999999999709
2019,3216,1020.638168686604
2020,3216,1020.638168686604
2021,3216,993.1206101294867
2022,3216,1027.5175547437188
2023,3216,1028.76267281467
2024,3216,1034.3969415287233
2025,3216,1034.3969415287233
2016,3217,980.1068156208064
2017,3217,1000.000000000082
2018,3217,1000.000000000082
2019,3217,1019.8931873379545
2020,3217,1019.893191027699
2021,3217,990.0534046103827
2022,3217,1029.8397821159563
2023,3217,1029.8397866658513
2024,3217,1029.8397866658513
2025,3217,1029.8397866658513
2016,3218,986.2412185576378
2017,3218,1000.000000000005
2018,3218,1000.000000000005
2019,3218,1020.6381658514057
2020,3218,1027.5175509633582
2021,3218,993.1206110736113
2022,3218,1028.7626842076068
2023,3218,1034.3969368036876
2024,3218,1034.3969368036876
2025,3218,1041.2763200085049
2016,3219,980.1068130464257
2017,3219,1000.0000000000614
2018,3219,1000.0000000000614
2019,3219,1019.8931899120598
2020,3219,1019.8931899120598
2021,3219,990.0534061539432
2022,3219,1029.8397859777074
2023,3219,1029.839790528534
2024,3219,1029.839790528534
2025,3219,1039.7863827835865
2016,3220,993.1206120194229
2017,3220,999.9999999999791
2018,3220,999.9999999999791
2019,3220,1020.6381630175607
2020,3220,1020.6381630175607
2021,3220,999.9999999999791
2022,3220,1028.7626956062684
2023,3220,1034.3969320805563
2024,3220,1034.3969320805563
2025,3220,1034.3969320805563
2016,3221,990.4750607644838
2017,3221,1000.0000000000515
2018,3221,1000.0000000000515
2019,3221,1038.0997951138172
2020,3221,1047.6247534351924
2021,3221,990.4750607644838
2022,3221,1057.149715573566
2023,3221,1057.149715573566
2024,3221,1066.6746815308036
2025,3221,1066.6746815308036
2016,3222,985.6186530978281
2017,3222,999.999999999934
2018,3222,999.999999999934
2019,3222,1006.8793865244388
2020,3222,1013.7587694592901
2021,3222,986.2412267262217
2022,3222,1020.6381536000032
2023,3222,1020.6381536000032
2024,3222,1020.6381536000032
2025,3222,1027.5175346282922
2016,3223,979.3618435825102
2017,3223,1000.0000000000487
2018,3223,1000.0000000000487
2019,3223,1006.8793851637682
2020,3223,1006.8793851637682
2021,3223,986.2412294474186
2022,3223,1020.6381495169231
2023,3223,1020.6381495169231
2024,3223,1020.6381495169231
2025,3223,1027.5175291835133
2016,3224,970.1602124556333
2017,3224,1000.0000000000158
2018,3224,1000.0000000000158
2019,3224,1009.9465973277514
2020,3224,1009.9465973277514
2021,3224,980.106807563374
2022,3224,1029.839794203685
2023,3224,1029.839794203685
2024,3224,1029.839794203685
2025,3224,1029.839794203685
2016,3225,979.3618464168454
2017,3225,1000.0000000000307
2018,3225,1000.0000000000307
2019,3225,1013.758764848456
2020,3225,1013.758764848456
2021,3225,985.6186425708903
2022,3225,1027.5175254065275
2023,3225,1027.5175254065275
2024,3225,1027.5175254065275
2025,3225,1028.7627342247235
2016,3226,979.3618505001583
2017,3226,999.9999999999454
2018,3226,999.9999999999454
2019,3226,1006.8793828582398
2020,3226,1013.7587621263815
2021,3226,979.3618505001583
2022,3226,1027.5175199612206
2023,3226,1027.5175199612206
2024,3226,1027.5175199612206
2025,3226,1027.5175199612206
2016,3227,970.1602065367782
2017,3227,1000.0000000000016
2018,3227,1000.0000000000016
2019,3227,1009.9465993013049
2020,3227,1009.9466014747303
2021,3227,970.1602065367782
2022,3227,1019.8932030323534
2023,3227,1029.8398001229773
2024,3227,1029.8398001229773
2025,3227,1029.8398001229773
2016,3228,993.120619769166
2017,3228,1000.0000000000194
2018,3228,1000.0000000000194
2019,3228,1013.7587602380106
2020,3228,1014.3813746106696
2021,3228,985.6186320449905
2022,3228,1027.5175161835032
2023,3228,1027.5175161835032
2024,3228,1027.5175161835032
2025,3228,1028.7627552768183
2016,3229,993.1206211306702
2017,3229,999.9999999999558
2018,3229,999.9999999999558
2019,3229,1006.8793805527581
2020,3229,999.9999999999558
2021,3229,979.3618574173146
2022,3229,1020.6381356838225
2023,3229,1027.5175107393366
2024,3229,1027.5175107393366
2025,3229,1027.5175107393366
2016,3230,986.2412413935873
2017,3230,999.9999999999396
2018,3230,999.9999999999396
2019,3230,1006.8793791914226
2020,3230,999.9999999999396
2021,3230,971.2372508338634
2022,3230,1020.638131599701
2023,3230,1027.5175052938105
2024,3230,1020.638131599701
2025,3230,1027.5175052938105
2016,3231,980.1067982998591
2017,3231,1000.0000000000574
2018,3231,1000.0000000000574
2019,3231,1009.946601960154
2020,3231,990.0533987792611
2021,3231,970.1601880987243
2022,3231,1019.8932083495287
2023,3231,1019.8932083495287
2024,3231,1019.8932083495287
2025,3231,1039.7864122818312
2016,3232,990.0533953472942
2017,3232,999.9999999999735
2018,3232,999.9999999999735
2019,3232,1009.9466047362472
2020,3232,999.9999999999735
2021,3232,970.1601862915496
2022,3232,1029.8398099078152
2023,3232,1029.8398099078152
2024,3232,1029.8398099078152
2025,3232,1049.733020212801
2016,3233,985.6186158184164
2017,3233,999.9999999999864
2018,3233,999.9999999999864
2019,3233,1014.3813908379205
2020,3233,1006.879378663218
2021,3233,979.3618630848148
2022,3233,1028.7627877299522
2023,3233,1028.7627877299522
2024,3233,1028.7627877299522
2025,3233,1041.2762483369186
2016,3234,972.4824860490311
2017,3234,999.9999999999849
2018,3234,999.9999999999849
2019,3234,1013.7587510139059
2020,3234,1006.8793773018997
2021,3234,972.4824860490311
2022,3234,1027.5174977372171
2023,3234,1027.5174977372171
2024,3234,1027.5174977372171
2025,3234,1041.2762401692728
2016,3235,971.237218384048
2017,3235,999.9999999999335
2018,3235,999.9999999999335
2019,3235,1013.7587482927165
2020,3235,1006.8793759413644
2021,3235,972.482491493474
2022,3235,1027.5174922922577
2023,3235,1027.5174922922577
2024,3235,1027.5174922922577
2025,3235,1041.276232001774
2016,3236,958.7237389699342
2017,3236,1000.0000000000381
2018,3236,1000.0000000000381
2019,3236,1013.7587455710913
2020,3236,1000.0000000000381
2021,3236,972.4824969384515
2022,3236,1027.5174868499632
2023,3236,1027.5174868499632
2024,3236,1027.5174868499632
2025,3236,1034.3968566607841
2016,3237,960.2135685086563
2017,3237,999.9999999999598
2018,3237,999.9999999999598
2019,3237,999.9999999999598
2020,3237,990.0533920027339
2021,3237,960.2135837731597
2022,3237,1019.8932125556779
2023,3237,1019.893216245657
2024,3237,1029.8398199437677
2025,3237,1029.8398199437677
2016,3238,960.2135660983931
2017,3238,1000.0000000000393
2018,3238,1000.0000000000393
2019,3238,1009.9466065104276
2020,3238,990.0533942305811
2021,3238,970.1601849114285
2022,3238,1029.8398217516637
2023,3238,1029.8398217516637
2024,3238,1039.7864304829768
2025,3238,1039.7864304829768
2016,3239,960.2135789514323
2017,3239,1000.0000000000895
2018,3239,1000.0000000000895
2019,3239,1019.8932149666207
2020,3239,1000.0000000000895
2021,3239,980.1067879951818
2022,3239,1029.8398281080322
2023,3239,1029.8398281080322
2024,3239,1039.7864376437574
2025,3239,1049.7330429686178
2016,3240,970.1601812967717
2017,3240,999.9999999998889
2018,3240,999.9999999998889
2019,3240,1029.8398253674145
2020,3240,1009.9466077151116
2021,3240,990.0533930258291
2022,3240,1039.7864353028667
2023,3240,1039.7864353028667
2024,3240,1049.7330459804116
2025,3240,1049.7330502758005
2016,3241,993.1206267970373
2017,3241,999.9999999999648
2018,3241,999.9999999999648
2019,3241,1027.5174880737309
2020,3241,1013.7587461822748
2021,3241,999.9999999999648
2022,3241,1041.2762256721892
2023,3241,1041.2762256721892
2024,3241,1048.1555934050057
2025,3241,1048.1555934050057
2016,3242,993.1206281577428
2017,3242,999.9999999999154
2018,3242,999.9999999999154
2019,3242,1027.5174826288355
2020,3242,1013.7587434604602
2021,3242,986.2412527253437
2022,3242,1034.3968513851883
2023,3242,1034.3968513851883
2024,3242,1043.144273556892
2025,3242,1048.1555838775903
2016,3243,993.1206295185144
2017,3243,1000.0000000000615
2018,3243,1000.0000000000615
2019,3243,1020.6381105172505
2020,3243,1013.7587407376355
2021,3243,985.618583364104
2022,3243,1028.762852635182
2023,3243,1034.3968445788519
2024,3243,1041.2762093388221
2025,3243,1043.1442880371735
2016,3244,999.9999999999774
2017,3244,999.9999999999774
2018,3244,999.9999999999774
2019,3244,1014.3814281197751
2020,3244,1006.8793708033813
2021,3244,972.4825120460292
2022,3244,1027.5174717407776
2023,3244,1028.7628622949865
2024,3244,1041.276201172838
2025,3244,1041.276201172838
2016,3245,1009.946611061491
2017,3245,999.9999999999651
2018,3245,999.9999999999651
2019,3245,1019.8932228625486
2020,3245,1009.946611061491
2021,3245,970.1601607950431
2022,3245,1039.7864486876867
2023,3245,1039.7864486876867
2024,3245,1039.7864486876867
2025,3245,1049.7330627103704
2016,3246,1013.7587361280882
2017,3246,999.9999999999858
2018,3246,999.9999999999858
2019,3246,1020.6381036021874
2020,3246,1013.7587361280882
2021,3246,979.3618894956337
2022,3246,1034.3968330535738
2023,3246,1034.3968330535738
2024,3246,1041.276195507699
2025,3246,1041.276195507699
2016,3247,1013.7587334055759
2017,3247,1000.0000000000833
2018,3247,1000.0000000000833
2019,3247,1020.638099519309
2020,3247,1013.7587334055759
2021,3247,986.8122721494146
2022,3247,1034.3968262488286
2023,3247,1034.3968262488286
2024,3247,1034.3968262488286
2025,3247,1041.2761873416007
2016,3248,1013.7587306852895
2017,3248,999.9999999999918
2018,3248,999.9999999999918
2019,3248,1014.3814434773101
2020,3248,1013.7587306852895
2021,3248,999.9999999999918
2022,3248,1028.762893009469
2023,3248,1028.762893009469
2024,3248,1034.3968194447523
2025,3248,1041.2761791766468
2016,3249,1013.7587279620521
2017,3249,1000.0000000000215
2018,3249,1000.0000000000215
2019,3249,1013.7587279620521
2020,3249,1013.7587279620521
2021,3249,1000.0000000000215
2022,3249,1027.5174516328152
2023,3249,1027.5174516328152
2024,3249,1034.3968126397408
2025,3249,1034.3968126397408
2016,3250,999.9999999999284
2017,3250,999.9999999999284
2018,3250,999.9999999999284
2019,3250,1013.7587252393248
2020,3250,999.9999999999284
2021,3250,999.9999999999284
2022,3250,1020.6380872702964
2023,3250,1027.5174461876975
2024,3250,1028.7629123221589
2025,3250,1034.396805833964
2016,3251,990.0533828157251
2017,3251,999.9999999998967
2018,3251,999.9999999998967
2019,3251,1009.9466150940046
2020,3251,999.9999999998967
2021,3251,990.0533828157251
2022,3251,1019.8932346171573
2023,3251,1029.839852050945
2024,3251,1029.8398475036108
2025,3251,1039.7864648195762
2016,3252,985.6185478211879
2017,3252,1000.0000000000603
2018,3252,1000.0000000000603
2019,3252,1013.7587233534058
2020,3252,1000.0000000000603
2021,3252,985.6185478211879
2022,3252,1027.5174424130953
2023,3252,1034.396801114654
2024,3252,1028.7629237250562
2025,3252,1034.396801114654
2016,3253,979.3619127421484
2017,3253,999.9999999999405
2018,3253,999.9999999999405
2019,3253,1013.7587206299544
2020,3253,993.1206395726249
2021,3253,972.4825468164721
2022,3253,1020.6380803561551
2023,3253,1028.7629333816628
2024,3253,1027.5174369691886
2025,3253,1034.396794309782
2016,3254,970.1601532377709
2017,3254,999.9999999999367
2018,3254,999.9999999999367
2019,3254,999.9999999999367
2020,3254,990.0533808414772
2021,3254,970.1601427734753
2022,3254,1019.8932385678686
2023,3254,1029.839857976175
2024,3254,1029.839857976175
2025,3254,1029.839857976175
2016,3255,999.999999999885
2017,3255,999.999999999885
2018,3255,999.999999999885
2019,3255,1009.9466183584628
2020,3255,980.1067655048209
2021,3255,980.1067655048209
2022,3255,1019.8932374575039
2023,3255,1029.8398572977076
2024,3255,1029.8398572977076
2025,3255,1039.7864778786088
2016,3256,1006.8793602230589
2017,3256,999.9999999999598
2018,3256,999.9999999999598
2019,3256,1013.7587168550917
2020,3256,993.1206414602921
2021,3256,993.1206414602921
2022,3256,1020.6380746928274
2023,3256,1028.7629561861206
2024,3256,1028.7629561861206
2025,3256,1034.396784869598
2016,3257,1000.0000000000477
2017,3257,1000.0000000000477
2018,3257,1000.0000000000477
2019,3257,1027.5174273104226
2020,3257,1006.8793596962992
2021,3257,1000.0000000000477
2022,3257,1028.7629693310867
2023,3257,1041.276134526192
2024,3257,1041.276134526192
2025,3257,1043.1444630787876
2016,3258,985.6185201885277
2017,3258,1000.000000000058
2018,3258,1000.000000000058
2019,3258,1020.6380690302249
2020,3258,1000.000000000058
2021,3258,993.1206433483109
2022,3258,1020.6380690302249
2023,3258,1028.7629789922594
2024,3258,1034.3967754319713
2025,3258,1034.3967754319713
2016,3259,952.3758734438787
2017,3259,1000.0000000000077
2018,3259,1000.0000000000077
2019,3259,1038.0993699465273
2020,3259,990.4751670555286
2021,3259,990.4751670555286
2022,3259,1047.6242219749572
2023,3259,1057.1490778200396
2024,3259,1057.1490778200396
2025,3259,1066.6739374821204
2016,3260,965.6032161882919
2017,3260,1000.0000000000746
2018,3260,1000.0000000000746
2019,3260,1013.7587068017318
2020,3260,986.2412893832328
2021,3260,985.618511401675
2022,3260,1013.7587068017318
2023,3260,1020.6380596129318
2024,3260,1027.5174093108053
2025,3260,1027.5174093108053
2016,3261,958.7238634338886
2017,3261,999.9999999999554
2018,3261,999.9999999999554
2019,3261,1006.8793538355185
2020,3261,986.2412921038826
2021,3261,979.3619375664613
2022,3261,1006.8793538355185
2023,3261,1020.6380555303854
2024,3261,1027.517403867503
2025,3261,1020.6380555303854
2016,3262,950.2668927065391
2017,3262,1000.0000000000197
2018,3262,1000.0000000000197
2019,3262,1009.9466236816448
2020,3262,980.1067548602566
2021,3262,970.1601334016544
2022,3262,1009.9466236816448
2023,3262,1019.8932481035017
2024,3262,1029.839873266987
2025,3262,1029.839873266987
2016,3263,972.4825836916668
2017,3263,999.9999999999656
2018,3263,999.9999999999656
2019,3263,1013.7587021930469
2020,3263,999.9999999999656
2021,3263,972.4825836916668
2022,3263,1013.7587021930469
2023,3263,1020.6380526997999
2024,3263,1027.5174000932152
2025,3263,1027.5174000932152
2016,3264,950.2668862629054
2017,3264,1000.0000000000011
2018,3264,1000.0000000000011
2019,3264,1009.9466249697913
2020,3264,1000.0000000000011
2021,3264,970.1601190674908
2022,3264,1019.8932506809757
2023,3264,1019.8932543707234
2024,3264,1029.8398771330917
2025,3264,1029.839881681126
2016,3265,979.3619432271523
2017,3265,1000.0000000000102
2018,3265,1000.0000000000102
2019,3265,1013.7587003037409
2020,3265,1006.879351947159
2021,3265,979.3619432271523
2022,3265,1020.6380498665133
2023,3265,1027.5173963161185
2024,3265,1028.7630290247907
2025,3265,1034.3967434935278
2016,3266,970.1601256649278
2017,3266,999.9999999999558
2018,3266,999.9999999999558
2019,3266,1019.8932532612132
2020,3266,1009.9466262600032
2021,3266,970.1601256649278
2022,3266,1019.8932569500283
2023,3266,1029.8398810035847
2024,3266,1039.7865094866552
2025,3266,1039.7865094866552
2016,3267,986.2412977666087
2017,3267,1000.000000000003
2018,3267,1000.000000000003
2019,3267,1020.6380470376465
2020,3267,1013.758698417884
2021,3267,986.2412977666087
2022,3267,1027.5173925435836
2023,3267,1027.5173925435836
2024,3267,1034.3967387769958
2025,3267,1034.3967387769958
2016,3268,986.2413004879098
2017,3268,1000.0000000000476
2018,3268,1000.0000000000476
2019,3268,1014.3815220191318
2020,3268,1000.0000000000476
2021,3268,985.618484636511
2022,3268,1020.6380429550687
2023,3268,1027.517387099884
2024,3268,1034.3967319733317
2025,3268,1034.3967319733317
2016,3269,980.106745750169
2017,3269,1000.0000000000865
2018,3269,1000.0000000000865
2019,3269,1019.8932572146558
2020,3269,990.0533725048947
2021,3269,980.1067394303766
2022,3269,1019.8932609027723
2023,3269,1029.8398869328691
2024,3269,1029.8398914785753
2025,3269,1029.8398914785753
2016,3270,990.0533690703803
2017,3270,999.9999999998942
2018,3270,999.9999999998942
2019,3270,1019.893262109236
2020,3270,999.9999999998942
2021,3270,980.1067382237607
2022,3270,1019.893262109236
2023,3270,1029.8398932879002
2024,3270,1029.8398932879002
2025,3270,1039.7865198039674
2016,3271,993.1206525657417
2017,3271,1000.0000000000261
2018,3271,1000.0000000000261
2019,3271,1027.5173849955147
2020,3271,1000.0000000000261
2021,3271,986.241301540306
2022,3271,1028.7630632405107
2023,3271,1034.3967293417609
2024,3271,1041.2760710525679
2025,3271,1043.1446039419413
2016,3272,985.6184732320553
2017,3272,1000.0000000000648
2018,3272,1000.0000000000648
2019,3272,1014.3815334232922
2020,3272,1000.0000000000648
2021,3272,986.2413042618169
2022,3272,1020.6380372936296
2023,3272,1028.7630728993008
2024,3272,1028.7630728993008
2025,3272,1034.396722537662
2016,3273,979.3619598839149
2017,3273,999.9999999999794
2018,3273,999.9999999999794
2019,3273,1013.758689201131
2020,3273,993.1206552869305
2021,3273,985.6184684034904
2022,3273,1014.3815382521861
2023,3273,1027.5173741080418
2024,3273,1027.5173741080418
2025,3273,1028.76308255693
2016,3274,979.3619639678606
2017,3274,999.9999999999764
2018,3274,999.9999999999764
2019,3274,1013.7586864804738
2020,3274,993.1206566482474
2021,3274,979.3619639678606
2022,3274,1013.7586864804738
2023,3274,1027.5173686664011
2024,3274,1027.5173686664011
2025,3274,1020.6380291304296
2016,3275,970.1601078805776
2017,3275,1000.0000000000896
2018,3275,1000.0000000000896
2019,3275,1009.9466321891512
2020,3275,990.0533685526549
2021,3275,970.1601078805776
2022,3275,1009.9466321891512
2023,3275,1019.8932688079608
2024,3275,1029.8398987907647
2025,3275,1029.8398987907647
2016,3276,993.1206575914008
2017,3276,1000.0000000000048
2018,3276,1000.0000000000048
2019,3276,1013.758684591449
2020,3276,1000.0000000000048
2021,3276,979.3619667966909
2022,3276,1013.758684591449
2023,3276,1027.5173648906273
2024,3276,1027.5173648906273
2025,3276,1027.5173648906273
2016,3277,993.120658951534
2017,3277,1000.0000000000263
2018,3277,1000.0000000000263
2019,3277,1013.758681870589
2020,3277,985.6184530400569
2021,3277,979.3619708782786
2022,3277,1013.758681870589
2023,3277,1020.638022215992
2024,3277,1027.5173594476544
2025,3277,1027.5173594476544
2016,3278,990.0533665757819
2017,3278,1000.0000000000725
2018,3278,1000.0000000000725
2019,3278,1009.9466341664571
2020,3278,980.106727571929
2021,3278,970.1601019502225
2022,3278,1009.9466341664571
2023,3278,1019.8932727611916
2024,3278,1019.8932727611916
2025,3278,1029.8399047215514
2016,3279,1000.0000000001016
2017,3279,1000.0000000001016
2018,3279,1000.0000000001016
2019,3279,1013.7586772626968
2020,3279,965.6032900319292
2021,3279,965.6032900319292
2022,3279,1013.7586772626968
2023,3279,1020.6380153044506
2024,3279,1020.6380153044506
2025,3279,1027.5173502322086
2016,3280,985.6184376772154
2017,3280,999.9999999999791
2018,3280,999.9999999999791
2019,3280,1006.8793390661834
2020,3280,973.6249675541791
2021,3280,958.7239520445553
2022,3280,1006.8793390661834
2016,3281,980.1067222450711
2017,3281,1000.0000000000942
2018,3281,1000.0000000000942
2020,3281,950.2668269772577
2021,3281,950.2668269772577
2016,3282,980.106721037316
2017,3282,999.9999999999602
2018,3282,999.9999999999602
2020,3282,980.1067273575741
2021,3282,960.2134424071819
2016,3283,980.1067198311944
2017,3283,1000.0000000001054
2018,3283,1000.0000000001054
2020,3283,990.0533627051975
2021,3283,960.2134552697809
2016,3284,980.1067186233307
2017,3284,1000.000000000117
2018,3284,1000.000000000117
2020,3284,1000.000000000117
2021,3284,970.160088527419
2016,3285,980.106717416777
2017,3285,1000.0000000000721
2018,3285,1000.0000000000721
2021,3285,980.106717416777
2017,3286,1000.000000000012
2018,3286,1000.000000000012
2019,3286,986.793808353875
2020,3286,972.4707778236972
2021,3286,960.3813886304299
2022,3286,947.1751605549377
2023,3286,938.0592267541103
2024,3286,933.96892033614
2025,3286,924.2945986004173
2017,3287,1000.0000000000548
2018,3287,1000.0000000000548
2019,3287,1000.0000000000548
2020,3287,980.9328614646328
2021,3287,971.3992913761936
2022,3287,961.8657207400923
2023,3287,942.7986546431983
2024,3287,961.8657207400923
2025,3287,933.2650055454949
2017,3288,1000.0000000000343
2018,3288,1000.0000000000343
2019,3288,993.1177003981586
2020,3288,973.5876421304781
2021,3288,965.5884860294572
2022,3288,947.1752356894924
2023,3288,947.1752356894924
2024,3288,947.1752356894924
2025,3288,933.9690142541575
2016,3289,1013.7645962736899
2017,3289,1000.000000000095
2018,3289,1000.000000000095
2019,3289,1000.000000000095
2020,3289,979.3530994042235
2021,3289,973.5876601589623
2022,3289,960.3814720233469
2023,3289,951.8238820646999
2024,3289,960.3814720233469
2025,3289,938.059267080849
2016,3290,1013.7645935491032
2017,3290,1000.000000000011
2018,3290,1000.000000000011
2019,3290,1000.000000000011
2020,3290,986.7938451637146
2021,3290,986.2354027022114
2022,3290,965.588499647636
2023,3290,951.8238915969091
2024,3290,965.588499647636
2025,3290,938.0592793368919
2016,3291,1013.7645908253562
2017,3291,1000.0000000001112
2018,3291,1000.0000000001112
2019,3291,1013.2061337473586
2020,3291,1000.0000000001112
2021,3291,986.2354054258296
2022,3291,973.5876962089422
2023,3291,960.3815260983935
2024,3291,965.5885064566105
2025,3291,947.1753438441991
2016,3292,1013.7645881018757
2017,3292,1000.000000000022
2018,3292,1000.000000000022
2019,3292,1013.7645881018757
2020,3292,1000.000000000022
2021,3292,986.7938631896562
2022,3292,986.7938631896562
2023,3292,973.5877142355706
2024,3292,973.5877142355706
2025,3292,960.3815531380833
2016,3293,1013.7645853773338
2017,3293,999.9999999999679
2018,3293,999.9999999999679
2019,3293,1013.7645853773338
2020,3293,1013.2061157215452
2021,3293,999.9999999999679
2022,3293,999.9999999999679
2023,3293,986.7938722014678
2024,3293,986.2354108724933
2025,3293,973.587732259736
2016,3294,1019.0670857652284
2017,3294,1000.0000000000013
2018,3294,1000.0000000000013
2019,3294,1019.0670857652284
2020,3294,1019.0670764997435
2021,3294,1009.533538523702
2022,3294,1009.533538523702
2023,3294,1000.0000000000013
2024,3294,990.4664609286442
2025,3294,990.4664609286442
2016,3295,1009.533536232964
2017,3295,1000.0000000000442
2018,3295,1000.0000000000442
2019,3295,1019.0670670114192
2020,3295,1019.0670670114192
2021,3295,1000.0000000000442
2022,3295,1000.0000000000442
2023,3295,1000.0000000000442
2024,3295,990.4664656728693
2025,3295,990.4664656728693
2016,3296,1000.0000000000226
2017,3296,1000.0000000000226
2018,3296,1000.0000000000226
2019,3296,1019.0670575233881
2020,3296,1009.5335314889959
2021,3296,1000.0000000000226
2022,3296,1000.0000000000226
2023,3296,990.4664723225387
2024,3296,990.4664704169104
2025,3296,990.4664704169104
2016,3297,990.4664770663222
2017,3297,999.9999999999734
2018,3297,999.9999999999734
2019,3297,1009.5335267448809
2020,3297,1009.5335242913605
2021,3297,999.9999999999734
2022,3297,999.9999999999734
2023,3297,990.4664751609268
2024,3297,990.4664751609268
2025,3297,990.4664751609268
2016,3298,986.793920300705
2017,3298,999.9999999999105
2018,3298,999.9999999999105
2019,3298,1013.2060676223522
2020,3298,1006.8822860692555
2021,3298,999.9999999999105
2022,3298,999.9999999999105
2023,3298,986.793920300705
2024,3298,986.793920300705
2025,3298,986.793920300705
2016,3299,999.9999999999715
2017,3299,999.9999999999715
2018,3299,999.9999999999715
2019,3299,1009.5335130604828
2020,3299,1009.5335106066133
2021,3299,999.9999999999715
2022,3299,999.9999999999715
2023,3299,999.9999999999715
2024,3299,990.4664888457867
2025,3299,999.9999999999715
2016,3300,990.4664954954936
2017,3300,999.999999999985
2018,3300,999.999999999985
2019,3300,999.999999999985
2020,3300,999.999999999985
2021,3300,990.4664954954936
2022,3300,990.4664954954936
2023,3300,999.999999999985
2024,3300,990.4664935898654
2025,3300,990.4664954954936
2016,3301,990.4664983340415
2017,3301,999.9999999999795
2018,3301,999.9999999999795
2019,3301,990.4665002399025
2020,3301,999.9999999999795
2021,3301,990.4664983340415
2022,3301,990.4664983340415
2023,3301,999.9999999999795
2024,3301,990.4664983340415
2025,3301,990.4664983340415
2016,3302,990.4665030785249
2017,3302,1000.0000000000513
2018,3302,1000.0000000000513
2019,3302,990.4665030785249
2020,3302,1000.0000000000513
2021,3302,990.4665030785249
2022,3302,990.4665030785249
2023,3302,1000.0000000000513
2024,3302,990.4665030785249
2025,3302,990.4665030785249
2016,3303,990.4665078226682
2017,3303,1000.0000000000132
2018,3303,1000.0000000000132
2019,3303,990.4665078226682
2020,3303,1000.0000000000132
2021,3303,990.4665078226682
2022,3303,990.4665078226682
2023,3303,1000.0000000000132
2024,3303,1000.0000000000132
2025,3303,990.4665078226682
2016,3304,990.4665125669062
2017,3304,999.9999999999559
2018,3304,999.9999999999559
2019,3304,990.4665125669062
2020,3304,999.9999999999559
2021,3304,990.4665125669062
2022,3304,990.4665125669062
2023,3304,999.9999999999559
2024,3304,999.9999999999559
2025,3304,990.4665125669062
2016,3305,1129.2927111207593
2017,3305,1149.1838868698596
2018,3305,1149.1838868698596
2019,3305,1089.5103511603998
2020,3305,1099.4559422085508
2021,3305,1139.2382993479587
2022,3305,1139.2382993479587
2023,3305,1218.8029797816248
2024,3305,1198.9118139043453
2025,3305,1238.6941428393475
2016,3306,1139.238291350009
2017,3306,1159.1294645464598
2018,3306,1159.1294645464598
2019,3306,1119.3471153326059
2020,3306,1129.2927036931408
2021,3306,1179.0206349226569
2022,3306,1208.8573851995584
2023,3306,1228.7485485246532
2024,3306,1208.8573851995584
2025,3306,1278.4764445002936
2016,3307,1149.1838697269231
2017,3307,1169.0750403709692
2018,3307,1169.0750403709692
2019,3307,1149.1838697269231
2020,3307,1169.0750403709692
2021,3307,1188.966208194993
2022,3307,1248.639694744144
2023,3307,1268.5308512862212
2024,3307,1278.4764285004785
2025,3307,1288.4220050096724
2016,3308,1159.129446260839
2017,3308,1179.0206143529433
2018,3308,1179.0206143529433
2019,3308,1159.129446260839
2020,3308,1208.8573612023094
2021,3308,1228.7485222437786
2022,3308,1268.5308358652558
2023,3308,1288.4219884464273
2024,3308,1288.4219884464273
2025,3308,1308.3131382066483
2016,3309,1169.0750209610405
2017,3309,1188.9661865021224
2018,3309,1188.9661865021224
2019,3309,1188.9661865021224
2020,3309,1238.6940880169122
2021,3309,1258.5852436875703
2022,3309,1288.4219719065106
2023,3309,1298.3675465690533
2024,3309,1318.2586937803455
2025,3309,1318.2586937803455
2016,3310,1179.0205938158313
2017,3310,1198.9117568072927
2018,3310,1198.9117568072927
2019,3310,1208.857337245078
2020,3310,1258.5852288587535
2021,3310,1288.4219553676382
2022,3310,1298.3675294603177
2023,3310,1318.2586755314187
2024,3310,1328.2042475093722
2025,3310,1328.2042475093722
