{
"type": "FeatureCollection",
"name": "transects",
"crs": { "type": "name", "properties": { "name": "urn:ogc:def:crs:EPSG::32644" } },
"features": [
{ "type": "Feature", "properties": { "Transect": 0 }, "geometry": { "type": "LineString", "coordinates": [ [ 744390.48212901095394, 1957131.424630399793386 ], [ 742929.875128846499138, 1958497.670285862404853 ] ] } },
{ "type": "Feature", "properties": { "Transect": 1 }, "geometry": { "type": "LineString", "coordinates": [ [ 744454.902690551592968, 1957200.294792706612498 ], [ 742994.288365119020455, 1958566.532616931013763 ] ] } },
{ "type": "Feature", "properties": { "Transect": 2 }, "geometry": { "type": "LineString", "coordinates": [ [ 742831.228855016059242, 1957854.164032449480146 ], [ 744831.079996204585768, 1957878.565120274666697 ] ] } },
{ "type": "Feature", "properties": { "Transect": 3 }, "geometry": { "type": "LineString", "coordinates": [ [ 743794.542676876182668, 1956857.094594727037475 ], [ 743868.008858037530445, 1958855.744819309795275 ] ] } },
{ "type": "Feature", "properties": { "Transect": 4 }, "geometry": { "type": "LineString", "coordinates": [ [ 743804.197367359884083, 1956847.26599873485975 ], [ 743877.661553100915626, 1958845.916296664392576 ] ] } },
{ "type": "Feature", "properties": { "Transect": 5 }, "geometry": { "type": "LineString", "coordinates": [ [ 742860.635700521524996, 1957789.374691084725782 ], [ 744860.32346111163497, 1957824.713906497461721 ] ] } },
{ "type": "Feature", "properties": { "Transect": 6 }, "geometry": { "type": "LineString", "coordinates": [ [ 742889.515254644444212, 1957765.355793971801177 ], [ 744889.366339125437662, 1957789.761528952745721 ] ] } },
{ "type": "Feature", "properties": { "Transect": 7 }, "geometry": { "type": "LineString", "coordinates": [ [ 743901.765237952349707, 1956767.688250027131289 ], [ 743877.35908579477109, 1958767.539329417049885 ] ] } },
{ "type": "Feature", "properties": { "Transect": 8 }, "geometry": { "type": "LineString", "coordinates": [ [ 742899.169017227133736, 1957755.526838175719604 ], [ 744899.020091524580494, 1957779.933407614706084 ] ] } },
{ "type": "Feature", "properties": { "Transect": 9 }, "geometry": { "type": "LineString", "coordinates": [ [ 743911.419416809920222, 1956757.85971611388959 ], [ 743887.012430230155587, 1958757.710785320261493 ] ] } },
{ "type": "Feature", "properties": { "Transect": 10 }, "geometry": { "type": "LineString", "coordinates": [ [ 742908.904473479255103, 1957740.230140986386687 ], [ 744908.592169058625586, 1957775.573034877888858 ] ] } },
{ "type": "Feature", "properties": { "Transect": 11 }, "geometry": { "type": "LineString", "coordinates": [ [ 742918.558256271877326, 1957730.401241841958836 ], [ 744918.245938850450329, 1957765.744871305534616 ] ] } },
{ "type": "Feature", "properties": { "Transect": 12 }, "geometry": { "type": "LineString", "coordinates": [ [ 743940.260688182897866, 1956738.319010224658996 ], [ 743915.851078322622925, 1958738.170047414023429 ] ] } },
{ "type": "Feature", "properties": { "Transect": 13 }, "geometry": { "type": "LineString", "coordinates": [ [ 742937.744464607792906, 1957720.68827674491331 ], [ 744937.432119358913042, 1957756.033480603713542 ] ] } },
{ "type": "Feature", "properties": { "Transect": 14 }, "geometry": { "type": "LineString", "coordinates": [ [ 742966.705913330544718, 1957691.20162388542667 ], [ 744966.393529076478444, 1957726.549034437630326 ] ] } },
{ "type": "Feature", "properties": { "Transect": 15 }, "geometry": { "type": "LineString", "coordinates": [ [ 742976.278054065885954, 1957686.840137567138299 ], [ 744976.129045422305353, 1957711.253502163803205 ] ] } },
{ "type": "Feature", "properties": { "Transect": 16 }, "geometry": { "type": "LineString", "coordinates": [ [ 743988.531843584729359, 1956689.176450976869091 ], [ 743964.118061871267855, 1958689.027437241049483 ] ] } },
{ "type": "Feature", "properties": { "Transect": 17 }, "geometry": { "type": "LineString", "coordinates": [ [ 742985.931897101225331, 1957677.011214703088626 ], [ 744985.782878272002563, 1957701.425413641845807 ] ] } },
{ "type": "Feature", "properties": { "Transect": 18 }, "geometry": { "type": "LineString", "coordinates": [ [ 743998.186102843959816, 1956679.347949939314276 ], [ 743973.771486807032488, 1958679.198926018085331 ] ] } },
{ "type": "Feature", "properties": { "Transect": 19 }, "geometry": { "type": "LineString", "coordinates": [ [ 742995.667446657083929, 1957661.715003567514941 ], [ 744995.355023398995399, 1957697.06462059984915 ] ] } },
{ "type": "Feature", "properties": { "Transect": 20 }, "geometry": { "type": "LineString", "coordinates": [ [ 744017.373294160002843, 1956669.635836478555575 ], [ 743992.956889380002394, 1958669.486790719209239 ] ] } },
{ "type": "Feature", "properties": { "Transect": 21 }, "geometry": { "type": "LineString", "coordinates": [ [ 743014.772063136799261, 1957657.469285317696631 ], [ 745014.623012284049764, 1957681.886107285041362 ] ] } },
{ "type": "Feature", "properties": { "Transect": 22 }, "geometry": { "type": "LineString", "coordinates": [ [ 744027.027577434317209, 1956659.807346690678969 ], [ 744002.610338389757089, 1958659.658290745457634 ] ] } },
{ "type": "Feature", "properties": { "Transect": 23 }, "geometry": { "type": "LineString", "coordinates": [ [ 743024.425939619075507, 1957647.640377308707684 ], [ 745024.276878579519689, 1957672.058033614885062 ] ] } },
{ "type": "Feature", "properties": { "Transect": 24 }, "geometry": { "type": "LineString", "coordinates": [ [ 744036.681870164349675, 1956649.978860506322235 ], [ 744012.263796747429296, 1958649.829794373828918 ] ] } },
{ "type": "Feature", "properties": { "Transect": 25 }, "geometry": { "type": "LineString", "coordinates": [ [ 743034.079825498978607, 1957637.81147291441448 ], [ 745033.930754272383638, 1957662.229963536607102 ] ] } },
{ "type": "Feature", "properties": { "Transect": 26 }, "geometry": { "type": "LineString", "coordinates": [ [ 744046.336172310169786, 1956640.150377925951034 ], [ 744021.917264484101906, 1958640.001301605254412 ] ] } },
{ "type": "Feature", "properties": { "Transect": 27 }, "geometry": { "type": "LineString", "coordinates": [ [ 743043.733720780699514, 1957627.982572123175487 ], [ 745043.584639366832562, 1957652.401897062780336 ] ] } },
{ "type": "Feature", "properties": { "Transect": 28 }, "geometry": { "type": "LineString", "coordinates": [ [ 744055.990483761881478, 1956630.321898949099705 ], [ 744031.570741718285717, 1958630.172812442062423 ] ] } },
{ "type": "Feature", "properties": { "Transect": 29 }, "geometry": { "type": "LineString", "coordinates": [ [ 743053.387625462608412, 1957618.15367493708618 ], [ 745053.238533861003816, 1957642.573834190843627 ] ] } },
{ "type": "Feature", "properties": { "Transect": 30 }, "geometry": { "type": "LineString", "coordinates": [ [ 744065.644804708426818, 1956620.493423575768247 ], [ 744041.224228257546201, 1958620.344326879596338 ] ] } },
{ "type": "Feature", "properties": { "Transect": 31 }, "geometry": { "type": "LineString", "coordinates": [ [ 743063.041539545869455, 1957608.324781387811527 ], [ 745062.892437757225707, 1957632.745774888200685 ] ] } },
{ "type": "Feature", "properties": { "Transect": 32 }, "geometry": { "type": "LineString", "coordinates": [ [ 744075.299135010689497, 1956610.664951806189492 ], [ 744050.877724243793637, 1958610.515844921814278 ] ] } },
{ "type": "Feature", "properties": { "Transect": 33 }, "geometry": { "type": "LineString", "coordinates": [ [ 744035.912759364466183, 1956611.380776487290859 ], [ 744109.329054715228267, 1958610.032834144309163 ] ] } },
{ "type": "Feature", "properties": { "Transect": 34 }, "geometry": { "type": "LineString", "coordinates": [ [ 744094.486456706887111, 1956600.952900731237605 ], [ 744070.063212949549779, 1958600.80377146252431 ] ] } },
{ "type": "Feature", "properties": { "Transect": 35 }, "geometry": { "type": "LineString", "coordinates": [ [ 745186.936047776020132, 1957624.320743786869571 ], [ 743187.085301097366028, 1957599.887344328919426 ] ] } },
{ "type": "Feature", "properties": { "Transect": 36 }, "geometry": { "type": "LineString", "coordinates": [ [ 745186.853479027631693, 1957630.497837314382195 ], [ 743186.924864327651449, 1957613.600023719016463 ] ] } },
{ "type": "Feature", "properties": { "Transect": 37 }, "geometry": { "type": "LineString", "coordinates": [ [ 744971.689632390160114, 1957017.339165627025068 ], [ 743511.048265820136294, 1958383.548080202192068 ] ] } },
{ "type": "Feature", "properties": { "Transect": 38 }, "geometry": { "type": "LineString", "coordinates": [ [ 745111.392011506482959, 1957164.890695879003033 ], [ 743514.007064691744745, 1958368.369541430613026 ] ] } },
{ "type": "Feature", "properties": { "Transect": 39 }, "geometry": { "type": "LineString", "coordinates": [ [ 744445.139619039953686, 1956774.326844507129863 ], [ 744420.679022960714065, 1958774.177258723182604 ] ] } },
{ "type": "Feature", "properties": { "Transect": 40 }, "geometry": { "type": "LineString", "coordinates": [ [ 744545.137131707393564, 1956775.550160177517682 ], [ 744520.666546215885319, 1958775.400452185887843 ] ] } },
{ "type": "Feature", "properties": { "Transect": 41 }, "geometry": { "type": "LineString", "coordinates": [ [ 745632.893608167767525, 1957798.886518517741933 ], [ 743633.04343501245603, 1957774.406221738317981 ] ] } },
{ "type": "Feature", "properties": { "Transect": 42 }, "geometry": { "type": "LineString", "coordinates": [ [ 745632.771871113800444, 1957808.831490618409589 ], [ 743632.92169943114277, 1957784.351073532132432 ] ] } },
{ "type": "Feature", "properties": { "Transect": 43 }, "geometry": { "type": "LineString", "coordinates": [ [ 745632.650133460760117, 1957818.776462776353583 ], [ 743632.799963250290602, 1957794.295925423735753 ] ] } },
{ "type": "Feature", "properties": { "Transect": 44 }, "geometry": { "type": "LineString", "coordinates": [ [ 745632.528395208530128, 1957828.721435021143407 ], [ 743632.678226470481604, 1957804.240777378901839 ] ] } },
{ "type": "Feature", "properties": { "Transect": 45 }, "geometry": { "type": "LineString", "coordinates": [ [ 745632.406656356877647, 1957838.666407350916415 ], [ 743632.556489091715775, 1957814.185629399493337 ] ] } },
{ "type": "Feature", "properties": { "Transect": 46 }, "geometry": { "type": "LineString", "coordinates": [ [ 745632.284916906035505, 1957848.611379758454859 ], [ 743632.434751113527454, 1957824.130481495987624 ] ] } },
{ "type": "Feature", "properties": { "Transect": 47 }, "geometry": { "type": "LineString", "coordinates": [ [ 745632.163176856120117, 1957858.556352218380198 ], [ 743632.313012535800226, 1957834.075333691900596 ] ] } },
{ "type": "Feature", "properties": { "Transect": 48 }, "geometry": { "type": "LineString", "coordinates": [ [ 745632.041436206782237, 1957868.501324779121205 ], [ 743632.191273359348997, 1957844.02018593926914 ] ] } },
{ "type": "Feature", "properties": { "Transect": 49 }, "geometry": { "type": "LineString", "coordinates": [ [ 745631.91969495837111, 1957878.44629740039818 ], [ 743632.069533583358862, 1957853.965038276044652 ] ] } },
{ "type": "Feature", "properties": { "Transect": 50 }, "geometry": { "type": "LineString", "coordinates": [ [ 745631.797953110770322, 1957888.391270100837573 ], [ 743631.947793208179064, 1957863.909890688257292 ] ] } },
{ "type": "Feature", "properties": { "Transect": 51 }, "geometry": { "type": "LineString", "coordinates": [ [ 745631.676210663863458, 1957898.336242877412587 ], [ 743631.826052233926021, 1957873.85474317567423 ] ] } },
{ "type": "Feature", "properties": { "Transect": 52 }, "geometry": { "type": "LineString", "coordinates": [ [ 745631.554467617883347, 1957908.281215728493407 ], [ 743631.7043106603669, 1957883.799595739459619 ] ] } },
{ "type": "Feature", "properties": { "Transect": 53 }, "geometry": { "type": "LineString", "coordinates": [ [ 745631.432723972480744, 1957918.226188666885719 ], [ 743631.582568487850949, 1957893.744448368204758 ] ] } },
{ "type": "Feature", "properties": { "Transect": 54 }, "geometry": { "type": "LineString", "coordinates": [ [ 745631.31097972812131, 1957928.171161659993231 ], [ 743631.460825715679675, 1957903.689301095437258 ] ] } },
{ "type": "Feature", "properties": { "Transect": 55 }, "geometry": { "type": "LineString", "coordinates": [ [ 745631.1892348844558, 1957938.116134739015251 ], [ 743631.339082344667986, 1957913.634153887163848 ] ] } },
{ "type": "Feature", "properties": { "Transect": 56 }, "geometry": { "type": "LineString", "coordinates": [ [ 745631.067489441367798, 1957948.061107916757464 ], [ 743631.217338374699466, 1957923.579006732441485 ] ] } },
{ "type": "Feature", "properties": { "Transect": 57 }, "geometry": { "type": "LineString", "coordinates": [ [ 745630.945743399322964, 1957958.006081138504669 ], [ 743631.095593804842792, 1957933.523859687382355 ] ] } },
{ "type": "Feature", "properties": { "Transect": 58 }, "geometry": { "type": "LineString", "coordinates": [ [ 745630.823996757855639, 1957967.951054455712438 ], [ 743630.973848636262119, 1957943.468712696805596 ] ] } },
{ "type": "Feature", "properties": { "Transect": 59 }, "geometry": { "type": "LineString", "coordinates": [ [ 745630.741258681635372, 1957974.130275103962049 ], [ 743630.813093703822233, 1957957.179318529786542 ] ] } },
{ "type": "Feature", "properties": { "Transect": 60 }, "geometry": { "type": "LineString", "coordinates": [ [ 745649.401645805570297, 1958007.965307229198515 ], [ 743649.551526945899241, 1957983.480575315654278 ] ] } },
{ "type": "Feature", "properties": { "Transect": 61 }, "geometry": { "type": "LineString", "coordinates": [ [ 745649.279886661097407, 1958017.91028193407692 ], [ 743649.429769273847342, 1957993.4254297579173 ] ] } },
{ "type": "Feature", "properties": { "Transect": 62 }, "geometry": { "type": "LineString", "coordinates": [ [ 745649.158126917318441, 1958027.85525673860684 ], [ 743649.308011002955027, 1958003.37028425373137 ] ] } },
{ "type": "Feature", "properties": { "Transect": 63 }, "geometry": { "type": "LineString", "coordinates": [ [ 745649.036366574233398, 1958037.800231610657647 ], [ 743649.186252132756636, 1958013.315138835692778 ] ] } },
{ "type": "Feature", "properties": { "Transect": 64 }, "geometry": { "type": "LineString", "coordinates": [ [ 745648.914605631958693, 1958047.745206567458808 ], [ 743649.064492663368583, 1958023.259993482846767 ] ] } },
{ "type": "Feature", "properties": { "Transect": 65 }, "geometry": { "type": "LineString", "coordinates": [ [ 745648.711031038546935, 1958063.153164712246507 ], [ 743649.02454564650543, 1958027.741865095216781 ] ] } },
{ "type": "Feature", "properties": { "Transect": 66 }, "geometry": { "type": "LineString", "coordinates": [ [ 745639.056977769709192, 1958072.981004717759788 ], [ 743639.370479364297353, 1958037.57043997803703 ] ] } },
{ "type": "Feature", "properties": { "Transect": 67 }, "geometry": { "type": "LineString", "coordinates": [ [ 743861.212417152011767, 1958737.776242961874232 ], [ 745321.892071085982025, 1957371.608263325644657 ] ] } },
{ "type": "Feature", "properties": { "Transect": 68 }, "geometry": { "type": "LineString", "coordinates": [ [ 743582.216579453321174, 1958032.39139617071487 ], [ 745582.066774224163964, 1958056.869927077786997 ] ] } },
{ "type": "Feature", "properties": { "Transect": 69 }, "geometry": { "type": "LineString", "coordinates": [ [ 743573.171158515149727, 1957992.495795953087509 ], [ 745573.02137084887363, 1958016.972891954239458 ] ] } },
{ "type": "Feature", "properties": { "Transect": 70 }, "geometry": { "type": "LineString", "coordinates": [ [ 743573.292878159205429, 1957982.550945634022355 ], [ 745573.143091964884661, 1958007.027921369299293 ] ] } },
{ "type": "Feature", "properties": { "Transect": 71 }, "geometry": { "type": "LineString", "coordinates": [ [ 743573.375596595928073, 1957976.37208442017436 ], [ 745573.303813090082258, 1957993.316961830016226 ] ] } },
{ "type": "Feature", "properties": { "Transect": 72 }, "geometry": { "type": "LineString", "coordinates": [ [ 743833.713881108677015, 1958647.925129459472373 ], [ 745294.387729702750221, 1957281.750942895421758 ] ] } },
{ "type": "Feature", "properties": { "Transect": 73 }, "geometry": { "type": "LineString", "coordinates": [ [ 743824.303792788647115, 1958637.864135731011629 ], [ 745284.976561560295522, 1957271.688794653397053 ] ] } },
{ "type": "Feature", "properties": { "Transect": 74 }, "geometry": { "type": "LineString", "coordinates": [ [ 743545.669514798908494, 1957902.643599594244733 ], [ 745545.519775421940722, 1957927.116749896435067 ] ] } },
{ "type": "Feature", "properties": { "Transect": 75 }, "geometry": { "type": "LineString", "coordinates": [ [ 743815.381356647587381, 1958588.024428756674752 ], [ 745276.051335030351765, 1957221.846104286843911 ] ] } },
{ "type": "Feature", "properties": { "Transect": 76 }, "geometry": { "type": "LineString", "coordinates": [ [ 745498.019581123022363, 1957912.105324444361031 ], [ 743498.332830742932856, 1957876.708991942927241 ] ] } },
{ "type": "Feature", "properties": { "Transect": 77 }, "geometry": { "type": "LineString", "coordinates": [ [ 744476.288724612793885, 1958904.160605516750365 ], [ 744500.755610981606878, 1956904.310268248431385 ] ] } },
{ "type": "Feature", "properties": { "Transect": 78 }, "geometry": { "type": "LineString", "coordinates": [ [ 745478.914977704058401, 1957916.352049158886075 ], [ 743479.064635332324542, 1957891.885579952038825 ] ] } },
{ "type": "Feature", "properties": { "Transect": 79 }, "geometry": { "type": "LineString", "coordinates": [ [ 744466.635113002033904, 1958913.988892910536379 ], [ 744491.101165123283863, 1956914.138545436318964 ] ] } },
{ "type": "Feature", "properties": { "Transect": 80 }, "geometry": { "type": "LineString", "coordinates": [ [ 744457.103234253707342, 1958913.872280463809147 ], [ 744481.568331804708578, 1956914.021921311272308 ] ] } },
{ "type": "Feature", "properties": { "Transect": 81 }, "geometry": { "type": "LineString", "coordinates": [ [ 744447.571355880354531, 1958913.755672571714967 ], [ 744472.035499101155438, 1956913.905301745049655 ] ] } },
{ "type": "Feature", "properties": { "Transect": 82 }, "geometry": { "type": "LineString", "coordinates": [ [ 744438.039478071732447, 1958913.639069236116484 ], [ 744462.502666819607839, 1956913.788686733460054 ] ] } },
{ "type": "Feature", "properties": { "Transect": 83 }, "geometry": { "type": "LineString", "coordinates": [ [ 744428.507600739016198, 1958913.522470456315205 ], [ 744452.969835052150302, 1956913.672076278598979 ] ] } },
{ "type": "Feature", "properties": { "Transect": 84 }, "geometry": { "type": "LineString", "coordinates": [ [ 744418.975723867653869, 1958913.405876231845468 ], [ 744443.437003804952838, 1956913.555470380466431 ] ] } },
{ "type": "Feature", "properties": { "Transect": 85 }, "geometry": { "type": "LineString", "coordinates": [ [ 745421.517442998127081, 1957931.058993284124881 ], [ 743421.830577545450069, 1957895.669162317179143 ] ] } },
{ "type": "Feature", "properties": { "Transect": 86 }, "geometry": { "type": "LineString", "coordinates": [ [ 745411.94523299462162, 1957935.422402509953827 ], [ 743412.094811844406649, 1957910.962373373564333 ] ] } },
{ "type": "Feature", "properties": { "Transect": 87 }, "geometry": { "type": "LineString", "coordinates": [ [ 745334.83531171863433, 1958004.100718450034037 ], [ 743334.984807475586422, 1957979.647483917186037 ] ] } },
{ "type": "Feature", "properties": { "Transect": 88 }, "geometry": { "type": "LineString", "coordinates": [ [ 745267.622909094206989, 1958043.061411305097863 ], [ 743267.772329031489789, 1958018.614378303987905 ] ] } },
{ "type": "Feature", "properties": { "Transect": 89 }, "geometry": { "type": "LineString", "coordinates": [ [ 745267.501337694237009, 1958053.006365969078615 ], [ 743267.65075910766609, 1958028.559212204767391 ] ] } },
{ "type": "Feature", "properties": { "Transect": 90 }, "geometry": { "type": "LineString", "coordinates": [ [ 744725.257491108262911, 1958918.877444390906021 ], [ 743668.849488915409893, 1957220.642439186340198 ] ] } },
{ "type": "Feature", "properties": { "Transect": 91 }, "geometry": { "type": "LineString", "coordinates": [ [ 745094.622964127571322, 1958156.527576425112784 ], [ 743094.694330645375885, 1958139.631985932122916 ] ] } },
{ "type": "Feature", "properties": { "Transect": 92 }, "geometry": { "type": "LineString", "coordinates": [ [ 744938.282774993102066, 1957555.888536317273974 ], [ 743477.619999143178575, 1958922.074561441782862 ] ] } },
{ "type": "Feature", "properties": { "Transect": 93 }, "geometry": { "type": "LineString", "coordinates": [ [ 744947.693941271980293, 1957565.950519098900259 ], [ 743487.030085636186413, 1958932.13538976572454 ] ] } },
{ "type": "Feature", "properties": { "Transect": 94 }, "geometry": { "type": "LineString", "coordinates": [ [ 744957.105097976280376, 1957576.012507584877312 ], [ 743496.440162477316335, 1958942.196223709266633 ] ] } },
{ "type": "Feature", "properties": { "Transect": 95 }, "geometry": { "type": "LineString", "coordinates": [ [ 744966.516244913917035, 1957586.074501570547 ], [ 743505.850229855859652, 1958952.257063476135954 ] ] } },
{ "type": "Feature", "properties": { "Transect": 96 }, "geometry": { "type": "LineString", "coordinates": [ [ 744975.927382414462045, 1957596.136501404456794 ], [ 743515.260287450160831, 1958962.317908717785031 ] ] } },
{ "type": "Feature", "properties": { "Transect": 97 }, "geometry": { "type": "LineString", "coordinates": [ [ 744301.414820332895033, 1957290.366176306968555 ], [ 744208.594025396858342, 1959288.211090214783326 ] ] } },
{ "type": "Feature", "properties": { "Transect": 98 }, "geometry": { "type": "LineString", "coordinates": [ [ 745004.282114728237502, 1957616.377409153152257 ], [ 743543.612208191887476, 1958982.555810438934714 ] ] } },
{ "type": "Feature", "properties": { "Transect": 99 }, "geometry": { "type": "LineString", "coordinates": [ [ 745013.69321917637717, 1957626.43943109898828 ], [ 743553.022232635528781, 1958992.616677680751309 ] ] } },
{ "type": "Feature", "properties": { "Transect": 100 }, "geometry": { "type": "LineString", "coordinates": [ [ 744339.181684626964852, 1957320.667187376879156 ], [ 744246.354876846307889, 1959318.51182191632688 ] ] } },
{ "type": "Feature", "properties": { "Transect": 101 }, "geometry": { "type": "LineString", "coordinates": [ [ 744358.125670607434586, 1957330.845265807118267 ], [ 744265.29627727274783, 1959328.68978021107614 ] ] } },
{ "type": "Feature", "properties": { "Transect": 102 }, "geometry": { "type": "LineString", "coordinates": [ [ 744351.123009083326906, 1957341.319625682663172 ], [ 744424.570041257189587, 1959339.970554050523788 ] ] } },
{ "type": "Feature", "properties": { "Transect": 103 }, "geometry": { "type": "LineString", "coordinates": [ [ 744360.777809874271043, 1957331.49128921283409 ], [ 744434.222846153774299, 1959330.142290925141424 ] ] } },
{ "type": "Feature", "properties": { "Transect": 104 }, "geometry": { "type": "LineString", "coordinates": [ [ 743464.707324097980745, 1958286.130676232045516 ], [ 745464.557621299638413, 1958310.600837296573445 ] ] } },
{ "type": "Feature", "properties": { "Transect": 105 }, "geometry": { "type": "LineString", "coordinates": [ [ 745569.978147514630109, 1958265.597241369308904 ], [ 743570.12797345360741, 1958241.11701857089065 ] ] } },
{ "type": "Feature", "properties": { "Transect": 106 }, "geometry": { "type": "LineString", "coordinates": [ [ 745569.856410822598264, 1958275.542213954264298 ], [ 743570.006238234462216, 1958251.061870843870565 ] ] } },
{ "type": "Feature", "properties": { "Transect": 107 }, "geometry": { "type": "LineString", "coordinates": [ [ 745569.734673531726003, 1958285.487186590908095 ], [ 743569.884502415545285, 1958261.006723216501996 ] ] } },
{ "type": "Feature", "properties": { "Transect": 108 }, "geometry": { "type": "LineString", "coordinates": [ [ 745569.61293563793879, 1958295.432159604970366 ], [ 743569.762766001396812, 1958270.951575363986194 ] ] } },
{ "type": "Feature", "properties": { "Transect": 109 }, "geometry": { "type": "LineString", "coordinates": [ [ 745559.837288335547782, 1958315.204943677876145 ], [ 743559.987109949695878, 1958290.725074198562652 ] ] } },
{ "type": "Feature", "properties": { "Transect": 110 }, "geometry": { "type": "LineString", "coordinates": [ [ 745559.633749739034101, 1958330.613193647703156 ], [ 743559.947180152870715, 1958295.206648815656081 ] ] } },
{ "type": "Feature", "properties": { "Transect": 111 }, "geometry": { "type": "LineString", "coordinates": [ [ 745550.061658143647946, 1958334.977730874670669 ], [ 743550.211471016402356, 1958310.498575508361682 ] ] } },
{ "type": "Feature", "properties": { "Transect": 112 }, "geometry": { "type": "LineString", "coordinates": [ [ 745549.939926766906865, 1958344.92270294832997 ], [ 743550.089741112082265, 1958320.443427295191213 ] ] } },
{ "type": "Feature", "properties": { "Transect": 113 }, "geometry": { "type": "LineString", "coordinates": [ [ 745549.818194791325368, 1958354.867675074608997 ], [ 743549.968010608223267, 1958330.388279182137921 ] ] } },
{ "type": "Feature", "properties": { "Transect": 114 }, "geometry": { "type": "LineString", "coordinates": [ [ 744537.531881538685411, 1959352.497983856825158 ], [ 744562.010860183509067, 1957352.647794566350058 ] ] } },
{ "type": "Feature", "properties": { "Transect": 115 }, "geometry": { "type": "LineString", "coordinates": [ [ 745540.164317245944403, 1958364.695492560742423 ], [ 743540.314122849493288, 1958340.216931066708639 ] ] } },
{ "type": "Feature", "properties": { "Transect": 116 }, "geometry": { "type": "LineString", "coordinates": [ [ 745540.042588826618157, 1958374.640464323805645 ], [ 743540.192395902122371, 1958350.161782589973882 ] ] } },
{ "type": "Feature", "properties": { "Transect": 117 }, "geometry": { "type": "LineString", "coordinates": [ [ 745539.920859808451496, 1958384.585436162073165 ], [ 743540.070668355678208, 1958360.106634190771729 ] ] } },
{ "type": "Feature", "properties": { "Transect": 118 }, "geometry": { "type": "LineString", "coordinates": [ [ 745539.799130191328004, 1958394.53040808159858 ], [ 743539.948940210277215, 1958370.051485864911228 ] ] } },
{ "type": "Feature", "properties": { "Transect": 119 }, "geometry": { "type": "LineString", "coordinates": [ [ 744576.470067327376455, 1959391.561534479027614 ], [ 744503.034544113790616, 1957392.910183209693059 ] ] } },
{ "type": "Feature", "properties": { "Transect": 120 }, "geometry": { "type": "LineString", "coordinates": [ [ 745548.235624598106369, 1958484.152319714892656 ], [ 743548.38545955112204, 1958459.671360552776605 ] ] } },
{ "type": "Feature", "properties": { "Transect": 121 }, "geometry": { "type": "LineString", "coordinates": [ [ 745548.0320791057311, 1958499.560485127847642 ], [ 743548.345525791868567, 1958464.153021282982081 ] ] } },
{ "type": "Feature", "properties": { "Transect": 122 }, "geometry": { "type": "LineString", "coordinates": [ [ 745538.3782611413626, 1958509.388345943763852 ], [ 743538.691694805514999, 1958473.981617542915046 ] ] } },
{ "type": "Feature", "properties": { "Transect": 123 }, "geometry": { "type": "LineString", "coordinates": [ [ 745528.806254904484376, 1958513.752919126534835 ], [ 743528.95607090019621, 1958489.273508643032983 ] ] } },
{ "type": "Feature", "properties": { "Transect": 124 }, "geometry": { "type": "LineString", "coordinates": [ [ 744565.483259286615066, 1959510.783578865230083 ], [ 744492.035602691001259, 1957512.132673444226384 ] ] } },
{ "type": "Feature", "properties": { "Transect": 125 }, "geometry": { "type": "LineString", "coordinates": [ [ 745276.796979378908873, 1957907.747173343319446 ], [ 743816.095818903297186, 1959273.892158249858767 ] ] } },
{ "type": "Feature", "properties": { "Transect": 126 }, "geometry": { "type": "LineString", "coordinates": [ [ 745354.169253008090891, 1957960.249740455299616 ], [ 743893.460671908804215, 1959326.386791084893048 ] ] } },
{ "type": "Feature", "properties": { "Transect": 127 }, "geometry": { "type": "LineString", "coordinates": [ [ 744758.786819350090809, 1957633.557094260584563 ], [ 744734.283423829940148, 1959633.406984529457986 ] ] } },
{ "type": "Feature", "properties": { "Transect": 128 }, "geometry": { "type": "LineString", "coordinates": [ [ 745803.530334818409756, 1958656.382179871900007 ], [ 743803.680510565172881, 1958631.873397077666596 ] ] } },
{ "type": "Feature", "properties": { "Transect": 129 }, "geometry": { "type": "LineString", "coordinates": [ [ 745803.408455885946751, 1958666.327168315183371 ], [ 743803.558633107459173, 1958641.8182651870884 ] ] } },
{ "type": "Feature", "properties": { "Transect": 130 }, "geometry": { "type": "LineString", "coordinates": [ [ 745803.286576353479177, 1958676.272156880935654 ], [ 743803.436755050905049, 1958651.763133325846866 ] ] } },
{ "type": "Feature", "properties": { "Transect": 131 }, "geometry": { "type": "LineString", "coordinates": [ [ 745803.164696221938357, 1958686.217145464615896 ], [ 743803.314876393647864, 1958661.708001599414274 ] ] } },
{ "type": "Feature", "properties": { "Transect": 132 }, "geometry": { "type": "LineString", "coordinates": [ [ 745803.042815490160137, 1958696.162134194979444 ], [ 743803.192997138015926, 1958671.652869878569618 ] ] } },
{ "type": "Feature", "properties": { "Transect": 133 }, "geometry": { "type": "LineString", "coordinates": [ [ 745802.920934159192257, 1958706.107122930930927 ], [ 743803.071117281564511, 1958681.597738303942606 ] ] } },
{ "type": "Feature", "properties": { "Transect": 134 }, "geometry": { "type": "LineString", "coordinates": [ [ 745802.799052228336222, 1958716.052111788885668 ], [ 743802.949236826389097, 1958691.542606759117916 ] ] } },
{ "type": "Feature", "properties": { "Transect": 135 }, "geometry": { "type": "LineString", "coordinates": [ [ 745802.67716969770845, 1958725.997100725071505 ], [ 743802.827355771441944, 1958701.487475289264694 ] ] } },
{ "type": "Feature", "properties": { "Transect": 136 }, "geometry": { "type": "LineString", "coordinates": [ [ 745802.555286567774601, 1958735.94208970037289 ], [ 743802.705474116257392, 1958711.432343930704519 ] ] } },
{ "type": "Feature", "properties": { "Transect": 137 }, "geometry": { "type": "LineString", "coordinates": [ [ 745802.433402838069014, 1958745.887078775092959 ], [ 743802.583591861999594, 1958721.377212624996901 ] ] } },
{ "type": "Feature", "properties": { "Transect": 138 }, "geometry": { "type": "LineString", "coordinates": [ [ 745802.311518508591689, 1958755.832067938754335 ], [ 743802.461709008202888, 1958731.322081382619217 ] ] } },
{ "type": "Feature", "properties": { "Transect": 139 }, "geometry": { "type": "LineString", "coordinates": [ [ 745802.189633579575457, 1958765.777057162951678 ], [ 743802.339825554401614, 1958741.266950230114162 ] ] } },
{ "type": "Feature", "properties": { "Transect": 140 }, "geometry": { "type": "LineString", "coordinates": [ [ 745802.067748051020317, 1958775.72204644465819 ], [ 743802.217941500828601, 1958751.211819175165147 ] ] } },
{ "type": "Feature", "properties": { "Transect": 141 }, "geometry": { "type": "LineString", "coordinates": [ [ 745801.945861918851733, 1958785.667036152677611 ], [ 743802.096056852024049, 1958761.156687843846157 ] ] } },
{ "type": "Feature", "properties": { "Transect": 142 }, "geometry": { "type": "LineString", "coordinates": [ [ 745624.991480529075488, 1958181.098757646745071 ], [ 744098.334524039179087, 1959473.119863202562556 ] ] } },
{ "type": "Feature", "properties": { "Transect": 143 }, "geometry": { "type": "LineString", "coordinates": [ [ 745725.115727805765346, 1958391.904393473640084 ], [ 744027.844506701920182, 1959449.860159095842391 ] ] } },
{ "type": "Feature", "properties": { "Transect": 144 }, "geometry": { "type": "LineString", "coordinates": [ [ 745614.688150176894851, 1958262.852311361581087 ], [ 744257.382365208934061, 1959731.770622940734029 ] ] } },
{ "type": "Feature", "properties": { "Transect": 145 }, "geometry": { "type": "LineString", "coordinates": [ [ 745733.842203612206504, 1958376.293893784051761 ], [ 744273.089652068912983, 1959742.383928576717153 ] ] } },
{ "type": "Feature", "properties": { "Transect": 146 }, "geometry": { "type": "LineString", "coordinates": [ [ 745806.905743147013709, 1958414.355702819535509 ], [ 744360.707660868763924, 1959795.844431262696162 ] ] } },
{ "type": "Feature", "properties": { "Transect": 147 }, "geometry": { "type": "LineString", "coordinates": [ [ 745928.231225958210416, 1958463.249929276993498 ], [ 744467.461456118966453, 1959829.321552408160642 ] ] } },
{ "type": "Feature", "properties": { "Transect": 148 }, "geometry": { "type": "LineString", "coordinates": [ [ 745996.538407342275605, 1958536.292631500633433 ], [ 744535.761073954869062, 1959902.356166722020134 ] ] } },
{ "type": "Feature", "properties": { "Transect": 149 }, "geometry": { "type": "LineString", "coordinates": [ [ 746107.756051374250092, 1958594.768550772452727 ], [ 744646.968320535379462, 1959960.820967566920444 ] ] } },
{ "type": "Feature", "properties": { "Transect": 150 }, "geometry": { "type": "LineString", "coordinates": [ [ 746145.762377368169837, 1958605.183691061567515 ], [ 744684.97160873550456, 1959971.232859385199845 ] ] } },
{ "type": "Feature", "properties": { "Transect": 151 }, "geometry": { "type": "LineString", "coordinates": [ [ 746155.172441763686948, 1958615.246385377831757 ], [ 744694.380592414992861, 1959981.294398032128811 ] ] } },
{ "type": "Feature", "properties": { "Transect": 152 }, "geometry": { "type": "LineString", "coordinates": [ [ 746164.582496465067379, 1958625.309085285291076 ], [ 744703.789566547726281, 1959991.355942425783724 ] ] } },
{ "type": "Feature", "properties": { "Transect": 153 }, "geometry": { "type": "LineString", "coordinates": [ [ 746183.524609545012936, 1958635.489304228685796 ], [ 744722.729946583975106, 1960001.534308122936636 ] ] } },
{ "type": "Feature", "properties": { "Transect": 154 }, "geometry": { "type": "LineString", "coordinates": [ [ 746192.934640767984092, 1958645.552020574221388 ], [ 744732.138897195691243, 1960011.595868904376402 ] ] } },
{ "type": "Feature", "properties": { "Transect": 155 }, "geometry": { "type": "LineString", "coordinates": [ [ 746261.240433817729354, 1958718.596022140933201 ], [ 744800.437125811120495, 1960084.631781305419281 ] ] } },
{ "type": "Feature", "properties": { "Transect": 156 }, "geometry": { "type": "LineString", "coordinates": [ [ 746353.147956404252909, 1958796.728649585973471 ], [ 744892.334697675076313, 1960162.753767627757043 ] ] } },
{ "type": "Feature", "properties": { "Transect": 157 }, "geometry": { "type": "LineString", "coordinates": [ [ 746362.557825277093798, 1958806.791466902708635 ], [ 744901.743485761107877, 1960172.815429161069915 ] ] } },
{ "type": "Feature", "properties": { "Transect": 158 }, "geometry": { "type": "LineString", "coordinates": [ [ 746371.967684444971383, 1958816.854289799928665 ], [ 744911.152264311211184, 1960182.877096454147249 ] ] } },
{ "type": "Feature", "properties": { "Transect": 159 }, "geometry": { "type": "LineString", "coordinates": [ [ 746446.314343212754466, 1958876.208784869406372 ], [ 744985.491319513064809, 1960242.223460277076811 ] ] } },
{ "type": "Feature", "properties": { "Transect": 160 }, "geometry": { "type": "LineString", "coordinates": [ [ 746309.83590192347765, 1958767.289319045608863 ], [ 745268.471948667662218, 1960474.790744187077507 ] ] } },
{ "type": "Feature", "properties": { "Transect": 161 }, "geometry": { "type": "LineString", "coordinates": [ [ 746598.027682126616128, 1958988.07387598301284 ], [ 745137.189420127659105, 1960354.07225529407151 ] ] } },
{ "type": "Feature", "properties": { "Transect": 162 }, "geometry": { "type": "LineString", "coordinates": [ [ 746681.436305879731663, 1959026.893888786900789 ], [ 745220.590756563586183, 1960392.884474787861109 ] ] } },
{ "type": "Feature", "properties": { "Transect": 163 }, "geometry": { "type": "LineString", "coordinates": [ [ 746696.272777533507906, 1959019.3108674606774 ], [ 745359.740589002496563, 1960507.155519640771672 ] ] } },
{ "type": "Feature", "properties": { "Transect": 164 }, "geometry": { "type": "LineString", "coordinates": [ [ 746660.64857562573161, 1959000.745733759133145 ], [ 745538.743783091078512, 1960656.441852160030976 ] ] } },
{ "type": "Feature", "properties": { "Transect": 165 }, "geometry": { "type": "LineString", "coordinates": [ [ 746891.964089539716952, 1959172.339180541457608 ], [ 745467.96334451448638, 1960576.697353575611487 ] ] } },
{ "type": "Feature", "properties": { "Transect": 166 }, "geometry": { "type": "LineString", "coordinates": [ [ 746472.195173099520616, 1958948.396728527732193 ], [ 746044.054590912652202, 1960902.033245867583901 ] ] } },
{ "type": "Feature", "properties": { "Transect": 167 }, "geometry": { "type": "LineString", "coordinates": [ [ 747017.819679767009802, 1959248.871265346184373 ], [ 745651.784781621419825, 1960709.675378513988107 ] ] } },
{ "type": "Feature", "properties": { "Transect": 168 }, "geometry": { "type": "LineString", "coordinates": [ [ 747185.225034111645073, 1959354.084729907102883 ], [ 745724.330787474056706, 1960720.023235163185745 ] ] } },
{ "type": "Feature", "properties": { "Transect": 169 }, "geometry": { "type": "LineString", "coordinates": [ [ 746671.441082385368645, 1959106.588598953559995 ], [ 746386.793357099639252, 1961086.228887614328414 ] ] } },
{ "type": "Feature", "properties": { "Transect": 170 }, "geometry": { "type": "LineString", "coordinates": [ [ 746684.884895269758999, 1959159.178852738114074 ], [ 746660.168449420947582, 1961159.026121232425794 ] ] } },
{ "type": "Feature", "properties": { "Transect": 171 }, "geometry": { "type": "LineString", "coordinates": [ [ 746694.416784474859014, 1959159.296658946201205 ], [ 746669.699383058352396, 1961159.143915630411357 ] ] } },
{ "type": "Feature", "properties": { "Transect": 172 }, "geometry": { "type": "LineString", "coordinates": [ [ 747422.04734879557509, 1959476.380315397400409 ], [ 745961.131642575957812, 1960842.295868907589465 ] ] } },
{ "type": "Feature", "properties": { "Transect": 173 }, "geometry": { "type": "LineString", "coordinates": [ [ 747431.456377225811593, 1959486.443746756296605 ], [ 745970.539589706924744, 1960852.358143761288375 ] ] } },
{ "type": "Feature", "properties": { "Transect": 174 }, "geometry": { "type": "LineString", "coordinates": [ [ 746751.239501510979608, 1959189.838732010219246 ], [ 746726.515958330826834, 1961189.68591277487576 ] ] } },
{ "type": "Feature", "properties": { "Transect": 175 }, "geometry": { "type": "LineString", "coordinates": [ [ 747535.814427399542183, 1959527.524911895627156 ], [ 746074.888745779171586, 1960893.429796132491902 ] ] } },
{ "type": "Feature", "properties": { "Transect": 176 }, "geometry": { "type": "LineString", "coordinates": [ [ 747630.517586999456398, 1959578.433697155909613 ], [ 746169.583234912133776, 1960944.329307695617899 ] ] } },
{ "type": "Feature", "properties": { "Transect": 177 }, "geometry": { "type": "LineString", "coordinates": [ [ 746921.829608398489654, 1959271.520995241589844 ], [ 746897.087894323281944, 1961271.367951282300055 ] ] } },
{ "type": "Feature", "properties": { "Transect": 178 }, "geometry": { "type": "LineString", "coordinates": [ [ 746969.242838843958452, 1959292.000789031852037 ], [ 746944.496148746926337, 1961291.847683503758162 ] ] } },
{ "type": "Feature", "properties": { "Transect": 179 }, "geometry": { "type": "LineString", "coordinates": [ [ 747696.870961823384278, 1959609.097506084246561 ], [ 746235.930754759931006, 1960974.98685423261486 ] ] } },
{ "type": "Feature", "properties": { "Transect": 180 }, "geometry": { "type": "LineString", "coordinates": [ [ 747715.811484140576795, 1959619.279395244782791 ], [ 746254.869542887434363, 1960985.166888520354405 ] ] } },
{ "type": "Feature", "properties": { "Transect": 181 }, "geometry": { "type": "LineString", "coordinates": [ [ 747041.369903717306443, 1959313.373515931190923 ], [ 746948.127684512990527, 1961311.198805729625747 ] ] } },
{ "type": "Feature", "properties": { "Transect": 182 }, "geometry": { "type": "LineString", "coordinates": [ [ 747069.719936373527162, 1959333.617644633632153 ], [ 746976.473413413972594, 1961331.4427335630171 ] ] } },
{ "type": "Feature", "properties": { "Transect": 183 }, "geometry": { "type": "LineString", "coordinates": [ [ 747054.414215844706632, 1959342.787822884041816 ], [ 747029.658318245667033, 1961342.634603398386389 ] ] } },
{ "type": "Feature", "properties": { "Transect": 184 }, "geometry": { "type": "LineString", "coordinates": [ [ 747782.041724969516508, 1959659.888814835809171 ], [ 746321.093499495531432, 1961025.7695865300484 ] ] } },
{ "type": "Feature", "properties": { "Transect": 185 }, "geometry": { "type": "LineString", "coordinates": [ [ 747073.354806734947488, 1959352.968879910185933 ], [ 747048.596876366762444, 1961352.81563526019454 ] ] } },
{ "type": "Feature", "properties": { "Transect": 186 }, "geometry": { "type": "LineString", "coordinates": [ [ 747800.982162784319371, 1959670.07079634652473 ], [ 746340.032203164882958, 1961035.949713193578646 ] ] } },
{ "type": "Feature", "properties": { "Transect": 187 }, "geometry": { "type": "LineString", "coordinates": [ [ 747101.827195422840305, 1959363.267970082815737 ], [ 747077.066276716883294, 1961363.114688435103744 ] ] } },
{ "type": "Feature", "properties": { "Transect": 188 }, "geometry": { "type": "LineString", "coordinates": [ [ 747829.454247523564845, 1959680.37115878239274 ], [ 746368.501900936244056, 1961046.247522513847798 ] ] } },
{ "type": "Feature", "properties": { "Transect": 189 }, "geometry": { "type": "LineString", "coordinates": [ [ 747420.60764283570461, 1959444.102126290556043 ], [ 746933.664872781839222, 1961383.91828734613955 ] ] } },
{ "type": "Feature", "properties": { "Transect": 190 }, "geometry": { "type": "LineString", "coordinates": [ [ 747619.987078347825445, 1959529.807438489515334 ], [ 746893.444589144433849, 1961393.174286799971014 ] ] } },
{ "type": "Feature", "properties": { "Transect": 191 }, "geometry": { "type": "LineString", "coordinates": [ [ 748070.603949791868217, 1959817.388622510712594 ], [ 746609.629412014619447, 1961183.241249980870634 ] ] } },
{ "type": "Feature", "properties": { "Transect": 192 }, "geometry": { "type": "LineString", "coordinates": [ [ 748126.304887567763217, 1959838.08009876543656 ], [ 746714.381289199111052, 1961254.579923110548407 ] ] } },
{ "type": "Feature", "properties": { "Transect": 193 }, "geometry": { "type": "LineString", "coordinates": [ [ 747547.357076302985661, 1959567.721563695231453 ], [ 747522.548809289583005, 1961567.56769524817355 ] ] } },
{ "type": "Feature", "properties": { "Transect": 194 }, "geometry": { "type": "LineString", "coordinates": [ [ 746544.56114602717571, 1960555.35852392972447 ], [ 748544.407272413838655, 1960580.167207408929244 ] ] } },
{ "type": "Feature", "properties": { "Transect": 195 }, "geometry": { "type": "LineString", "coordinates": [ [ 748611.126109097036533, 1960580.998395036673173 ], [ 746611.280067239538766, 1960556.182898537022993 ] ] } },
{ "type": "Feature", "properties": { "Transect": 196 }, "geometry": { "type": "LineString", "coordinates": [ [ 747686.001325489138253, 1959629.121701613301411 ], [ 747661.178335172240622, 1961628.967650468228385 ] ] } },
{ "type": "Feature", "properties": { "Transect": 197 }, "geometry": { "type": "LineString", "coordinates": [ [ 748485.611603199271485, 1959989.22931359661743 ], [ 747024.601348709082231, 1961355.043735937681049 ] ] } },
{ "type": "Feature", "properties": { "Transect": 198 }, "geometry": { "type": "LineString", "coordinates": [ [ 748569.014912741491571, 1960028.060074988985434 ], [ 747107.997066878015175, 1961393.866376800695434 ] ] } },
{ "type": "Feature", "properties": { "Transect": 199 }, "geometry": { "type": "LineString", "coordinates": [ [ 747964.901491526281461, 1959722.10528400237672 ], [ 747940.049344026483595, 1961721.95087073254399 ] ] } },
{ "type": "Feature", "properties": { "Transect": 200 }, "geometry": { "type": "LineString", "coordinates": [ [ 746962.166254283045419, 1960704.279975223820657 ], [ 748961.847015306702815, 1960740.013069011736661 ] ] } },
{ "type": "Feature", "properties": { "Transect": 201 }, "geometry": { "type": "LineString", "coordinates": [ [ 747984.088416029349901, 1959712.397071632090956 ], [ 747959.234478861908428, 1961712.242636121343821 ] ] } },
{ "type": "Feature", "properties": { "Transect": 202 }, "geometry": { "type": "LineString", "coordinates": [ [ 747993.620116662466899, 1959712.515530923614278 ], [ 747968.765223782043904, 1961712.361083535244688 ] ] } },
{ "type": "Feature", "properties": { "Transect": 203 }, "geometry": { "type": "LineString", "coordinates": [ [ 748721.238038520328701, 1960029.659200405003503 ], [ 747260.209748481400311, 1961395.454329882981256 ] ] } },
{ "type": "Feature", "properties": { "Transect": 204 }, "geometry": { "type": "LineString", "coordinates": [ [ 748727.533652097568847, 1960078.699543451424688 ], [ 747327.007211984018795, 1961506.469024335034192 ] ] } },
{ "type": "Feature", "properties": { "Transect": 205 }, "geometry": { "type": "LineString", "coordinates": [ [ 748472.714209356112406, 1959957.56921454006806 ], [ 747666.321935059968382, 1961787.796386220026761 ] ] } },
{ "type": "Feature", "properties": { "Transect": 206 }, "geometry": { "type": "LineString", "coordinates": [ [ 748734.595047624548897, 1960113.744504433125257 ], [ 747560.751208934234455, 1961733.031582862604409 ] ] } },
{ "type": "Feature", "properties": { "Transect": 207 }, "geometry": { "type": "LineString", "coordinates": [ [ 748257.66334780131001, 1959944.572332435986027 ], [ 748232.77884060156066, 1961944.417516769142821 ] ] } },
{ "type": "Feature", "properties": { "Transect": 208 }, "geometry": { "type": "LineString", "coordinates": [ [ 749292.46760886523407, 1960983.61979502462782 ], [ 747292.543238103273325, 1960966.226944978581741 ] ] } },
{ "type": "Feature", "properties": { "Transect": 209 }, "geometry": { "type": "LineString", "coordinates": [ [ 748527.944174135802314, 1960061.137450644746423 ], [ 748173.099708085181192, 1962029.407098053954542 ] ] } },
{ "type": "Feature", "properties": { "Transect": 210 }, "geometry": { "type": "LineString", "coordinates": [ [ 749164.523689128807746, 1960413.172499377047643 ], [ 747703.448402427020483, 1961778.917353509692475 ] ] } },
{ "type": "Feature", "properties": { "Transect": 211 }, "geometry": { "type": "LineString", "coordinates": [ [ 748490.114006763789803, 1960107.200780298793688 ], [ 748396.672505059745163, 1962105.016759251477197 ] ] } },
{ "type": "Feature", "properties": { "Transect": 212 }, "geometry": { "type": "LineString", "coordinates": [ [ 748474.78577684762422, 1960116.368883072398603 ], [ 748449.877251763711683, 1962116.213768401648849 ] ] } },
{ "type": "Feature", "properties": { "Transect": 213 }, "geometry": { "type": "LineString", "coordinates": [ [ 749202.401951153879054, 1960433.539466405520216 ], [ 747741.323194237542339, 1961799.280608089407906 ] ] } },
{ "type": "Feature", "properties": { "Transect": 214 }, "geometry": { "type": "LineString", "coordinates": [ [ 748493.725034638424404, 1960126.551472123013809 ], [ 748468.814475461258553, 1962126.396332116099074 ] ] } },
{ "type": "Feature", "properties": { "Transect": 215 }, "geometry": { "type": "LineString", "coordinates": [ [ 749221.341055755736306, 1960443.722980619873852 ], [ 747760.260563606629148, 1961809.46226593805477 ] ] } },
{ "type": "Feature", "properties": { "Transect": 216 }, "geometry": { "type": "LineString", "coordinates": [ [ 749268.255813619820401, 1960503.990692576626316 ], [ 747807.169480270706117, 1961869.723728898214176 ] ] } },
{ "type": "Feature", "properties": { "Transect": 217 }, "geometry": { "type": "LineString", "coordinates": [ [ 749547.081812440534122, 1961205.633030004100874 ], [ 747547.15771133673843, 1961188.209200807148591 ] ] } },
{ "type": "Feature", "properties": { "Transect": 218 }, "geometry": { "type": "LineString", "coordinates": [ [ 749565.772077149827965, 1961235.707251229090616 ], [ 747565.847997663891874, 1961218.280940891476348 ] ] } },
{ "type": "Feature", "properties": { "Transect": 219 }, "geometry": { "type": "LineString", "coordinates": [ [ 749380.77577279380057, 1960654.601040248060599 ], [ 747919.675161982770078, 1962020.318802118068561 ] ] } },
{ "type": "Feature", "properties": { "Transect": 220 }, "geometry": { "type": "LineString", "coordinates": [ [ 748706.373366649495438, 1960348.616849763318896 ], [ 748612.891534653725103, 1962346.430941986851394 ] ] } },
{ "type": "Feature", "properties": { "Transect": 221 }, "geometry": { "type": "LineString", "coordinates": [ [ 749409.122093724086881, 1960674.849327071802691 ], [ 747948.018665133276954, 1962040.564074359601364 ] ] } },
{ "type": "Feature", "properties": { "Transect": 222 }, "geometry": { "type": "LineString", "coordinates": [ [ 749437.468359739053994, 1960695.097661716397852 ], [ 747976.362113071372733, 1962060.809394092299044 ] ] } },
{ "type": "Feature", "properties": { "Transect": 223 }, "geometry": { "type": "LineString", "coordinates": [ [ 749763.278939471696503, 1961450.808965829899535 ], [ 747763.434479017159902, 1961425.86635190830566 ] ] } },
{ "type": "Feature", "properties": { "Transect": 224 }, "geometry": { "type": "LineString", "coordinates": [ [ 749493.789256035117432, 1960765.430663796141744 ], [ 748032.676084701903164, 1962131.13498778315261 ] ] } },
{ "type": "Feature", "properties": { "Transect": 225 }, "geometry": { "type": "LineString", "coordinates": [ [ 749772.601470079040155, 1961467.072992379078642 ], [ 747772.677616773173213, 1961449.620743858395144 ] ] } },
{ "type": "Feature", "properties": { "Transect": 226 }, "geometry": { "type": "LineString", "coordinates": [ [ 749512.48023966467008, 1960795.505310348700732 ], [ 748051.36447358247824, 1962161.206858310848475 ] ] } },
{ "type": "Feature", "properties": { "Transect": 227 }, "geometry": { "type": "LineString", "coordinates": [ [ 749521.887629369040951, 1960805.5699437498115 ], [ 748060.770780722843483, 1962171.270333514083177 ] ] } },
{ "type": "Feature", "properties": { "Transect": 228 }, "geometry": { "type": "LineString", "coordinates": [ [ 749531.295009499182925, 1960815.634582899976522 ], [ 748070.177078176755458, 1962181.333814344368875 ] ] } },
{ "type": "Feature", "properties": { "Transect": 229 }, "geometry": { "type": "LineString", "coordinates": [ [ 749540.702379937516525, 1960825.699227675562724 ], [ 748079.583366052946076, 1962191.397300920682028 ] ] } },
{ "type": "Feature", "properties": { "Transect": 230 }, "geometry": { "type": "LineString", "coordinates": [ [ 749838.449275956256315, 1961537.525553483050317 ], [ 747838.525494321249425, 1961520.065093834884465 ] ] } },
{ "type": "Feature", "properties": { "Transect": 231 }, "geometry": { "type": "LineString", "coordinates": [ [ 749866.545520534855314, 1961577.664835132425651 ], [ 747866.62177081394475, 1961560.200720439432189 ] ] } },
{ "type": "Feature", "properties": { "Transect": 232 }, "geometry": { "type": "LineString", "coordinates": [ [ 749875.82817199814599, 1961597.674769406905398 ], [ 747875.904433708754368, 1961580.209345665993169 ] ] } },
{ "type": "Feature", "properties": { "Transect": 233 }, "geometry": { "type": "LineString", "coordinates": [ [ 749885.071078757871874, 1961621.429906328441575 ], [ 747885.22679933172185, 1961596.472782170632854 ] ] } },
{ "type": "Feature", "properties": { "Transect": 234 }, "geometry": { "type": "LineString", "coordinates": [ [ 749884.946966846939176, 1961631.37514254800044 ], [ 747885.102688948391005, 1961606.417895979946479 ] ] } },
{ "type": "Feature", "properties": { "Transect": 235 }, "geometry": { "type": "LineString", "coordinates": [ [ 749884.822854326688685, 1961641.320378807373345 ], [ 747884.978577954811044, 1961616.363009900785983 ] ] } },
{ "type": "Feature", "properties": { "Transect": 236 }, "geometry": { "type": "LineString", "coordinates": [ [ 749884.698741196305491, 1961651.265615192474797 ], [ 747884.854466352495365, 1961626.308123848633841 ] ] } },
{ "type": "Feature", "properties": { "Transect": 237 }, "geometry": { "type": "LineString", "coordinates": [ [ 749884.574627456604503, 1961661.210851613432169 ], [ 747884.730354139697738, 1961636.25323790917173 ] ] } },
{ "type": "Feature", "properties": { "Transect": 238 }, "geometry": { "type": "LineString", "coordinates": [ [ 748872.049778817454353, 1962658.599359339103103 ], [ 748897.006975607248023, 1960658.755080819129944 ] ] } },
{ "type": "Feature", "properties": { "Transect": 239 }, "geometry": { "type": "LineString", "coordinates": [ [ 749874.919695754651912, 1961671.0366694140248 ], [ 747875.075412031379528, 1961646.079889589454979 ] ] } },
{ "type": "Feature", "properties": { "Transect": 240 }, "geometry": { "type": "LineString", "coordinates": [ [ 749874.795585558051243, 1961680.981905499473214 ], [ 747874.951303362613544, 1961656.025003240909427 ] ] } },
{ "type": "Feature", "properties": { "Transect": 241 }, "geometry": { "type": "LineString", "coordinates": [ [ 749874.67147475189995, 1961690.927141624968499 ], [ 747874.827194083598442, 1961665.970117003656924 ] ] } },
{ "type": "Feature", "properties": { "Transect": 242 }, "geometry": { "type": "LineString", "coordinates": [ [ 749874.464785471209325, 1961706.306114299688488 ], [ 747874.785662060021423, 1961670.481494368985295 ] ] } },
{ "type": "Feature", "properties": { "Transect": 243 }, "geometry": { "type": "LineString", "coordinates": [ [ 749864.809877002495341, 1961716.13198505807668 ], [ 747865.130740469205193, 1961680.308097586035728 ] ] } },
{ "type": "Feature", "properties": { "Transect": 244 }, "geometry": { "type": "LineString", "coordinates": [ [ 749855.154977956903167, 1961725.957859180634841 ], [ 747855.475828293827362, 1961690.134704620344564 ] ] } },
{ "type": "Feature", "properties": { "Transect": 245 }, "geometry": { "type": "LineString", "coordinates": [ [ 748833.183453885139897, 1962717.794684616383165 ], [ 748858.137559980386868, 1960717.950367528479546 ] ] } },
{ "type": "Feature", "properties": { "Transect": 246 }, "geometry": { "type": "LineString", "coordinates": [ [ 748823.653161710244603, 1962717.675765398424119 ], [ 748848.606266684946604, 1960717.831435818690807 ] ] } },
{ "type": "Feature", "properties": { "Transect": 247 }, "geometry": { "type": "LineString", "coordinates": [ [ 749537.984216974931769, 1962346.818310205824673 ], [ 747962.36636191199068, 1961114.978882842697203 ] ] } },
{ "type": "Feature", "properties": { "Transect": 248 }, "geometry": { "type": "LineString", "coordinates": [ [ 748660.769335513701662, 1962785.270978489657864 ], [ 748685.707084845053032, 1960785.426457368535921 ] ] } },
{ "type": "Feature", "properties": { "Transect": 249 }, "geometry": { "type": "LineString", "coordinates": [ [ 749663.547177241533063, 1961803.133486771956086 ], [ 747663.867742391186766, 1961767.326255144551396 ] ] } },
{ "type": "Feature", "properties": { "Transect": 250 }, "geometry": { "type": "LineString", "coordinates": [ [ 749634.582952165161259, 1961832.611362247494981 ], [ 747634.90347793942783, 1961796.806329637067392 ] ] } },
{ "type": "Feature", "properties": { "Transect": 251 }, "geometry": { "type": "LineString", "coordinates": [ [ 749625.010769594577141, 1961837.00217618746683 ], [ 747625.166201674961485, 1961812.068180061411113 ] ] } },
{ "type": "Feature", "properties": { "Transect": 252 }, "geometry": { "type": "LineString", "coordinates": [ [ 749624.804232407361269, 1961852.382543188054115 ], [ 747625.124746944988146, 1961816.578138140495867 ] ] } },
{ "type": "Feature", "properties": { "Transect": 253 }, "geometry": { "type": "LineString", "coordinates": [ [ 749615.232062228140421, 1961856.773318151943386 ], [ 747615.387485433951952, 1961831.840033831540495 ] ] } },
{ "type": "Feature", "properties": { "Transect": 254 }, "geometry": { "type": "LineString", "coordinates": [ [ 749615.108069052221254, 1961866.718541457084939 ], [ 747615.263493782607839, 1961841.785134863806888 ] ] } },
{ "type": "Feature", "properties": { "Transect": 255 }, "geometry": { "type": "LineString", "coordinates": [ [ 748602.595293637015857, 1962864.119290638715029 ], [ 748627.528283152380027, 1960864.274710169062018 ] ] } },
{ "type": "Feature", "properties": { "Transect": 256 }, "geometry": { "type": "LineString", "coordinates": [ [ 749605.453371979412623, 1961876.54446286894381 ], [ 747605.608786310418509, 1961851.611890397500247 ] ] } },
{ "type": "Feature", "properties": { "Transect": 257 }, "geometry": { "type": "LineString", "coordinates": [ [ 749605.246844244888052, 1961891.924913342576474 ], [ 747605.56733630807139, 1961856.12176351621747 ] ] } },
{ "type": "Feature", "properties": { "Transect": 258 }, "geometry": { "type": "LineString", "coordinates": [ [ 749595.674698843038641, 1961896.315610697027296 ], [ 747595.830104307620786, 1961871.383749399799854 ] ] } },
{ "type": "Feature", "properties": { "Transect": 259 }, "geometry": { "type": "LineString", "coordinates": [ [ 749566.586731236893684, 1961935.738626813050359 ], [ 747566.742107022088021, 1961910.809146284125745 ] ] } },
{ "type": "Feature", "properties": { "Transect": 260 }, "geometry": { "type": "LineString", "coordinates": [ [ 749566.462757001281716, 1961945.68384842807427 ], [ 747566.618134318734519, 1961920.754244983196259 ] ] } },
{ "type": "Feature", "properties": { "Transect": 261 }, "geometry": { "type": "LineString", "coordinates": [ [ 749537.250947343767621, 1961995.052113344427198 ], [ 747537.406296514323913, 1961970.124767937231809 ] ] } },
{ "type": "Feature", "properties": { "Transect": 262 }, "geometry": { "type": "LineString", "coordinates": [ [ 749527.472386957379058, 1962014.82328059640713 ], [ 747527.627727245213464, 1961989.896647845162079 ] ] } },
{ "type": "Feature", "properties": { "Transect": 263 }, "geometry": { "type": "LineString", "coordinates": [ [ 749527.3484269088367, 1962024.768500376725569 ], [ 747527.503768720082007, 1961999.841745403362438 ] ] } },
{ "type": "Feature", "properties": { "Transect": 264 }, "geometry": { "type": "LineString", "coordinates": [ [ 749527.224466251442209, 1962034.713720234809443 ], [ 747527.379809586098418, 1962009.786843036534265 ] ] } },
{ "type": "Feature", "properties": { "Transect": 265 }, "geometry": { "type": "LineString", "coordinates": [ [ 748563.834620960289612, 1963031.523367188638076 ], [ 748490.521733868168667, 1961032.867513724369928 ] ] } },
{ "type": "Feature", "properties": { "Transect": 266 }, "geometry": { "type": "LineString", "coordinates": [ [ 749525.241012940881774, 1962193.837248097872362 ], [ 747525.39638064801693, 1962168.908415598561987 ] ] } },
{ "type": "Feature", "properties": { "Transect": 267 }, "geometry": { "type": "LineString", "coordinates": [ [ 749525.117041934281588, 1962203.782469239085913 ], [ 747525.272411165060475, 1962178.853514518588781 ] ] } },
{ "type": "Feature", "properties": { "Transect": 268 }, "geometry": { "type": "LineString", "coordinates": [ [ 749524.993070319062099, 1962213.727690447121859 ], [ 747525.148441073019058, 1962188.798613525461406 ] ] } },
{ "type": "Feature", "properties": { "Transect": 269 }, "geometry": { "type": "LineString", "coordinates": [ [ 749524.869098094990477, 1962223.672911730594933 ], [ 747525.024470372358337, 1962198.743712607305497 ] ] } },
{ "type": "Feature", "properties": { "Transect": 270 }, "geometry": { "type": "LineString", "coordinates": [ [ 749524.745125262299553, 1962233.61813308740966 ], [ 747524.900499062845483, 1962208.688811766216531 ] ] } },
{ "type": "Feature", "properties": { "Transect": 271 }, "geometry": { "type": "LineString", "coordinates": [ [ 749524.62115182064008, 1962243.563354534329847 ], [ 747524.776527144829743, 1962218.63391098822467 ] ] } },
{ "type": "Feature", "properties": { "Transect": 272 }, "geometry": { "type": "LineString", "coordinates": [ [ 749524.497177770361304, 1962253.508576032938436 ], [ 747524.652554617729038, 1962228.579010308953002 ] ] } },
{ "type": "Feature", "properties": { "Transect": 273 }, "geometry": { "type": "LineString", "coordinates": [ [ 749524.373203111346811, 1962263.453797629103065 ], [ 747524.528581482125446, 1962238.52410968253389 ] ] } },
{ "type": "Feature", "properties": { "Transect": 274 }, "geometry": { "type": "LineString", "coordinates": [ [ 749524.249227843363769, 1962273.399019302101806 ], [ 747524.404607737786137, 1962248.469209131551906 ] ] } },
{ "type": "Feature", "properties": { "Transect": 275 }, "geometry": { "type": "LineString", "coordinates": [ [ 749524.12525196664501, 1962283.344241039128974 ], [ 747524.280633384478278, 1962258.414308667881414 ] ] } },
{ "type": "Feature", "properties": { "Transect": 276 }, "geometry": { "type": "LineString", "coordinates": [ [ 748560.746933899121359, 1963280.151939540170133 ], [ 748487.411000004503876, 1961281.496931591071188 ] ] } },
{ "type": "Feature", "properties": { "Transect": 277 }, "geometry": { "type": "LineString", "coordinates": [ [ 749503.931443617912009, 1962373.982638640562072 ], [ 747504.086815114598721, 1962349.053502137539908 ] ] } },
{ "type": "Feature", "properties": { "Transect": 278 }, "geometry": { "type": "LineString", "coordinates": [ [ 749492.806434195954353, 1962501.781270273495466 ], [ 747492.961813353002071, 1962476.851519258227199 ] ] } },
{ "type": "Feature", "properties": { "Transect": 279 }, "geometry": { "type": "LineString", "coordinates": [ [ 749492.682458611438051, 1962511.726492169778794 ], [ 747492.83783929166384, 1962486.796618978027254 ] ] } },
{ "type": "Feature", "properties": { "Transect": 280 }, "geometry": { "type": "LineString", "coordinates": [ [ 749492.558482418302447, 1962521.671714155236259 ], [ 747492.713864621706307, 1962496.741718760458753 ] ] } },
{ "type": "Feature", "properties": { "Transect": 281 }, "geometry": { "type": "LineString", "coordinates": [ [ 749492.434505616314709, 1962531.616936212871224 ], [ 747492.589889343129471, 1962506.686818619724363 ] ] } },
{ "type": "Feature", "properties": { "Transect": 282 }, "geometry": { "type": "LineString", "coordinates": [ [ 749492.310528201516718, 1962541.562158674467355 ], [ 747492.465913459891453, 1962516.631918227765709 ] ] } },
{ "type": "Feature", "properties": { "Transect": 283 }, "geometry": { "type": "LineString", "coordinates": [ [ 749501.220986794214696, 1962591.407559667481109 ], [ 747501.376391586614773, 1962566.475752294296399 ] ] } },
{ "type": "Feature", "properties": { "Transect": 284 }, "geometry": { "type": "LineString", "coordinates": [ [ 749501.097000966547057, 1962601.352782792877406 ], [ 747501.252407282823697, 1962576.420853193383664 ] ] } },
{ "type": "Feature", "properties": { "Transect": 285 }, "geometry": { "type": "LineString", "coordinates": [ [ 749500.973014530492947, 1962611.298005967400968 ], [ 747501.128422369714826, 1962586.365954192820936 ] ] } },
{ "type": "Feature", "properties": { "Transect": 286 }, "geometry": { "type": "LineString", "coordinates": [ [ 749500.849027481395751, 1962621.243229563813657 ], [ 747501.004436852410436, 1962596.311054923105985 ] ] } },
{ "type": "Feature", "properties": { "Transect": 287 }, "geometry": { "type": "LineString", "coordinates": [ [ 749519.289717939915136, 1962671.20794787351042 ], [ 747519.445158775663003, 1962646.273249530233443 ] ] } },
{ "type": "Feature", "properties": { "Transect": 288 }, "geometry": { "type": "LineString", "coordinates": [ [ 749519.165717712603509, 1962681.153172650840133 ], [ 747519.321160072460771, 1962656.218352080788463 ] ] } },
{ "type": "Feature", "properties": { "Transect": 289 }, "geometry": { "type": "LineString", "coordinates": [ [ 749519.081405728007667, 1962687.352435968117788 ], [ 747519.157471908838488, 1962669.909416239941493 ] ] } },
{ "type": "Feature", "properties": { "Transect": 290 }, "geometry": { "type": "LineString", "coordinates": [ [ 749528.324012474156916, 1962711.108156960224733 ], [ 747528.479471334256232, 1962686.172013048315421 ] ] } },
{ "type": "Feature", "properties": { "Transect": 291 }, "geometry": { "type": "LineString", "coordinates": [ [ 749528.200005046790466, 1962721.053382548503578 ], [ 747528.355465430766344, 1962696.11711643775925 ] ] } },
{ "type": "Feature", "properties": { "Transect": 292 }, "geometry": { "type": "LineString", "coordinates": [ [ 749528.115687981015071, 1962727.252714229049161 ], [ 747528.191767948213965, 1962709.808113887207583 ] ] } },
{ "type": "Feature", "properties": { "Transect": 293 }, "geometry": { "type": "LineString", "coordinates": [ [ 749537.358259648550302, 1962751.008376006735489 ], [ 747537.513736533932388, 1962726.070786529919133 ] ] } },
{ "type": "Feature", "properties": { "Transect": 294 }, "geometry": { "type": "LineString", "coordinates": [ [ 749537.234245021012612, 1962760.953602422494441 ], [ 747537.38972343027126, 1962736.015890744514763 ] ] } },
{ "type": "Feature", "properties": { "Transect": 295 }, "geometry": { "type": "LineString", "coordinates": [ [ 749267.76572961686179, 1962075.600404124474153 ], [ 747806.610209885751829, 1963441.259419823298231 ] ] } },
{ "type": "Feature", "properties": { "Transect": 296 }, "geometry": { "type": "LineString", "coordinates": [ [ 749546.516480680904351, 1962780.963377875508741 ], [ 747546.67197406955529, 1962756.02446498372592 ] ] } },
{ "type": "Feature", "properties": { "Transect": 297 }, "geometry": { "type": "LineString", "coordinates": [ [ 749546.392459457856603, 1962790.908605352742597 ], [ 747546.547954378067516, 1962765.969569635344669 ] ] } },
{ "type": "Feature", "properties": { "Transect": 298 }, "geometry": { "type": "LineString", "coordinates": [ [ 749555.590337151195854, 1962817.11790433130227 ], [ 747555.666454933583736, 1962799.668969250982627 ] ] } },
{ "type": "Feature", "properties": { "Transect": 299 }, "geometry": { "type": "LineString", "coordinates": [ [ 749564.832822033320554, 1962840.873407105449587 ], [ 747564.988348439219408, 1962815.931846712250262 ] ] } },
{ "type": "Feature", "properties": { "Transect": 300 }, "geometry": { "type": "LineString", "coordinates": [ [ 749574.030642903293483, 1962867.082836946938187 ], [ 747574.106784718693234, 1962849.631147508975118 ] ] } },
{ "type": "Feature", "properties": { "Transect": 301 }, "geometry": { "type": "LineString", "coordinates": [ [ 749583.31277840945404, 1962887.092696222942322 ], [ 747583.388931648922153, 1962869.63969766581431 ] ] } },
{ "type": "Feature", "properties": { "Transect": 302 }, "geometry": { "type": "LineString", "coordinates": [ [ 749592.555188818252645, 1962910.848051514709368 ], [ 747592.710761689697392, 1962885.902765729697421 ] ] } },
{ "type": "Feature", "properties": { "Transect": 303 }, "geometry": { "type": "LineString", "coordinates": [ [ 749592.470840128837153, 1962917.047800148837268 ], [ 747592.547005980508402, 1962899.593356423545629 ] ] } },
{ "type": "Feature", "properties": { "Transect": 304 }, "geometry": { "type": "LineString", "coordinates": [ [ 749601.752927658613771, 1962937.057674115756527 ], [ 747601.829104937845841, 1962919.601921085035428 ] ] } },
{ "type": "Feature", "properties": { "Transect": 305 }, "geometry": { "type": "LineString", "coordinates": [ [ 749611.03499419183936, 1962957.067555010551587 ], [ 747611.111182898865081, 1962939.610492744715884 ] ] } },
{ "type": "Feature", "properties": { "Transect": 306 }, "geometry": { "type": "LineString", "coordinates": [ [ 749369.753638995578513, 1962305.656023858115077 ], [ 747908.581046865787357, 1963671.296773106791079 ] ] } },
{ "type": "Feature", "properties": { "Transect": 307 }, "geometry": { "type": "LineString", "coordinates": [ [ 749648.495600166730583, 1963011.016602397430688 ], [ 747648.651259911712259, 1962986.064353001303971 ] ] } },
{ "type": "Feature", "properties": { "Transect": 308 }, "geometry": { "type": "LineString", "coordinates": [ [ 749648.411227126140147, 1963017.2166653489694 ], [ 747648.487459185998887, 1962999.754637171048671 ] ] } },
{ "type": "Feature", "properties": { "Transect": 309 }, "geometry": { "type": "LineString", "coordinates": [ [ 749657.693200637237169, 1963037.226579764625058 ], [ 747657.769444130011834, 1963019.763242235174403 ] ] } },
{ "type": "Feature", "properties": { "Transect": 310 }, "geometry": { "type": "LineString", "coordinates": [ [ 749676.341470316983759, 1963071.046202949946746 ], [ 747676.497175044380128, 1963046.090348617406562 ] ] } },
{ "type": "Feature", "properties": { "Transect": 311 }, "geometry": { "type": "LineString", "coordinates": [ [ 749723.038831461337395, 1963147.460435801185668 ], [ 747723.115151457604952, 1963129.98833919223398 ] ] } },
{ "type": "Feature", "properties": { "Transect": 312 }, "geometry": { "type": "LineString", "coordinates": [ [ 749508.123484216164798, 1962534.331261676969007 ], [ 748046.931478894781321, 1963899.95123941055499 ] ] } },
{ "type": "Feature", "properties": { "Transect": 313 }, "geometry": { "type": "LineString", "coordinates": [ [ 749594.27008622395806, 1962646.66358203953132 ], [ 748133.06719467160292, 1964012.271911583375186 ] ] } },
{ "type": "Feature", "properties": { "Transect": 314 }, "geometry": { "type": "LineString", "coordinates": [ [ 749603.67642994329799, 1962656.728383450768888 ], [ 748142.472454942413606, 1964022.335553701967001 ] ] } },
{ "type": "Feature", "properties": { "Transect": 315 }, "geometry": { "type": "LineString", "coordinates": [ [ 749613.082764066173695, 1962666.79319060081616 ], [ 748151.877705528051592, 1964032.399201462976635 ] ] } },
{ "type": "Feature", "properties": { "Transect": 316 }, "geometry": { "type": "LineString", "coordinates": [ [ 749622.489088502945378, 1962676.858003394911066 ], [ 748161.282946518156677, 1964042.462854963028803 ] ] } },
{ "type": "Feature", "properties": { "Transect": 317 }, "geometry": { "type": "LineString", "coordinates": [ [ 749901.253530720830895, 1963378.472139669349417 ], [ 747901.330050445045345, 1963360.977196363033727 ] ] } },
{ "type": "Feature", "properties": { "Transect": 318 }, "geometry": { "type": "LineString", "coordinates": [ [ 749660.114289938472211, 1962717.117311591282487 ], [ 748198.903813971905038, 1964082.71752575552091 ] ] } },
{ "type": "Feature", "properties": { "Transect": 319 }, "geometry": { "type": "LineString", "coordinates": [ [ 748970.469419244094752, 1962410.297893824754283 ], [ 748945.480111712007783, 1964410.141771358670667 ] ] } },
{ "type": "Feature", "properties": { "Transect": 320 }, "geometry": { "type": "LineString", "coordinates": [ [ 750052.20201472833287, 1963503.47216195659712 ], [ 748052.358263285481371, 1963478.47276566317305 ] ] } },
{ "type": "Feature", "properties": { "Transect": 321 }, "geometry": { "type": "LineString", "coordinates": [ [ 749720.200255349860527, 1962761.326946650631726 ], [ 748505.346821244223975, 1964350.078385246917605 ] ] } },
{ "type": "Feature", "properties": { "Transect": 322 }, "geometry": { "type": "LineString", "coordinates": [ [ 750184.075719127780758, 1963628.723362001124769 ], [ 748184.232154271216132, 1963603.70904405741021 ] ] } },
{ "type": "Feature", "properties": { "Transect": 323 }, "geometry": { "type": "LineString", "coordinates": [ [ 749868.785021306131966, 1962922.967983274022117 ], [ 748600.474243323667906, 1964469.379238553112373 ] ] } },
{ "type": "Feature", "properties": { "Transect": 324 }, "geometry": { "type": "LineString", "coordinates": [ [ 750248.856640964862891, 1963783.68462644633837 ], [ 748249.013183686300181, 1963758.661709345178679 ] ] } },
{ "type": "Feature", "properties": { "Transect": 325 }, "geometry": { "type": "LineString", "coordinates": [ [ 750266.760849802638404, 1963876.259156577056274 ], [ 748266.917430726229213, 1963851.233186530647799 ] ] } },
{ "type": "Feature", "properties": { "Transect": 326 }, "geometry": { "type": "LineString", "coordinates": [ [ 749283.38820526865311, 1964950.281210205052048 ], [ 749209.982413507765159, 1962951.628766748122871 ] ] } },
{ "type": "Feature", "properties": { "Transect": 327 }, "geometry": { "type": "LineString", "coordinates": [ [ 749273.735013438621536, 1964960.10713881906122 ], [ 749200.327219301136211, 1962961.454768905881792 ] ] } },
{ "type": "Feature", "properties": { "Transect": 328 }, "geometry": { "type": "LineString", "coordinates": [ [ 749254.180705106817186, 1964999.649398880312219 ], [ 749180.76706121256575, 1963000.997243829304352 ] ] } },
{ "type": "Feature", "properties": { "Transect": 329 }, "geometry": { "type": "LineString", "coordinates": [ [ 750207.741460876190104, 1964022.660315954126418 ], [ 748207.897992606158368, 1963997.638277307152748 ] ] } },
{ "type": "Feature", "properties": { "Transect": 330 }, "geometry": { "type": "LineString", "coordinates": [ [ 749244.403576707700267, 1965019.420533066382632 ], [ 749170.987007801886648, 1963020.768485457869247 ] ] } },
{ "type": "Feature", "properties": { "Transect": 331 }, "geometry": { "type": "LineString", "coordinates": [ [ 750216.11060732183978, 1964115.530778263462707 ], [ 748216.267165336292237, 1964090.506638964870945 ] ] } },
{ "type": "Feature", "properties": { "Transect": 332 }, "geometry": { "type": "LineString", "coordinates": [ [ 750002.300241685356013, 1963556.956214396748692 ], [ 748541.029451057431288, 1964922.491888210177422 ] ] } },
{ "type": "Feature", "properties": { "Transect": 333 }, "geometry": { "type": "LineString", "coordinates": [ [ 750280.991639116313308, 1964262.304871385917068 ], [ 748281.148303510155529, 1964237.272232056595385 ] ] } },
{ "type": "Feature", "properties": { "Transect": 334 }, "geometry": { "type": "LineString", "coordinates": [ [ 750011.581636466900818, 1963576.966743664350361 ], [ 748550.309331585536711, 1964942.500797061249614 ] ] } },
{ "type": "Feature", "properties": { "Transect": 335 }, "geometry": { "type": "LineString", "coordinates": [ [ 750020.987288411124609, 1963587.031830406049266 ], [ 748559.713899474940263, 1964952.564723743358627 ] ] } },
{ "type": "Feature", "properties": { "Transect": 336 }, "geometry": { "type": "LineString", "coordinates": [ [ 750030.392930692643858, 1963597.096922824857756 ], [ 748569.118457735632546, 1964962.628656137501821 ] ] } },
{ "type": "Feature", "properties": { "Transect": 337 }, "geometry": { "type": "LineString", "coordinates": [ [ 749321.679017015616409, 1963290.005663719959557 ], [ 749296.642552663455717, 1965289.848951443564147 ] ] } },
{ "type": "Feature", "properties": { "Transect": 338 }, "geometry": { "type": "LineString", "coordinates": [ [ 750077.420997480745427, 1963647.422470416408032 ], [ 748616.141104288748465, 1965012.94840343715623 ] ] } },
{ "type": "Feature", "properties": { "Transect": 339 }, "geometry": { "type": "LineString", "coordinates": [ [ 750124.200148075236939, 1963717.639072974445298 ], [ 748662.913973700837232, 1965083.15828433050774 ] ] } },
{ "type": "Feature", "properties": { "Transect": 340 }, "geometry": { "type": "LineString", "coordinates": [ [ 750402.883621887653135, 1964422.986779130529612 ], [ 748403.040466696838848, 1964397.939730667509139 ] ] } },
{ "type": "Feature", "properties": { "Transect": 341 }, "geometry": { "type": "LineString", "coordinates": [ [ 750133.481329586473294, 1963737.6496861577034 ], [ 748672.193640887155198, 1965103.167276983615011 ] ] } },
{ "type": "Feature", "properties": { "Transect": 342 }, "geometry": { "type": "LineString", "coordinates": [ [ 750142.886840038583614, 1963747.714848790783435 ], [ 748681.598067195736803, 1965113.23127943649888 ] ] } },
{ "type": "Feature", "properties": { "Transect": 343 }, "geometry": { "type": "LineString", "coordinates": [ [ 750152.292340848362073, 1963757.78001712448895 ], [ 748691.002483851276338, 1965123.295287576504052 ] ] } },
{ "type": "Feature", "properties": { "Transect": 344 }, "geometry": { "type": "LineString", "coordinates": [ [ 750431.013777735061012, 1964459.386659353971481 ], [ 748431.090945136849768, 1964441.817833210807294 ] ] } },
{ "type": "Feature", "properties": { "Transect": 345 }, "geometry": { "type": "LineString", "coordinates": [ [ 749506.17921043082606, 1963481.897038992960006 ], [ 749412.355091201025061, 1965479.695085505954921 ] ] } },
{ "type": "Feature", "properties": { "Transect": 346 }, "geometry": { "type": "LineString", "coordinates": [ [ 749565.848258008249104, 1963581.521019739331678 ], [ 749540.783385389484465, 1965581.363951612031087 ] ] } },
{ "type": "Feature", "properties": { "Transect": 347 }, "geometry": { "type": "LineString", "coordinates": [ [ 749575.378201427985914, 1963581.640462528681383 ], [ 749550.312371077598073, 1965581.483382397564128 ] ] } },
{ "type": "Feature", "properties": { "Transect": 348 }, "geometry": { "type": "LineString", "coordinates": [ [ 750303.027923058136366, 1963898.93255011877045 ], [ 748841.721579558798112, 1965264.430177523754537 ] ] } },
{ "type": "Feature", "properties": { "Transect": 349 }, "geometry": { "type": "LineString", "coordinates": [ [ 750581.701006583403796, 1964604.279773071873933 ], [ 748581.85810702573508, 1964579.212322289589792 ] ] } },
{ "type": "Feature", "properties": { "Transect": 350 }, "geometry": { "type": "LineString", "coordinates": [ [ 750581.576345139881596, 1964614.225072446512058 ], [ 748581.733447120757774, 1964589.157498928485438 ] ] } },
{ "type": "Feature", "properties": { "Transect": 351 }, "geometry": { "type": "LineString", "coordinates": [ [ 750581.451683085295372, 1964624.17037187400274 ], [ 748581.608786604017951, 1964599.102675666334108 ] ] } },
{ "type": "Feature", "properties": { "Transect": 352 }, "geometry": { "type": "LineString", "coordinates": [ [ 750581.327020419063047, 1964634.115671412320808 ], [ 748581.484125476563349, 1964609.047852444695309 ] ] } },
{ "type": "Feature", "properties": { "Transect": 353 }, "geometry": { "type": "LineString", "coordinates": [ [ 750581.202357141650282, 1964644.060971002560109 ], [ 748581.359463737229817, 1964618.993029322009534 ] ] } },
{ "type": "Feature", "properties": { "Transect": 354 }, "geometry": { "type": "LineString", "coordinates": [ [ 750581.07769324851688, 1964654.006271012593061 ], [ 748581.234801391023211, 1964628.938205930870026 ] ] } },
{ "type": "Feature", "properties": { "Transect": 355 }, "geometry": { "type": "LineString", "coordinates": [ [ 750630.879366851993836, 1964599.160499635851011 ], [ 748643.997962087276392, 1964827.85742440703325 ] ] } },
{ "type": "Feature", "properties": { "Transect": 356 }, "geometry": { "type": "LineString", "coordinates": [ [ 750599.359385554911569, 1964476.194058452034369 ], [ 748711.319890272570774, 1965135.971948543796316 ] ] } },
{ "type": "Feature", "properties": { "Transect": 357 }, "geometry": { "type": "LineString", "coordinates": [ [ 750436.682691971072927, 1964203.226398556260392 ], [ 748975.354058950208127, 1965568.700172128388658 ] ] } },
{ "type": "Feature", "properties": { "Transect": 358 }, "geometry": { "type": "LineString", "coordinates": [ [ 749855.912699729087763, 1964012.871836452744901 ], [ 749830.812858145567589, 1966012.71432973863557 ] ] } },
{ "type": "Feature", "properties": { "Transect": 359 }, "geometry": { "type": "LineString", "coordinates": [ [ 749865.442476274678484, 1964012.991443813079968 ], [ 749840.341631688177586, 1966012.833924510283396 ] ] } },
{ "type": "Feature", "properties": { "Transect": 360 }, "geometry": { "type": "LineString", "coordinates": [ [ 750621.184185229823925, 1964370.446078558452427 ], [ 749159.8353755682474, 1965735.898258790373802 ] ] } },
{ "type": "Feature", "properties": { "Transect": 361 }, "geometry": { "type": "LineString", "coordinates": [ [ 750630.589135050307959, 1964380.511544361244887 ], [ 749169.23924070992507, 1965745.962563735898584 ] ] } },
{ "type": "Feature", "properties": { "Transect": 362 }, "geometry": { "type": "LineString", "coordinates": [ [ 750734.41702860314399, 1964461.395554907619953 ], [ 749273.056495521683246, 1965826.835188268218189 ] ] } },
{ "type": "Feature", "properties": { "Transect": 363 }, "geometry": { "type": "LineString", "coordinates": [ [ 750743.821878822753206, 1964471.461087352363393 ], [ 749282.460260960971937, 1965836.899559727171436 ] ] } },
{ "type": "Feature", "properties": { "Transect": 364 }, "geometry": { "type": "LineString", "coordinates": [ [ 750753.226719316211529, 1964481.526625418104231 ], [ 749291.864016820094548, 1965846.963936960790306 ] ] } },
{ "type": "Feature", "properties": { "Transect": 365 }, "geometry": { "type": "LineString", "coordinates": [ [ 750078.91756705834996, 1964175.413845814066008 ], [ 749984.981746132601984, 1966173.206643264973536 ] ] } },
{ "type": "Feature", "properties": { "Transect": 366 }, "geometry": { "type": "LineString", "coordinates": [ [ 750781.565902894246392, 1964501.777774645481259 ], [ 749320.200377094675787, 1965867.212064534425735 ] ] } },
{ "type": "Feature", "properties": { "Transect": 367 }, "geometry": { "type": "LineString", "coordinates": [ [ 750072.84944742009975, 1964194.638805003138259 ], [ 750047.725362487370148, 1966194.480993866221979 ] ] } },
{ "type": "Feature", "properties": { "Transect": 368 }, "geometry": { "type": "LineString", "coordinates": [ [ 750800.500237978994846, 1964511.963400609092787 ], [ 749339.132973443949595, 1965877.395829601911828 ] ] } },
{ "type": "Feature", "properties": { "Transect": 369 }, "geometry": { "type": "LineString", "coordinates": [ [ 750145.126952825929038, 1964216.033157225931063 ], [ 750051.181628920952789, 1966213.825507825938985 ] ] } },
{ "type": "Feature", "properties": { "Transect": 370 }, "geometry": { "type": "LineString", "coordinates": [ [ 750857.05361532245297, 1964562.411408770596609 ], [ 749395.68027335696388, 1965927.837333305506036 ] ] } },
{ "type": "Feature", "properties": { "Transect": 371 }, "geometry": { "type": "LineString", "coordinates": [ [ 750866.458356252638623, 1964572.477013529511169 ], [ 749405.08392947120592, 1965937.901777018560097 ] ] } },
{ "type": "Feature", "properties": { "Transect": 372 }, "geometry": { "type": "LineString", "coordinates": [ [ 750157.742137828259729, 1964265.333390634972602 ], [ 750132.60852563532535, 1966265.175459783989936 ] ] } },
{ "type": "Feature", "properties": { "Transect": 373 }, "geometry": { "type": "LineString", "coordinates": [ [ 750777.309302262030542, 1964476.953174642752856 ], [ 749673.767317158402875, 1966144.944507687818259 ] ] } },
{ "type": "Feature", "properties": { "Transect": 374 }, "geometry": { "type": "LineString", "coordinates": [ [ 751023.634751676232554, 1964690.304714650381356 ], [ 749562.244565778994001, 1966055.712611421011388 ] ] } },
{ "type": "Feature", "properties": { "Transect": 375 }, "geometry": { "type": "LineString", "coordinates": [ [ 750456.48745399992913, 1964468.620249422267079 ], [ 750362.49212386412546, 1966466.410247873514891 ] ] } },
{ "type": "Feature", "properties": { "Transect": 376 }, "geometry": { "type": "LineString", "coordinates": [ [ 751159.124917155946605, 1964795.003883657045662 ], [ 749697.720737465075217, 1966160.396802776958793 ] ] } },
{ "type": "Feature", "properties": { "Transect": 377 }, "geometry": { "type": "LineString", "coordinates": [ [ 751168.52939771534875, 1964805.069665459217504 ], [ 749707.124133166624233, 1966170.461423435481265 ] ] } },
{ "type": "Feature", "properties": { "Transect": 378 }, "geometry": { "type": "LineString", "coordinates": [ [ 751177.933868639986031, 1964815.135452981339768 ], [ 749716.527519201044925, 1966180.526049777632579 ] ] } },
{ "type": "Feature", "properties": { "Transect": 379 }, "geometry": { "type": "LineString", "coordinates": [ [ 751187.338329940102994, 1964825.201246235053986 ], [ 749725.930895555531606, 1966190.590681789908558 ] ] } },
{ "type": "Feature", "properties": { "Transect": 380 }, "geometry": { "type": "LineString", "coordinates": [ [ 751206.272178410552442, 1964835.387324356008321 ], [ 749744.863004963146523, 1966200.774898550007492 ] ] } },
{ "type": "Feature", "properties": { "Transect": 381 }, "geometry": { "type": "LineString", "coordinates": [ [ 751225.206009162589908, 1964845.573422913206741 ], [ 749763.795096723129973, 1966210.959135817131028 ] ] } },
{ "type": "Feature", "properties": { "Transect": 382 }, "geometry": { "type": "LineString", "coordinates": [ [ 751234.610433021676727, 1964855.639243525918573 ], [ 749773.198435538797639, 1966221.023795076645911 ] ] } },
{ "type": "Feature", "properties": { "Transect": 383 }, "geometry": { "type": "LineString", "coordinates": [ [ 751281.882400097558275, 1964886.07737168460153 ], [ 749820.465839407872409, 1966251.457039082190022 ] ] } },
{ "type": "Feature", "properties": { "Transect": 384 }, "geometry": { "type": "LineString", "coordinates": [ [ 751291.286776791675948, 1964896.143225287552923 ], [ 749829.869131096755154, 1966261.521731362678111 ] ] } },
{ "type": "Feature", "properties": { "Transect": 385 }, "geometry": { "type": "LineString", "coordinates": [ [ 750582.572087192558683, 1964588.977018046658486 ], [ 750557.391469773021527, 1966588.818495891056955 ] ] } },
{ "type": "Feature", "properties": { "Transect": 386 }, "geometry": { "type": "LineString", "coordinates": [ [ 750626.521431611618027, 1964590.123350028414279 ], [ 750532.500209181103855, 1966587.912130088079721 ] ] } },
{ "type": "Feature", "properties": { "Transect": 387 }, "geometry": { "type": "LineString", "coordinates": [ [ 750645.455577851971611, 1964600.308693297905847 ], [ 750551.431760484585539, 1966598.097351231379434 ] ] } },
{ "type": "Feature", "properties": { "Transect": 388 }, "geometry": { "type": "LineString", "coordinates": [ [ 751348.087931821937673, 1964926.701864127768204 ], [ 749886.665068694972433, 1966292.074785761302337 ] ] } },
{ "type": "Feature", "properties": { "Transect": 389 }, "geometry": { "type": "LineString", "coordinates": [ [ 750683.323816977674142, 1964620.679441247601062 ], [ 750589.294810353079811, 1966618.467854947317392 ] ] } },
{ "type": "Feature", "properties": { "Transect": 390 }, "geometry": { "type": "LineString", "coordinates": [ [ 750677.241271662525833, 1964639.90364966634661 ], [ 750652.050456997007132, 1966639.744999087881297 ] ] } },
{ "type": "Feature", "properties": { "Transect": 391 }, "geometry": { "type": "LineString", "coordinates": [ [ 750686.770773914176971, 1964640.023687151027843 ], [ 750661.579000954050571, 1966639.86502450122498 ] ] } },
{ "type": "Feature", "properties": { "Transect": 392 }, "geometry": { "type": "LineString", "coordinates": [ [ 751414.418278468889184, 1964957.381073435768485 ], [ 749952.989543618983589, 1966322.74771026102826 ] ] } },
{ "type": "Feature", "properties": { "Transect": 393 }, "geometry": { "type": "LineString", "coordinates": [ [ 751471.219104050542228, 1964987.940109987044707 ], [ 750009.78515155299101, 1966353.301162048941478 ] ] } },
{ "type": "Feature", "properties": { "Transect": 394 }, "geometry": { "type": "LineString", "coordinates": [ [ 750762.505788323353045, 1964680.765399696538225 ], [ 750737.305857263389044, 1966680.60663426364772 ] ] } },
{ "type": "Feature", "properties": { "Transect": 395 }, "geometry": { "type": "LineString", "coordinates": [ [ 750772.035298430128023, 1964680.885480728000402 ], [ 750746.834364280803129, 1966680.726702654734254 ] ] } },
{ "type": "Feature", "properties": { "Transect": 396 }, "geometry": { "type": "LineString", "coordinates": [ [ 750885.637244836660102, 1964741.998721605632454 ], [ 750860.424117906950414, 1966741.83978984830901 ] ] } },
{ "type": "Feature", "properties": { "Transect": 397 }, "geometry": { "type": "LineString", "coordinates": [ [ 751613.28305869945325, 1965059.365733016747981 ], [ 750151.836277046473697, 1966424.713053076993674 ] ] } },
{ "type": "Feature", "properties": { "Transect": 398 }, "geometry": { "type": "LineString", "coordinates": [ [ 751622.687194612808526, 1965069.431775527307764 ], [ 750161.23932769917883, 1966434.777933940524235 ] ] } },
{ "type": "Feature", "properties": { "Transect": 399 }, "geometry": { "type": "LineString", "coordinates": [ [ 751632.091320848325267, 1965079.497823718236759 ], [ 750170.642368719680235, 1966444.842820530990139 ] ] } },
{ "type": "Feature", "properties": { "Transect": 400 }, "geometry": { "type": "LineString", "coordinates": [ [ 751717.228947138413787, 1965130.310288501670584 ], [ 750255.77195227635093, 1966495.646676418138668 ] ] } },
{ "type": "Feature", "properties": { "Transect": 401 }, "geometry": { "type": "LineString", "coordinates": [ [ 751027.576112124719657, 1964823.36397376190871 ], [ 751002.34762516093906, 1966823.204848293215036 ] ] } },
{ "type": "Feature", "properties": { "Transect": 402 }, "geometry": { "type": "LineString", "coordinates": [ [ 751037.10554718086496, 1964823.484189940849319 ], [ 751011.876101919682696, 1966823.325052382657304 ] ] } },
{ "type": "Feature", "properties": { "Transect": 403 }, "geometry": { "type": "LineString", "coordinates": [ [ 751046.634982691844925, 1964823.60441069258377 ], [ 751021.404579235473648, 1966823.445261045824736 ] ] } },
{ "type": "Feature", "properties": { "Transect": 404 }, "geometry": { "type": "LineString", "coordinates": [ [ 750043.711325389333069, 1965805.613178522093222 ], [ 752043.386150379898027, 1965841.67693177680485 ] ] } },
{ "type": "Feature", "properties": { "Transect": 405 }, "geometry": { "type": "LineString", "coordinates": [ [ 751859.291168606025167, 1965201.737910129828379 ], [ 750397.821343306801282, 1966567.060564208077267 ] ] } },
{ "type": "Feature", "properties": { "Transect": 406 }, "geometry": { "type": "LineString", "coordinates": [ [ 751207.631552322302014, 1964905.211570156970993 ], [ 751182.383826198522002, 1966905.052201888756827 ] ] } },
{ "type": "Feature", "properties": { "Transect": 407 }, "geometry": { "type": "LineString", "coordinates": [ [ 751294.517574385390617, 1964936.149449235526845 ], [ 751269.260709705413319, 1966935.989965573186055 ] ] } },
{ "type": "Feature", "properties": { "Transect": 408 }, "geometry": { "type": "LineString", "coordinates": [ [ 752077.084678869694471, 1965313.914639351190999 ], [ 750615.595063988119364, 1966679.216109940549359 ] ] } },
{ "type": "Feature", "properties": { "Transect": 409 }, "geometry": { "type": "LineString", "coordinates": [ [ 751368.375747148646042, 1965006.710896188626066 ], [ 751343.110494744731113, 1967006.551306576700881 ] ] } },
{ "type": "Feature", "properties": { "Transect": 410 }, "geometry": { "type": "LineString", "coordinates": [ [ 752403.096592950518243, 1966036.027460867073387 ], [ 750403.175870248232968, 1966018.220077394973487 ] ] } },
{ "type": "Feature", "properties": { "Transect": 411 }, "geometry": { "type": "LineString", "coordinates": [ [ 752162.094871011679061, 1965374.674864704022184 ], [ 750700.596780767780729, 1966739.967262768885121 ] ] } },
{ "type": "Feature", "properties": { "Transect": 412 }, "geometry": { "type": "LineString", "coordinates": [ [ 752171.498592575080693, 1965384.741222010459751 ], [ 750709.9994167748373, 1966750.032458024099469 ] ] } },
{ "type": "Feature", "properties": { "Transect": 413 }, "geometry": { "type": "LineString", "coordinates": [ [ 751462.790001754532568, 1965077.532482542097569 ], [ 751437.514345853938721, 1967077.372761468868703 ] ] } },
{ "type": "Feature", "properties": { "Transect": 414 }, "geometry": { "type": "LineString", "coordinates": [ [ 751472.319340759306215, 1965077.652922307373956 ], [ 751447.042726602521725, 1967077.493189122760668 ] ] } },
{ "type": "Feature", "properties": { "Transect": 415 }, "geometry": { "type": "LineString", "coordinates": [ [ 752199.960678941919468, 1965395.049157319357619 ], [ 750738.459109183982946, 1966760.337830675998703 ] ] } },
{ "type": "Feature", "properties": { "Transect": 416 }, "geometry": { "type": "LineString", "coordinates": [ [ 751491.252372289774939, 1965087.839171384228393 ], [ 751465.973717717221007, 1967087.67941240943037 ] ] } },
{ "type": "Feature", "properties": { "Transect": 417 }, "geometry": { "type": "LineString", "coordinates": [ [ 752218.893556338269264, 1965405.236334311310202 ], [ 750757.390246910974383, 1966770.523145399987698 ] ] } },
{ "type": "Feature", "properties": { "Transect": 418 }, "geometry": { "type": "LineString", "coordinates": [ [ 751510.185386111377738, 1965098.025440947618335 ], [ 751484.904691176838242, 1967097.86565618077293 ] ] } },
{ "type": "Feature", "properties": { "Transect": 419 }, "geometry": { "type": "LineString", "coordinates": [ [ 751519.714718100032769, 1965098.145904639270157 ], [ 751494.433064913493581, 1967097.986107758712023 ] ] } },
{ "type": "Feature", "properties": { "Transect": 420 }, "geometry": { "type": "LineString", "coordinates": [ [ 751529.244073240202852, 1965098.266373190563172 ], [ 751503.961416512844153, 1967098.106563623063266 ] ] } },
{ "type": "Feature", "properties": { "Transect": 421 }, "geometry": { "type": "LineString", "coordinates": [ [ 751633.563854736625217, 1965139.373281796695665 ], [ 751608.270206428947859, 1967139.213333239546046 ] ] } },
{ "type": "Feature", "properties": { "Transect": 422 }, "geometry": { "type": "LineString", "coordinates": [ [ 751677.527854932122864, 1965140.522798242047429 ], [ 751583.363886953447945, 1967138.304855207912624 ] ] } },
{ "type": "Feature", "properties": { "Transect": 423 }, "geometry": { "type": "LineString", "coordinates": [ [ 752411.747660983819515, 1965531.044255668763071 ], [ 750950.225899781333283, 1966896.311314354185015 ] ] } },
{ "type": "Feature", "properties": { "Transect": 424 }, "geometry": { "type": "LineString", "coordinates": [ [ 752216.495985329849645, 1965377.362311626784503 ], [ 751300.1456358153373, 1967155.086147587746382 ] ] } },
{ "type": "Feature", "properties": { "Transect": 425 }, "geometry": { "type": "LineString", "coordinates": [ [ 752569.446676325867884, 1965629.302465693792328 ], [ 751107.909669347922318, 1966994.553203556453809 ] ] } },
{ "type": "Feature", "properties": { "Transect": 426 }, "geometry": { "type": "LineString", "coordinates": [ [ 752652.831178251421079, 1965668.167259126435965 ], [ 751191.286737531190738, 1967033.410038928035647 ] ] } },
{ "type": "Feature", "properties": { "Transect": 427 }, "geometry": { "type": "LineString", "coordinates": [ [ 752967.898431457346305, 1966173.263358112890273 ], [ 751024.838272511027753, 1966647.095837703906 ] ] } },
{ "type": "Feature", "properties": { "Transect": 428 }, "geometry": { "type": "LineString", "coordinates": [ [ 752767.747492844355293, 1965811.351259051589295 ], [ 751306.188978905905969, 1967176.578972780844197 ] ] } },
{ "type": "Feature", "properties": { "Transect": 429 }, "geometry": { "type": "LineString", "coordinates": [ [ 752123.964068592526019, 1965553.408295101020485 ], [ 752098.61545345839113, 1967553.247650577221066 ] ] } },
{ "type": "Feature", "properties": { "Transect": 430 }, "geometry": { "type": "LineString", "coordinates": [ [ 751197.529771904926747, 1966448.138703058008105 ], [ 753176.447742265183479, 1966737.765474239829928 ] ] } },
{ "type": "Feature", "properties": { "Transect": 431 }, "geometry": { "type": "LineString", "coordinates": [ [ 753253.265902765910141, 1966633.52810240490362 ], [ 751253.426734074833803, 1966608.164755446836352 ] ] } },
{ "type": "Feature", "properties": { "Transect": 432 }, "geometry": { "type": "LineString", "coordinates": [ [ 753001.271092460607179, 1966031.115759272361174 ], [ 751539.686842565075494, 1967396.315920588327572 ] ] } },
{ "type": "Feature", "properties": { "Transect": 433 }, "geometry": { "type": "LineString", "coordinates": [ [ 752416.173920784611255, 1965805.789547861320898 ], [ 752390.792491384549066, 1967805.628487136447802 ] ] } },
{ "type": "Feature", "properties": { "Transect": 434 }, "geometry": { "type": "LineString", "coordinates": [ [ 753172.145443108049221, 1966143.492439250461757 ], [ 751710.54454777634237, 1967508.674779733177274 ] ] } },
{ "type": "Feature", "properties": { "Transect": 435 }, "geometry": { "type": "LineString", "coordinates": [ [ 752463.440583045245148, 1965836.230540776625276 ], [ 752438.05403288861271, 1967836.069415053818375 ] ] } },
{ "type": "Feature", "properties": { "Transect": 436 }, "geometry": { "type": "LineString", "coordinates": [ [ 752472.969617978786118, 1965836.35150518361479 ], [ 752447.582109209964983, 1967836.190367291681468 ] ] } },
{ "type": "Feature", "properties": { "Transect": 437 }, "geometry": { "type": "LineString", "coordinates": [ [ 752482.498653516755439, 1965836.472474166657776 ], [ 752457.110185944125988, 1967836.311324102804065 ] ] } },
{ "type": "Feature", "properties": { "Transect": 438 }, "geometry": { "type": "LineString", "coordinates": [ [ 752526.483541936613619, 1965837.625073025235906 ], [ 752432.182410816662014, 1967835.400660189567134 ] ] } },
{ "type": "Feature", "properties": { "Transect": 439 }, "geometry": { "type": "LineString", "coordinates": [ [ 753280.553638090379536, 1966209.154908771626651 ], [ 751818.942672019591555, 1967574.326467170380056 ] ] } },
{ "type": "Feature", "properties": { "Transect": 440 }, "geometry": { "type": "LineString", "coordinates": [ [ 752633.447987679159269, 1965957.75371267227456 ], [ 752608.042690269183367, 1967957.592348878737539 ] ] } },
{ "type": "Feature", "properties": { "Transect": 441 }, "geometry": { "type": "LineString", "coordinates": [ [ 752642.976974489283748, 1965957.874765811255202 ], [ 752617.570718422415666, 1967957.713389838812873 ] ] } },
{ "type": "Feature", "properties": { "Transect": 442 }, "geometry": { "type": "LineString", "coordinates": [ [ 752652.505961889051832, 1965957.995823526289314 ], [ 752627.098747009062208, 1967957.83443537261337 ] ] } },
{ "type": "Feature", "properties": { "Transect": 443 }, "geometry": { "type": "LineString", "coordinates": [ [ 752662.034949746564962, 1965958.116885816445574 ], [ 752636.626776153803803, 1967957.955485482467338 ] ] } },
{ "type": "Feature", "properties": { "Transect": 444 }, "geometry": { "type": "LineString", "coordinates": [ [ 752671.563938134699129, 1965958.237952682189643 ], [ 752646.154805785627104, 1967958.076540166977793 ] ] } },
{ "type": "Feature", "properties": { "Transect": 445 }, "geometry": { "type": "LineString", "coordinates": [ [ 752681.092927013291046, 1965958.359024123288691 ], [ 752655.682835948420689, 1967958.197599426843226 ] ] } },
{ "type": "Feature", "properties": { "Transect": 446 }, "geometry": { "type": "LineString", "coordinates": [ [ 753408.727826138259843, 1966275.819974587066099 ], [ 751947.10495688021183, 1967640.978788814274594 ] ] } },
{ "type": "Feature", "properties": { "Transect": 447 }, "geometry": { "type": "LineString", "coordinates": [ [ 753696.680319481762126, 1966987.513824668480083 ], [ 751696.760987181216478, 1966969.55096602649428 ] ] } },
{ "type": "Feature", "properties": { "Transect": 448 }, "geometry": { "type": "LineString", "coordinates": [ [ 753493.603991706622764, 1966346.532618740340695 ], [ 752031.972209645202383, 1967711.681890310486779 ] ] } },
{ "type": "Feature", "properties": { "Transect": 449 }, "geometry": { "type": "LineString", "coordinates": [ [ 752784.900976121658459, 1966039.25459438492544 ], [ 752759.479344393126667, 1968039.09302301867865 ] ] } },
{ "type": "Feature", "properties": { "Transect": 450 }, "geometry": { "type": "LineString", "coordinates": [ [ 752828.891669847769663, 1966040.408200372708961 ], [ 752734.545605520019308, 1968038.181666045216843 ] ] } },
{ "type": "Feature", "properties": { "Transect": 451 }, "geometry": { "type": "LineString", "coordinates": [ [ 752813.361473206430674, 1966049.563437153119594 ], [ 752787.936840804759413, 1968049.401827640365809 ] ] } },
{ "type": "Feature", "properties": { "Transect": 452 }, "geometry": { "type": "LineString", "coordinates": [ [ 753540.995590225094929, 1966367.03134955256246 ], [ 752079.359672141028568, 1967732.17619277141057 ] ] } },
{ "type": "Feature", "properties": { "Transect": 453 }, "geometry": { "type": "LineString", "coordinates": [ [ 752832.292995823780075, 1966059.751169824739918 ], [ 752806.866321464302018, 1968059.589534350903705 ] ] } },
{ "type": "Feature", "properties": { "Transect": 454 }, "geometry": { "type": "LineString", "coordinates": [ [ 753559.926958605414256, 1966377.220010955352336 ], [ 752098.289299523457885, 1967742.36299011670053 ] ] } },
{ "type": "Feature", "properties": { "Transect": 455 }, "geometry": { "type": "LineString", "coordinates": [ [ 752851.224523295997642, 1966069.938923288136721 ], [ 752825.795761894085445, 1968069.777261277660728 ] ] } },
{ "type": "Feature", "properties": { "Transect": 456 }, "geometry": { "type": "LineString", "coordinates": [ [ 753885.565687996917404, 1967122.962490230100229 ], [ 751885.727411416941322, 1967097.528899724828079 ] ] } },
{ "type": "Feature", "properties": { "Transect": 457 }, "geometry": { "type": "LineString", "coordinates": [ [ 753885.439202831941657, 1967132.907994160661474 ], [ 751885.600927833351307, 1967107.474279311252758 ] ] } },
{ "type": "Feature", "properties": { "Transect": 458 }, "geometry": { "type": "LineString", "coordinates": [ [ 753885.35314363532234, 1967139.129451980115846 ], [ 751885.434017042513005, 1967121.14370516105555 ] ] } },
{ "type": "Feature", "properties": { "Transect": 459 }, "geometry": { "type": "LineString", "coordinates": [ [ 753747.51991014322266, 1966620.180831561563537 ], [ 752124.335889868205413, 1967788.630075784167275 ] ] } },
{ "type": "Feature", "properties": { "Transect": 460 }, "geometry": { "type": "LineString", "coordinates": [ [ 753724.206485437694937, 1966593.43767781322822 ], [ 752262.548253431450576, 1967958.558629527222365 ] ] } },
{ "type": "Feature", "properties": { "Transect": 461 }, "geometry": { "type": "LineString", "coordinates": [ [ 753821.947013920056634, 1966721.425406619207934 ], [ 752273.65758791344706, 1967987.442726135952398 ] ] } },
{ "type": "Feature", "properties": { "Transect": 462 }, "geometry": { "type": "LineString", "coordinates": [ [ 753030.093305047368631, 1968490.1526219767984 ], [ 753055.547382212476805, 1966490.31460604746826 ] ] } },
{ "type": "Feature", "properties": { "Transect": 463 }, "geometry": { "type": "LineString", "coordinates": [ [ 753020.565507776220329, 1968490.031351511133835 ], [ 753046.018625963130035, 1966490.193323376355693 ] ] } },
{ "type": "Feature", "properties": { "Transect": 464 }, "geometry": { "type": "LineString", "coordinates": [ [ 753011.037711011827923, 1968489.91008562175557 ], [ 753036.48987022403162, 1966490.072045281529427 ] ] } },
{ "type": "Feature", "properties": { "Transect": 465 }, "geometry": { "type": "LineString", "coordinates": [ [ 753001.50991478189826, 1968489.788824308663607 ], [ 753026.961114970035851, 1966489.950771762989461 ] ] } },
{ "type": "Feature", "properties": { "Transect": 466 }, "geometry": { "type": "LineString", "coordinates": [ [ 754004.626268571708351, 1967502.47392664430663 ], [ 752004.788210715632886, 1967477.023143748752773 ] ] } },
{ "type": "Feature", "properties": { "Transect": 467 }, "geometry": { "type": "LineString", "coordinates": [ [ 752991.855486801359802, 1968499.613018314819783 ], [ 753017.305852461140603, 1966499.774955148808658 ] ] } },
{ "type": "Feature", "properties": { "Transect": 468 }, "geometry": { "type": "LineString", "coordinates": [ [ 753994.971433923230506, 1967512.297702059848234 ], [ 751995.133365445188247, 1967486.847753813257441 ] ] } },
{ "type": "Feature", "properties": { "Transect": 469 }, "geometry": { "type": "LineString", "coordinates": [ [ 752982.20106835803017, 1968509.437215908896178 ], [ 753007.650599300162867, 1966509.599142120219767 ] ] } },
{ "type": "Feature", "properties": { "Transect": 470 }, "geometry": { "type": "LineString", "coordinates": [ [ 753985.316608719411306, 1967522.121481097536162 ], [ 751985.478529620566405, 1967496.672367430990562 ] ] } },
{ "type": "Feature", "properties": { "Transect": 471 }, "geometry": { "type": "LineString", "coordinates": [ [ 752972.546659288578667, 1968519.261417089961469 ], [ 752997.995355655089952, 1966519.423332680948079 ] ] } },
{ "type": "Feature", "properties": { "Transect": 472 }, "geometry": { "type": "LineString", "coordinates": [ [ 753012.394868955248967, 1968518.549209463177249 ], [ 752939.090627243276685, 1966519.893038895679638 ] ] } },
{ "type": "Feature", "properties": { "Transect": 473 }, "geometry": { "type": "LineString", "coordinates": [ [ 753002.741060502594337, 1968528.373376173200086 ], [ 752929.434812439372763, 1966529.717279193224385 ] ] } },
{ "type": "Feature", "properties": { "Transect": 474 }, "geometry": { "type": "LineString", "coordinates": [ [ 752993.087261442560703, 1968538.197546470444649 ], [ 752919.779007132630795, 1966539.541523076128215 ] ] } },
{ "type": "Feature", "properties": { "Transect": 475 }, "geometry": { "type": "LineString", "coordinates": [ [ 752983.307388188550249, 1968557.967152224387974 ], [ 752909.99620476947166, 1966559.311236268375069 ] ] } },
{ "type": "Feature", "properties": { "Transect": 476 }, "geometry": { "type": "LineString", "coordinates": [ [ 752973.653612278285436, 1968567.791329236002639 ], [ 752900.340422403183766, 1966569.135486878221855 ] ] } },
{ "type": "Feature", "properties": { "Transect": 477 }, "geometry": { "type": "LineString", "coordinates": [ [ 752963.873769493307918, 1968587.56094087776728 ], [ 752890.557651053881273, 1966588.905205945717171 ] ] } },
{ "type": "Feature", "properties": { "Transect": 478 }, "geometry": { "type": "LineString", "coordinates": [ [ 753917.4800293170847, 1967610.779053876642138 ], [ 751917.641879041679204, 1967585.335534004960209 ] ] } },
{ "type": "Feature", "properties": { "Transect": 479 }, "geometry": { "type": "LineString", "coordinates": [ [ 752954.093944423599169, 1968607.330555246211588 ], [ 752880.774896262679249, 1966608.674927786458284 ] ] } },
{ "type": "Feature", "properties": { "Transect": 480 }, "geometry": { "type": "LineString", "coordinates": [ [ 753907.698757508420385, 1967630.548369936645031 ], [ 751907.860598195460625, 1967605.105560417752713 ] ] } },
{ "type": "Feature", "properties": { "Transect": 481 }, "geometry": { "type": "LineString", "coordinates": [ [ 753907.572226419113576, 1967640.493879316141829 ], [ 751907.73406868847087, 1967615.050945427035913 ] ] } },
{ "type": "Feature", "properties": { "Transect": 482 }, "geometry": { "type": "LineString", "coordinates": [ [ 753907.44569471036084, 1967650.439388759201393 ], [ 751907.607538561802357, 1967624.996330522699282 ] ] } },
{ "type": "Feature", "properties": { "Transect": 483 }, "geometry": { "type": "LineString", "coordinates": [ [ 752944.061996886273846, 1968646.991033121012151 ], [ 752870.738173311576247, 1966648.335580849088728 ] ] } },
{ "type": "Feature", "properties": { "Transect": 484 }, "geometry": { "type": "LineString", "coordinates": [ [ 753897.664447117480449, 1967670.20870680664666 ], [ 751897.826281931600533, 1967644.766358923865482 ] ] } },
{ "type": "Feature", "properties": { "Transect": 485 }, "geometry": { "type": "LineString", "coordinates": [ [ 752934.282213055645116, 1968666.760652226861566 ], [ 752860.955459995311685, 1966668.105307430028915 ] ] } },
{ "type": "Feature", "properties": { "Transect": 486 }, "geometry": { "type": "LineString", "coordinates": [ [ 753896.019524520146661, 1967799.500331859337166 ], [ 751896.181379910674877, 1967774.056366662727669 ] ] } },
{ "type": "Feature", "properties": { "Transect": 487 }, "geometry": { "type": "LineString", "coordinates": [ [ 753913.936825562035665, 1967889.253355567110702 ], [ 751914.098719593603164, 1967863.806353447725996 ] ] } },
{ "type": "Feature", "properties": { "Transect": 488 }, "geometry": { "type": "LineString", "coordinates": [ [ 753913.810273587354459, 1967899.198867422528565 ], [ 751913.972169201239012, 1967873.751740958541632 ] ] } },
{ "type": "Feature", "properties": { "Transect": 489 }, "geometry": { "type": "LineString", "coordinates": [ [ 753913.68372099311091, 1967909.144379366189241 ], [ 751913.845618189545348, 1967883.697128532454371 ] ] } },
{ "type": "Feature", "properties": { "Transect": 490 }, "geometry": { "type": "LineString", "coordinates": [ [ 753644.478576152352616, 1967223.817873250925913 ], [ 752182.797658185241744, 1968588.914534315699711 ] ] } },
{ "type": "Feature", "properties": { "Transect": 491 }, "geometry": { "type": "LineString", "coordinates": [ [ 753922.958673066459596, 1967929.157127580605447 ], [ 751923.120585633441806, 1967903.708668847568333 ] ] } },
{ "type": "Feature", "properties": { "Transect": 492 }, "geometry": { "type": "LineString", "coordinates": [ [ 753922.832113835727796, 1967939.10264030424878 ], [ 751922.994027985725552, 1967913.654057156760246 ] ] } },
{ "type": "Feature", "properties": { "Transect": 493 }, "geometry": { "type": "LineString", "coordinates": [ [ 753653.627946293097921, 1967253.77651326591149 ], [ 752191.945077410317026, 1968618.871085379738361 ] ] } },
{ "type": "Feature", "properties": { "Transect": 494 }, "geometry": { "type": "LineString", "coordinates": [ [ 753932.107038808753714, 1967959.115396241657436 ], [ 751932.268968330929056, 1967933.665605125017464 ] ] } },
{ "type": "Feature", "properties": { "Transect": 495 }, "geometry": { "type": "LineString", "coordinates": [ [ 753662.903632292873226, 1967273.789478988619521 ], [ 752201.219244694686495, 1968638.882424927549437 ] ] } },
{ "type": "Feature", "properties": { "Transect": 496 }, "geometry": { "type": "LineString", "coordinates": [ [ 753681.454941163770854, 1967313.815431575290859 ], [ 752219.767515915445983, 1968678.905124918092042 ] ] } },
{ "type": "Feature", "properties": { "Transect": 497 }, "geometry": { "type": "LineString", "coordinates": [ [ 753690.856931073358282, 1967323.882733739446849 ], [ 752229.168419064488262, 1968688.971263418439776 ] ] } },
{ "type": "Feature", "properties": { "Transect": 498 }, "geometry": { "type": "LineString", "coordinates": [ [ 753969.333117215079255, 1968029.220973998541012 ], [ 751969.495106651796959, 1968003.766475258162245 ] ] } },
{ "type": "Feature", "properties": { "Transect": 499 }, "geometry": { "type": "LineString", "coordinates": [ [ 753700.132538879290223, 1967343.895726928254589 ], [ 752238.442507937084883, 1968708.982630185550079 ] ] } },
{ "type": "Feature", "properties": { "Transect": 500 }, "geometry": { "type": "LineString", "coordinates": [ [ 753978.481347466353327, 1968059.179281127639115 ], [ 751978.643353863153607, 1968033.723449955694377 ] ] } },
{ "type": "Feature", "properties": { "Transect": 501 }, "geometry": { "type": "LineString", "coordinates": [ [ 753709.281746419263072, 1967373.854413075605407 ], [ 752247.589764585602097, 1968738.939227379625663 ] ] } },
{ "type": "Feature", "properties": { "Transect": 502 }, "geometry": { "type": "LineString", "coordinates": [ [ 753718.683691163430922, 1967383.921734243165702 ], [ 752256.990622516372241, 1968749.005384819116443 ] ] } },
{ "type": "Feature", "properties": { "Transect": 503 }, "geometry": { "type": "LineString", "coordinates": [ [ 753764.934787927777506, 1967493.93256553192623 ], [ 752303.233692497829907, 1968859.007621204247698 ] ] } },
{ "type": "Feature", "properties": { "Transect": 504 }, "geometry": { "type": "LineString", "coordinates": [ [ 753819.361261810758151, 1967572.373995471512899 ], [ 752357.653056152048521, 1968937.441437581786886 ] ] } },
{ "type": "Feature", "properties": { "Transect": 505 }, "geometry": { "type": "LineString", "coordinates": [ [ 753877.503441225038841, 1967634.632648459402844 ], [ 752415.788437989773229, 1968999.692811718443409 ] ] } },
{ "type": "Feature", "properties": { "Transect": 506 }, "geometry": { "type": "LineString", "coordinates": [ [ 754174.768307786551304, 1968360.103143821237609 ], [ 752174.93061828694772, 1968334.62343312217854 ] ] } },
{ "type": "Feature", "properties": { "Transect": 507 }, "geometry": { "type": "LineString", "coordinates": [ [ 753905.582097228383645, 1967674.78065240685828 ], [ 752443.863400627626106, 1969039.836860776180401 ] ] } },
{ "type": "Feature", "properties": { "Transect": 508 }, "geometry": { "type": "LineString", "coordinates": [ [ 753914.85728637536522, 1967694.793799366569147 ], [ 752453.137070707627572, 1969059.848381099058315 ] ] } },
{ "type": "Feature", "properties": { "Transect": 509 }, "geometry": { "type": "LineString", "coordinates": [ [ 753924.258964642416686, 1967704.861252616392449 ], [ 752462.53766179131344, 1969069.914670176105574 ] ] } },
{ "type": "Feature", "properties": { "Transect": 510 }, "geometry": { "type": "LineString", "coordinates": [ [ 754249.720478270435706, 1968460.786882892949507 ], [ 752249.8829024953302, 1968435.298247810220346 ] ] } },
{ "type": "Feature", "properties": { "Transect": 511 }, "geometry": { "type": "LineString", "coordinates": [ [ 754031.375511989346705, 1967839.72683076094836 ], [ 752569.641167539055459, 1969204.766283031087369 ] ] } },
{ "type": "Feature", "properties": { "Transect": 512 }, "geometry": { "type": "LineString", "coordinates": [ [ 754323.856405454454944, 1968625.427704923786223 ], [ 752324.018953655380756, 1968599.929344551637769 ] ] } },
{ "type": "Feature", "properties": { "Transect": 513 }, "geometry": { "type": "LineString", "coordinates": [ [ 754148.123331274022348, 1968085.721870474517345 ], [ 752686.369884709478356, 1969450.740867212880403 ] ] } },
{ "type": "Feature", "properties": { "Transect": 514 }, "geometry": { "type": "LineString", "coordinates": [ [ 753473.924951696069911, 1967779.416598938871175 ], [ 753379.369898986071348, 1969777.180184052791446 ] ] } },
{ "type": "Feature", "properties": { "Transect": 515 }, "geometry": { "type": "LineString", "coordinates": [ [ 754445.367662661941722, 1968811.189025237923488 ], [ 752445.530399393523112, 1968785.675882681040093 ] ] } },
{ "type": "Feature", "properties": { "Transect": 516 }, "geometry": { "type": "LineString", "coordinates": [ [ 754251.537770551862195, 1968196.465838411590084 ], [ 752789.772363388212398, 1969561.472026829374954 ] ] } },
{ "type": "Feature", "properties": { "Transect": 517 }, "geometry": { "type": "LineString", "coordinates": [ [ 754260.939025303698145, 1968206.533506307285279 ], [ 752799.172530589275993, 1969571.538530081976205 ] ] } },
{ "type": "Feature", "properties": { "Transect": 518 }, "geometry": { "type": "LineString", "coordinates": [ [ 754539.415598924271762, 1968908.145176832331344 ], [ 752539.497359577333555, 1968890.06104214838706 ] ] } },
{ "type": "Feature", "properties": { "Transect": 519 }, "geometry": { "type": "LineString", "coordinates": [ [ 754317.847759988275357, 1968297.720972789917141 ], [ 752856.073443593806587, 1969662.717620378825814 ] ] } },
{ "type": "Feature", "properties": { "Transect": 520 }, "geometry": { "type": "LineString", "coordinates": [ [ 754379.185857950360514, 1968373.489721237914637 ], [ 752917.404048339813016, 1969738.47834430099465 ] ] } },
{ "type": "Feature", "properties": { "Transect": 521 }, "geometry": { "type": "LineString", "coordinates": [ [ 754745.974354480393231, 1969149.526769220130518 ], [ 752746.056352643063292, 1969131.416387466480955 ] ] } },
{ "type": "Feature", "properties": { "Transect": 522 }, "geometry": { "type": "LineString", "coordinates": [ [ 754505.11454584763851, 1968488.186358847655356 ], [ 753043.318911592359655, 1969853.160176791250706 ] ] } },
{ "type": "Feature", "properties": { "Transect": 523 }, "geometry": { "type": "LineString", "coordinates": [ [ 754514.515528652700596, 1968498.2541824511718 ], [ 753052.718806870863773, 1969863.226835726061836 ] ] } },
{ "type": "Feature", "properties": { "Transect": 524 }, "geometry": { "type": "LineString", "coordinates": [ [ 753840.329600668395869, 1968191.927595940418541 ], [ 753745.705593596794643, 1970189.68791622063145 ] ] } },
{ "type": "Feature", "properties": { "Transect": 525 }, "geometry": { "type": "LineString", "coordinates": [ [ 753843.652456208947115, 1968211.267432576976717 ], [ 753818.094389235484414, 1970211.104122212622315 ] ] } },
{ "type": "Feature", "properties": { "Transect": 526 }, "geometry": { "type": "LineString", "coordinates": [ [ 754618.433373589883558, 1968569.217632053187117 ], [ 753156.626417792751454, 1969934.179325282340869 ] ] } },
{ "type": "Feature", "properties": { "Transect": 527 }, "geometry": { "type": "LineString", "coordinates": [ [ 753972.580320751178078, 1968283.142536306055263 ], [ 753877.936419763718732, 1970280.901914210757241 ] ] } },
{ "type": "Feature", "properties": { "Transect": 528 }, "geometry": { "type": "LineString", "coordinates": [ [ 754693.894128765095957, 1968629.869408237049356 ], [ 753232.079336553928442, 1969994.822709003230557 ] ] } },
{ "type": "Feature", "properties": { "Transect": 529 }, "geometry": { "type": "LineString", "coordinates": [ [ 754760.080665382207371, 1968670.507802520645782 ], [ 753298.259556797915138, 1970035.454338652314618 ] ] } },
{ "type": "Feature", "properties": { "Transect": 530 }, "geometry": { "type": "LineString", "coordinates": [ [ 754085.900935993297026, 1968364.169181674486026 ], [ 753991.239739194745198, 1970361.927740114508197 ] ] } },
{ "type": "Feature", "properties": { "Transect": 531 }, "geometry": { "type": "LineString", "coordinates": [ [ 754788.409958036849275, 1968690.765980506315827 ], [ 753326.586018744856119, 1970055.709485019557178 ] ] } },
{ "type": "Feature", "properties": { "Transect": 532 }, "geometry": { "type": "LineString", "coordinates": [ [ 754849.745315603213385, 1968766.536893476964906 ], [ 753387.91402140003629, 1970131.472521002637222 ] ] } },
{ "type": "Feature", "properties": { "Transect": 533 }, "geometry": { "type": "LineString", "coordinates": [ [ 755179.349951434182003, 1969537.852593607734889 ], [ 753179.513759822584689, 1969512.255587524734437 ] ] } },
{ "type": "Feature", "properties": { "Transect": 534 }, "geometry": { "type": "LineString", "coordinates": [ [ 754924.006637079874054, 1968936.807372773298994 ], [ 753462.162714096717536, 1970301.729474886553362 ] ] } },
{ "type": "Feature", "properties": { "Transect": 535 }, "geometry": { "type": "LineString", "coordinates": [ [ 754971.510092642274685, 1969017.929947389988229 ], [ 753509.659291197662242, 1970382.844682571711019 ] ] } },
{ "type": "Feature", "properties": { "Transect": 536 }, "geometry": { "type": "LineString", "coordinates": [ [ 755304.227502016467042, 1969649.898072427138686 ], [ 753315.52944592514541, 1969862.218683058395982 ] ] } },
{ "type": "Feature", "properties": { "Transect": 537 }, "geometry": { "type": "LineString", "coordinates": [ [ 755099.361279275151901, 1969144.780502695357427 ], [ 753637.496246448601596, 1970509.679995624581352 ] ] } },
{ "type": "Feature", "properties": { "Transect": 538 }, "geometry": { "type": "LineString", "coordinates": [ [ 755398.683705223840661, 1969513.565875528613105 ], [ 753517.011445223004557, 1970191.2896436995361 ] ] } },
{ "type": "Feature", "properties": { "Transect": 539 }, "geometry": { "type": "LineString", "coordinates": [ [ 754535.898967533605173, 1968906.482213992625475 ], [ 754510.261669921921566, 1970906.317889484576881 ] ] } },
{ "type": "Feature", "properties": { "Transect": 540 }, "geometry": { "type": "LineString", "coordinates": [ [ 754671.917721523321234, 1969017.645573769230396 ], [ 754646.265216984669678, 1971017.481054255273193 ] ] } },
{ "type": "Feature", "properties": { "Transect": 541 }, "geometry": { "type": "LineString", "coordinates": [ [ 754681.445362794911489, 1969017.767787753138691 ], [ 754655.791898116702214, 1971017.603255922906101 ] ] } },
{ "type": "Feature", "properties": { "Transect": 542 }, "geometry": { "type": "LineString", "coordinates": [ [ 754690.973004629719071, 1969017.890006319386885 ], [ 754665.318579710903578, 1971017.725462171016261 ] ] } },
{ "type": "Feature", "properties": { "Transect": 543 }, "geometry": { "type": "LineString", "coordinates": [ [ 755418.620723016909324, 1969335.496540894033387 ], [ 753956.725185775780119, 1970700.363361574476585 ] ] } },
{ "type": "Feature", "properties": { "Transect": 544 }, "geometry": { "type": "LineString", "coordinates": [ [ 755386.598017892218195, 1969349.008027862757444 ], [ 754069.911641109618358, 1970854.443840242456645 ] ] } },
{ "type": "Feature", "properties": { "Transect": 545 }, "geometry": { "type": "LineString", "coordinates": [ [ 755588.458643063204363, 1969466.999058382818475 ], [ 754126.545681161573157, 1970831.847215440357104 ] ] } },
{ "type": "Feature", "properties": { "Transect": 546 }, "geometry": { "type": "LineString", "coordinates": [ [ 754914.304267675383016, 1969160.615164592629299 ], [ 754819.498903969535604, 1971158.366886657429859 ] ] } },
{ "type": "Feature", "properties": { "Transect": 547 }, "geometry": { "type": "LineString", "coordinates": [ [ 755894.930452469503507, 1970208.766380281420425 ], [ 753895.013739439891651, 1970190.514231227571145 ] ] } },
{ "type": "Feature", "properties": { "Transect": 548 }, "geometry": { "type": "LineString", "coordinates": [ [ 755673.430327516398393, 1969598.343915982637554 ], [ 754211.505837964708917, 1970963.179725466296077 ] ] } },
{ "type": "Feature", "properties": { "Transect": 549 }, "geometry": { "type": "LineString", "coordinates": [ [ 755977.029643378453329, 1970098.936290840851143 ], [ 754037.899357294198126, 1970588.603252755710855 ] ] } },
{ "type": "Feature", "properties": { "Transect": 550 }, "geometry": { "type": "LineString", "coordinates": [ [ 755795.224645489477552, 1969738.885924147907645 ], [ 754333.285572614870034, 1971103.706112745217979 ] ] } },
{ "type": "Feature", "properties": { "Transect": 551 }, "geometry": { "type": "LineString", "coordinates": [ [ 755146.770164410583675, 1969491.26233488926664 ], [ 755121.063277910463512, 1971491.097117061726749 ] ] } },
{ "type": "Feature", "properties": { "Transect": 552 }, "geometry": { "type": "LineString", "coordinates": [ [ 755930.848440349334851, 1969874.079529724316671 ], [ 754468.894251906080171, 1971238.883526968536898 ] ] } },
{ "type": "Feature", "properties": { "Transect": 553 }, "geometry": { "type": "LineString", "coordinates": [ [ 756058.317450656904839, 1969980.375502576353028 ], [ 754596.349628536612727, 1971345.164895517518744 ] ] } },
{ "type": "Feature", "properties": { "Transect": 554 }, "geometry": { "type": "LineString", "coordinates": [ [ 755349.597374419099651, 1969672.921131131704897 ], [ 755323.867573467432521, 1971672.755618618801236 ] ] } },
{ "type": "Feature", "properties": { "Transect": 555 }, "geometry": { "type": "LineString", "coordinates": [ [ 756077.24414434900973, 1969990.567185221705586 ], [ 754615.274577992851846, 1971355.354709728155285 ] ] } },
{ "type": "Feature", "properties": { "Transect": 556 }, "geometry": { "type": "LineString", "coordinates": [ [ 756086.643609081977047, 1970000.635954999830574 ], [ 754624.672954050707631, 1971365.422313309274614 ] ] } },
{ "type": "Feature", "properties": { "Transect": 557 }, "geometry": { "type": "LineString", "coordinates": [ [ 756365.0152792269364, 1970702.252890558447689 ], [ 754365.099105335772038, 1970683.941762571688741 ] ] } },
{ "type": "Feature", "properties": { "Transect": 558 }, "geometry": { "type": "LineString", "coordinates": [ [ 756114.714177793590352, 1970040.788142369361594 ], [ 754652.739823145559058, 1971405.570537607418373 ] ] } },
{ "type": "Feature", "properties": { "Transect": 559 }, "geometry": { "type": "LineString", "coordinates": [ [ 756124.113598408410326, 1970050.856935706688091 ], [ 754662.138155056163669, 1971415.638164708158001 ] ] } },
{ "type": "Feature", "properties": { "Transect": 560 }, "geometry": { "type": "LineString", "coordinates": [ [ 755415.393445200752467, 1969743.398571329656988 ], [ 755389.656041427049786, 1971743.232960984576494 ] ] } },
{ "type": "Feature", "properties": { "Transect": 561 }, "geometry": { "type": "LineString", "coordinates": [ [ 756143.040194423403591, 1970061.048694306518883 ], [ 754681.063006867421791, 1971425.828054886776954 ] ] } },
{ "type": "Feature", "properties": { "Transect": 562 }, "geometry": { "type": "LineString", "coordinates": [ [ 755434.320178543450311, 1969753.589419742347673 ], [ 755408.580728010740131, 1971753.423783054808155 ] ] } },
{ "type": "Feature", "properties": { "Transect": 563 }, "geometry": { "type": "LineString", "coordinates": [ [ 756161.966772838844918, 1970071.240473577519879 ], [ 754699.987840868416242, 1971436.017965506063774 ] ] } },
{ "type": "Feature", "properties": { "Transect": 564 }, "geometry": { "type": "LineString", "coordinates": [ [ 756171.366155941039324, 1970081.30929442984052 ], [ 754709.386135123902932, 1971446.085619961610064 ] ] } },
{ "type": "Feature", "properties": { "Transect": 565 }, "geometry": { "type": "LineString", "coordinates": [ [ 755462.646266161464155, 1969773.84853908768855 ], [ 755436.903682899195701, 1971773.682862077141181 ] ] } },
{ "type": "Feature", "properties": { "Transect": 566 }, "geometry": { "type": "LineString", "coordinates": [ [ 755472.173592063481919, 1969773.971178237115964 ], [ 755446.430048099369742, 1971773.805488860001788 ] ] } },
{ "type": "Feature", "properties": { "Transect": 567 }, "geometry": { "type": "LineString", "coordinates": [ [ 756199.819876484805718, 1970091.624093728838488 ], [ 754737.837455806089565, 1971456.397848468506709 ] ] } },
{ "type": "Feature", "properties": { "Transect": 568 }, "geometry": { "type": "LineString", "coordinates": [ [ 756478.144621745799668, 1970796.951817057328299 ], [ 754478.310332096531056, 1970771.206643858226016 ] ] } },
{ "type": "Feature", "properties": { "Transect": 569 }, "geometry": { "type": "LineString", "coordinates": [ [ 756209.091411827132106, 1970111.638785588322207 ], [ 754747.107469158247113, 1971476.410909929545596 ] ] } },
{ "type": "Feature", "properties": { "Transect": 570 }, "geometry": { "type": "LineString", "coordinates": [ [ 756218.362926164525561, 1970131.653484612237662 ], [ 754756.377461261232384, 1971496.423978289123625 ] ] } },
{ "type": "Feature", "properties": { "Transect": 571 }, "geometry": { "type": "LineString", "coordinates": [ [ 756227.634419337729923, 1970151.668190632481128 ], [ 754765.64743226824794, 1971516.437053714878857 ] ] } },
{ "type": "Feature", "properties": { "Transect": 572 }, "geometry": { "type": "LineString", "coordinates": [ [ 756505.101297612302005, 1970922.905159385176376 ], [ 754505.185295165982097, 1970904.575315972557291 ] ] } },
{ "type": "Feature", "properties": { "Transect": 573 }, "geometry": { "type": "LineString", "coordinates": [ [ 756532.913176875095814, 1970982.948890347033739 ], [ 754532.997210784815252, 1970964.615080661140382 ] ] } },
{ "type": "Feature", "properties": { "Transect": 574 }, "geometry": { "type": "LineString", "coordinates": [ [ 756273.22438311134465, 1970311.41695322538726 ], [ 754811.227184987394139, 1971676.174877795623615 ] ] } },
{ "type": "Feature", "properties": { "Transect": 575 }, "geometry": { "type": "LineString", "coordinates": [ [ 756551.582413179334253, 1971013.032386710401624 ], [ 754551.666470055934042, 1970994.696071888785809 ] ] } },
{ "type": "Feature", "properties": { "Transect": 576 }, "geometry": { "type": "LineString", "coordinates": [ [ 756579.650206169229932, 1971053.184831565013155 ], [ 754579.734296862850897, 1971034.844828740926459 ] ] } },
{ "type": "Feature", "properties": { "Transect": 577 }, "geometry": { "type": "LineString", "coordinates": [ [ 756588.879802139825188, 1971076.908902836730704 ], [ 754589.04570624360349, 1971051.148683683713898 ] ] } },
{ "type": "Feature", "properties": { "Transect": 578 }, "geometry": { "type": "LineString", "coordinates": [ [ 756588.751689952448942, 1971086.854591533308849 ], [ 754588.91759567533154, 1971061.094246682012454 ] ] } },
{ "type": "Feature", "properties": { "Transect": 579 }, "geometry": { "type": "LineString", "coordinates": [ [ 756319.708719000103883, 1970401.544927619630471 ], [ 754857.704342619632371, 1971766.295162440976128 ] ] } },
{ "type": "Feature", "properties": { "Transect": 580 }, "geometry": { "type": "LineString", "coordinates": [ [ 756597.637799220508896, 1971136.706236977363005 ], [ 754597.803725413861685, 1971110.944303002906963 ] ] } },
{ "type": "Feature", "properties": { "Transect": 581 }, "geometry": { "type": "LineString", "coordinates": [ [ 756597.50967849069275, 1971146.651926659978926 ], [ 754597.675606303382665, 1971120.88986698910594 ] ] } },
{ "type": "Feature", "properties": { "Transect": 582 }, "geometry": { "type": "LineString", "coordinates": [ [ 756597.381557134678587, 1971156.597616420360282 ], [ 754597.547486566705629, 1971130.835431049345061 ] ] } },
{ "type": "Feature", "properties": { "Transect": 583 }, "geometry": { "type": "LineString", "coordinates": [ [ 756597.294338736333884, 1971162.833961577853188 ], [ 754597.378462619963102, 1971144.490339861484244 ] ] } },
{ "type": "Feature", "properties": { "Transect": 584 }, "geometry": { "type": "LineString", "coordinates": [ [ 756337.61161299503874, 1970491.303806990617886 ], [ 754875.602024653344415, 1971856.048458417179063 ] ] } },
{ "type": "Feature", "properties": { "Transect": 585 }, "geometry": { "type": "LineString", "coordinates": [ [ 756383.967192885233089, 1970591.377899859799072 ], [ 754921.949992219218984, 1971956.114396387943998 ] ] } },
{ "type": "Feature", "properties": { "Transect": 586 }, "geometry": { "type": "LineString", "coordinates": [ [ 756411.780287360306829, 1970651.422440168913454 ], [ 754949.758518998045474, 1972016.154043391812593 ] ] } },
{ "type": "Feature", "properties": { "Transect": 587 }, "geometry": { "type": "LineString", "coordinates": [ [ 756421.179241385310888, 1970661.491434946190566 ], [ 754959.156383963534608, 1972026.221871470566839 ] ] } },
{ "type": "Feature", "properties": { "Transect": 588 }, "geometry": { "type": "LineString", "coordinates": [ [ 756699.483162670047022, 1971366.812767368508503 ], [ 754699.649262301274575, 1971341.037373370258138 ] ] } },
{ "type": "Feature", "properties": { "Transect": 589 }, "geometry": { "type": "LineString", "coordinates": [ [ 756699.395897476002574, 1971373.049719257280231 ], [ 754699.480153556447476, 1971354.691690424457192 ] ] } },
{ "type": "Feature", "properties": { "Transect": 590 }, "geometry": { "type": "LineString", "coordinates": [ [ 756439.721168652293272, 1970701.521176522597671 ], [ 754977.695265795453452, 1972066.248350494075567 ] ] } },
{ "type": "Feature", "properties": { "Transect": 591 }, "geometry": { "type": "LineString", "coordinates": [ [ 756736.307371081085876, 1971466.762866447912529 ], [ 754736.473536462755874, 1971440.982371582416818 ] ] } },
{ "type": "Feature", "properties": { "Transect": 592 }, "geometry": { "type": "LineString", "coordinates": [ [ 756736.22008779051248, 1971473.000055139418691 ], [ 754736.304394995677285, 1971454.636457634158432 ] ] } },
{ "type": "Feature", "properties": { "Transect": 593 }, "geometry": { "type": "LineString", "coordinates": [ [ 756745.490176799474284, 1971493.014804674545303 ], [ 754745.574496150482446, 1971474.649884458864108 ] ] } },
{ "type": "Feature", "properties": { "Transect": 594 }, "geometry": { "type": "LineString", "coordinates": [ [ 756754.760244673117995, 1971513.029561153613031 ], [ 754754.844576169271022, 1971494.663318412844092 ] ] } },
{ "type": "Feature", "properties": { "Transect": 595 }, "geometry": { "type": "LineString", "coordinates": [ [ 756763.98935627611354, 1971536.752671329071745 ], [ 754764.155570180620998, 1971510.96841273852624 ] ] } },
{ "type": "Feature", "properties": { "Transect": 596 }, "geometry": { "type": "LineString", "coordinates": [ [ 756782.52938284818083, 1971576.782109075691551 ], [ 754782.695628010900691, 1971550.995426205452532 ] ] } },
{ "type": "Feature", "properties": { "Transect": 597 }, "geometry": { "type": "LineString", "coordinates": [ [ 756513.503954651067033, 1970891.478043209761381 ], [ 755051.464569800766185, 1972256.190773840993643 ] ] } },
{ "type": "Feature", "properties": { "Transect": 598 }, "geometry": { "type": "LineString", "coordinates": [ [ 756791.840304778539576, 1971593.088657777290791 ], [ 754791.924684869940393, 1971574.717124216258526 ] ] } },
{ "type": "Feature", "properties": { "Transect": 599 }, "geometry": { "type": "LineString", "coordinates": [ [ 756828.813032008009031, 1971681.976789572509006 ], [ 754828.979356194613501, 1971656.183978902408853 ] ] } },
{ "type": "Feature", "properties": { "Transect": 600 }, "geometry": { "type": "LineString", "coordinates": [ [ 756644.061114924727008, 1971112.012545594247058 ], [ 755182.003010450163856, 1972476.705221305834129 ] ] } },
{ "type": "Feature", "properties": { "Transect": 601 }, "geometry": { "type": "LineString", "coordinates": [ [ 756922.387845062999986, 1971813.622059958986938 ], [ 754922.472387681598775, 1971795.232842283789068 ] ] } },
{ "type": "Feature", "properties": { "Transect": 602 }, "geometry": { "type": "LineString", "coordinates": [ [ 756662.730183306033723, 1971142.096737391315401 ], [ 755200.669466507970355, 1972506.786614394746721 ] ] } },
{ "type": "Feature", "properties": { "Transect": 603 }, "geometry": { "type": "LineString", "coordinates": [ [ 756672.128756938851438, 1971152.165900748223066 ], [ 755210.066950675682165, 1972516.854610552079976 ] ] } },
{ "type": "Feature", "properties": { "Transect": 604 }, "geometry": { "type": "LineString", "coordinates": [ [ 756681.527320922585204, 1971162.235069882590324 ], [ 755219.464425117010251, 1972526.922612402588129 ] ] } },
{ "type": "Feature", "properties": { "Transect": 605 }, "geometry": { "type": "LineString", "coordinates": [ [ 756690.925875163520686, 1971172.304244695464149 ], [ 755228.861889927997254, 1972536.990620049415156 ] ] } },
{ "type": "Feature", "properties": { "Transect": 606 }, "geometry": { "type": "LineString", "coordinates": [ [ 756700.324419677490368, 1971182.373425201745704 ], [ 755238.25934509257786, 1972547.058633474865928 ] ] } },
{ "type": "Feature", "properties": { "Transect": 607 }, "geometry": { "type": "LineString", "coordinates": [ [ 756978.606594624347053, 1971887.690014401916414 ], [ 754978.773150453460403, 1971861.879249678459018 ] ] } },
{ "type": "Feature", "properties": { "Transect": 608 }, "geometry": { "type": "LineString", "coordinates": [ [ 756978.478230647742748, 1971897.635731860995293 ], [ 754978.64478810201399, 1971871.82484122691676 ] ] } },
{ "type": "Feature", "properties": { "Transect": 609 }, "geometry": { "type": "LineString", "coordinates": [ [ 756709.466661297949031, 1971212.334385226015002 ], [ 755247.399629869265482, 1972577.017497017979622 ] ] } },
{ "type": "Feature", "properties": { "Transect": 610 }, "geometry": { "type": "LineString", "coordinates": [ [ 756987.619458021246828, 1971927.59632071829401 ], [ 754987.786032753880136, 1971901.784091387642547 ] ] } },
{ "type": "Feature", "properties": { "Transect": 611 }, "geometry": { "type": "LineString", "coordinates": [ [ 756987.53206231049262, 1971933.834961571497843 ], [ 754987.616687544854358, 1971915.436761216493323 ] ] } },
{ "type": "Feature", "properties": { "Transect": 612 }, "geometry": { "type": "LineString", "coordinates": [ [ 756727.879203238873743, 1971262.310442302376032 ], [ 755265.808691854006611, 1972626.989825798198581 ] ] } },
{ "type": "Feature", "properties": { "Transect": 613 }, "geometry": { "type": "LineString", "coordinates": [ [ 757006.158578538801521, 1971967.626084913266823 ], [ 755006.325184591347352, 1971941.81142914085649 ] ] } },
{ "type": "Feature", "properties": { "Transect": 614 }, "geometry": { "type": "LineString", "coordinates": [ [ 757015.340698476298712, 1971993.879785394063219 ], [ 755015.425360231776722, 1971975.477615558775142 ] ] } },
{ "type": "Feature", "properties": { "Transect": 615 }, "geometry": { "type": "LineString", "coordinates": [ [ 756755.690079010557383, 1971322.355750339338556 ], [ 755293.614998068893328, 1972687.030238153180107 ] ] } },
{ "type": "Feature", "properties": { "Transect": 616 }, "geometry": { "type": "LineString", "coordinates": [ [ 757033.967100742971525, 1972027.670783209381625 ], [ 755034.13375376095064, 1972001.852489334763959 ] ] } },
{ "type": "Feature", "properties": { "Transect": 617 }, "geometry": { "type": "LineString", "coordinates": [ [ 756764.960328646237031, 1971342.370867098215967 ], [ 755302.883724518120289, 1972707.04372300952673 ] ] } },
{ "type": "Feature", "properties": { "Transect": 618 }, "geometry": { "type": "LineString", "coordinates": [ [ 756774.358747044112533, 1971352.440099146449938 ], [ 755312.281053339829668, 1972717.111787711968645 ] ] } },
{ "type": "Feature", "properties": { "Transect": 619 }, "geometry": { "type": "LineString", "coordinates": [ [ 756103.0934320531087, 1971095.148306844057515 ], [ 756077.267946229199879, 1973094.981560963438824 ] ] } },
{ "type": "Feature", "properties": { "Transect": 620 }, "geometry": { "type": "LineString", "coordinates": [ [ 756112.620161919156089, 1971095.271333314711228 ], [ 756086.793714906321838, 1973095.104575021425262 ] ] } },
{ "type": "Feature", "properties": { "Transect": 621 }, "geometry": { "type": "LineString", "coordinates": [ [ 756840.275631834403612, 1971412.978988265618682 ], [ 755378.190744565217756, 1972777.642969771288335 ] ] } },
{ "type": "Feature", "properties": { "Transect": 622 }, "geometry": { "type": "LineString", "coordinates": [ [ 757146.160902880481444, 1972193.405758678913116 ], [ 755146.327731709112413, 1972167.573850458487868 ] ] } },
{ "type": "Feature", "properties": { "Transect": 623 }, "geometry": { "type": "LineString", "coordinates": [ [ 757153.954573833034374, 1972327.648133543552831 ], [ 755154.121437015826814, 1972301.813565848628059 ] ] } },
{ "type": "Feature", "properties": { "Transect": 624 }, "geometry": { "type": "LineString", "coordinates": [ [ 757153.826091283001006, 1972337.593864548252895 ], [ 755153.992956093046814, 1972311.759170899866149 ] ] } },
{ "type": "Feature", "properties": { "Transect": 625 }, "geometry": { "type": "LineString", "coordinates": [ [ 757153.697608105605468, 1972347.539595630019903 ], [ 755153.864474542671815, 1972321.704776025377214 ] ] } },
{ "type": "Feature", "properties": { "Transect": 626 }, "geometry": { "type": "LineString", "coordinates": [ [ 757153.569124300614931, 1972357.485326786758378 ], [ 755153.735992364934646, 1972331.650381224928424 ] ] } },
{ "type": "Feature", "properties": { "Transect": 627 }, "geometry": { "type": "LineString", "coordinates": [ [ 757153.440639868029393, 1972367.431058026617393 ], [ 755153.607509559835307, 1972341.595986489439383 ] ] } },
{ "type": "Feature", "properties": { "Transect": 628 }, "geometry": { "type": "LineString", "coordinates": [ [ 757153.312154808198102, 1972377.376789320725948 ], [ 755153.479026126791723, 1972351.541591851972044 ] ] } },
{ "type": "Feature", "properties": { "Transect": 629 }, "geometry": { "type": "LineString", "coordinates": [ [ 756189.958298980840482, 1973373.731510454323143 ], [ 756116.575912206550129, 1971375.078207524958998 ] ] } },
{ "type": "Feature", "properties": { "Transect": 630 }, "geometry": { "type": "LineString", "coordinates": [ [ 757143.143627168727107, 1972426.981901309918612 ], [ 755143.310494204168208, 1972401.147035385016352 ] ] } },
{ "type": "Feature", "properties": { "Transect": 631 }, "geometry": { "type": "LineString", "coordinates": [ [ 757143.015143132535741, 1972436.927632526727393 ], [ 755143.18201179523021, 1972411.092640648363158 ] ] } },
{ "type": "Feature", "properties": { "Transect": 632 }, "geometry": { "type": "LineString", "coordinates": [ [ 757142.88665846909862, 1972446.873363809427246 ], [ 755143.053528758580796, 1972421.038245996693149 ] ] } },
{ "type": "Feature", "properties": { "Transect": 633 }, "geometry": { "type": "LineString", "coordinates": [ [ 757142.758173177950084, 1972456.819095187122002 ], [ 755142.92504509491846, 1972430.983851398108527 ] ] } },
{ "type": "Feature", "properties": { "Transect": 634 }, "geometry": { "type": "LineString", "coordinates": [ [ 756129.795711021055467, 1973453.763708497863263 ], [ 756155.630537041812204, 1971453.930575017817318 ] ] } },
{ "type": "Feature", "properties": { "Transect": 635 }, "geometry": { "type": "LineString", "coordinates": [ [ 757133.103614003048278, 1972466.641283364966512 ], [ 755133.270475127384998, 1972440.806875010021031 ] ] } },
{ "type": "Feature", "properties": { "Transect": 636 }, "geometry": { "type": "LineString", "coordinates": [ [ 757132.975132245803252, 1972476.587014356860891 ], [ 755133.141994997626171, 1972450.752480022376403 ] ] } },
{ "type": "Feature", "properties": { "Transect": 637 }, "geometry": { "type": "LineString", "coordinates": [ [ 757132.846649861428887, 1972486.532745386473835 ], [ 755133.013514239806682, 1972460.698085146024823 ] ] } },
{ "type": "Feature", "properties": { "Transect": 638 }, "geometry": { "type": "LineString", "coordinates": [ [ 757132.718166849226691, 1972496.478476540418342 ], [ 755132.885032855323516, 1972470.643690297147259 ] ] } },
{ "type": "Feature", "properties": { "Transect": 639 }, "geometry": { "type": "LineString", "coordinates": [ [ 757132.589683205471374, 1972506.424208060838282 ], [ 755132.75655084697064, 1972480.589295230805874 ] ] } },
{ "type": "Feature", "properties": { "Transect": 640 }, "geometry": { "type": "LineString", "coordinates": [ [ 757140.702323184581473, 1972615.950807250337675 ], [ 755140.869221136672422, 1972590.113548229681328 ] ] } },
{ "type": "Feature", "properties": { "Transect": 641 }, "geometry": { "type": "LineString", "coordinates": [ [ 757140.573827222106047, 1972625.896540232468396 ], [ 755140.740726810297929, 1972600.059154578018934 ] ] } },
{ "type": "Feature", "properties": { "Transect": 642 }, "geometry": { "type": "LineString", "coordinates": [ [ 757129.891381841269322, 1972715.284580267965794 ], [ 755130.058283643680625, 1972689.447023230139166 ] ] } },
{ "type": "Feature", "properties": { "Transect": 643 }, "geometry": { "type": "LineString", "coordinates": [ [ 757129.762884397991002, 1972725.230313123902306 ], [ 755129.929787827888504, 1972699.392630130285397 ] ] } },
{ "type": "Feature", "properties": { "Transect": 644 }, "geometry": { "type": "LineString", "coordinates": [ [ 757129.63438632292673, 1972735.176046399166808 ], [ 755129.801291388925165, 1972709.338236760115251 ] ] } },
{ "type": "Feature", "properties": { "Transect": 645 }, "geometry": { "type": "LineString", "coordinates": [ [ 757119.8514544502832, 1972754.943957784445956 ], [ 755120.018350339261815, 1972729.106858456740156 ] ] } },
{ "type": "Feature", "properties": { "Transect": 646 }, "geometry": { "type": "LineString", "coordinates": [ [ 757119.722959286766127, 1972764.889690413605422 ], [ 755119.889856803230941, 1972739.052465107757598 ] ] } },
{ "type": "Feature", "properties": { "Transect": 647 }, "geometry": { "type": "LineString", "coordinates": [ [ 757119.5944634960033, 1972774.835423083044589 ], [ 755119.761362639255822, 1972748.998071868438274 ] ] } },
{ "type": "Feature", "properties": { "Transect": 648 }, "geometry": { "type": "LineString", "coordinates": [ [ 756156.260732340160757, 1973771.188329748576507 ], [ 756082.83810258586891, 1971772.536504782503471 ] ] } },
{ "type": "Feature", "properties": { "Transect": 649 }, "geometry": { "type": "LineString", "coordinates": [ [ 757099.514704215223901, 1972854.154181531397626 ], [ 755099.681591529515572, 1972828.317745903274044 ] ] } },
{ "type": "Feature", "properties": { "Transect": 650 }, "geometry": { "type": "LineString", "coordinates": [ [ 757099.386212356970645, 1972864.099913848331198 ], [ 755099.553101299214177, 1972838.263352215988562 ] ] } },
{ "type": "Feature", "properties": { "Transect": 651 }, "geometry": { "type": "LineString", "coordinates": [ [ 756830.400309158489108, 1972178.81320468406193 ], [ 755368.282021153718233, 1973543.441400157986209 ] ] } },
{ "type": "Feature", "properties": { "Transect": 652 }, "geometry": { "type": "LineString", "coordinates": [ [ 757107.113073549116962, 1973003.463732302887365 ], [ 755107.279997693491168, 1972977.624446057947353 ] ] } },
{ "type": "Feature", "properties": { "Transect": 653 }, "geometry": { "type": "LineString", "coordinates": [ [ 757106.984567490406334, 1973013.409466259181499 ], [ 755107.15149326226674, 1972987.570054058451205 ] ] } },
{ "type": "Feature", "properties": { "Transect": 654 }, "geometry": { "type": "LineString", "coordinates": [ [ 757106.856060800259002, 1973023.35520060127601 ], [ 755107.022988207521848, 1972997.515661822166294 ] ] } },
{ "type": "Feature", "properties": { "Transect": 655 }, "geometry": { "type": "LineString", "coordinates": [ [ 757124.714440443669446, 1973115.942710199626163 ], [ 755124.881407809327357, 1973090.100079057039693 ] ] } },
{ "type": "Feature", "properties": { "Transect": 656 }, "geometry": { "type": "LineString", "coordinates": [ [ 757104.542833174928091, 1973202.378425463102758 ], [ 755104.709789863904007, 1973176.536620546597987 ] ] } },
{ "type": "Feature", "properties": { "Transect": 657 }, "geometry": { "type": "LineString", "coordinates": [ [ 756091.577100147027522, 1974199.319719839142635 ], [ 756117.418487306917086, 1972199.486671129940078 ] ] } },
{ "type": "Feature", "properties": { "Transect": 658 }, "geometry": { "type": "LineString", "coordinates": [ [ 757094.888602090766653, 1973212.200590894324705 ], [ 755095.055547980125993, 1973186.359621740179136 ] ] } },
{ "type": "Feature", "properties": { "Transect": 659 }, "geometry": { "type": "LineString", "coordinates": [ [ 757094.760087647824548, 1973222.146325878566131 ], [ 755094.927035164437257, 1973196.3052307900507 ] ] } },
{ "type": "Feature", "properties": { "Transect": 660 }, "geometry": { "type": "LineString", "coordinates": [ [ 757094.631572577287443, 1973232.092060945462435 ], [ 755094.798521721619181, 1973206.250839904882014 ] ] } },
{ "type": "Feature", "properties": { "Transect": 661 }, "geometry": { "type": "LineString", "coordinates": [ [ 757094.50305687985383, 1973242.03779605566524 ], [ 755094.670007650740445, 1973216.196449128678069 ] ] } },
{ "type": "Feature", "properties": { "Transect": 662 }, "geometry": { "type": "LineString", "coordinates": [ [ 757094.374540554592386, 1973251.983531285077333 ], [ 755094.541492953430861, 1973226.142058381810784 ] ] } },
{ "type": "Feature", "properties": { "Transect": 663 }, "geometry": { "type": "LineString", "coordinates": [ [ 757094.287040105788037, 1973258.223629431566224 ], [ 755094.371961124474183, 1973239.793304869206622 ] ] } },
{ "type": "Feature", "properties": { "Transect": 664 }, "geometry": { "type": "LineString", "coordinates": [ [ 757103.514666758477688, 1973281.944311148952693 ], [ 755103.681636466644704, 1973256.101498734671623 ] ] } },
{ "type": "Feature", "properties": { "Transect": 665 }, "geometry": { "type": "LineString", "coordinates": [ [ 757103.386143133277074, 1973291.890047193737701 ], [ 755103.553114468697459, 1973266.04710884927772 ] ] } },
{ "type": "Feature", "properties": { "Transect": 666 }, "geometry": { "type": "LineString", "coordinates": [ [ 757103.257618880597875, 1973301.83578331489116 ], [ 755103.424591843504459, 1973275.992719038389623 ] ] } },
{ "type": "Feature", "properties": { "Transect": 667 }, "geometry": { "type": "LineString", "coordinates": [ [ 757103.129094000672922, 1973311.781519510084763 ], [ 755103.296068590832874, 1973285.938329302938655 ] ] } },
{ "type": "Feature", "properties": { "Transect": 668 }, "geometry": { "type": "LineString", "coordinates": [ [ 757103.000568488845602, 1973321.72725612600334 ], [ 755103.167544715339318, 1973295.88393929717131 ] ] } },
{ "type": "Feature", "properties": { "Transect": 669 }, "geometry": { "type": "LineString", "coordinates": [ [ 757112.140634128591046, 1973351.688047224422917 ], [ 755112.307627657661214, 1973325.843391506234184 ] ] } },
{ "type": "Feature", "properties": { "Transect": 670 }, "geometry": { "type": "LineString", "coordinates": [ [ 756843.166029259329662, 1972666.409388636238873 ], [ 755381.025168538792059, 1974031.013398380950093 ] ] } },
{ "type": "Feature", "properties": { "Transect": 671 }, "geometry": { "type": "LineString", "coordinates": [ [ 756852.563684800756164, 1972676.4787538619712 ], [ 755390.421733893803321, 1974041.081595496740192 ] ] } },
{ "type": "Feature", "properties": { "Transect": 672 }, "geometry": { "type": "LineString", "coordinates": [ [ 756861.961330681224354, 1972686.548124863533303 ], [ 755399.81828952243086, 1974051.14979831664823 ] ] } },
{ "type": "Feature", "properties": { "Transect": 673 }, "geometry": { "type": "LineString", "coordinates": [ [ 757139.088950349017978, 1973478.062470213742927 ], [ 755139.256001796107739, 1973452.213333247927949 ] ] } },
{ "type": "Feature", "properties": { "Transect": 674 }, "geometry": { "type": "LineString", "coordinates": [ [ 757137.632269463851117, 1973590.75657160510309 ], [ 755137.799339355318807, 1973564.906007716199383 ] ] } },
{ "type": "Feature", "properties": { "Transect": 675 }, "geometry": { "type": "LineString", "coordinates": [ [ 757137.503707224037498, 1973600.702312129782513 ], [ 755137.670778743224218, 1973574.851622310234234 ] ] } },
{ "type": "Feature", "properties": { "Transect": 676 }, "geometry": { "type": "LineString", "coordinates": [ [ 756124.533544970327057, 1974597.639111795928329 ], [ 756150.383816890302114, 1972597.806177913211286 ] ] } },
{ "type": "Feature", "properties": { "Transect": 677 }, "geometry": { "type": "LineString", "coordinates": [ [ 757127.849621462752111, 1973610.524442746769637 ], [ 755128.01668217626866, 1973584.67458887398243 ] ] } },
{ "type": "Feature", "properties": { "Transect": 678 }, "geometry": { "type": "LineString", "coordinates": [ [ 756114.879876042017713, 1974607.461665326962247 ], [ 756140.729311818489805, 1972607.628720636246726 ] ] } },
{ "type": "Feature", "properties": { "Transect": 679 }, "geometry": { "type": "LineString", "coordinates": [ [ 757118.195545172435232, 1973620.34657695190981 ], [ 755118.362595080747269, 1973594.497559026814997 ] ] } },
{ "type": "Feature", "properties": { "Transect": 680 }, "geometry": { "type": "LineString", "coordinates": [ [ 756105.226216414710507, 1974617.284222444519401 ], [ 756131.074816388078034, 1972617.451266950462013 ] ] } },
{ "type": "Feature", "properties": { "Transect": 681 }, "geometry": { "type": "LineString", "coordinates": [ [ 756095.701178915449418, 1974617.161107719410211 ], [ 756121.548816893598996, 1972617.328139791730791 ] ] } },
{ "type": "Feature", "properties": { "Transect": 682 }, "geometry": { "type": "LineString", "coordinates": [ [ 756086.176141833188012, 1974617.037997582461685 ], [ 756112.022818012395874, 1972617.205017223954201 ] ] } },
{ "type": "Feature", "properties": { "Transect": 683 }, "geometry": { "type": "LineString", "coordinates": [ [ 756076.651105340220965, 1974616.914892035070807 ], [ 756102.496819572872482, 1972617.081899243872613 ] ] } },
{ "type": "Feature", "properties": { "Transect": 684 }, "geometry": { "type": "LineString", "coordinates": [ [ 756067.12606938672252, 1974616.791791076771915 ], [ 756092.970821624156088, 1972616.958785853348672 ] ] } },
{ "type": "Feature", "properties": { "Transect": 685 }, "geometry": { "type": "LineString", "coordinates": [ [ 756057.601033852435648, 1974616.668694706866518 ], [ 756083.444824286736548, 1972616.835677053546533 ] ] } },
{ "type": "Feature", "properties": { "Transect": 686 }, "geometry": { "type": "LineString", "coordinates": [ [ 757060.829966073273681, 1973634.928435147507116 ], [ 755061.164860222139396, 1973598.329740620451048 ] ] } },
{ "type": "Feature", "properties": { "Transect": 687 }, "geometry": { "type": "LineString", "coordinates": [ [ 755889.564918491989374, 1974613.895669339690357 ], [ 755984.766587613848969, 1972616.162793753668666 ] ] } },
{ "type": "Feature", "properties": { "Transect": 688 }, "geometry": { "type": "LineString", "coordinates": [ [ 755905.329052269109525, 1974604.754112281603739 ], [ 755931.157326233456843, 1972604.920894169481471 ] ] } },
{ "type": "Feature", "properties": { "Transect": 689 }, "geometry": { "type": "LineString", "coordinates": [ [ 755177.649042018922046, 1974287.018408004194498 ], [ 756639.786311538657174, 1972922.41055038291961 ] ] } },
{ "type": "Feature", "properties": { "Transect": 690 }, "geometry": { "type": "LineString", "coordinates": [ [ 755857.832391197094694, 1974594.193407226819545 ], [ 755883.655729923862964, 1972594.360125381499529 ] ] } },
{ "type": "Feature", "properties": { "Transect": 691 }, "geometry": { "type": "LineString", "coordinates": [ [ 755848.307357458979823, 1974594.070412887725979 ], [ 755874.129734285059385, 1972594.237118621822447 ] ] } },
{ "type": "Feature", "properties": { "Transect": 692 }, "geometry": { "type": "LineString", "coordinates": [ [ 755838.782324211322702, 1974593.947423137258738 ], [ 755864.603739185375161, 1972594.114116451703012 ] ] } },
{ "type": "Feature", "properties": { "Transect": 693 }, "geometry": { "type": "LineString", "coordinates": [ [ 755829.257291528978385, 1974593.824437975883484 ], [ 755855.077744549722411, 1972593.991118870209903 ] ] } },
{ "type": "Feature", "properties": { "Transect": 694 }, "geometry": { "type": "LineString", "coordinates": [ [ 756832.474744394421577, 1973612.073942052898929 ], [ 754832.809265393298119, 1973575.495641228975728 ] ] } },
{ "type": "Feature", "properties": { "Transect": 695 }, "geometry": { "type": "LineString", "coordinates": [ [ 756124.700513883028179, 1974595.813272947911173 ], [ 755458.407277390360832, 1972710.063203876372427 ] ] } },
{ "type": "Feature", "properties": { "Transect": 696 }, "geometry": { "type": "LineString", "coordinates": [ [ 756706.717933641863056, 1973759.655694247689098 ], [ 754707.052284622681327, 1973723.08668916253373 ] ] } },
{ "type": "Feature", "properties": { "Transect": 697 }, "geometry": { "type": "LineString", "coordinates": [ [ 756697.148059582221322, 1973764.098205293528736 ], [ 754697.31458721740637, 1973738.289625143632293 ] ] } },
{ "type": "Feature", "properties": { "Transect": 698 }, "geometry": { "type": "LineString", "coordinates": [ [ 755684.198890070663765, 1974761.056308278813958 ], [ 755710.007052141707391, 1972761.222830518614501 ] ] } },
{ "type": "Feature", "properties": { "Transect": 699 }, "geometry": { "type": "LineString", "coordinates": [ [ 756687.494288717512973, 1973773.920514276716858 ], [ 754687.660805560997687, 1973748.112770365085453 ] ] } },
{ "type": "Feature", "properties": { "Transect": 700 }, "geometry": { "type": "LineString", "coordinates": [ [ 755674.545536112273112, 1974770.879040316212922 ], [ 755700.352861909894273, 1972771.04555176384747 ] ] } },
{ "type": "Feature", "properties": { "Transect": 701 }, "geometry": { "type": "LineString", "coordinates": [ [ 756677.756624939502217, 1973789.12277761218138 ], [ 754678.090935764019378, 1973752.55596841708757 ] ] } },
{ "type": "Feature", "properties": { "Transect": 702 }, "geometry": { "type": "LineString", "coordinates": [ [ 755655.367259305203333, 1974780.578863177914172 ], [ 755681.17278676177375, 1972780.745351419318467 ] ] } },
{ "type": "Feature", "properties": { "Transect": 703 }, "geometry": { "type": "LineString", "coordinates": [ [ 755645.842327397549525, 1974780.455955000594258 ], [ 755671.646892989519984, 1972780.622430830262601 ] ] } },
{ "type": "Feature", "properties": { "Transect": 704 }, "geometry": { "type": "LineString", "coordinates": [ [ 756649.052064521471038, 1973798.698480999097228 ], [ 754649.386331214336678, 1973762.134085243102163 ] ] } },
{ "type": "Feature", "properties": { "Transect": 705 }, "geometry": { "type": "LineString", "coordinates": [ [ 756629.872935164254159, 1973808.397539291530848 ], [ 754630.207173093687743, 1973771.834716602228582 ] ] } },
{ "type": "Feature", "properties": { "Transect": 706 }, "geometry": { "type": "LineString", "coordinates": [ [ 755607.485847171745263, 1974799.855666856281459 ], [ 755633.286816177540459, 1972800.022096281405538 ] ] } },
{ "type": "Feature", "properties": { "Transect": 707 }, "geometry": { "type": "LineString", "coordinates": [ [ 756610.693826404283755, 1973818.096613988513127 ], [ 754611.028035576106049, 1973781.535364128416404 ] ] } },
{ "type": "Feature", "properties": { "Transect": 708 }, "geometry": { "type": "LineString", "coordinates": [ [ 755588.307637958438136, 1974809.555547211086378 ], [ 755614.106808666954748, 1972809.7219534360338 ] ] } },
{ "type": "Feature", "properties": { "Transect": 709 }, "geometry": { "type": "LineString", "coordinates": [ [ 756591.598628033301793, 1973822.415242726914585 ], [ 754591.765028863796033, 1973796.616490183398128 ] ] } },
{ "type": "Feature", "properties": { "Transect": 710 }, "geometry": { "type": "LineString", "coordinates": [ [ 755578.654357920750044, 1974819.378317461581901 ], [ 755604.452692296239547, 1972819.544712897622958 ] ] } },
{ "type": "Feature", "properties": { "Transect": 711 }, "geometry": { "type": "LineString", "coordinates": [ [ 756581.944940529530868, 1973832.237593505997211 ], [ 754582.111330572050065, 1973806.439677221700549 ] ] } },
{ "type": "Feature", "properties": { "Transect": 712 }, "geometry": { "type": "LineString", "coordinates": [ [ 755569.001087354146875, 1974829.201091302325949 ], [ 755594.798585398471914, 1972829.367475949460641 ] ] } },
{ "type": "Feature", "properties": { "Transect": 713 }, "geometry": { "type": "LineString", "coordinates": [ [ 756572.291262499406002, 1973842.059947815956548 ], [ 754572.457641752786003, 1973816.26286790962331 ] ] } },
{ "type": "Feature", "properties": { "Transect": 714 }, "geometry": { "type": "LineString", "coordinates": [ [ 756572.079079301445745, 1973857.386216409038752 ], [ 754572.413234934094362, 1973820.827894917223603 ] ] } },
{ "type": "Feature", "properties": { "Transect": 715 }, "geometry": { "type": "LineString", "coordinates": [ [ 756562.425416207523085, 1973867.208625894505531 ], [ 754562.759558452409692, 1973830.651036689523607 ] ] } },
{ "type": "Feature", "properties": { "Transect": 716 }, "geometry": { "type": "LineString", "coordinates": [ [ 756552.855647364049219, 1973871.650376947131008 ], [ 754553.022006661980413, 1973845.854844077024609 ] ] } },
{ "type": "Feature", "properties": { "Transect": 717 }, "geometry": { "type": "LineString", "coordinates": [ [ 755539.912982355803251, 1974868.615080512361601 ], [ 755565.708097065566108, 1972868.781434416538104 ] ] } },
{ "type": "Feature", "properties": { "Transect": 718 }, "geometry": { "type": "LineString", "coordinates": [ [ 756543.202001914731227, 1973881.472741579636931 ], [ 754543.368350424687378, 1973855.678045065142214 ] ] } },
{ "type": "Feature", "properties": { "Transect": 719 }, "geometry": { "type": "LineString", "coordinates": [ [ 756543.073717967956327, 1973891.418450907804072 ], [ 754543.240068098879419, 1973865.623628718778491 ] ] } },
{ "type": "Feature", "properties": { "Transect": 720 }, "geometry": { "type": "LineString", "coordinates": [ [ 755530.131407270440832, 1974888.383514010813087 ], [ 755555.925811271648854, 1972888.549858747981489 ] ] } },
{ "type": "Feature", "properties": { "Transect": 721 }, "geometry": { "type": "LineString", "coordinates": [ [ 756533.420086156809703, 1973901.240818671183661 ], [ 754533.586425500223413, 1973875.446832835441455 ] ] } },
{ "type": "Feature", "properties": { "Transect": 722 }, "geometry": { "type": "LineString", "coordinates": [ [ 756533.291805750573985, 1973911.186527563259006 ], [ 754533.458146713790484, 1973885.392416150774807 ] ] } },
{ "type": "Feature", "properties": { "Transect": 723 }, "geometry": { "type": "LineString", "coordinates": [ [ 756533.079641976859421, 1973926.512977860402316 ], [ 754533.413750043604523, 1973889.957258214242756 ] ] } },
{ "type": "Feature", "properties": { "Transect": 724 }, "geometry": { "type": "LineString", "coordinates": [ [ 756523.50991071050521, 1973930.954606999643147 ], [ 754523.676242507179268, 1973905.161206290591508 ] ] } },
{ "type": "Feature", "properties": { "Transect": 725 }, "geometry": { "type": "LineString", "coordinates": [ [ 756523.297751592472196, 1973946.281100518070161 ], [ 754523.631848261458799, 1973909.726004359312356 ] ] } },
{ "type": "Feature", "properties": { "Transect": 726 }, "geometry": { "type": "LineString", "coordinates": [ [ 756513.728032850776799, 1973950.722689156420529 ], [ 754513.894355480442755, 1973924.929999196436256 ] ] } },
{ "type": "Feature", "properties": { "Transect": 727 }, "geometry": { "type": "LineString", "coordinates": [ [ 756513.5997588991886, 1973960.66839736350812 ], [ 754513.766083148890175, 1973934.875581801636145 ] ] } },
{ "type": "Feature", "properties": { "Transect": 728 }, "geometry": { "type": "LineString", "coordinates": [ [ 755500.658448532922193, 1974957.634475636295974 ], [ 755526.450845980551094, 1972957.800794493407011 ] ] } },
{ "type": "Feature", "properties": { "Transect": 729 }, "geometry": { "type": "LineString", "coordinates": [ [ 756503.946172170806676, 1973970.490774018457159 ], [ 754504.112485632766038, 1973944.698794882046059 ] ] } },
{ "type": "Feature", "properties": { "Transect": 730 }, "geometry": { "type": "LineString", "coordinates": [ [ 756503.817901759408414, 1973980.436481876764446 ], [ 754503.984216842334718, 1973954.64437706489116 ] ] } },
{ "type": "Feature", "properties": { "Transect": 731 }, "geometry": { "type": "LineString", "coordinates": [ [ 755540.574790551443584, 1974976.808651458704844 ], [ 755466.970787596306764, 1972978.163497673580423 ] ] } },
{ "type": "Feature", "properties": { "Transect": 732 }, "geometry": { "type": "LineString", "coordinates": [ [ 756494.036061799619347, 1974000.204569096677005 ], [ 754494.202367715071887, 1973974.413175107445568 ] ] } },
{ "type": "Feature", "properties": { "Transect": 733 }, "geometry": { "type": "LineString", "coordinates": [ [ 756493.907794303027913, 1974010.15027663228102 ], [ 754494.074101838981733, 1973984.3587569904048 ] ] } },
{ "type": "Feature", "properties": { "Transect": 734 }, "geometry": { "type": "LineString", "coordinates": [ [ 755530.66661446087528, 1975006.522667327895761 ], [ 755457.058747056522407, 1973007.877655862364918 ] ] } },
{ "type": "Feature", "properties": { "Transect": 735 }, "geometry": { "type": "LineString", "coordinates": [ [ 756483.997710480703972, 1974039.864073420641944 ], [ 754484.164010469452478, 1974014.073138975305483 ] ] } },
{ "type": "Feature", "properties": { "Transect": 736 }, "geometry": { "type": "LineString", "coordinates": [ [ 756483.869445273187011, 1974049.809780696639791 ], [ 754484.035746881971136, 1974024.018720646155998 ] ] } },
{ "type": "Feature", "properties": { "Transect": 737 }, "geometry": { "type": "LineString", "coordinates": [ [ 756483.741179439704865, 1974059.755488070659339 ], [ 754483.907482668990269, 1974033.964302368462086 ] ] } },
{ "type": "Feature", "properties": { "Transect": 738 }, "geometry": { "type": "LineString", "coordinates": [ [ 756483.612912980606779, 1974069.701195495435968 ], [ 754483.779217829694971, 1974043.909884189954028 ] ] } },
{ "type": "Feature", "properties": { "Transect": 739 }, "geometry": { "type": "LineString", "coordinates": [ [ 756483.484645895427093, 1974079.646903019631281 ], [ 754483.650952365016565, 1974053.855466062901542 ] ] } },
{ "type": "Feature", "properties": { "Transect": 740 }, "geometry": { "type": "LineString", "coordinates": [ [ 756483.356378184631467, 1974089.592610595049337 ], [ 754483.522686274023727, 1974063.801048034569249 ] ] } },
{ "type": "Feature", "properties": { "Transect": 741 }, "geometry": { "type": "LineString", "coordinates": [ [ 756483.144231205573305, 1974104.919210579479113 ], [ 754483.478298199828714, 1974068.365737748099491 ] ] } },
{ "type": "Feature", "properties": { "Transect": 742 }, "geometry": { "type": "LineString", "coordinates": [ [ 756473.574597370810807, 1974109.360700587043539 ], [ 754473.740896292729303, 1974083.569848872954026 ] ] } },
{ "type": "Feature", "properties": { "Transect": 743 }, "geometry": { "type": "LineString", "coordinates": [ [ 756473.446332575054839, 1974119.306407853262499 ], [ 754473.612633116776124, 1974093.51543053262867 ] ] } },
{ "type": "Feature", "properties": { "Transect": 744 }, "geometry": { "type": "LineString", "coordinates": [ [ 756473.318067153333686, 1974129.252115203300491 ], [ 754473.48436931532342, 1974103.461012257030234 ] ] } },
{ "type": "Feature", "properties": { "Transect": 745 }, "geometry": { "type": "LineString", "coordinates": [ [ 756473.189801105996594, 1974139.197822619695216 ], [ 754473.356104887789115, 1974113.406594066880643 ] ] } },
{ "type": "Feature", "properties": { "Transect": 746 }, "geometry": { "type": "LineString", "coordinates": [ [ 756473.061534432577901, 1974149.143530130619183 ], [ 754473.227839834871702, 1974123.352175930747762 ] ] } },
{ "type": "Feature", "properties": { "Transect": 747 }, "geometry": { "type": "LineString", "coordinates": [ [ 756472.933267133543268, 1974159.089237697888166 ], [ 754473.099574155639857, 1974133.297757891472429 ] ] } },
{ "type": "Feature", "properties": { "Transect": 748 }, "geometry": { "type": "LineString", "coordinates": [ [ 756472.80499920854345, 1974169.034945349674672 ], [ 754472.971307850908488, 1974143.243339916225523 ] ] } },
{ "type": "Feature", "properties": { "Transect": 749 }, "geometry": { "type": "LineString", "coordinates": [ [ 756472.676730657694861, 1974178.980653076665476 ], [ 754472.843040920328349, 1974153.188922016648576 ] ] } },
{ "type": "Feature", "properties": { "Transect": 750 }, "geometry": { "type": "LineString", "coordinates": [ [ 756472.548461480881087, 1974188.926360891666263 ], [ 754472.714773364015855, 1974163.134504179935902 ] ] } },
{ "type": "Feature", "properties": { "Transect": 751 }, "geometry": { "type": "LineString", "coordinates": [ [ 756472.420191678567789, 1974198.872068746946752 ], [ 754472.586505181272514, 1974173.080086452886462 ] ] } },
{ "type": "Feature", "properties": { "Transect": 752 }, "geometry": { "type": "LineString", "coordinates": [ [ 756472.291921250172891, 1974208.81777671049349 ], [ 754472.458236373378895, 1974183.025668766582385 ] ] } },
{ "type": "Feature", "properties": { "Transect": 753 }, "geometry": { "type": "LineString", "coordinates": [ [ 756472.163650196278468, 1974218.763484714785591 ], [ 754472.32996693905443, 1974192.971251190872863 ] ] } },
{ "type": "Feature", "properties": { "Transect": 754 }, "geometry": { "type": "LineString", "coordinates": [ [ 756472.035378515953198, 1974228.709192854119465 ], [ 754472.201696879928932, 1974202.916833630995825 ] ] } },
{ "type": "Feature", "properties": { "Transect": 755 }, "geometry": { "type": "LineString", "coordinates": [ [ 756471.907106210361235, 1974238.654900995548815 ], [ 754472.073426193674095, 1974212.862416218034923 ] ] } },
{ "type": "Feature", "properties": { "Transect": 756 }, "geometry": { "type": "LineString", "coordinates": [ [ 756471.778833278804086, 1974248.600609251763672 ], [ 754471.945154882385395, 1974222.807998843025416 ] ] } },
{ "type": "Feature", "properties": { "Transect": 757 }, "geometry": { "type": "LineString", "coordinates": [ [ 756471.650559721281752, 1974258.546317590633407 ], [ 754471.816882945364341, 1974232.753581532975659 ] ] } },
{ "type": "Feature", "properties": { "Transect": 758 }, "geometry": { "type": "LineString", "coordinates": [ [ 756471.522285538027063, 1974268.49202598258853 ], [ 754471.688610382145271, 1974242.699164321646094 ] ] } },
{ "type": "Feature", "properties": { "Transect": 759 }, "geometry": { "type": "LineString", "coordinates": [ [ 756471.394010728923604, 1974278.437734463252127 ], [ 754471.560337193310261, 1974252.644747172482312 ] ] } },
{ "type": "Feature", "properties": { "Transect": 760 }, "geometry": { "type": "LineString", "coordinates": [ [ 756471.26573529408779, 1974288.383443004451692 ], [ 754471.432063378510065, 1974262.590330111328512 ] ] } },
{ "type": "Feature", "properties": { "Transect": 761 }, "geometry": { "type": "LineString", "coordinates": [ [ 756471.137459233170375, 1974298.329151646699756 ], [ 754471.303788938326761, 1974272.535913100931793 ] ] } },
{ "type": "Feature", "properties": { "Transect": 762 }, "geometry": { "type": "LineString", "coordinates": [ [ 756471.009182546520606, 1974308.274860349949449 ], [ 754471.175513871945441, 1974282.481496178545058 ] ] } },
{ "type": "Feature", "properties": { "Transect": 763 }, "geometry": { "type": "LineString", "coordinates": [ [ 756470.880905234371312, 1974318.220569107215852 ], [ 754471.047238179366104, 1974292.427079353947192 ] ] } },
{ "type": "Feature", "properties": { "Transect": 764 }, "geometry": { "type": "LineString", "coordinates": [ [ 756470.752627295907587, 1974328.166277984157205 ], [ 754470.91896186186932, 1974302.372662559151649 ] ] } },
{ "type": "Feature", "properties": { "Transect": 765 }, "geometry": { "type": "LineString", "coordinates": [ [ 756201.777763368794695, 1973642.912914561806247 ], [ 754739.637270280858502, 1975007.517318215919659 ] ] } },
{ "type": "Feature", "properties": { "Transect": 766 }, "geometry": { "type": "LineString", "coordinates": [ [ 756480.021198025089689, 1974348.181034254841506 ], [ 754480.18754824239295, 1974322.386205379851162 ] ] } },
{ "type": "Feature", "properties": { "Transect": 767 }, "geometry": { "type": "LineString", "coordinates": [ [ 756479.892913416028023, 1974358.12674388452433 ], [ 754480.059265254065394, 1974332.331789357354864 ] ] } },
{ "type": "Feature", "properties": { "Transect": 768 }, "geometry": { "type": "LineString", "coordinates": [ [ 756479.764628181350417, 1974368.072453564498574 ], [ 754479.930981639423408, 1974342.277373434044421 ] ] } },
{ "type": "Feature", "properties": { "Transect": 769 }, "geometry": { "type": "LineString", "coordinates": [ [ 756479.636342320474796, 1974378.018163355067372 ], [ 754479.802697399514727, 1974352.222957551013678 ] ] } },
{ "type": "Feature", "properties": { "Transect": 770 }, "geometry": { "type": "LineString", "coordinates": [ [ 756479.508055834216066, 1974387.963873164029792 ], [ 754479.674412532825954, 1974362.168541800463572 ] ] } },
{ "type": "Feature", "properties": { "Transect": 771 }, "geometry": { "type": "LineString", "coordinates": [ [ 756479.379768717219122, 1974397.909583446569741 ], [ 754479.546127045876347, 1974372.114125724881887 ] ] } },
{ "type": "Feature", "properties": { "Transect": 772 }, "geometry": { "type": "LineString", "coordinates": [ [ 756487.664364122087136, 1974494.19977786950767 ], [ 754487.830750526394695, 1974468.402143624145538 ] ] } },
{ "type": "Feature", "properties": { "Transect": 773 }, "geometry": { "type": "LineString", "coordinates": [ [ 756515.083210344309919, 1974583.664352834923193 ], [ 754515.167735562543385, 1974565.277027611853555 ] ] } },
{ "type": "Feature", "properties": { "Transect": 774 }, "geometry": { "type": "LineString", "coordinates": [ [ 756524.310621753917076, 1974607.386339461663738 ], [ 754524.477076183422469, 1974581.583432441344485 ] ] } },
{ "type": "Feature", "properties": { "Transect": 775 }, "geometry": { "type": "LineString", "coordinates": [ [ 756524.182296899496578, 1974617.332054046913981 ], [ 754524.348752958350815, 1974591.529020737856627 ] ] } },
{ "type": "Feature", "properties": { "Transect": 776 }, "geometry": { "type": "LineString", "coordinates": [ [ 756533.193974202149548, 1974657.238294492475688 ], [ 754533.360449164058082, 1974631.433796165976673 ] ] } },
{ "type": "Feature", "properties": { "Transect": 777 }, "geometry": { "type": "LineString", "coordinates": [ [ 756542.333943101810291, 1974687.198828740278259 ], [ 754542.500435337657109, 1974661.392991733970121 ] ] } },
{ "type": "Feature", "properties": { "Transect": 778 }, "geometry": { "type": "LineString", "coordinates": [ [ 756273.369534561876208, 1974001.950545154744759 ], [ 754811.208166606957093, 1975366.53258155263029 ] ] } },
{ "type": "Feature", "properties": { "Transect": 779 }, "geometry": { "type": "LineString", "coordinates": [ [ 756551.602223606198095, 1974707.213655185420066 ], [ 754551.76873150409665, 1974681.406604474410415 ] ] } },
{ "type": "Feature", "properties": { "Transect": 780 }, "geometry": { "type": "LineString", "coordinates": [ [ 756551.473878113902174, 1974717.159371838439256 ], [ 754551.640387633931823, 1974691.352195428218693 ] ] } },
{ "type": "Feature", "properties": { "Transect": 781 }, "geometry": { "type": "LineString", "coordinates": [ [ 756551.345531995757483, 1974727.10508854012005 ], [ 754551.512043137219734, 1974701.297786482376978 ] ] } },
{ "type": "Feature", "properties": { "Transect": 782 }, "geometry": { "type": "LineString", "coordinates": [ [ 756282.382321998476982, 1974041.857355208601803 ], [ 754820.218561267713085, 1975406.436827722471207 ] ] } },
{ "type": "Feature", "properties": { "Transect": 783 }, "geometry": { "type": "LineString", "coordinates": [ [ 756301.04846464691218, 1974071.941565558779985 ], [ 754838.882088452228345, 1975436.518235565163195 ] ] } },
{ "type": "Feature", "properties": { "Transect": 784 }, "geometry": { "type": "LineString", "coordinates": [ [ 756588.290023035835475, 1974817.110189920989797 ], [ 754588.456598459742963, 1974791.29790702345781 ] ] } },
{ "type": "Feature", "properties": { "Transect": 785 }, "geometry": { "type": "LineString", "coordinates": [ [ 756319.330086775473319, 1974131.863469005096704 ], [ 754857.159793230355717, 1975496.435941494069993 ] ] } },
{ "type": "Feature", "properties": { "Transect": 786 }, "geometry": { "type": "LineString", "coordinates": [ [ 756597.558179564308375, 1974837.125053692841902 ], [ 754597.724770655855536, 1974811.311556951841339 ] ] } },
{ "type": "Feature", "properties": { "Transect": 787 }, "geometry": { "type": "LineString", "coordinates": [ [ 756597.470775794121437, 1974843.364139843033627 ], [ 754597.555420843069442, 1974824.963785730535164 ] ] } },
{ "type": "Feature", "properties": { "Transect": 788 }, "geometry": { "type": "LineString", "coordinates": [ [ 756337.867907071718946, 1974171.893625017255545 ], [ 754875.694563858443871, 1975536.462829710450023 ] ] } },
{ "type": "Feature", "properties": { "Transect": 789 }, "geometry": { "type": "LineString", "coordinates": [ [ 756634.373789781937376, 1974937.0760254454799 ], [ 754634.540446799248457, 1974911.257421798538417 ] ] } },
{ "type": "Feature", "properties": { "Transect": 790 }, "geometry": { "type": "LineString", "coordinates": [ [ 756365.418108989251778, 1974251.830697622615844 ], [ 754903.239323129877448, 1975616.394070347771049 ] ] } },
{ "type": "Feature", "properties": { "Transect": 791 }, "geometry": { "type": "LineString", "coordinates": [ [ 756643.641828370513394, 1974957.090925846947357 ], [ 754643.808501060819253, 1974931.271108243847266 ] ] } },
{ "type": "Feature", "properties": { "Transect": 792 }, "geometry": { "type": "LineString", "coordinates": [ [ 756374.686911777127534, 1974271.845808684825897 ], [ 754912.506601097760722, 1975636.407547508832067 ] ] } },
{ "type": "Feature", "properties": { "Transect": 793 }, "geometry": { "type": "LineString", "coordinates": [ [ 756662.049420855240896, 1975007.066473059356213 ], [ 754662.216126517159864, 1974981.2441018181853 ] ] } },
{ "type": "Feature", "properties": { "Transect": 794 }, "geometry": { "type": "LineString", "coordinates": [ [ 756393.096250040922314, 1974321.821947167627513 ], [ 754930.912455333629623, 1975686.379952711984515 ] ] } },
{ "type": "Feature", "properties": { "Transect": 795 }, "geometry": { "type": "LineString", "coordinates": [ [ 756439.824405525578186, 1974392.059987016720697 ], [ 754977.63428831496276, 1975756.611217689933255 ] ] } },
{ "type": "Feature", "properties": { "Transect": 796 }, "geometry": { "type": "LineString", "coordinates": [ [ 756467.630278859520331, 1974452.105506526073441 ], [ 755005.435586616862565, 1975816.651834789430723 ] ] } },
{ "type": "Feature", "properties": { "Transect": 797 }, "geometry": { "type": "LineString", "coordinates": [ [ 756532.766494251322001, 1974572.320155335823074 ], [ 755070.561994425952435, 1975936.855974099831656 ] ] } },
{ "type": "Feature", "properties": { "Transect": 798 }, "geometry": { "type": "LineString", "coordinates": [ [ 756560.828387672663666, 1974612.474068178096786 ], [ 755098.620180536643602, 1975977.005914264591411 ] ] } },
{ "type": "Feature", "properties": { "Transect": 799 }, "geometry": { "type": "LineString", "coordinates": [ [ 756570.225096807349473, 1974622.543415593449026 ], [ 755108.015798575012013, 1975987.074092479422688 ] ] } },
{ "type": "Feature", "properties": { "Transect": 800 }, "geometry": { "type": "LineString", "coordinates": [ [ 756588.890160663053393, 1974652.628036522539333 ], [ 755126.678246102761477, 1976017.155909787630662 ] ] } },
{ "type": "Feature", "properties": { "Transect": 801 }, "geometry": { "type": "LineString", "coordinates": [ [ 756598.158503949642181, 1974672.643311378313228 ], [ 755135.945064080413431, 1976037.169550138758495 ] ] } },
{ "type": "Feature", "properties": { "Transect": 802 }, "geometry": { "type": "LineString", "coordinates": [ [ 756876.364372033975087, 1975377.899800534592941 ], [ 754876.531423850334249, 1975352.05063500138931 ] ] } },
{ "type": "Feature", "properties": { "Transect": 803 }, "geometry": { "type": "LineString", "coordinates": [ [ 756607.426826014067046, 1974692.658593230182305 ], [ 755145.211860927403904, 1976057.183197580045089 ] ] } },
{ "type": "Feature", "properties": { "Transect": 804 }, "geometry": { "type": "LineString", "coordinates": [ [ 756616.823470317176543, 1974702.727971150074154 ], [ 755154.60741422965657, 1976067.251406390219927 ] ] } },
{ "type": "Feature", "properties": { "Transect": 805 }, "geometry": { "type": "LineString", "coordinates": [ [ 756626.091756204958074, 1974722.743266532663256 ], [ 755163.874174655531533, 1976087.265067094471306 ] ] } },
{ "type": "Feature", "properties": { "Transect": 806 }, "geometry": { "type": "LineString", "coordinates": [ [ 756635.488375699263997, 1974732.81265657604672 ], [ 755173.269703106372617, 1976097.333287977846339 ] ] } },
{ "type": "Feature", "properties": { "Transect": 807 }, "geometry": { "type": "LineString", "coordinates": [ [ 756644.756625259527937, 1974752.82796533498913 ], [ 755182.536427252925932, 1976117.34696210315451 ] ] } },
{ "type": "Feature", "properties": { "Transect": 808 }, "geometry": { "type": "LineString", "coordinates": [ [ 756654.153219899977557, 1974762.897367452969775 ], [ 755191.931930896942504, 1976127.415195107227191 ] ] } },
{ "type": "Feature", "properties": { "Transect": 809 }, "geometry": { "type": "LineString", "coordinates": [ [ 756719.800707024754956, 1974843.329261695500463 ], [ 755257.571345489937812, 1976207.838438749779016 ] ] } },
{ "type": "Feature", "properties": { "Transect": 810 }, "geometry": { "type": "LineString", "coordinates": [ [ 756738.465304935351014, 1974873.414084231015295 ], [ 755276.233326719608158, 1976237.920457203872502 ] ] } },
{ "type": "Feature", "properties": { "Transect": 811 }, "geometry": { "type": "LineString", "coordinates": [ [ 757016.702670862432569, 1975574.9649401914794 ], [ 755016.787843300960958, 1975556.50735367811285 ] ] } },
{ "type": "Feature", "properties": { "Transect": 812 }, "geometry": { "type": "LineString", "coordinates": [ [ 756766.526303752791137, 1974913.568405292928219 ], [ 755304.290617606602609, 1976278.070804763585329 ] ] } },
{ "type": "Feature", "properties": { "Transect": 813 }, "geometry": { "type": "LineString", "coordinates": [ [ 756775.922756131272763, 1974923.637884098803625 ], [ 755313.68597866455093, 1976288.139114081161097 ] ] } },
{ "type": "Feature", "properties": { "Transect": 814 }, "geometry": { "type": "LineString", "coordinates": [ [ 757054.157655661227182, 1975625.188632948789746 ], [ 755054.242873158771545, 1975606.726164841093123 ] ] } },
{ "type": "Feature", "properties": { "Transect": 815 }, "geometry": { "type": "LineString", "coordinates": [ [ 756794.587182168150321, 1974953.72278192662634 ], [ 755332.347787877777591, 1976318.221207644091919 ] ] } },
{ "type": "Feature", "properties": { "Transect": 816 }, "geometry": { "type": "LineString", "coordinates": [ [ 756803.983599983155727, 1974963.79227855335921 ], [ 755341.743114420212805, 1976328.289534828159958 ] ] } },
{ "type": "Feature", "properties": { "Transect": 817 }, "geometry": { "type": "LineString", "coordinates": [ [ 756813.380008098552935, 1974973.86178093100898 ], [ 755351.138431252562441, 1976338.357867749175057 ] ] } },
{ "type": "Feature", "properties": { "Transect": 818 }, "geometry": { "type": "LineString", "coordinates": [ [ 757091.612441159435548, 1975675.412422641878948 ], [ 755091.697703729267232, 1975656.945072824833915 ] ] } },
{ "type": "Feature", "properties": { "Transect": 819 }, "geometry": { "type": "LineString", "coordinates": [ [ 757147.98732111370191, 1975735.829640473239124 ], [ 755148.072649384383112, 1975717.355176963843405 ] ] } },
{ "type": "Feature", "properties": { "Transect": 820 }, "geometry": { "type": "LineString", "coordinates": [ [ 756888.422419404843822, 1975064.363936214940622 ], [ 755426.171677639940754, 1976428.850201520835981 ] ] } },
{ "type": "Feature", "properties": { "Transect": 821 }, "geometry": { "type": "LineString", "coordinates": [ [ 756897.818734744330868, 1975074.433490907540545 ], [ 755435.566901704994962, 1976438.918586748884991 ] ] } },
{ "type": "Feature", "properties": { "Transect": 822 }, "geometry": { "type": "LineString", "coordinates": [ [ 756907.215040512499399, 1975084.503051487961784 ], [ 755444.962115930276923, 1976448.986977575579658 ] ] } },
{ "type": "Feature", "properties": { "Transect": 823 }, "geometry": { "type": "LineString", "coordinates": [ [ 756926.007622695178725, 1975104.642189634265378 ], [ 755463.752515500760637, 1976469.123776715481654 ] ] } },
{ "type": "Feature", "properties": { "Transect": 824 }, "geometry": { "type": "LineString", "coordinates": [ [ 756935.403899277443998, 1975114.711767378496006 ], [ 755473.14770067774225, 1976479.192184847546741 ] ] } },
{ "type": "Feature", "properties": { "Transect": 825 }, "geometry": { "type": "LineString", "coordinates": [ [ 756944.800166114466265, 1975124.781350826378912 ], [ 755482.542876188410446, 1976489.260598766151816 ] ] } },
{ "type": "Feature", "properties": { "Transect": 826 }, "geometry": { "type": "LineString", "coordinates": [ [ 756954.196423267596401, 1975134.850940042408183 ], [ 755491.93804197141435, 1976499.329018404008821 ] ] } },
{ "type": "Feature", "properties": { "Transect": 827 }, "geometry": { "type": "LineString", "coordinates": [ [ 756963.592670788872056, 1975144.920535083161667 ], [ 755501.33319797704462, 1976509.397443708730862 ] ] } },
{ "type": "Feature", "properties": { "Transect": 828 }, "geometry": { "type": "LineString", "coordinates": [ [ 756254.805175683228299, 1974837.311815394554287 ], [ 756228.912077194778249, 1976837.14419523300603 ] ] } },
{ "type": "Feature", "properties": { "Transect": 829 }, "geometry": { "type": "LineString", "coordinates": [ [ 757192.768572589033283, 1975428.553037340287119 ], [ 755422.837549385498278, 1976359.866181831341237 ] ] } },
{ "type": "Feature", "properties": { "Transect": 830 }, "geometry": { "type": "LineString", "coordinates": [ [ 757132.852111352025531, 1975316.22828268725425 ], [ 755670.573426510789432, 1976680.684602200053632 ] ] } },
{ "type": "Feature", "properties": { "Transect": 831 }, "geometry": { "type": "LineString", "coordinates": [ [ 756424.064579338068143, 1975008.609497383004054 ], [ 756398.15200405404903, 1977008.441624948056415 ] ] } },
{ "type": "Feature", "properties": { "Transect": 832 }, "geometry": { "type": "LineString", "coordinates": [ [ 757216.526688144309446, 1975385.734591724583879 ], [ 755754.239231656771153, 1976750.181510662427172 ] ] } },
{ "type": "Feature", "properties": { "Transect": 833 }, "geometry": { "type": "LineString", "coordinates": [ [ 757284.752760620322078, 1975458.853330941405147 ], [ 755822.457479344913736, 1976823.291863950435072 ] ] } },
{ "type": "Feature", "properties": { "Transect": 834 }, "geometry": { "type": "LineString", "coordinates": [ [ 757356.004546733340248, 1975525.131706356536597 ], [ 755893.701404528226703, 1976889.561814605724066 ] ] } },
{ "type": "Feature", "properties": { "Transect": 835 }, "geometry": { "type": "LineString", "coordinates": [ [ 757430.282001537154429, 1975584.569632230792195 ], [ 755967.971178207895719, 1976948.991508328355849 ] ] } },
{ "type": "Feature", "properties": { "Transect": 836 }, "geometry": { "type": "LineString", "coordinates": [ [ 756912.995777989737689, 1975320.637730759801343 ], [ 756646.620713386917487, 1977302.819439119892195 ] ] } },
{ "type": "Feature", "properties": { "Transect": 837 }, "geometry": { "type": "LineString", "coordinates": [ [ 757394.695156144443899, 1975555.324258246924728 ], [ 756269.452114684041589, 1977208.753451664466411 ] ] } },
{ "type": "Feature", "properties": { "Transect": 838 }, "geometry": { "type": "LineString", "coordinates": [ [ 756932.470566096832044, 1975472.784850258147344 ], [ 756906.500175099237822, 1977472.616227847756818 ] ] } },
{ "type": "Feature", "properties": { "Transect": 839 }, "geometry": { "type": "LineString", "coordinates": [ [ 757737.033856654190458, 1975822.579399976413697 ], [ 756274.69138488417957, 1977186.967356262262911 ] ] } },
{ "type": "Feature", "properties": { "Transect": 840 }, "geometry": { "type": "LineString", "coordinates": [ [ 757808.283294144435786, 1975888.860241111600772 ], [ 756345.933001082739793, 1977253.239814537810162 ] ] } },
{ "type": "Feature", "properties": { "Transect": 841 }, "geometry": { "type": "LineString", "coordinates": [ [ 757783.593698135693558, 1975848.173130427254364 ], [ 756524.058363448013552, 1977401.740232509793714 ] ] } },
{ "type": "Feature", "properties": { "Transect": 842 }, "geometry": { "type": "LineString", "coordinates": [ [ 757234.86600692931097, 1975685.610422988422215 ], [ 757208.862104616709985, 1977685.441365109290928 ] ] } },
{ "type": "Feature", "properties": { "Transect": 843 }, "geometry": { "type": "LineString", "coordinates": [ [ 758325.231036622542888, 1976775.760259729810059 ], [ 756325.317711687646806, 1976757.14057262474671 ] ] } },
{ "type": "Feature", "properties": { "Transect": 844 }, "geometry": { "type": "LineString", "coordinates": [ [ 757394.782732099993154, 1975817.007385137025267 ], [ 757368.760838172165677, 1977816.838093230966479 ] ] } },
{ "type": "Feature", "properties": { "Transect": 845 }, "geometry": { "type": "LineString", "coordinates": [ [ 758160.197170897503383, 1976165.209548976738006 ], [ 756697.810338704963215, 1977529.549958489835262 ] ] } },
{ "type": "Feature", "properties": { "Transect": 846 }, "geometry": { "type": "LineString", "coordinates": [ [ 758169.592317123198882, 1976175.279864296782762 ], [ 756707.204392757499591, 1977539.619103148113936 ] ] } },
{ "type": "Feature", "properties": { "Transect": 847 }, "geometry": { "type": "LineString", "coordinates": [ [ 757470.332074581063353, 1975867.727881513070315 ], [ 757444.301885865977965, 1977867.558481657877564 ] ] } },
{ "type": "Feature", "properties": { "Transect": 848 }, "geometry": { "type": "LineString", "coordinates": [ [ 757479.856591650866903, 1975867.851854501990601 ], [ 757453.825439543346874, 1977867.682442107005045 ] ] } },
{ "type": "Feature", "properties": { "Transect": 849 }, "geometry": { "type": "LineString", "coordinates": [ [ 757489.381132182898, 1975867.975832385476679 ], [ 757463.348970796214417, 1977867.806406852789223 ] ] } },
{ "type": "Feature", "properties": { "Transect": 850 }, "geometry": { "type": "LineString", "coordinates": [ [ 758283.998440268216655, 1976227.316707496065646 ], [ 756821.60045357607305, 1977591.645160808693618 ] ] } },
{ "type": "Feature", "properties": { "Transect": 851 }, "geometry": { "type": "LineString", "coordinates": [ [ 758405.632049134583212, 1976337.525381515035406 ], [ 756943.220732146291994, 1977701.839546194532886 ] ] } },
{ "type": "Feature", "properties": { "Transect": 852 }, "geometry": { "type": "LineString", "coordinates": [ [ 757696.848479466279969, 1976029.837201851885766 ], [ 757670.793094806140289, 1978029.667473882436752 ] ] } },
{ "type": "Feature", "properties": { "Transect": 853 }, "geometry": { "type": "LineString", "coordinates": [ [ 743674.915510414168239, 1956605.779729153960943 ], [ 743650.534135660156608, 1958605.631110773421824 ] ] } },
{ "type": "Feature", "properties": { "Transect": 854 }, "geometry": { "type": "LineString", "coordinates": [ [ 743374.468834968633018, 1956602.30496052862145 ], [ 744033.08267597144004, 1958490.750831725308672 ] ] } },
{ "type": "Feature", "properties": { "Transect": 855 }, "geometry": { "type": "LineString", "coordinates": [ [ 742976.108171275700442, 1956892.275919713545591 ], [ 744552.839730222825892, 1958122.689505065791309 ] ] } },
{ "type": "Feature", "properties": { "Transect": 856 }, "geometry": { "type": "LineString", "coordinates": [ [ 743626.253407297306694, 1956478.47667054948397 ], [ 744007.832506830221973, 1958441.738596732495353 ] ] } },
{ "type": "Feature", "properties": { "Transect": 857 }, "geometry": { "type": "LineString", "coordinates": [ [ 744775.877163542900234, 1957904.388608263339847 ], [ 742939.178536620223895, 1957112.846977103035897 ] ] } },
{ "type": "Feature", "properties": { "Transect": 858 }, "geometry": { "type": "LineString", "coordinates": [ [ 743843.043780386680737, 1958556.715603256598115 ], [ 743769.600946141639724, 1956558.064520626794547 ] ] } },
{ "type": "Feature", "properties": { "Transect": 859 }, "geometry": { "type": "LineString", "coordinates": [ [ 744679.930270820506848, 1957963.679936502594501 ], [ 742817.280744980438612, 1957235.300403643865138 ] ] } },
{ "type": "Feature", "properties": { "Transect": 860 }, "geometry": { "type": "LineString", "coordinates": [ [ 744403.067056544241495, 1956097.135873390594497 ], [ 742942.504495784989558, 1957463.42903596884571 ] ] } },
{ "type": "Feature", "properties": { "Transect": 861 }, "geometry": { "type": "LineString", "coordinates": [ [ 744468.952212802832946, 1956167.567206973675638 ], [ 743008.382099426351488, 1957533.852295786142349 ] ] } },
{ "type": "Feature", "properties": { "Transect": 862 }, "geometry": { "type": "LineString", "coordinates": [ [ 744747.761973996413872, 1956892.850428615696728 ], [ 742747.910573153058067, 1956868.470630722586066 ] ] } },
{ "type": "Feature", "properties": { "Transect": 863 }, "geometry": { "type": "LineString", "coordinates": [ [ 744478.001274859067053, 1956207.464103877078742 ], [ 743017.428800677182153, 1957573.746668964624405 ] ] } },
{ "type": "Feature", "properties": { "Transect": 864 }, "geometry": { "type": "LineString", "coordinates": [ [ 744746.91330569726415, 1956962.464846991468221 ], [ 742747.061915082624182, 1956938.084210071247071 ] ] } },
{ "type": "Feature", "properties": { "Transect": 865 }, "geometry": { "type": "LineString", "coordinates": [ [ 743734.676260493695736, 1957960.145083665614948 ], [ 743759.056480314116925, 1955960.293687965953723 ] ] } },
{ "type": "Feature", "properties": { "Transect": 866 }, "geometry": { "type": "LineString", "coordinates": [ [ 744737.259301756857894, 1956972.293073070934042 ], [ 742737.407900973339565, 1956947.913270286051556 ] ] } },
{ "type": "Feature", "properties": { "Transect": 867 }, "geometry": { "type": "LineString", "coordinates": [ [ 743725.022672658669762, 1957969.973731459584087 ], [ 743749.402058407315053, 1955970.122325592208654 ] ] } },
{ "type": "Feature", "properties": { "Transect": 868 }, "geometry": { "type": "LineString", "coordinates": [ [ 744727.523668679525144, 1956987.590861459262669 ], [ 742727.835534795303829, 1956952.272775398567319 ] ] } },
{ "type": "Feature", "properties": { "Transect": 869 }, "geometry": { "type": "LineString", "coordinates": [ [ 744390.603168641333468, 1957121.47954224399291 ], [ 742929.996595830074511, 1958487.725654575275257 ] ] } },
{ "type": "Feature", "properties": { "Transect": 870 }, "geometry": { "type": "LineString", "coordinates": [ [ 743681.903386259102263, 1956814.738014609320089 ], [ 743657.518585448502563, 1958814.589354456635192 ] ] } },
{ "type": "Feature", "properties": { "Transect": 871 }, "geometry": { "type": "LineString", "coordinates": [ [ 744409.547495365724899, 1957131.657784803537652 ], [ 742948.939191178767942, 1958497.902046178234741 ] ] } },
{ "type": "Feature", "properties": { "Transect": 872 }, "geometry": { "type": "LineString", "coordinates": [ [ 744418.959124847548082, 1957141.719458668259904 ], [ 742958.349741189973429, 1958507.962566014612094 ] ] } },
{ "type": "Feature", "properties": { "Transect": 873 }, "geometry": { "type": "LineString", "coordinates": [ [ 744428.37074467795901, 1957151.781138150021434 ], [ 742967.760281630558893, 1958518.023091552313417 ] ] } },
{ "type": "Feature", "properties": { "Transect": 874 }, "geometry": { "type": "LineString", "coordinates": [ [ 744437.782354902825318, 1957161.842823296552524 ], [ 742977.170812454656698, 1958528.083622741280124 ] ] } },
{ "type": "Feature", "properties": { "Transect": 875 }, "geometry": { "type": "LineString", "coordinates": [ [ 744447.193955561262555, 1957171.904514149995521 ], [ 742986.581333623616956, 1958538.144159540301189 ] ] } },
{ "type": "Feature", "properties": { "Transect": 876 }, "geometry": { "type": "LineString", "coordinates": [ [ 744456.60554659133777, 1957181.966210645157844 ], [ 742995.991845198441297, 1958548.204702015966177 ] ] } },
{ "type": "Feature", "properties": { "Transect": 877 }, "geometry": { "type": "LineString", "coordinates": [ [ 744466.017127970932052, 1957192.027912758057937 ], [ 743005.402347201947123, 1958558.265250192256644 ] ] } },
{ "type": "Feature", "properties": { "Transect": 878 }, "geometry": { "type": "LineString", "coordinates": [ [ 744475.428699772106484, 1957202.08962056459859 ], [ 743014.812839561142027, 1958568.325803990010172 ] ] } },
{ "type": "Feature", "properties": { "Transect": 879 }, "geometry": { "type": "LineString", "coordinates": [ [ 744484.840262008015998, 1957212.151334079913795 ], [ 743024.223322266130708, 1958578.386363399215043 ] ] } },
{ "type": "Feature", "properties": { "Transect": 880 }, "geometry": { "type": "LineString", "coordinates": [ [ 743776.140516778104939, 1956905.404385714093223 ], [ 743751.745093211648054, 1958905.255596006521955 ] ] } },
{ "type": "Feature", "properties": { "Transect": 881 }, "geometry": { "type": "LineString", "coordinates": [ [ 743785.673313508974388, 1956905.52067267219536 ], [ 743761.276935600675642, 1958905.371871323091909 ] ] } },
{ "type": "Feature", "properties": { "Transect": 882 }, "geometry": { "type": "LineString", "coordinates": [ [ 743795.206110803061165, 1956905.636964187258855 ], [ 743770.808778410661034, 1958905.488151193829253 ] ] } },
{ "type": "Feature", "properties": { "Transect": 883 }, "geometry": { "type": "LineString", "coordinates": [ [ 743804.738908594707027, 1956905.753260258585215 ], [ 743780.3406217105221, 1958905.604435620829463 ] ] } },
{ "type": "Feature", "properties": { "Transect": 884 }, "geometry": { "type": "LineString", "coordinates": [ [ 742802.146501053124666, 1957893.595790693769231 ], [ 744801.997671324992552, 1957917.994494796497747 ] ] } },
{ "type": "Feature", "properties": { "Transect": 885 }, "geometry": { "type": "LineString", "coordinates": [ [ 743814.392976824892685, 1956895.924692047061399 ], [ 743789.993855505017564, 1958895.775857229018584 ] ] } },
{ "type": "Feature", "properties": { "Transect": 886 }, "geometry": { "type": "LineString", "coordinates": [ [ 742811.800162401865236, 1957883.766804168699309 ], [ 744811.651322492049076, 1957908.166342802112922 ] ] } },
{ "type": "Feature", "properties": { "Transect": 887 }, "geometry": { "type": "LineString", "coordinates": [ [ 743824.047054555732757, 1956886.096127441618592 ], [ 743799.647098601795733, 1958885.947282440494746 ] ] } },
{ "type": "Feature", "properties": { "Transect": 888 }, "geometry": { "type": "LineString", "coordinates": [ [ 742821.453833150677383, 1957873.937821237603202 ], [ 744821.304983058711514, 1957898.338194424984977 ] ] } },
{ "type": "Feature", "properties": { "Transect": 889 }, "geometry": { "type": "LineString", "coordinates": [ [ 742821.575170706957579, 1957863.993012213846669 ], [ 744821.426322078099474, 1957888.393265485530719 ] ] } },
{ "type": "Feature", "properties": { "Transect": 890 }, "geometry": { "type": "LineString", "coordinates": [ [ 743833.822419320582412, 1956866.32269680313766 ], [ 743809.421748845488764, 1958866.173843083903193 ] ] } },
{ "type": "Feature", "properties": { "Transect": 891 }, "geometry": { "type": "LineString", "coordinates": [ [ 742831.350196131039411, 1957844.219223061343655 ], [ 744831.201338782673702, 1957868.620190975489095 ] ] } },
{ "type": "Feature", "properties": { "Transect": 892 }, "geometry": { "type": "LineString", "coordinates": [ [ 743843.597801282186992, 1956846.549268971662968 ], [ 743819.196416129940189, 1958846.400406532455236 ] ] } },
{ "type": "Feature", "properties": { "Transect": 893 }, "geometry": { "type": "LineString", "coordinates": [ [ 742841.003893995657563, 1957834.390246501890942 ], [ 744840.855026465142146, 1957858.792048897361383 ] ] } },
{ "type": "Feature", "properties": { "Transect": 894 }, "geometry": { "type": "LineString", "coordinates": [ [ 742841.125238669337705, 1957824.445436719805002 ], [ 744840.97637260123156, 1957848.847119270358235 ] ] } },
{ "type": "Feature", "properties": { "Transect": 895 }, "geometry": { "type": "LineString", "coordinates": [ [ 742841.246582745574415, 1957814.500627059489489 ], [ 744841.097718140808865, 1957838.902189672924578 ] ] } },
{ "type": "Feature", "properties": { "Transect": 896 }, "geometry": { "type": "LineString", "coordinates": [ [ 743853.494484564289451, 1956816.830973661271855 ], [ 743829.092504743020982, 1958816.682103966129944 ] ] } },
{ "type": "Feature", "properties": { "Transect": 897 }, "geometry": { "type": "LineString", "coordinates": [ [ 742850.900298322900198, 1957804.671653216239065 ], [ 744850.75142353575211, 1957829.074050336144865 ] ] } },
{ "type": "Feature", "properties": { "Transect": 898 }, "geometry": { "type": "LineString", "coordinates": [ [ 743863.148616470047273, 1956807.002421725308523 ], [ 743838.745802121120505, 1958806.85354184708558 ] ] } },
{ "type": "Feature", "properties": { "Transect": 899 }, "geometry": { "type": "LineString", "coordinates": [ [ 743872.681465157074854, 1956807.118744552833959 ], [ 743848.277696476085111, 1958806.969853029353544 ] ] } },
{ "type": "Feature", "properties": { "Transect": 900 }, "geometry": { "type": "LineString", "coordinates": [ [ 743882.214314414653927, 1956807.235071937087923 ], [ 743857.809591247932985, 1958807.086168766021729 ] ] } },
{ "type": "Feature", "properties": { "Transect": 901 }, "geometry": { "type": "LineString", "coordinates": [ [ 742879.618779468233697, 1957795.07437626994215 ], [ 744879.469871205394156, 1957819.479516666615382 ] ] } },
{ "type": "Feature", "properties": { "Transect": 902 }, "geometry": { "type": "LineString", "coordinates": [ [ 743891.868466137559153, 1956797.406531690387055 ], [ 743867.462908591958694, 1958797.257618336705491 ] ] } },
{ "type": "Feature", "properties": { "Transect": 903 }, "geometry": { "type": "LineString", "coordinates": [ [ 742889.272524338681251, 1957785.245417756726965 ], [ 744889.123605892760679, 1957809.651392587227747 ] ] } },
{ "type": "Feature", "properties": { "Transect": 904 }, "geometry": { "type": "LineString", "coordinates": [ [ 742889.393889790168032, 1957775.300605843542144 ], [ 744889.244972808053717, 1957799.706460714107379 ] ] } },
{ "type": "Feature", "properties": { "Transect": 905 }, "geometry": { "type": "LineString", "coordinates": [ [ 743920.95229177584406, 1956757.976059153210372 ], [ 743896.544350762036629, 1958757.827116711065173 ] ] } },
{ "type": "Feature", "properties": { "Transect": 906 }, "geometry": { "type": "LineString", "coordinates": [ [ 742918.355193275841884, 1957745.813750591361895 ], [ 744918.206245741690509, 1957770.222108815098181 ] ] } },
{ "type": "Feature", "properties": { "Transect": 907 }, "geometry": { "type": "LineString", "coordinates": [ [ 743930.606485281605273, 1956748.147532886825502 ], [ 743906.197709840722382, 1958747.99858026066795 ] ] } },
{ "type": "Feature", "properties": { "Transect": 908 }, "geometry": { "type": "LineString", "coordinates": [ [ 742928.008979904232547, 1957735.984806069405749 ], [ 744927.860022185835987, 1957760.393998704152182 ] ] } },
{ "type": "Feature", "properties": { "Transect": 909 }, "geometry": { "type": "LineString", "coordinates": [ [ 743949.79357407707721, 1956738.43536590388976 ], [ 743925.383009889628738, 1958738.286391444737092 ] ] } },
{ "type": "Feature", "properties": { "Transect": 910 }, "geometry": { "type": "LineString", "coordinates": [ [ 743959.326460493030027, 1956738.551726139383391 ], [ 743934.9149419227615, 1958738.402740030316636 ] ] } },
{ "type": "Feature", "properties": { "Transect": 911 }, "geometry": { "type": "LineString", "coordinates": [ [ 742956.727606524247676, 1957726.387624191120267 ], [ 744956.578615323174745, 1957750.799559911247343 ] ] } },
{ "type": "Feature", "properties": { "Transect": 912 }, "geometry": { "type": "LineString", "coordinates": [ [ 743968.980683312285691, 1956728.723215166013688 ], [ 743944.568330272100866, 1958728.574218870606273 ] ] } },
{ "type": "Feature", "properties": { "Transect": 913 }, "geometry": { "type": "LineString", "coordinates": [ [ 742966.381422446691431, 1957716.558694961480796 ], [ 744966.232421059976332, 1957740.971465092152357 ] ] } },
{ "type": "Feature", "properties": { "Transect": 914 }, "geometry": { "type": "LineString", "coordinates": [ [ 742966.502821738482453, 1957706.613879458978772 ], [ 744966.353821815806441, 1957731.026529652997851 ] ] } },
{ "type": "Feature", "properties": { "Transect": 915 }, "geometry": { "type": "LineString", "coordinates": [ [ 743978.756254905369133, 1956708.949831669451669 ], [ 743954.343187501654029, 1958708.800826653605327 ] ] } },
{ "type": "Feature", "properties": { "Transect": 916 }, "geometry": { "type": "LineString", "coordinates": [ [ 742976.156651216675527, 1957696.78495343006216 ], [ 744976.007641108823009, 1957721.198437965242192 ] ] } },
{ "type": "Feature", "properties": { "Transect": 917 }, "geometry": { "type": "LineString", "coordinates": [ [ 744007.719020307646133, 1956679.464329870883375 ], [ 743983.303449748433195, 1958679.315294296480715 ] ] } },
{ "type": "Feature", "properties": { "Transect": 918 }, "geometry": { "type": "LineString", "coordinates": [ [ 743005.118196056457236, 1957667.298196920892224 ], [ 745004.9691553900484, 1957691.714184569427744 ] ] } },
{ "type": "Feature", "properties": { "Transect": 919 }, "geometry": { "type": "LineString", "coordinates": [ [ 743072.695463028387167, 1957598.495891407364979 ], [ 745072.546351051307283, 1957622.917719224235043 ] ] } },
{ "type": "Feature", "properties": { "Transect": 920 }, "geometry": { "type": "LineString", "coordinates": [ [ 744084.953474660986103, 1956600.836483639897779 ], [ 744060.53122967982199, 1958600.687366568250582 ] ] } },
{ "type": "Feature", "properties": { "Transect": 921 }, "geometry": { "type": "LineString", "coordinates": [ [ 743082.349395910860039, 1957588.667005054652691 ], [ 745082.200273745576851, 1957613.089667139109224 ] ] } },
{ "type": "Feature", "properties": { "Transect": 922 }, "geometry": { "type": "LineString", "coordinates": [ [ 744094.6078237836482, 1956591.008019076893106 ], [ 744070.184744443162344, 1958590.858891816111282 ] ] } },
{ "type": "Feature", "properties": { "Transect": 923 }, "geometry": { "type": "LineString", "coordinates": [ [ 744104.140788748394698, 1956591.124439937761053 ], [ 744079.716755284927785, 1958590.975301024271175 ] ] } },
{ "type": "Feature", "properties": { "Transect": 924 }, "geometry": { "type": "LineString", "coordinates": [ [ 743101.535832418245263, 1957578.954064731486142 ], [ 745101.386688409489579, 1957603.37851540884003 ] ] } },
{ "type": "Feature", "properties": { "Transect": 925 }, "geometry": { "type": "LineString", "coordinates": [ [ 744113.795152469887398, 1956581.295983019052073 ], [ 744089.370284742792137, 1958581.146833916893229 ] ] } },
{ "type": "Feature", "properties": { "Transect": 926 }, "geometry": { "type": "LineString", "coordinates": [ [ 744123.328123295679688, 1956581.412412477657199 ], [ 744098.90230119950138, 1958581.263251719065011 ] ] } },
{ "type": "Feature", "properties": { "Transect": 927 }, "geometry": { "type": "LineString", "coordinates": [ [ 744132.861094541032799, 1956581.528846491361037 ], [ 744108.434318222454749, 1958581.379674077732489 ] ] } },
{ "type": "Feature", "properties": { "Transect": 928 }, "geometry": { "type": "LineString", "coordinates": [ [ 744142.394066328299232, 1956581.645285060862079 ], [ 744117.966335689532571, 1958581.496100990800187 ] ] } },
{ "type": "Feature", "properties": { "Transect": 929 }, "geometry": { "type": "LineString", "coordinates": [ [ 744151.927038608351722, 1956581.761728186160326 ], [ 744127.49835364962928, 1958581.612532459199429 ] ] } },
{ "type": "Feature", "properties": { "Transect": 930 }, "geometry": { "type": "LineString", "coordinates": [ [ 744161.460011332295835, 1956581.878175866790116 ], [ 744137.030372151639313, 1958581.728968483395875 ] ] } },
{ "type": "Feature", "properties": { "Transect": 931 }, "geometry": { "type": "LineString", "coordinates": [ [ 744170.992984598153271, 1956581.99462810321711 ], [ 744146.562391097773798, 1958581.845409061992541 ] ] } },
{ "type": "Feature", "properties": { "Transect": 932 }, "geometry": { "type": "LineString", "coordinates": [ [ 744180.525958306156099, 1956582.111084894975647 ], [ 744156.094410587567836, 1958581.961854196386412 ] ] } },
{ "type": "Feature", "properties": { "Transect": 933 }, "geometry": { "type": "LineString", "coordinates": [ [ 744908.158655550330877, 1956899.043433030834422 ], [ 743447.526707530021667, 1958265.262417096877471 ] ] } },
{ "type": "Feature", "properties": { "Transect": 934 }, "geometry": { "type": "LineString", "coordinates": [ [ 745187.179052966763265, 1957604.430851018987596 ], [ 743187.32830335397739, 1957579.997691717464477 ] ] } },
{ "type": "Feature", "properties": { "Transect": 935 }, "geometry": { "type": "LineString", "coordinates": [ [ 745187.05755067046266, 1957614.375797366024926 ], [ 743187.20680252474267, 1957589.94251798489131 ] ] } },
{ "type": "Feature", "properties": { "Transect": 936 }, "geometry": { "type": "LineString", "coordinates": [ [ 744917.206326676765457, 1956938.940701087471098 ], [ 743456.572016678517684, 1958305.15715994592756 ] ] } },
{ "type": "Feature", "properties": { "Transect": 937 }, "geometry": { "type": "LineString", "coordinates": [ [ 744926.61783738178201, 1956949.002631871728227 ], [ 743465.982447889866307, 1958315.217936632921919 ] ] } },
{ "type": "Feature", "properties": { "Transect": 938 }, "geometry": { "type": "LineString", "coordinates": [ [ 744936.029338408377953, 1956959.064568244852126 ], [ 743475.392869558767416, 1958325.278719052206725 ] ] } },
{ "type": "Feature", "properties": { "Transect": 939 }, "geometry": { "type": "LineString", "coordinates": [ [ 744945.440829960512929, 1956969.126510422676802 ], [ 743484.803281484288163, 1958335.339506987016648 ] ] } },
{ "type": "Feature", "properties": { "Transect": 940 }, "geometry": { "type": "LineString", "coordinates": [ [ 745224.458344199694693, 1957674.513287986861542 ], [ 743224.60765149933286, 1957650.075470857555047 ] ] } },
{ "type": "Feature", "properties": { "Transect": 941 }, "geometry": { "type": "LineString", "coordinates": [ [ 744954.73100082797464, 1956989.133575615938753 ], [ 743494.091945350286551, 1958355.344961022026837 ] ] } },
{ "type": "Feature", "properties": { "Transect": 942 }, "geometry": { "type": "LineString", "coordinates": [ [ 744964.14246778935194, 1956999.195529688615352 ], [ 743503.502332720439881, 1958365.405760885216296 ] ] } },
{ "type": "Feature", "properties": { "Transect": 943 }, "geometry": { "type": "LineString", "coordinates": [ [ 744973.553925031563267, 1957009.257489308249205 ], [ 743512.91271058563143, 1958375.466566522140056 ] ] } },
{ "type": "Feature", "properties": { "Transect": 944 }, "geometry": { "type": "LineString", "coordinates": [ [ 744982.965372738079168, 1957019.319454667391255 ], [ 743522.323078771005385, 1958385.527377743041143 ] ] } },
{ "type": "Feature", "properties": { "Transect": 945 }, "geometry": { "type": "LineString", "coordinates": [ [ 744992.37681087187957, 1957029.381425728788599 ], [ 743531.733437304967083, 1958395.588194580050185 ] ] } },
{ "type": "Feature", "properties": { "Transect": 946 }, "geometry": { "type": "LineString", "coordinates": [ [ 745001.788239337969571, 1957039.44340239209123 ], [ 743541.143786285072565, 1958405.649017139105126 ] ] } },
{ "type": "Feature", "properties": { "Transect": 947 }, "geometry": { "type": "LineString", "coordinates": [ [ 745011.199658153695054, 1957049.505384674295783 ], [ 743550.554125694208778, 1958415.709845399484038 ] ] } },
{ "type": "Feature", "properties": { "Transect": 948 }, "geometry": { "type": "LineString", "coordinates": [ [ 745020.611067506019026, 1957059.567372773541138 ], [ 743559.964455347741023, 1958425.770679163513705 ] ] } },
{ "type": "Feature", "properties": { "Transect": 949 }, "geometry": { "type": "LineString", "coordinates": [ [ 744311.9220963352127, 1956752.805152023443952 ], [ 744287.475146299810149, 1958752.655733100371435 ] ] } },
{ "type": "Feature", "properties": { "Transect": 950 }, "geometry": { "type": "LineString", "coordinates": [ [ 745039.555216370732524, 1957069.746243034256622 ], [ 743578.906872664461844, 1958435.947698174742982 ] ] } },
{ "type": "Feature", "properties": { "Transect": 951 }, "geometry": { "type": "LineString", "coordinates": [ [ 745048.96660209831316, 1957079.808247377630323 ], [ 743588.317178977071308, 1958446.00854848138988 ] ] } },
{ "type": "Feature", "properties": { "Transect": 952 }, "geometry": { "type": "LineString", "coordinates": [ [ 745058.377978350617923, 1957089.870257525937632 ], [ 743597.727475545485504, 1958456.069404303329065 ] ] } },
{ "type": "Feature", "properties": { "Transect": 953 }, "geometry": { "type": "LineString", "coordinates": [ [ 745067.789344990160316, 1957099.932273336453363 ], [ 743607.137762502068654, 1958466.130265786545351 ] ] } },
{ "type": "Feature", "properties": { "Transect": 954 }, "geometry": { "type": "LineString", "coordinates": [ [ 744359.100472133257426, 1956793.167455437825993 ], [ 744334.64826973003801, 1958793.017972300993279 ] ] } },
{ "type": "Feature", "properties": { "Transect": 955 }, "geometry": { "type": "LineString", "coordinates": [ [ 744368.6333560468629, 1956793.284014153294265 ], [ 744344.180199126014486, 1958793.134519345127046 ] ] } },
{ "type": "Feature", "properties": { "Transect": 956 }, "geometry": { "type": "LineString", "coordinates": [ [ 744378.166240336606279, 1956793.40057742386125 ], [ 744353.712129135383293, 1958793.251070947153494 ] ] } },
{ "type": "Feature", "properties": { "Transect": 957 }, "geometry": { "type": "LineString", "coordinates": [ [ 744387.699125214363448, 1956793.517145251156762 ], [ 744363.24405954091344, 1958793.367627103114501 ] ] } },
{ "type": "Feature", "properties": { "Transect": 958 }, "geometry": { "type": "LineString", "coordinates": [ [ 744397.232010536710732, 1956793.633717634482309 ], [ 744372.775990488589741, 1958793.484187815571204 ] ] } },
{ "type": "Feature", "properties": { "Transect": 959 }, "geometry": { "type": "LineString", "coordinates": [ [ 743394.61117660056334, 1957781.447305272333324 ], [ 745394.461641681264155, 1957805.903742385096848 ] ] } },
{ "type": "Feature", "properties": { "Transect": 960 }, "geometry": { "type": "LineString", "coordinates": [ [ 744406.886453729937784, 1956783.805394766619429 ], [ 744382.429599536699243, 1958783.655854746932164 ] ] } },
{ "type": "Feature", "properties": { "Transect": 961 }, "geometry": { "type": "LineString", "coordinates": [ [ 744416.419344843481667, 1956783.921975747449324 ], [ 744391.961536175454967, 1958783.772424055030569 ] ] } },
{ "type": "Feature", "properties": { "Transect": 962 }, "geometry": { "type": "LineString", "coordinates": [ [ 743413.797633274225518, 1957771.734666743548587 ], [ 745413.648076481185853, 1957796.192892460385337 ] ] } },
{ "type": "Feature", "properties": { "Transect": 963 }, "geometry": { "type": "LineString", "coordinates": [ [ 744426.073802685015835, 1956774.093660523416474 ], [ 744401.615159870008938, 1958773.944098629290238 ] ] } },
{ "type": "Feature", "properties": { "Transect": 964 }, "geometry": { "type": "LineString", "coordinates": [ [ 744435.606699486379512, 1956774.210250101285055 ], [ 744411.147102298098616, 1958774.06067653442733 ] ] } },
{ "type": "Feature", "properties": { "Transect": 965 }, "geometry": { "type": "LineString", "coordinates": [ [ 743432.984110334306024, 1957762.02204447821714 ], [ 745432.834531666361727, 1957786.482058752095327 ] ] } },
{ "type": "Feature", "properties": { "Transect": 966 }, "geometry": { "type": "LineString", "coordinates": [ [ 744445.261171972262673, 1956764.381942520383745 ], [ 744420.800740642356686, 1958764.232358751352876 ] ] } },
{ "type": "Feature", "properties": { "Transect": 967 }, "geometry": { "type": "LineString", "coordinates": [ [ 743442.638176098815165, 1957752.193318752106279 ], [ 745442.488587227999233, 1957776.654167195782065 ] ] } },
{ "type": "Feature", "properties": { "Transect": 968 }, "geometry": { "type": "LineString", "coordinates": [ [ 744454.915653914213181, 1956754.553638542536646 ], [ 744430.454388334881514, 1958754.404044569469988 ] ] } },
{ "type": "Feature", "properties": { "Transect": 969 }, "geometry": { "type": "LineString", "coordinates": [ [ 744464.448561673634686, 1956754.670240758452564 ], [ 744439.98634177504573, 1958754.520635112188756 ] ] } },
{ "type": "Feature", "properties": { "Transect": 970 }, "geometry": { "type": "LineString", "coordinates": [ [ 744473.981469978345558, 1956754.786847530631348 ], [ 744449.518295659683645, 1958754.637230209773406 ] ] } },
{ "type": "Feature", "properties": { "Transect": 971 }, "geometry": { "type": "LineString", "coordinates": [ [ 744483.51437867700588, 1956754.903458857908845 ], [ 744459.050250137341209, 1958754.753829864319414 ] ] } },
{ "type": "Feature", "properties": { "Transect": 972 }, "geometry": { "type": "LineString", "coordinates": [ [ 744493.047287996043451, 1956755.020074741914868 ], [ 744468.58220498461742, 1958754.870434072334319 ] ] } },
{ "type": "Feature", "properties": { "Transect": 973 }, "geometry": { "type": "LineString", "coordinates": [ [ 744502.580197830218822, 1956755.136695182882249 ], [ 744478.114160301396623, 1958754.987042835913599 ] ] } },
{ "type": "Feature", "properties": { "Transect": 974 }, "geometry": { "type": "LineString", "coordinates": [ [ 744512.113107937737368, 1956755.25332017778419 ], [ 744487.64611633180175, 1958755.103656158549711 ] ] } },
{ "type": "Feature", "properties": { "Transect": 975 }, "geometry": { "type": "LineString", "coordinates": [ [ 744521.646018781815656, 1956755.369949730345979 ], [ 744497.178072613314725, 1958755.220274032326415 ] ] } },
{ "type": "Feature", "properties": { "Transect": 976 }, "geometry": { "type": "LineString", "coordinates": [ [ 744531.178930026129819, 1956755.486583838704973 ], [ 744506.710029484354891, 1958755.336896463762969 ] ] } },
{ "type": "Feature", "properties": { "Transect": 977 }, "geometry": { "type": "LineString", "coordinates": [ [ 744540.711841736803763, 1956755.603222502861172 ], [ 744516.2419868739089, 1958755.453523450996727 ] ] } },
{ "type": "Feature", "properties": { "Transect": 978 }, "geometry": { "type": "LineString", "coordinates": [ [ 744550.244753916747868, 1956755.719865722348914 ], [ 744525.773944781627506, 1958755.570154994027689 ] ] } },
{ "type": "Feature", "properties": { "Transect": 979 }, "geometry": { "type": "LineString", "coordinates": [ [ 744559.777666712645441, 1956755.836513498798013 ], [ 744535.305903060827404, 1958755.68679109076038 ] ] } },
{ "type": "Feature", "properties": { "Transect": 980 }, "geometry": { "type": "LineString", "coordinates": [ [ 744569.31057992845308, 1956755.953165831277147 ], [ 744544.837861907319166, 1958755.803431744454429 ] ] } },
{ "type": "Feature", "properties": { "Transect": 981 }, "geometry": { "type": "LineString", "coordinates": [ [ 744578.843493613530882, 1956756.069822719553486 ], [ 744554.369821272208355, 1958755.920076953945681 ] ] } },
{ "type": "Feature", "properties": { "Transect": 982 }, "geometry": { "type": "LineString", "coordinates": [ [ 744588.376407841453329, 1956756.18648416409269 ], [ 744563.90178108192049, 1958756.036726718302816 ] ] } },
{ "type": "Feature", "properties": { "Transect": 983 }, "geometry": { "type": "LineString", "coordinates": [ [ 744597.909322487888858, 1956756.303150163963437 ], [ 744573.433741460554302, 1958756.153381039388478 ] ] } },
{ "type": "Feature", "properties": { "Transect": 984 }, "geometry": { "type": "LineString", "coordinates": [ [ 744607.442237706156448, 1956756.419820720329881 ], [ 744582.965702257817611, 1958756.270039914641529 ] ] } },
{ "type": "Feature", "properties": { "Transect": 985 }, "geometry": { "type": "LineString", "coordinates": [ [ 744616.975153390900232, 1956756.536495832493529 ], [ 744592.497663573711179, 1958756.386703346157447 ] ] } },
{ "type": "Feature", "properties": { "Transect": 986 }, "geometry": { "type": "LineString", "coordinates": [ [ 744626.508069593692198, 1956756.653175501152873 ], [ 744602.029625359224156, 1958756.503371332772076 ] ] } },
{ "type": "Feature", "properties": { "Transect": 987 }, "geometry": { "type": "LineString", "coordinates": [ [ 745354.136216360377148, 1957073.60572563461028 ], [ 743893.466357568511739, 1958439.784177966648713 ] ] } },
{ "type": "Feature", "properties": { "Transect": 988 }, "geometry": { "type": "LineString", "coordinates": [ [ 745633.137080477667041, 1957778.996574573218822 ], [ 743633.286904377746396, 1957754.516518346965313 ] ] } },
{ "type": "Feature", "properties": { "Transect": 989 }, "geometry": { "type": "LineString", "coordinates": [ [ 745633.015344622544944, 1957788.941546476911753 ], [ 743633.165169994113967, 1957764.46137003460899 ] ] } },
{ "type": "Feature", "properties": { "Transect": 990 }, "geometry": { "type": "LineString", "coordinates": [ [ 745361.11692241881974, 1957282.570720672141761 ], [ 743900.437429966637865, 1958648.73887296160683 ] ] } },
{ "type": "Feature", "properties": { "Transect": 991 }, "geometry": { "type": "LineString", "coordinates": [ [ 745370.528051151661202, 1957292.632910102372989 ], [ 743909.847478837938979, 1958658.799907824257389 ] ] } },
{ "type": "Feature", "properties": { "Transect": 992 }, "geometry": { "type": "LineString", "coordinates": [ [ 745649.523404351086356, 1957998.020332562504336 ], [ 743649.673284018062986, 1957973.535720985615626 ] ] } },
{ "type": "Feature", "properties": { "Transect": 993 }, "geometry": { "type": "LineString", "coordinates": [ [ 744636.625390368513763, 1959045.372573941480368 ], [ 744661.110186316538602, 1957045.52245586598292 ] ] } },
{ "type": "Feature", "properties": { "Transect": 994 }, "geometry": { "type": "LineString", "coordinates": [ [ 745639.260546808713116, 1958057.572997357463464 ], [ 743639.410423627006821, 1958033.088618460809812 ] ] } },
{ "type": "Feature", "properties": { "Transect": 995 }, "geometry": { "type": "LineString", "coordinates": [ [ 744626.971747687202878, 1959055.20078649232164 ], [ 744651.455709446803667, 1957055.350658203475177 ] ] } },
{ "type": "Feature", "properties": { "Transect": 996 }, "geometry": { "type": "LineString", "coordinates": [ [ 744617.43992707633879, 1959055.084089381620288 ], [ 744641.922934303642251, 1957055.23394940700382 ] ] } },
{ "type": "Feature", "properties": { "Transect": 997 }, "geometry": { "type": "LineString", "coordinates": [ [ 744607.908106906106696, 1959054.96739682671614 ], [ 744632.390159704955295, 1957055.117245167726651 ] ] } },
{ "type": "Feature", "properties": { "Transect": 998 }, "geometry": { "type": "LineString", "coordinates": [ [ 744598.37628730526194, 1959054.850708828540519 ], [ 744622.857385526876897, 1957055.000545483781025 ] ] } },
{ "type": "Feature", "properties": { "Transect": 999 }, "geometry": { "type": "LineString", "coordinates": [ [ 744588.844468150287867, 1959054.734025386162102 ], [ 744613.324611891061068, 1957054.883850357495248 ] ] } },
{ "type": "Feature", "properties": { "Transect": 1000 }, "geometry": { "type": "LineString", "coordinates": [ [ 743851.802389707183465, 1958727.715228623244911 ], [ 745312.480963970301673, 1957361.546094625256956 ] ] } },
{ "type": "Feature", "properties": { "Transect": 1001 }, "geometry": { "type": "LineString", "coordinates": [ [ 743572.805995988543145, 1958022.330347370356321 ], [ 745572.656203906401061, 1958046.807804164476693 ] ] } },
{ "type": "Feature", "properties": { "Transect": 1002 }, "geometry": { "type": "LineString", "coordinates": [ [ 743572.927717429818586, 1958012.385496823582798 ], [ 745572.77792681963183, 1958036.862833351362497 ] ] } },
{ "type": "Feature", "properties": { "Transect": 1003 }, "geometry": { "type": "LineString", "coordinates": [ [ 743573.04943827202078, 1958002.440646351315081 ], [ 745572.899649133789353, 1958026.91786261415109 ] ] } },
{ "type": "Feature", "properties": { "Transect": 1004 }, "geometry": { "type": "LineString", "coordinates": [ [ 743843.002026851987466, 1958667.930810578400269 ], [ 745303.677382834022865, 1957301.758235671790317 ] ] } },
{ "type": "Feature", "properties": { "Transect": 1005 }, "geometry": { "type": "LineString", "coordinates": [ [ 743564.003977360669523, 1957962.545055510476232 ], [ 745563.854205791838467, 1957987.020836262963712 ] ] } },
{ "type": "Feature", "properties": { "Transect": 1006 }, "geometry": { "type": "LineString", "coordinates": [ [ 743554.715055646141991, 1957942.539172330172732 ], [ 745554.565298702800646, 1957967.01375805423595 ] ] } },
{ "type": "Feature", "properties": { "Transect": 1007 }, "geometry": { "type": "LineString", "coordinates": [ [ 743554.836762788356282, 1957932.594323386671022 ], [ 745554.687007316038944, 1957957.068788914708421 ] ] } },
{ "type": "Feature", "properties": { "Transect": 1008 }, "geometry": { "type": "LineString", "coordinates": [ [ 743554.958469331380911, 1957922.649474564474076 ], [ 745554.808715331018902, 1957947.123819804284722 ] ] } },
{ "type": "Feature", "properties": { "Transect": 1009 }, "geometry": { "type": "LineString", "coordinates": [ [ 743824.669556129141711, 1958608.030094708548859 ], [ 745285.341041892883368, 1957241.853381879394874 ] ] } },
{ "type": "Feature", "properties": { "Transect": 1010 }, "geometry": { "type": "LineString", "coordinates": [ [ 743545.791214791592211, 1957892.698751501971856 ], [ 745545.641476886346936, 1957917.171781541546807 ] ] } },
{ "type": "Feature", "properties": { "Transect": 1011 }, "geometry": { "type": "LineString", "coordinates": [ [ 743815.503270628862083, 1958578.079749252414331 ], [ 745276.172821308020502, 1957211.900967497145757 ] ] } },
{ "type": "Feature", "properties": { "Transect": 1012 }, "geometry": { "type": "LineString", "coordinates": [ [ 744524.191662735305727, 1958884.853942581452429 ], [ 744548.663080767728388, 1956885.003660760354251 ] ] } },
{ "type": "Feature", "properties": { "Transect": 1013 }, "geometry": { "type": "LineString", "coordinates": [ [ 744514.659766694065183, 1958884.737304343609139 ], [ 744539.130230301525444, 1956884.887010843725875 ] ] } },
{ "type": "Feature", "properties": { "Transect": 1014 }, "geometry": { "type": "LineString", "coordinates": [ [ 744505.127871148521081, 1958884.620670661563054 ], [ 744529.597380327060819, 1956884.770365483360365 ] ] } },
{ "type": "Feature", "properties": { "Transect": 1015 }, "geometry": { "type": "LineString", "coordinates": [ [ 744495.595976091455668, 1958884.504041535081342 ], [ 744520.064530848525465, 1956884.653724679490551 ] ] } },
{ "type": "Feature", "properties": { "Transect": 1016 }, "geometry": { "type": "LineString", "coordinates": [ [ 745498.223042676923797, 1957896.69632151722908 ], [ 743498.372720717685297, 1957872.228183879051358 ] ] } },
{ "type": "Feature", "properties": { "Transect": 1017 }, "geometry": { "type": "LineString", "coordinates": [ [ 744485.942345675663091, 1958894.33232172508724 ], [ 744510.410066190292127, 1956894.481994662201032 ] ] } },
{ "type": "Feature", "properties": { "Transect": 1018 }, "geometry": { "type": "LineString", "coordinates": [ [ 745488.569005489931442, 1957906.524183536879718 ], [ 743488.718673324328847, 1957882.056880114600062 ] ] } },
{ "type": "Feature", "properties": { "Transect": 1019 }, "geometry": { "type": "LineString", "coordinates": [ [ 744409.44384756591171, 1958913.289286563871428 ], [ 744433.904172977665439, 1956913.438869037432596 ] ] } },
{ "type": "Feature", "properties": { "Transect": 1020 }, "geometry": { "type": "LineString", "coordinates": [ [ 745412.066868514870293, 1957925.477441011462361 ], [ 743412.216445886879228, 1957901.017532691825181 ] ] } },
{ "type": "Feature", "properties": { "Transect": 1021 }, "geometry": { "type": "LineString", "coordinates": [ [ 744399.790276813786477, 1958923.117601806530729 ], [ 744424.249768025241792, 1956923.26717407698743 ] ] } },
{ "type": "Feature", "properties": { "Transect": 1022 }, "geometry": { "type": "LineString", "coordinates": [ [ 745402.412891011335887, 1957935.305338039062917 ], [ 743402.562458179309033, 1957910.846264028456062 ] ] } },
{ "type": "Feature", "properties": { "Transect": 1023 }, "geometry": { "type": "LineString", "coordinates": [ [ 745402.291259649558924, 1957945.250298809492961 ], [ 743402.440828288090415, 1957920.791104559553787 ] ] } },
{ "type": "Feature", "properties": { "Transect": 1024 }, "geometry": { "type": "LineString", "coordinates": [ [ 745402.169627689523622, 1957955.195259600644931 ], [ 743402.319197797216475, 1957930.73594522359781 ] ] } },
{ "type": "Feature", "properties": { "Transect": 1025 }, "geometry": { "type": "LineString", "coordinates": [ [ 744389.893332334351726, 1958952.835720711853355 ], [ 744414.352229504729621, 1956952.985285717062652 ] ] } },
{ "type": "Feature", "properties": { "Transect": 1026 }, "geometry": { "type": "LineString", "coordinates": [ [ 745392.515667895204388, 1957965.023159385891631 ], [ 743392.665227799792774, 1957940.564679251750931 ] ] } },
{ "type": "Feature", "properties": { "Transect": 1027 }, "geometry": { "type": "LineString", "coordinates": [ [ 744380.239788692560978, 1958962.664042282383889 ], [ 744404.697851663804613, 1956962.813597084954381 ] ] } },
{ "type": "Feature", "properties": { "Transect": 1028 }, "geometry": { "type": "LineString", "coordinates": [ [ 744370.707938108942471, 1958962.547468264121562 ], [ 744395.165046599577181, 1956962.697011393960565 ] ] } },
{ "type": "Feature", "properties": { "Transect": 1029 }, "geometry": { "type": "LineString", "coordinates": [ [ 744361.176088042440824, 1958962.430898802354932 ], [ 744385.632242004736327, 1956962.580430258996785 ] ] } },
{ "type": "Feature", "properties": { "Transect": 1030 }, "geometry": { "type": "LineString", "coordinates": [ [ 744351.644238374195993, 1958962.314333895687014 ], [ 744376.099437998840585, 1956962.463853681925684 ] ] } },
{ "type": "Feature", "properties": { "Transect": 1031 }, "geometry": { "type": "LineString", "coordinates": [ [ 744342.112389316549525, 1958962.197773545747623 ], [ 744366.566634366055951, 1956962.347281659254804 ] ] } },
{ "type": "Feature", "properties": { "Transect": 1032 }, "geometry": { "type": "LineString", "coordinates": [ [ 745344.732434484176338, 1957974.382879934972152 ], [ 743344.881937497062609, 1957949.929052010877058 ] ] } },
{ "type": "Feature", "properties": { "Transect": 1033 }, "geometry": { "type": "LineString", "coordinates": [ [ 744332.458876066491939, 1958972.02611488243565 ], [ 744356.912286913371645, 1956972.175612795166671 ] ] } },
{ "type": "Feature", "properties": { "Transect": 1034 }, "geometry": { "type": "LineString", "coordinates": [ [ 745335.078514481778257, 1957984.21080305473879 ], [ 743335.228007292957045, 1957959.757809445727617 ] ] } },
{ "type": "Feature", "properties": { "Transect": 1035 }, "geometry": { "type": "LineString", "coordinates": [ [ 745334.956913401256315, 1957994.155760569730774 ], [ 743335.106407681829296, 1957969.702646788442507 ] ] } },
{ "type": "Feature", "properties": { "Transect": 1036 }, "geometry": { "type": "LineString", "coordinates": [ [ 744322.683711336692795, 1958991.799356594448909 ], [ 744347.136407857527956, 1956991.948845772771165 ] ] } },
{ "type": "Feature", "properties": { "Transect": 1037 }, "geometry": { "type": "LineString", "coordinates": [ [ 745325.303006954258308, 1958003.983686835737899 ], [ 743325.452491032890975, 1957979.531407409580424 ] ] } },
{ "type": "Feature", "properties": { "Transect": 1038 }, "geometry": { "type": "LineString", "coordinates": [ [ 744313.030221123015508, 1959001.627704699058086 ], [ 744337.482083285460249, 1957001.777183675672859 ] ] } },
{ "type": "Feature", "properties": { "Transect": 1039 }, "geometry": { "type": "LineString", "coordinates": [ [ 744303.498392931534909, 1959001.511160513851792 ], [ 744327.949300760519691, 1957001.660627822391689 ] ] } },
{ "type": "Feature", "properties": { "Transect": 1040 }, "geometry": { "type": "LineString", "coordinates": [ [ 744293.966565284645185, 1959001.394620884675533 ], [ 744318.416518679820001, 1957001.544076524209231 ] ] } },
{ "type": "Feature", "properties": { "Transect": 1041 }, "geometry": { "type": "LineString", "coordinates": [ [ 744284.434738278388977, 1959001.278085813159123 ], [ 744308.883736945455894, 1957001.427529780426994 ] ] } },
{ "type": "Feature", "properties": { "Transect": 1042 }, "geometry": { "type": "LineString", "coordinates": [ [ 744274.902911546872929, 1959001.161555296042934 ], [ 744299.350955922389403, 1957001.310987597098574 ] ] } },
{ "type": "Feature", "properties": { "Transect": 1043 }, "geometry": { "type": "LineString", "coordinates": [ [ 745277.519916749093682, 1958013.343553218292072 ], [ 743277.66934394929558, 1957988.895926085067913 ] ] } },
{ "type": "Feature", "properties": { "Transect": 1044 }, "geometry": { "type": "LineString", "coordinates": [ [ 744265.249451742740348, 1959010.989923170767725 ], [ 744289.696661714930087, 1957011.139345271512866 ] ] } },
{ "type": "Feature", "properties": { "Transect": 1045 }, "geometry": { "type": "LineString", "coordinates": [ [ 745267.866050091339275, 1958023.171502844430506 ], [ 743268.015467091696337, 1957998.724710091948509 ] ] } },
{ "type": "Feature", "properties": { "Transect": 1046 }, "geometry": { "type": "LineString", "coordinates": [ [ 745267.744479891960509, 1958033.116457037394866 ], [ 743267.89389836078044, 1958008.669544159667566 ] ] } },
{ "type": "Feature", "properties": { "Transect": 1047 }, "geometry": { "type": "LineString", "coordinates": [ [ 744255.352740469039418, 1959040.708081668009982 ], [ 744279.799356332863681, 1957040.857496505836025 ] ] } },
{ "type": "Feature", "properties": { "Transect": 1048 }, "geometry": { "type": "LineString", "coordinates": [ [ 745257.969060148694552, 1958052.889363643247634 ], [ 743258.118469885899685, 1958028.443165049888194 ] ] } },
{ "type": "Feature", "properties": { "Transect": 1049 }, "geometry": { "type": "LineString", "coordinates": [ [ 744245.699307832284831, 1959050.536455872701481 ], [ 744270.145089189172722, 1957050.685860509751365 ] ] } },
{ "type": "Feature", "properties": { "Transect": 1050 }, "geometry": { "type": "LineString", "coordinates": [ [ 744236.167506891768426, 1959050.419941007858142 ], [ 744260.612333856057376, 1957050.569333978695795 ] ] } },
{ "type": "Feature", "properties": { "Transect": 1051 }, "geometry": { "type": "LineString", "coordinates": [ [ 744226.635706559638493, 1959050.303430699976161 ], [ 744251.079578897799365, 1957050.452812002273276 ] ] } },
{ "type": "Feature", "properties": { "Transect": 1052 }, "geometry": { "type": "LineString", "coordinates": [ [ 744217.103906655800529, 1959050.186924947891384 ], [ 744241.546824503107928, 1957050.336294583976269 ] ] } },
{ "type": "Feature", "properties": { "Transect": 1053 }, "geometry": { "type": "LineString", "coordinates": [ [ 745219.718406653148122, 1958062.366353071760386 ], [ 743219.867771190241911, 1958037.923852402251214 ] ] } },
{ "type": "Feature", "properties": { "Transect": 1054 }, "geometry": { "type": "LineString", "coordinates": [ [ 744207.450499113416299, 1959060.015314879827201 ], [ 744231.89258254901506, 1957060.164674317464232 ] ] } },
{ "type": "Feature", "properties": { "Transect": 1055 }, "geometry": { "type": "LineString", "coordinates": [ [ 744197.91870494838804, 1959059.898817725479603 ], [ 744222.359833892202005, 1957060.048165497835726 ] ] } },
{ "type": "Feature", "properties": { "Transect": 1056 }, "geometry": { "type": "LineString", "coordinates": [ [ 744188.386911295470782, 1959059.782325127627701 ], [ 744212.827085706288926, 1957059.931661234237254 ] ] } },
{ "type": "Feature", "properties": { "Transect": 1057 }, "geometry": { "type": "LineString", "coordinates": [ [ 744178.855118089937605, 1959059.665837085340172 ], [ 744203.29433806182351, 1957059.815161528065801 ] ] } },
{ "type": "Feature", "properties": { "Transect": 1058 }, "geometry": { "type": "LineString", "coordinates": [ [ 744169.323325426783413, 1959059.54935359954834 ], [ 744193.761590861249715, 1957059.698666377458721 ] ] } },
{ "type": "Feature", "properties": { "Transect": 1059 }, "geometry": { "type": "LineString", "coordinates": [ [ 745171.93553486536257, 1958071.72644931729883 ], [ 743172.084842544514686, 1958047.288601136300713 ] ] } },
{ "type": "Feature", "properties": { "Transect": 1060 }, "geometry": { "type": "LineString", "coordinates": [ [ 744159.669948301045224, 1959069.377763303695247 ], [ 744184.107379267690703, 1957069.527065884554759 ] ] } },
{ "type": "Feature", "properties": { "Transect": 1061 }, "geometry": { "type": "LineString", "coordinates": [ [ 745162.281750849448144, 1958081.554440738400444 ], [ 743162.431048331782222, 1958057.117427010787651 ] ] } },
{ "type": "Feature", "properties": { "Transect": 1062 }, "geometry": { "type": "LineString", "coordinates": [ [ 744150.016580524621531, 1959079.206176610896364 ], [ 744174.453177126590163, 1957079.35546899610199 ] ] } },
{ "type": "Feature", "properties": { "Transect": 1063 }, "geometry": { "type": "LineString", "coordinates": [ [ 745152.627976236748509, 1958091.3824357627891 ], [ 743152.777263522730209, 1958066.94625648856163 ] ] } },
{ "type": "Feature", "properties": { "Transect": 1064 }, "geometry": { "type": "LineString", "coordinates": [ [ 744140.36322220240254, 1959089.034593521384522 ], [ 744164.798984338180162, 1957089.183875710470602 ] ] } },
{ "type": "Feature", "properties": { "Transect": 1065 }, "geometry": { "type": "LineString", "coordinates": [ [ 744130.831445846124552, 1959088.918126718141139 ], [ 744155.266253295936622, 1957089.067397242411971 ] ] } },
{ "type": "Feature", "properties": { "Transect": 1066 }, "geometry": { "type": "LineString", "coordinates": [ [ 744121.299669811502099, 1959088.801664469763637 ], [ 744145.733522917609662, 1957088.950923333875835 ] ] } },
{ "type": "Feature", "properties": { "Transect": 1067 }, "geometry": { "type": "LineString", "coordinates": [ [ 744111.767894489923492, 1959088.685206779511645 ], [ 744136.200792812276632, 1957088.834453978342935 ] ] } },
{ "type": "Feature", "properties": { "Transect": 1068 }, "geometry": { "type": "LineString", "coordinates": [ [ 744102.23611944145523, 1959088.568753643892705 ], [ 744126.668063419405371, 1957088.717989183496684 ] ] } },
{ "type": "Feature", "properties": { "Transect": 1069 }, "geometry": { "type": "LineString", "coordinates": [ [ 744092.704344959114678, 1959088.452305064536631 ], [ 744117.135334445978515, 1957088.601528943516314 ] ] } },
{ "type": "Feature", "properties": { "Transect": 1070 }, "geometry": { "type": "LineString", "coordinates": [ [ 744083.172571019851603, 1959088.335861041909084 ], [ 744107.602605915046297, 1957088.485073259333149 ] ] } },
{ "type": "Feature", "properties": { "Transect": 1071 }, "geometry": { "type": "LineString", "coordinates": [ [ 744073.640797569300048, 1959088.219421575777233 ], [ 744098.069877878646366, 1957088.368622132111341 ] ] } },
{ "type": "Feature", "properties": { "Transect": 1072 }, "geometry": { "type": "LineString", "coordinates": [ [ 745076.2484897444956, 1958100.391912659397349 ], [ 743076.39768520439975, 1958075.96324956859462 ] ] } },
{ "type": "Feature", "properties": { "Transect": 1073 }, "geometry": { "type": "LineString", "coordinates": [ [ 744063.987485377700068, 1959098.047870385693386 ], [ 744088.415731215267442, 1957098.197060748701915 ] ] } },
{ "type": "Feature", "properties": { "Transect": 1074 }, "geometry": { "type": "LineString", "coordinates": [ [ 745066.594770659925416, 1958110.219943187898025 ], [ 743066.743955926969647, 1958085.79211455094628 ] ] } },
{ "type": "Feature", "properties": { "Transect": 1075 }, "geometry": { "type": "LineString", "coordinates": [ [ 745066.473294904688373, 1958120.164887193823233 ], [ 743066.622481637401506, 1958095.73693857411854 ] ] } },
{ "type": "Feature", "properties": { "Transect": 1076 }, "geometry": { "type": "LineString", "coordinates": [ [ 744796.75034413789399, 1957434.79481242201291 ], [ 743336.102481164038181, 1958800.996781528228894 ] ] } },
{ "type": "Feature", "properties": { "Transect": 1077 }, "geometry": { "type": "LineString", "coordinates": [ [ 744806.161638476303779, 1957444.856711961561814 ], [ 743345.512695873738267, 1958811.057526803342625 ] ] } },
{ "type": "Feature", "properties": { "Transect": 1078 }, "geometry": { "type": "LineString", "coordinates": [ [ 744815.572923201485537, 1957454.918617161689326 ], [ 743354.922900971374474, 1958821.118277738103643 ] ] } },
{ "type": "Feature", "properties": { "Transect": 1079 }, "geometry": { "type": "LineString", "coordinates": [ [ 744824.984198393998668, 1957464.980528108077124 ], [ 743364.333096378948539, 1958831.179034249158576 ] ] } },
{ "type": "Feature", "properties": { "Transect": 1080 }, "geometry": { "type": "LineString", "coordinates": [ [ 744834.395463893073611, 1957475.042444631690159 ], [ 743373.743282252107747, 1958841.239796505542472 ] ] } },
{ "type": "Feature", "properties": { "Transect": 1081 }, "geometry": { "type": "LineString", "coordinates": [ [ 744843.80671983526554, 1957485.104366875719279 ], [ 743383.153458456159569, 1958851.300564360804856 ] ] } },
{ "type": "Feature", "properties": { "Transect": 1082 }, "geometry": { "type": "LineString", "coordinates": [ [ 744853.217966175172478, 1957495.166294793598354 ], [ 743392.563625037204474, 1958861.361337865702808 ] ] } },
{ "type": "Feature", "properties": { "Transect": 1083 }, "geometry": { "type": "LineString", "coordinates": [ [ 744862.629202868440188, 1957505.228228338062763 ], [ 743401.973782039131038, 1958871.422117067500949 ] ] } },
{ "type": "Feature", "properties": { "Transect": 1084 }, "geometry": { "type": "LineString", "coordinates": [ [ 744872.040429948363453, 1957515.290167543804273 ], [ 743411.383929428644478, 1958881.482901929644868 ] ] } },
{ "type": "Feature", "properties": { "Transect": 1085 }, "geometry": { "type": "LineString", "coordinates": [ [ 744163.341935893753543, 1957208.522558158729225 ], [ 744138.903778726235032, 1959208.373246703762561 ] ] } },
{ "type": "Feature", "properties": { "Transect": 1086 }, "geometry": { "type": "LineString", "coordinates": [ [ 744890.984170579351485, 1957525.46894433349371 ], [ 743430.325938333524391, 1958891.659827253315598 ] ] } },
{ "type": "Feature", "properties": { "Transect": 1087 }, "geometry": { "type": "LineString", "coordinates": [ [ 744182.285811444628052, 1957218.700432346900925 ], [ 744157.845624966197647, 1959218.551096092676744 ] ] } },
{ "type": "Feature", "properties": { "Transect": 1088 }, "geometry": { "type": "LineString", "coordinates": [ [ 744191.818482119822875, 1957218.816931170178577 ], [ 744167.377341047860682, 1959218.667583249742165 ] ] } },
{ "type": "Feature", "properties": { "Transect": 1089 }, "geometry": { "type": "LineString", "coordinates": [ [ 744919.460413655498996, 1957535.764587804675102 ], [ 743458.799797254847363, 1958901.952921709045768 ] ] } },
{ "type": "Feature", "properties": { "Transect": 1090 }, "geometry": { "type": "LineString", "coordinates": [ [ 744928.871599082485773, 1957545.826559178996831 ], [ 743468.209903052425943, 1958912.013738796114922 ] ] } },
{ "type": "Feature", "properties": { "Transect": 1091 }, "geometry": { "type": "LineString", "coordinates": [ [ 744985.338510254747234, 1957606.198506852611899 ], [ 743524.670335475006141, 1958972.378759669139981 ] ] } },
{ "type": "Feature", "properties": { "Transect": 1092 }, "geometry": { "type": "LineString", "coordinates": [ [ 744276.640347882406786, 1957299.424799465807155 ], [ 744252.189654485322535, 1959299.275334778940305 ] ] } },
{ "type": "Feature", "properties": { "Transect": 1093 }, "geometry": { "type": "LineString", "coordinates": [ [ 745023.104313890682533, 1957636.501458581537008 ], [ 743562.432247582590207, 1959002.677550711669028 ] ] } },
{ "type": "Feature", "properties": { "Transect": 1094 }, "geometry": { "type": "LineString", "coordinates": [ [ 744314.406262042466551, 1957329.725718455854803 ], [ 744289.951389865251258, 1959329.576202673837543 ] ] } },
{ "type": "Feature", "properties": { "Transect": 1095 }, "geometry": { "type": "LineString", "coordinates": [ [ 745042.047873042989522, 1957646.680402790429071 ], [ 743581.374074837192893, 1959012.854643227765337 ] ] } },
{ "type": "Feature", "properties": { "Transect": 1096 }, "geometry": { "type": "LineString", "coordinates": [ [ 745051.458944370737299, 1957656.742446778109297 ], [ 743590.784066196996719, 1959022.915532544488087 ] ] } },
{ "type": "Feature", "properties": { "Transect": 1097 }, "geometry": { "type": "LineString", "coordinates": [ [ 745060.870006026118062, 1957666.804496368393302 ], [ 743600.194047998520546, 1959032.976427583489567 ] ] } },
{ "type": "Feature", "properties": { "Transect": 1098 }, "geometry": { "type": "LineString", "coordinates": [ [ 744352.172064756392501, 1957360.02672339649871 ], [ 744327.713013495435007, 1959359.877156506758183 ] ] } },
{ "type": "Feature", "properties": { "Transect": 1099 }, "geometry": { "type": "LineString", "coordinates": [ [ 744361.704677749541588, 1957360.143311450490728 ], [ 744337.244671894586645, 1959359.993732885224745 ] ] } },
{ "type": "Feature", "properties": { "Transect": 1100 }, "geometry": { "type": "LineString", "coordinates": [ [ 744371.23729128902778, 1957360.259904061909765 ], [ 744346.776330736465752, 1959360.110313819721341 ] ] } },
{ "type": "Feature", "properties": { "Transect": 1101 }, "geometry": { "type": "LineString", "coordinates": [ [ 744380.769905270193703, 1957360.376501230057329 ], [ 744356.307990120840259, 1959360.226899311877787 ] ] } },
{ "type": "Feature", "properties": { "Transect": 1102 }, "geometry": { "type": "LineString", "coordinates": [ [ 743378.14588838245254, 1958348.187129972269759 ], [ 745377.996281360625289, 1958372.649462343426421 ] ] } },
{ "type": "Feature", "properties": { "Transect": 1103 }, "geometry": { "type": "LineString", "coordinates": [ [ 744390.424106535268947, 1957350.548199329990894 ], [ 744365.961356926942244, 1959350.398587204515934 ] ] } },
{ "type": "Feature", "properties": { "Transect": 1104 }, "geometry": { "type": "LineString", "coordinates": [ [ 743387.799682769691572, 1958338.358409762615338 ], [ 745387.650065540103242, 1958362.821576629998162 ] ] } },
{ "type": "Feature", "properties": { "Transect": 1105 }, "geometry": { "type": "LineString", "coordinates": [ [ 743387.9213330502389, 1958328.41356650670059 ], [ 745387.771717290277593, 1958352.87661322648637 ] ] } },
{ "type": "Feature", "properties": { "Transect": 1106 }, "geometry": { "type": "LineString", "coordinates": [ [ 744400.199907501228154, 1957330.774997043889016 ], [ 744375.736443673027679, 1959330.625376181676984 ] ] } },
{ "type": "Feature", "properties": { "Transect": 1107 }, "geometry": { "type": "LineString", "coordinates": [ [ 743397.575140997767448, 1958318.584849482635036 ], [ 745397.425515030277893, 1958343.048730655340478 ] ] } },
{ "type": "Feature", "properties": { "Transect": 1108 }, "geometry": { "type": "LineString", "coordinates": [ [ 743397.696794835035689, 1958308.640005889581516 ], [ 745397.547170337871648, 1958333.103766865795478 ] ] } },
{ "type": "Feature", "properties": { "Transect": 1109 }, "geometry": { "type": "LineString", "coordinates": [ [ 743397.818448073696345, 1958298.695162358228117 ], [ 745397.668825046624988, 1958323.158803164493293 ] ] } },
{ "type": "Feature", "properties": { "Transect": 1110 }, "geometry": { "type": "LineString", "coordinates": [ [ 744410.097318941843696, 1957301.056893286760896 ], [ 744385.633260928676464, 1959300.907265156041831 ] ] } },
{ "type": "Feature", "properties": { "Transect": 1111 }, "geometry": { "type": "LineString", "coordinates": [ [ 743407.472273734398186, 1958288.866448063170537 ], [ 745407.32264049956575, 1958313.330923318164423 ] ] } },
{ "type": "Feature", "properties": { "Transect": 1112 }, "geometry": { "type": "LineString", "coordinates": [ [ 744419.751560832955875, 1957291.228600880363956 ], [ 744395.286668462329544, 1959291.078962542815134 ] ] } },
{ "type": "Feature", "properties": { "Transect": 1113 }, "geometry": { "type": "LineString", "coordinates": [ [ 744429.284210705431178, 1957291.345217232126743 ], [ 744404.818363448604941, 1959291.195567212998867 ] ] } },
{ "type": "Feature", "properties": { "Transect": 1114 }, "geometry": { "type": "LineString", "coordinates": [ [ 744438.816860775928944, 1957291.461838138755411 ], [ 744414.350059223361313, 1959291.31217644456774 ] ] } },
{ "type": "Feature", "properties": { "Transect": 1115 }, "geometry": { "type": "LineString", "coordinates": [ [ 743436.190466817351989, 1958279.270017454167828 ], [ 745436.040800016955473, 1958303.73723637801595 ] ] } },
{ "type": "Feature", "properties": { "Transect": 1116 }, "geometry": { "type": "LineString", "coordinates": [ [ 744448.471122642280534, 1957281.633557420922443 ], [ 744424.003486580913886, 1959281.483885517111048 ] ] } },
{ "type": "Feature", "properties": { "Transect": 1117 }, "geometry": { "type": "LineString", "coordinates": [ [ 743445.844321778859012, 1958269.441318459808826 ], [ 745445.694644769304432, 1958293.909371811896563 ] ] } },
{ "type": "Feature", "properties": { "Transect": 1118 }, "geometry": { "type": "LineString", "coordinates": [ [ 743445.965996393468231, 1958259.496472673257813 ], [ 745445.816320854471996, 1958283.964405828388408 ] ] } },
{ "type": "Feature", "properties": { "Transect": 1119 }, "geometry": { "type": "LineString", "coordinates": [ [ 744458.247008560807444, 1957261.860373762436211 ], [ 744433.778658189461567, 1959261.710693119093776 ] ] } },
{ "type": "Feature", "properties": { "Transect": 1120 }, "geometry": { "type": "LineString", "coordinates": [ [ 743455.619864914566278, 1958249.667776857502759 ], [ 745455.470179166644812, 1958274.13654441293329 ] ] } },
{ "type": "Feature", "properties": { "Transect": 1121 }, "geometry": { "type": "LineString", "coordinates": [ [ 744467.901293358416297, 1957252.032099812058732 ], [ 744443.432108535780571, 1959251.882408958626911 ] ] } },
{ "type": "Feature", "properties": { "Transect": 1122 }, "geometry": { "type": "LineString", "coordinates": [ [ 743465.273742838879116, 1958239.839084629435092 ], [ 745465.124046881333925, 1958264.308686614502221 ] ] } },
{ "type": "Feature", "properties": { "Transect": 1123 }, "geometry": { "type": "LineString", "coordinates": [ [ 744477.555587507784367, 1957242.203829465899616 ], [ 744453.085568336304277, 1959242.054128403775394 ] ] } },
{ "type": "Feature", "properties": { "Transect": 1124 }, "geometry": { "type": "LineString", "coordinates": [ [ 743474.92763016722165, 1958230.010396056110039 ], [ 745474.777924000984058, 1958254.480832370230928 ] ] } },
{ "type": "Feature", "properties": { "Transect": 1125 }, "geometry": { "type": "LineString", "coordinates": [ [ 744487.209891064092517, 1957232.375562721630558 ], [ 744462.739037537947297, 1959232.225851450348273 ] ] } },
{ "type": "Feature", "properties": { "Transect": 1126 }, "geometry": { "type": "LineString", "coordinates": [ [ 743484.581526897614822, 1958220.181711047887802 ], [ 745484.431810521287844, 1958244.652981764171273 ] ] } },
{ "type": "Feature", "properties": { "Transect": 1127 }, "geometry": { "type": "LineString", "coordinates": [ [ 744496.86420404468663, 1957222.547299580881372 ], [ 744472.392516118707135, 1959222.39757809904404 ] ] } },
{ "type": "Feature", "properties": { "Transect": 1128 }, "geometry": { "type": "LineString", "coordinates": [ [ 744506.396890994394198, 1957222.663948783418164 ], [ 744481.924248480703682, 1959222.514215620467439 ] ] } },
{ "type": "Feature", "properties": { "Transect": 1129 }, "geometry": { "type": "LineString", "coordinates": [ [ 744515.929578411742114, 1957222.780602542683482 ], [ 744491.45598136249464, 1959222.630857698619366 ] ] } },
{ "type": "Feature", "properties": { "Transect": 1130 }, "geometry": { "type": "LineString", "coordinates": [ [ 744525.462266376125626, 1957222.89726085937582 ], [ 744500.987714687013067, 1959222.747504332335666 ] ] } },
{ "type": "Feature", "properties": { "Transect": 1131 }, "geometry": { "type": "LineString", "coordinates": [ [ 744534.994954782421701, 1957223.013923732563853 ], [ 744510.519448554259725, 1959222.864155523478985 ] ] } },
{ "type": "Feature", "properties": { "Transect": 1132 }, "geometry": { "type": "LineString", "coordinates": [ [ 744544.527643730631098, 1957223.130591162946075 ], [ 744520.051182866562158, 1959222.980811270419508 ] ] } },
{ "type": "Feature", "properties": { "Transect": 1133 }, "geometry": { "type": "LineString", "coordinates": [ [ 744554.060333148343489, 1957223.247263150289655 ], [ 744529.582917697029188, 1959223.097471574321389 ] ] } },
{ "type": "Feature", "properties": { "Transect": 1134 }, "geometry": { "type": "LineString", "coordinates": [ [ 744563.593023059424013, 1957223.363939694827422 ], [ 744539.114653021330014, 1959223.214136434486136 ] ] } },
{ "type": "Feature", "properties": { "Transect": 1135 }, "geometry": { "type": "LineString", "coordinates": [ [ 745291.229075630544685, 1957540.325142237590626 ], [ 743830.543026673258282, 1958906.486284409882501 ] ] } },
{ "type": "Feature", "properties": { "Transect": 1136 }, "geometry": { "type": "LineString", "coordinates": [ [ 745570.221619100891985, 1958245.707296498352662 ], [ 743570.371442096191458, 1958221.227314182324335 ] ] } },
{ "type": "Feature", "properties": { "Transect": 1137 }, "geometry": { "type": "LineString", "coordinates": [ [ 745570.099883607123047, 1958255.652268909150735 ], [ 743570.24970807461068, 1958231.172166326316074 ] ] } },
{ "type": "Feature", "properties": { "Transect": 1138 }, "geometry": { "type": "LineString", "coordinates": [ [ 744557.447827731375583, 1959283.116955596022308 ], [ 744581.92787390796002, 1957283.266779372934252 ] ] } },
{ "type": "Feature", "properties": { "Transect": 1139 }, "geometry": { "type": "LineString", "coordinates": [ [ 745560.080756404087879, 1958295.314999076304957 ], [ 743560.230575074558146, 1958270.835370079847053 ] ] } },
{ "type": "Feature", "properties": { "Transect": 1140 }, "geometry": { "type": "LineString", "coordinates": [ [ 745559.959022669238038, 1958305.259971361607313 ], [ 743560.108842811896466, 1958280.780222078319639 ] ] } },
{ "type": "Feature", "properties": { "Transect": 1141 }, "geometry": { "type": "LineString", "coordinates": [ [ 744547.550738740130328, 1959312.835012977244332 ], [ 744572.030191151774488, 1957312.984829486114904 ] ] } },
{ "type": "Feature", "properties": { "Transect": 1142 }, "geometry": { "type": "LineString", "coordinates": [ [ 745550.183388921082951, 1958325.03275890997611 ], [ 743550.333200322347693, 1958300.553723762976006 ] ] } },
{ "type": "Feature", "properties": { "Transect": 1143 }, "geometry": { "type": "LineString", "coordinates": [ [ 745539.67739997501485, 1958404.475380084011704 ], [ 743539.827211466152221, 1958379.99633760470897 ] ] } },
{ "type": "Feature", "properties": { "Transect": 1144 }, "geometry": { "type": "LineString", "coordinates": [ [ 745269.976797762210481, 1957719.103618609486148 ], [ 743809.284353520371951, 1959085.257922974647954 ] ] } },
{ "type": "Feature", "properties": { "Transect": 1145 }, "geometry": { "type": "LineString", "coordinates": [ [ 745548.966054189717397, 1958424.482482118299231 ], [ 743549.1158803103026, 1958400.002244491362944 ] ] } },
{ "type": "Feature", "properties": { "Transect": 1146 }, "geometry": { "type": "LineString", "coordinates": [ [ 745279.266207180451602, 1957739.110929744783789 ], [ 743818.572255256352946, 1959105.26362209348008 ] ] } },
{ "type": "Feature", "properties": { "Transect": 1147 }, "geometry": { "type": "LineString", "coordinates": [ [ 745558.254687483422458, 1958444.489591107005253 ], [ 743558.404528235085309, 1958420.008158264448866 ] ] } },
{ "type": "Feature", "properties": { "Transect": 1148 }, "geometry": { "type": "LineString", "coordinates": [ [ 745558.132944763056003, 1958454.434564520139247 ], [ 743558.282786986907013, 1958429.953011414967477 ] ] } },
{ "type": "Feature", "properties": { "Transect": 1149 }, "geometry": { "type": "LineString", "coordinates": [ [ 745558.011201443616301, 1958464.379538011038676 ], [ 743558.161045139655471, 1958439.897864640923217 ] ] } },
{ "type": "Feature", "properties": { "Transect": 1150 }, "geometry": { "type": "LineString", "coordinates": [ [ 745557.889457525336184, 1958474.324511554092169 ], [ 743558.039302693097852, 1958449.842717966064811 ] ] } },
{ "type": "Feature", "properties": { "Transect": 1151 }, "geometry": { "type": "LineString", "coordinates": [ [ 744545.601948094670661, 1959471.953608239302412 ], [ 744570.083324561244808, 1957472.103448300855234 ] ] } },
{ "type": "Feature", "properties": { "Transect": 1152 }, "geometry": { "type": "LineString", "coordinates": [ [ 744535.948531441157684, 1959481.781838282011449 ], [ 744560.429073456441984, 1957481.931668128818274 ] ] } },
{ "type": "Feature", "properties": { "Transect": 1153 }, "geometry": { "type": "LineString", "coordinates": [ [ 745538.581801074440591, 1958493.980131469434127 ], [ 743538.731625812943093, 1958469.500006753252819 ] ] } },
{ "type": "Feature", "properties": { "Transect": 1154 }, "geometry": { "type": "LineString", "coordinates": [ [ 744526.295124338124879, 1959491.610071929171681 ], [ 744550.77483160875272, 1957491.759891557507217 ] ] } },
{ "type": "Feature", "properties": { "Transect": 1155 }, "geometry": { "type": "LineString", "coordinates": [ [ 745528.927986955037341, 1958503.807946804910898 ], [ 743529.077801478561014, 1958479.3286565807648 ] ] } },
{ "type": "Feature", "properties": { "Transect": 1156 }, "geometry": { "type": "LineString", "coordinates": [ [ 745528.684522255207412, 1958523.697891506133601 ], [ 743528.834339722408913, 1958499.218360803322867 ] ] } },
{ "type": "Feature", "properties": { "Transect": 1157 }, "geometry": { "type": "LineString", "coordinates": [ [ 745528.562789006973617, 1958533.642863972345367 ], [ 743528.712607945897616, 1958509.163213027408347 ] ] } },
{ "type": "Feature", "properties": { "Transect": 1158 }, "geometry": { "type": "LineString", "coordinates": [ [ 745528.441055159666575, 1958543.587836512597278 ], [ 743528.590875570545904, 1958519.108065328327939 ] ] } },
{ "type": "Feature", "properties": { "Transect": 1159 }, "geometry": { "type": "LineString", "coordinates": [ [ 745528.319320713635534, 1958553.532809119205922 ], [ 743528.469142596004531, 1958529.052917716093361 ] ] } },
{ "type": "Feature", "properties": { "Transect": 1160 }, "geometry": { "type": "LineString", "coordinates": [ [ 745528.197585668298416, 1958563.477781834779307 ], [ 743528.347409023088403, 1958538.9977701457683 ] ] } },
{ "type": "Feature", "properties": { "Transect": 1161 }, "geometry": { "type": "LineString", "coordinates": [ [ 745258.500080674071796, 1957878.108846839517355 ], [ 743797.801444200682454, 1959244.256530439481139 ] ] } },
{ "type": "Feature", "properties": { "Transect": 1162 }, "geometry": { "type": "LineString", "coordinates": [ [ 745267.910930842394009, 1957888.1710210647434 ], [ 743807.211214455543086, 1959254.31755000911653 ] ] } },
{ "type": "Feature", "properties": { "Transect": 1163 }, "geometry": { "type": "LineString", "coordinates": [ [ 745277.32177149108611, 1957898.233201054623351 ], [ 743816.620975000085309, 1959264.378575138514861 ] ] } },
{ "type": "Feature", "properties": { "Transect": 1164 }, "geometry": { "type": "LineString", "coordinates": [ [ 745286.732602456584573, 1957908.295386637793854 ], [ 743826.030725997406989, 1959274.43960600416176 ] ] } },
{ "type": "Feature", "properties": { "Transect": 1165 }, "geometry": { "type": "LineString", "coordinates": [ [ 745296.143423829111271, 1957918.35757790831849 ], [ 743835.440467357519083, 1959284.500642508268356 ] ] } },
{ "type": "Feature", "properties": { "Transect": 1166 }, "geometry": { "type": "LineString", "coordinates": [ [ 744587.445179456379265, 1957611.565677628386766 ], [ 744562.959255232475698, 1959611.415781890042126 ] ] } },
{ "type": "Feature", "properties": { "Transect": 1167 }, "geometry": { "type": "LineString", "coordinates": [ [ 745315.086590896826237, 1957928.536832578945905 ], [ 743854.381902129855007, 1959294.678044977597892 ] ] } },
{ "type": "Feature", "properties": { "Transect": 1168 }, "geometry": { "type": "LineString", "coordinates": [ [ 744606.388481451431289, 1957621.744029362685978 ], [ 744581.900527324527502, 1959621.594108769204468 ] ] } },
{ "type": "Feature", "properties": { "Transect": 1169 }, "geometry": { "type": "LineString", "coordinates": [ [ 745334.029740307247266, 1957938.716107606422156 ], [ 743873.323319268878549, 1959304.855467824731022 ] ] } },
{ "type": "Feature", "properties": { "Transect": 1170 }, "geometry": { "type": "LineString", "coordinates": [ [ 744625.331765725160949, 1957631.922401464078575 ], [ 744600.841781847295351, 1959631.772456015460193 ] ] } },
{ "type": "Feature", "properties": { "Transect": 1171 }, "geometry": { "type": "LineString", "coordinates": [ [ 744634.864264785312116, 1957632.039135590195656 ], [ 744610.373326055007055, 1959631.889178448356688 ] ] } },
{ "type": "Feature", "properties": { "Transect": 1172 }, "geometry": { "type": "LineString", "coordinates": [ [ 745362.505220318795182, 1957949.012484533013776 ], [ 743901.796414774493314, 1959315.149295180337504 ] ] } },
{ "type": "Feature", "properties": { "Transect": 1173 }, "geometry": { "type": "LineString", "coordinates": [ [ 744653.807527700555511, 1957642.217537690652534 ], [ 744629.314559113117866, 1959642.067555689485744 ] ] } },
{ "type": "Feature", "properties": { "Transect": 1174 }, "geometry": { "type": "LineString", "coordinates": [ [ 744663.340023381868377, 1957642.334286004537717 ], [ 744638.846100147347897, 1959642.184292311081663 ] ] } },
{ "type": "Feature", "properties": { "Transect": 1175 }, "geometry": { "type": "LineString", "coordinates": [ [ 744672.872519735596143, 1957642.451038877712563 ], [ 744648.377641502185725, 1959642.301033487310633 ] ] } },
{ "type": "Feature", "properties": { "Transect": 1176 }, "geometry": { "type": "LineString", "coordinates": [ [ 744682.405016433564015, 1957642.567796307848766 ], [ 744657.909183497889899, 1959642.41777922376059 ] ] } },
{ "type": "Feature", "properties": { "Transect": 1177 }, "geometry": { "type": "LineString", "coordinates": [ [ 744691.93751360103488, 1957642.684558295179158 ], [ 744667.440726011991501, 1959642.534529517404735 ] ] } },
{ "type": "Feature", "properties": { "Transect": 1178 }, "geometry": { "type": "LineString", "coordinates": [ [ 744701.470011431607418, 1957642.801324841799214 ], [ 744676.97226885065902, 1959642.651284365681931 ] ] } },
{ "type": "Feature", "properties": { "Transect": 1179 }, "geometry": { "type": "LineString", "coordinates": [ [ 744711.002509638434276, 1957642.918095945613459 ], [ 744686.503812303533778, 1959642.768043773947284 ] ] } },
{ "type": "Feature", "properties": { "Transect": 1180 }, "geometry": { "type": "LineString", "coordinates": [ [ 744720.535008360631764, 1957643.034871607553214 ], [ 744696.035356226377189, 1959642.884807738941163 ] ] } },
{ "type": "Feature", "properties": { "Transect": 1181 }, "geometry": { "type": "LineString", "coordinates": [ [ 743717.892238599597476, 1958630.826579385669902 ], [ 745717.742169620352797, 1958655.326648703077808 ] ] } },
{ "type": "Feature", "properties": { "Transect": 1182 }, "geometry": { "type": "LineString", "coordinates": [ [ 744730.189282175037079, 1957633.206727528711781 ], [ 744705.68879564513918, 1959633.056653437903151 ] ] } },
{ "type": "Feature", "properties": { "Transect": 1183 }, "geometry": { "type": "LineString", "coordinates": [ [ 744739.721786613343284, 1957633.323511790251359 ], [ 744715.220345337642357, 1959633.173426002496853 ] ] } },
{ "type": "Feature", "properties": { "Transect": 1184 }, "geometry": { "type": "LineString", "coordinates": [ [ 744749.254291575402021, 1957633.440300609683618 ], [ 744724.751895497553051, 1959633.290203124051914 ] ] } },
{ "type": "Feature", "properties": { "Transect": 1185 }, "geometry": { "type": "LineString", "coordinates": [ [ 743746.610172888962552, 1958621.230632735416293 ], [ 745746.460070291068405, 1958645.733446054626256 ] ] } },
{ "type": "Feature", "properties": { "Transect": 1186 }, "geometry": { "type": "LineString", "coordinates": [ [ 744758.908585292869247, 1957623.612168218474835 ], [ 744734.40535481844563, 1959623.462060509249568 ] ] } },
{ "type": "Feature", "properties": { "Transect": 1187 }, "geometry": { "type": "LineString", "coordinates": [ [ 744768.441095991292968, 1957623.728965637972578 ], [ 744743.936910722637549, 1959623.57884622993879 ] ] } },
{ "type": "Feature", "properties": { "Transect": 1188 }, "geometry": { "type": "LineString", "coordinates": [ [ 744777.973607233725488, 1957623.845767615828663 ], [ 744753.468467073515058, 1959623.69563650758937 ] ] } },
{ "type": "Feature", "properties": { "Transect": 1189 }, "geometry": { "type": "LineString", "coordinates": [ [ 744787.506118901656009, 1957623.962574151344597 ], [ 744763.000023989821784, 1959623.812431343831122 ] ] } },
{ "type": "Feature", "properties": { "Transect": 1190 }, "geometry": { "type": "LineString", "coordinates": [ [ 744797.038631012313999, 1957624.07938524405472 ], [ 744772.531581449205987, 1959623.929230737732723 ] ] } },
{ "type": "Feature", "properties": { "Transect": 1191 }, "geometry": { "type": "LineString", "coordinates": [ [ 745524.676874318742193, 1957941.058411525562406 ], [ 744063.957408700487576, 1959307.183824056759477 ] ] } },
{ "type": "Feature", "properties": { "Transect": 1192 }, "geometry": { "type": "LineString", "coordinates": [ [ 745803.652213151566684, 1958646.437191469594836 ], [ 743803.80238742264919, 1958621.928529079537839 ] ] } },
{ "type": "Feature", "properties": { "Transect": 1193 }, "geometry": { "type": "LineString", "coordinates": [ [ 745532.384227470960468, 1958090.352935820352286 ], [ 744071.657691299915314, 1959456.470788176171482 ] ] } },
{ "type": "Feature", "properties": { "Transect": 1194 }, "geometry": { "type": "LineString", "coordinates": [ [ 745541.794841819442809, 1958100.415269811172038 ], [ 744081.067225342150778, 1959466.531967044807971 ] ] } },
{ "type": "Feature", "properties": { "Transect": 1195 }, "geometry": { "type": "LineString", "coordinates": [ [ 744833.097555896965787, 1957793.610493722138926 ], [ 744808.584640420274809, 1959793.460267323767766 ] ] } },
{ "type": "Feature", "properties": { "Transect": 1196 }, "geometry": { "type": "LineString", "coordinates": [ [ 744842.629989668028429, 1957793.727336370386183 ], [ 744818.11611948418431, 1959793.577098269481212 ] ] } },
{ "type": "Feature", "properties": { "Transect": 1197 }, "geometry": { "type": "LineString", "coordinates": [ [ 744852.162424053065479, 1957793.844183577457443 ], [ 744827.647598922019824, 1959793.693933770759031 ] ] } },
{ "type": "Feature", "properties": { "Transect": 1198 }, "geometry": { "type": "LineString", "coordinates": [ [ 744861.694858865463175, 1957793.961035342188552 ], [ 744837.179078923654743, 1959793.810773831093684 ] ] } },
{ "type": "Feature", "properties": { "Transect": 1199 }, "geometry": { "type": "LineString", "coordinates": [ [ 744871.227294188691303, 1957794.077891665278003 ], [ 744846.710559397703037, 1959793.927618448389694 ] ] } },
{ "type": "Feature", "properties": { "Transect": 1200 }, "geometry": { "type": "LineString", "coordinates": [ [ 744880.759730057907291, 1957794.194752546958625 ], [ 744856.242040316923521, 1959794.044467622879893 ] ] } },
{ "type": "Feature", "properties": { "Transect": 1201 }, "geometry": { "type": "LineString", "coordinates": [ [ 744890.292166371131316, 1957794.311617986531928 ], [ 744865.773521780734882, 1959794.161321356194094 ] ] } },
{ "type": "Feature", "properties": { "Transect": 1202 }, "geometry": { "type": "LineString", "coordinates": [ [ 745617.931434711324982, 1958111.298003732925281 ], [ 744157.19817220850382, 1959477.408663898473606 ] ] } },
{ "type": "Feature", "properties": { "Transect": 1203 }, "geometry": { "type": "LineString", "coordinates": [ [ 745896.899670390761457, 1958816.675265823490918 ], [ 743897.049986796104349, 1958792.155008356552571 ] ] } },
{ "type": "Feature", "properties": { "Transect": 1204 }, "geometry": { "type": "LineString", "coordinates": [ [ 745896.77773430920206, 1958826.620260674273595 ], [ 743896.928052190691233, 1958802.099882804090157 ] ] } },
{ "type": "Feature", "properties": { "Transect": 1205 }, "geometry": { "type": "LineString", "coordinates": [ [ 745896.655797627288848, 1958836.565255637513474 ], [ 743896.806116986088455, 1958812.044757291907445 ] ] } },
{ "type": "Feature", "properties": { "Transect": 1206 }, "geometry": { "type": "LineString", "coordinates": [ [ 745896.533860345953144, 1958846.510250628693029 ], [ 743896.684181180666201, 1958821.989631902659312 ] ] } },
{ "type": "Feature", "properties": { "Transect": 1207 }, "geometry": { "type": "LineString", "coordinates": [ [ 744884.226982883526944, 1959844.119718283414841 ], [ 744908.747184357023798, 1957844.270034002140164 ] ] } },
{ "type": "Feature", "properties": { "Transect": 1208 }, "geometry": { "type": "LineString", "coordinates": [ [ 745886.87999221868813, 1958856.337896992219612 ], [ 743887.030302822124213, 1958831.818112732144073 ] ] } },
{ "type": "Feature", "properties": { "Transect": 1209 }, "geometry": { "type": "LineString", "coordinates": [ [ 745886.758058492909186, 1958866.282891656504944 ], [ 743886.908370573190041, 1958841.762986943358555 ] ] } },
{ "type": "Feature", "properties": { "Transect": 1210 }, "geometry": { "type": "LineString", "coordinates": [ [ 744874.451537222252227, 1959863.892720330506563 ], [ 744898.971024669124745, 1957864.043027294799685 ] ] } },
{ "type": "Feature", "properties": { "Transect": 1211 }, "geometry": { "type": "LineString", "coordinates": [ [ 745877.104203925700858, 1958876.110541157890111 ], [ 743877.254505774239078, 1958851.591470959130675 ] ] } },
{ "type": "Feature", "properties": { "Transect": 1212 }, "geometry": { "type": "LineString", "coordinates": [ [ 745876.982273755944334, 1958886.055535446852446 ], [ 743877.132577081094496, 1958861.536344818305224 ] ] } },
{ "type": "Feature", "properties": { "Transect": 1213 }, "geometry": { "type": "LineString", "coordinates": [ [ 745876.860342986532487, 1958896.000529797514901 ], [ 743877.01064778782893, 1958871.481218765722588 ] ] } },
{ "type": "Feature", "properties": { "Transect": 1214 }, "geometry": { "type": "LineString", "coordinates": [ [ 745876.738411616999656, 1958905.94552424759604 ], [ 743876.888717895140871, 1958881.426092766458169 ] ] } },
{ "type": "Feature", "properties": { "Transect": 1215 }, "geometry": { "type": "LineString", "coordinates": [ [ 745607.06029231287539, 1958220.577580705052242 ], [ 744146.322974737035111, 1959586.683904913021252 ] ] } },
{ "type": "Feature", "properties": { "Transect": 1216 }, "geometry": { "type": "LineString", "coordinates": [ [ 745616.47080300480593, 1958230.639963041059673 ], [ 744155.732405018876307, 1959596.745131997391582 ] ] } },
{ "type": "Feature", "properties": { "Transect": 1217 }, "geometry": { "type": "LineString", "coordinates": [ [ 745895.436397818382829, 1958936.015209169359878 ], [ 743895.586731942370534, 1958911.493506621802226 ] ] } },
{ "type": "Feature", "properties": { "Transect": 1218 }, "geometry": { "type": "LineString", "coordinates": [ [ 745625.759575421921909, 1958250.647515307879075 ], [ 744165.019669255008921, 1959616.751071606529877 ] ] } },
{ "type": "Feature", "properties": { "Transect": 1219 }, "geometry": { "type": "LineString", "coordinates": [ [ 745635.170061488403007, 1958260.709909531986341 ], [ 744174.429074980318546, 1959626.812310647917911 ] ] } },
{ "type": "Feature", "properties": { "Transect": 1220 }, "geometry": { "type": "LineString", "coordinates": [ [ 745644.580537847592495, 1958270.772309326799586 ], [ 744183.83847117878031, 1959636.873555451864377 ] ] } },
{ "type": "Feature", "properties": { "Transect": 1221 }, "geometry": { "type": "LineString", "coordinates": [ [ 745653.991004719515331, 1958280.834714925615117 ], [ 744193.247857632930391, 1959646.934805782744661 ] ] } },
{ "type": "Feature", "properties": { "Transect": 1222 }, "geometry": { "type": "LineString", "coordinates": [ [ 745663.401461905101314, 1958290.897126118885353 ], [ 744202.657234536483884, 1959656.996061851503327 ] ] } },
{ "type": "Feature", "properties": { "Transect": 1223 }, "geometry": { "type": "LineString", "coordinates": [ [ 745672.811909501207992, 1958300.959543008357286 ], [ 744212.066601794911548, 1959667.057323554996401 ] ] } },
{ "type": "Feature", "properties": { "Transect": 1224 }, "geometry": { "type": "LineString", "coordinates": [ [ 745682.222347524482757, 1958311.021965612890199 ], [ 744221.475959391565993, 1959677.118590876227245 ] ] } },
{ "type": "Feature", "properties": { "Transect": 1225 }, "geometry": { "type": "LineString", "coordinates": [ [ 745691.63277577131521, 1958321.08439371548593 ], [ 744230.885307527263649, 1959687.179864031728357 ] ] } },
{ "type": "Feature", "properties": { "Transect": 1226 }, "geometry": { "type": "LineString", "coordinates": [ [ 744982.934341876534745, 1958014.269208281766623 ], [ 744958.403498575324193, 1960014.118762054946274 ] ] } },
{ "type": "Feature", "properties": { "Transect": 1227 }, "geometry": { "type": "LineString", "coordinates": [ [ 745710.575380432768725, 1958331.264097496634349 ], [ 744249.826179422787391, 1959697.35771498712711 ] ] } },
{ "type": "Feature", "properties": { "Transect": 1228 }, "geometry": { "type": "LineString", "coordinates": [ [ 745001.877081492100842, 1958024.448008843930438 ], [ 744977.344207756104879, 1960024.297537710284814 ] ] } },
{ "type": "Feature", "properties": { "Transect": 1229 }, "geometry": { "type": "LineString", "coordinates": [ [ 745729.517967430641875, 1958341.443821634398773 ], [ 744268.767033690353855, 1959707.535586332669482 ] ] } },
{ "type": "Feature", "properties": { "Transect": 1230 }, "geometry": { "type": "LineString", "coordinates": [ [ 745020.81980341905728, 1958034.626829780871049 ], [ 744996.28489933651872, 1960034.476333739003167 ] ] } },
{ "type": "Feature", "properties": { "Transect": 1231 }, "geometry": { "type": "LineString", "coordinates": [ [ 745748.460536774015054, 1958351.623566140420735 ], [ 744287.707870317390189, 1959717.7134780571796 ] ] } },
{ "type": "Feature", "properties": { "Transect": 1232 }, "geometry": { "type": "LineString", "coordinates": [ [ 745039.762507744249888, 1958044.805671092588454 ], [ 745015.225573223899119, 1960044.655150139704347 ] ] } },
{ "type": "Feature", "properties": { "Transect": 1233 }, "geometry": { "type": "LineString", "coordinates": [ [ 745049.294833701220341, 1958044.922626923769712 ], [ 745024.756944071850739, 1960044.772094252053648 ] ] } },
{ "type": "Feature", "properties": { "Transect": 1234 }, "geometry": { "type": "LineString", "coordinates": [ [ 745776.93526349728927, 1958361.920634282520041 ], [ 744316.180212067207322, 1959728.007995954947546 ] ] } },
{ "type": "Feature", "properties": { "Transect": 1235 }, "geometry": { "type": "LineString", "coordinates": [ [ 745068.237516593653709, 1958055.101498243166134 ], [ 745043.697596566518769, 1960054.950940657639876 ] ] } },
{ "type": "Feature", "properties": { "Transect": 1236 }, "geometry": { "type": "LineString", "coordinates": [ [ 745795.877793812192976, 1958372.100429207785055 ], [ 744335.121009603142738, 1959738.18593802000396 ] ] } },
{ "type": "Feature", "properties": { "Transect": 1237 }, "geometry": { "type": "LineString", "coordinates": [ [ 745087.180181858479045, 1958065.280389938736334 ], [ 745062.638231394230388, 1960065.129807436605915 ] ] } },
{ "type": "Feature", "properties": { "Transect": 1238 }, "geometry": { "type": "LineString", "coordinates": [ [ 745814.820306477020495, 1958382.280244502704591 ], [ 744354.061789502971806, 1959748.363900465425104 ] ] } },
{ "type": "Feature", "properties": { "Transect": 1239 }, "geometry": { "type": "LineString", "coordinates": [ [ 745106.122829559957609, 1958075.459302010713145 ], [ 745081.578848499106243, 1960075.308694588253275 ] ] } },
{ "type": "Feature", "properties": { "Transect": 1240 }, "geometry": { "type": "LineString", "coordinates": [ [ 745115.655144632910378, 1958075.576291300822049 ], [ 745091.110208616941236, 1960075.425672158133239 ] ] } },
{ "type": "Feature", "properties": { "Transect": 1241 }, "geometry": { "type": "LineString", "coordinates": [ [ 745843.29496571898926, 1958392.577416900079697 ], [ 744382.53406371420715, 1959758.658522535581142 ] ] } },
{ "type": "Feature", "properties": { "Transect": 1242 }, "geometry": { "type": "LineString", "coordinates": [ [ 745852.705278864596039, 1958402.639936220832169 ], [ 744391.943296366371214, 1959768.719886475708336 ] ] } },
{ "type": "Feature", "properties": { "Transect": 1243 }, "geometry": { "type": "LineString", "coordinates": [ [ 745144.008071923628449, 1958095.817187280161306 ], [ 745119.46002986934036, 1960095.666530013782904 ] ] } },
{ "type": "Feature", "properties": { "Transect": 1244 }, "geometry": { "type": "LineString", "coordinates": [ [ 745871.647738491068594, 1958412.819812541827559 ], [ 744410.884023426449858, 1959778.897910144645721 ] ] } },
{ "type": "Feature", "properties": { "Transect": 1245 }, "geometry": { "type": "LineString", "coordinates": [ [ 745881.058028201339766, 1958422.882348337676376 ], [ 744420.293232522439212, 1959788.95929042622447 ] ] } },
{ "type": "Feature", "properties": { "Transect": 1246 }, "geometry": { "type": "LineString", "coordinates": [ [ 745890.468308263458312, 1958432.944889772683382 ], [ 744429.702432028017938, 1959799.020676406100392 ] ] } },
{ "type": "Feature", "properties": { "Transect": 1247 }, "geometry": { "type": "LineString", "coordinates": [ [ 745181.771212225197814, 1958126.120106764836237 ], [ 745157.218988394713961, 1960125.969398163026199 ] ] } },
{ "type": "Feature", "properties": { "Transect": 1248 }, "geometry": { "type": "LineString", "coordinates": [ [ 745909.410722521133721, 1958443.124807998072356 ], [ 744448.64311364479363, 1959809.198741889558733 ] ] } },
{ "type": "Feature", "properties": { "Transect": 1249 }, "geometry": { "type": "LineString", "coordinates": [ [ 745918.82097897795029, 1958453.18736572843045 ], [ 744458.052289760438725, 1959819.260144390631467 ] ] } },
{ "type": "Feature", "properties": { "Transect": 1250 }, "geometry": { "type": "LineString", "coordinates": [ [ 745210.124006050638855, 1958146.361114212311804 ], [ 745185.568676026538014, 1960146.210367472842336 ] ] } },
{ "type": "Feature", "properties": { "Transect": 1251 }, "geometry": { "type": "LineString", "coordinates": [ [ 745937.763361896621063, 1958463.367315271403641 ], [ 744476.992939670570195, 1959829.438240790739655 ] ] } },
{ "type": "Feature", "properties": { "Transect": 1252 }, "geometry": { "type": "LineString", "coordinates": [ [ 745229.066523810499348, 1958156.540160393342376 ], [ 745204.509163333685137, 1960156.389388721901923 ] ] } },
{ "type": "Feature", "properties": { "Transect": 1253 }, "geometry": { "type": "LineString", "coordinates": [ [ 745956.705727072432637, 1958473.54728508926928 ], [ 744495.933572032023221, 1959839.616357668768615 ] ] } },
{ "type": "Feature", "properties": { "Transect": 1254 }, "geometry": { "type": "LineString", "coordinates": [ [ 745966.115946239675395, 1958483.609870070591569 ], [ 744505.342710682074539, 1959849.677787224762142 ] ] } },
{ "type": "Feature", "properties": { "Transect": 1255 }, "geometry": { "type": "LineString", "coordinates": [ [ 745257.419231213862076, 1958176.781246494268999 ], [ 745232.858764288714156, 1960176.630436674458906 ] ] } },
{ "type": "Feature", "properties": { "Transect": 1256 }, "geometry": { "type": "LineString", "coordinates": [ [ 745985.058279847493395, 1958493.789870968321338 ], [ 744524.283311557257548, 1959859.855935262748972 ] ] } },
{ "type": "Feature", "properties": { "Transect": 1257 }, "geometry": { "type": "LineString", "coordinates": [ [ 745994.468475589994341, 1958503.852472439408302 ], [ 744533.692426638677716, 1959869.917381149716675 ] ] } },
{ "type": "Feature", "properties": { "Transect": 1258 }, "geometry": { "type": "LineString", "coordinates": [ [ 745285.77188354358077, 1958197.022380126873031 ], [ 745261.208310266491026, 1960196.871532154968008 ] ] } },
{ "type": "Feature", "properties": { "Transect": 1259 }, "geometry": { "type": "LineString", "coordinates": [ [ 746013.410777730052359, 1958514.032504523871467 ], [ 744552.632995926891454, 1959880.095560238929465 ] ] } },
{ "type": "Feature", "properties": { "Transect": 1260 }, "geometry": { "type": "LineString", "coordinates": [ [ 746022.820949853630736, 1958524.095122280530632 ], [ 744562.042087627807632, 1959890.157022662460804 ] ] } },
{ "type": "Feature", "properties": { "Transect": 1261 }, "geometry": { "type": "LineString", "coordinates": [ [ 746032.231112420558929, 1958534.157745771342888 ], [ 744571.451169648440555, 1959900.218490685103461 ] ] } },
{ "type": "Feature", "properties": { "Transect": 1262 }, "geometry": { "type": "LineString", "coordinates": [ [ 746041.641265391139314, 1958544.220374955097213 ], [ 744580.860242030350491, 1959910.279964354122058 ] ] } },
{ "type": "Feature", "properties": { "Transect": 1263 }, "geometry": { "type": "LineString", "coordinates": [ [ 745332.944772234652191, 1958237.387683026958257 ], [ 745308.375941299367696, 1960237.23677046969533 ] ] } },
{ "type": "Feature", "properties": { "Transect": 1264 }, "geometry": { "type": "LineString", "coordinates": [ [ 746060.58350826066453, 1958554.400459668599069 ], [ 744599.800752019858919, 1959920.458196028601378 ] ] } },
{ "type": "Feature", "properties": { "Transect": 1265 }, "geometry": { "type": "LineString", "coordinates": [ [ 746069.993637720588595, 1958564.463105253409594 ], [ 744609.209800914861262, 1959930.519686119630933 ] ] } },
{ "type": "Feature", "properties": { "Transect": 1266 }, "geometry": { "type": "LineString", "coordinates": [ [ 745361.297267648158595, 1958257.628944554133341 ], [ 745336.7253301020246, 1960257.477993828942999 ] ] } },
{ "type": "Feature", "properties": { "Transect": 1267 }, "geometry": { "type": "LineString", "coordinates": [ [ 746088.935849145753309, 1958574.643221180420369 ], [ 744628.150279295630753, 1959940.697948824148625 ] ] } },
{ "type": "Feature", "properties": { "Transect": 1268 }, "geometry": { "type": "LineString", "coordinates": [ [ 746098.345955126569606, 1958584.705883202375844 ], [ 744637.559304669150151, 1959950.759455302031711 ] ] } },
{ "type": "Feature", "properties": { "Transect": 1269 }, "geometry": { "type": "LineString", "coordinates": [ [ 745389.649707960779779, 1958277.870253617875278 ], [ 745365.074663948849775, 1960277.719264721497893 ] ] } },
{ "type": "Feature", "properties": { "Transect": 1270 }, "geometry": { "type": "LineString", "coordinates": [ [ 745399.181942958617583, 1958277.987390008522198 ], [ 745374.605943589704111, 1960277.836389371892437 ] ] } },
{ "type": "Feature", "properties": { "Transect": 1271 }, "geometry": { "type": "LineString", "coordinates": [ [ 745408.71417825424578, 1958278.104530957061797 ], [ 745384.137223921366967, 1960277.953518584836274 ] ] } },
{ "type": "Feature", "properties": { "Transect": 1272 }, "geometry": { "type": "LineString", "coordinates": [ [ 746136.352303478401154, 1958595.12100254651159 ], [ 744675.562615314731374, 1959961.171326273586601 ] ] } },
{ "type": "Feature", "properties": { "Transect": 1273 }, "geometry": { "type": "LineString", "coordinates": [ [ 745446.476599861751311, 1958308.408045743359253 ], [ 745421.89546315104235, 1960308.256981967715546 ] ] } },
{ "type": "Feature", "properties": { "Transect": 1274 }, "geometry": { "type": "LineString", "coordinates": [ [ 746174.114568656194024, 1958625.426593504147604 ], [ 744713.320986397215165, 1959991.472753057489172 ] ] } },
{ "type": "Feature", "properties": { "Transect": 1275 }, "geometry": { "type": "LineString", "coordinates": [ [ 745474.828890700242482, 1958328.649495721329004 ], [ 745450.244647263432853, 1960328.498393757268786 ] ] } },
{ "type": "Feature", "properties": { "Transect": 1276 }, "geometry": { "type": "LineString", "coordinates": [ [ 746202.466705032624304, 1958645.669543613214046 ], [ 744741.670308917062357, 1960011.712694137822837 ] ] } },
{ "type": "Feature", "properties": { "Transect": 1277 }, "geometry": { "type": "LineString", "coordinates": [ [ 746211.876722344662994, 1958655.732270674081519 ], [ 744751.079245675820857, 1960021.77426569419913 ] ] } },
{ "type": "Feature", "properties": { "Transect": 1278 }, "geometry": { "type": "LineString", "coordinates": [ [ 746221.286730004823767, 1958665.795003369217739 ], [ 744760.488172850455157, 1960031.835842954693362 ] ] } },
{ "type": "Feature", "properties": { "Transect": 1279 }, "geometry": { "type": "LineString", "coordinates": [ [ 746230.696728203794919, 1958675.857741900952533 ], [ 744769.89709025004413, 1960041.897425714647397 ] ] } },
{ "type": "Feature", "properties": { "Transect": 1280 }, "geometry": { "type": "LineString", "coordinates": [ [ 746240.106716708396561, 1958685.920486024813727 ], [ 744779.30599810264539, 1960051.959014222724363 ] ] } },
{ "type": "Feature", "properties": { "Transect": 1281 }, "geometry": { "type": "LineString", "coordinates": [ [ 746249.516695576254278, 1958695.983235800173134 ], [ 744788.714896352728829, 1960062.020608416758478 ] ] } },
{ "type": "Feature", "properties": { "Transect": 1282 }, "geometry": { "type": "LineString", "coordinates": [ [ 746258.926664840662852, 1958706.045991262188181 ], [ 744798.123784966999665, 1960072.082208261126652 ] ] } },
{ "type": "Feature", "properties": { "Transect": 1283 }, "geometry": { "type": "LineString", "coordinates": [ [ 746268.336624503717758, 1958716.108752413652837 ], [ 744807.532663945923559, 1960082.14381375676021 ] ] } },
{ "type": "Feature", "properties": { "Transect": 1284 }, "geometry": { "type": "LineString", "coordinates": [ [ 746277.746574550517835, 1958726.171519239200279 ], [ 744816.94153329951223, 1960092.205424914835021 ] ] } },
{ "type": "Feature", "properties": { "Transect": 1285 }, "geometry": { "type": "LineString", "coordinates": [ [ 745569.050894706044346, 1958419.326283121015877 ], [ 745544.456013304879889, 1960419.175050355494022 ] ] } },
{ "type": "Feature", "properties": { "Transect": 1286 }, "geometry": { "type": "LineString", "coordinates": [ [ 746296.68854136148002, 1958736.351864997064695 ], [ 744835.881766925216652, 1960102.383917242055759 ] ] } },
{ "type": "Feature", "properties": { "Transect": 1287 }, "geometry": { "type": "LineString", "coordinates": [ [ 746306.098467940231785, 1958746.414648275822401 ], [ 744845.290612744865939, 1960112.445544778369367 ] ] } },
{ "type": "Feature", "properties": { "Transect": 1288 }, "geometry": { "type": "LineString", "coordinates": [ [ 746315.508384840679355, 1958756.477437163470313 ], [ 744854.699449000298046, 1960122.507178043713793 ] ] } },
{ "type": "Feature", "properties": { "Transect": 1289 }, "geometry": { "type": "LineString", "coordinates": [ [ 746324.918292139773257, 1958766.540231740567833 ], [ 744864.10827562038321, 1960132.568816959857941 ] ] } },
{ "type": "Feature", "properties": { "Transect": 1290 }, "geometry": { "type": "LineString", "coordinates": [ [ 746334.328189784078859, 1958776.603031950304285 ], [ 744873.517092654830776, 1960142.63046158128418 ] ] } },
{ "type": "Feature", "properties": { "Transect": 1291 }, "geometry": { "type": "LineString", "coordinates": [ [ 746343.738077955902554, 1958786.665837986860424 ], [ 744882.925899924826808, 1960152.692111715208739 ] ] } },
{ "type": "Feature", "properties": { "Transect": 1292 }, "geometry": { "type": "LineString", "coordinates": [ [ 745653.862196459318511, 1958499.941368324449286 ], [ 745629.257752296864055, 1960499.790017929626629 ] ] } },
{ "type": "Feature", "properties": { "Transect": 1293 }, "geometry": { "type": "LineString", "coordinates": [ [ 745663.394340610946529, 1958500.058643753640354 ], [ 745638.78894123097416, 1960499.907281606458127 ] ] } },
{ "type": "Feature", "properties": { "Transect": 1294 }, "geometry": { "type": "LineString", "coordinates": [ [ 746391.03167054138612, 1958817.089531262638047 ], [ 744930.214945374871604, 1960183.11094232252799 ] ] } },
{ "type": "Feature", "properties": { "Transect": 1295 }, "geometry": { "type": "LineString", "coordinates": [ [ 745682.336323931463994, 1958510.238191280514002 ], [ 745657.728893417282961, 1960510.086804141756147 ] ] } },
{ "type": "Feature", "properties": { "Transect": 1296 }, "geometry": { "type": "LineString", "coordinates": [ [ 746409.973501211148687, 1958827.270002754870802 ], [ 744949.155042683589272, 1960193.289560164324939 ] ] } },
{ "type": "Feature", "properties": { "Transect": 1297 }, "geometry": { "type": "LineString", "coordinates": [ [ 746419.383328334661201, 1958837.332852206425741 ], [ 744958.56378922611475, 1960203.351254043867812 ] ] } },
{ "type": "Feature", "properties": { "Transect": 1298 }, "geometry": { "type": "LineString", "coordinates": [ [ 745710.688104908098467, 1958530.480043147457764 ], [ 745686.077567080850713, 1960530.328617771854624 ] ] } },
{ "type": "Feature", "properties": { "Transect": 1299 }, "geometry": { "type": "LineString", "coordinates": [ [ 746438.325127494637854, 1958847.513354853726923 ], [ 744977.503854984068312, 1960213.529902989510447 ] ] } },
{ "type": "Feature", "properties": { "Transect": 1300 }, "geometry": { "type": "LineString", "coordinates": [ [ 746447.734931099461392, 1958857.576220706570894 ], [ 744986.912578043760732, 1960223.591613303869963 ] ] } },
{ "type": "Feature", "properties": { "Transect": 1301 }, "geometry": { "type": "LineString", "coordinates": [ [ 746457.144725320511498, 1958867.639092480065301 ], [ 744996.32129124912899, 1960233.653329034103081 ] ] } },
{ "type": "Feature", "properties": { "Transect": 1302 }, "geometry": { "type": "LineString", "coordinates": [ [ 745748.44961296080146, 1958560.784248611191288 ], [ 745723.834891791339032, 1960560.632771750213578 ] ] } },
{ "type": "Feature", "properties": { "Transect": 1303 }, "geometry": { "type": "LineString", "coordinates": [ [ 746476.08647898864001, 1958877.819636925822124 ], [ 745015.261311677051708, 1960243.832019940251485 ] ] } },
{ "type": "Feature", "properties": { "Transect": 1304 }, "geometry": { "type": "LineString", "coordinates": [ [ 746485.496249536518008, 1958887.882524939253926 ], [ 745024.670001548016444, 1960253.893752268049866 ] ] } },
{ "type": "Feature", "properties": { "Transect": 1305 }, "geometry": { "type": "LineString", "coordinates": [ [ 745776.801260426524095, 1958581.026211999356747 ], [ 745752.183431837824173, 1960580.874696888960898 ] ] } },
{ "type": "Feature", "properties": { "Transect": 1306 }, "geometry": { "type": "LineString", "coordinates": [ [ 746504.437971809646115, 1958898.063100661849603 ], [ 745043.609990315046161, 1960264.072474159067497 ] ] } },
{ "type": "Feature", "properties": { "Transect": 1307 }, "geometry": { "type": "LineString", "coordinates": [ [ 746783.357420278596692, 1959603.43983534979634 ], [ 744783.508955258992501, 1959578.820392650319263 ] ] } },
{ "type": "Feature", "properties": { "Transect": 1308 }, "geometry": { "type": "LineString", "coordinates": [ [ 746513.7255038022995, 1958918.071223377948627 ], [ 745052.896013092715293, 1960284.07898289966397 ] ] } },
{ "type": "Feature", "properties": { "Transect": 1309 }, "geometry": { "type": "LineString", "coordinates": [ [ 746523.135235858149827, 1958928.134134069085121 ], [ 745062.304664487019181, 1960294.140737914014608 ] ] } },
{ "type": "Feature", "properties": { "Transect": 1310 }, "geometry": { "type": "LineString", "coordinates": [ [ 746532.544958452577703, 1958938.197050599846989 ], [ 745071.713306106044911, 1960304.202498430386186 ] ] } },
{ "type": "Feature", "properties": { "Transect": 1311 }, "geometry": { "type": "LineString", "coordinates": [ [ 745823.849909359938465, 1958631.337909386027604 ], [ 745799.226700168219395, 1960631.186328033916652 ] ] } },
{ "type": "Feature", "properties": { "Transect": 1312 }, "geometry": { "type": "LineString", "coordinates": [ [ 745833.382000615354627, 1958631.455273619620129 ], [ 745808.757836158853024, 1960631.303680505836383 ] ] } },
{ "type": "Feature", "properties": { "Transect": 1313 }, "geometry": { "type": "LineString", "coordinates": [ [ 746561.018551522865891, 1958948.495391710894182 ], [ 745100.184513490181416, 1960314.498288239585236 ] ] } },
{ "type": "Feature", "properties": { "Transect": 1314 }, "geometry": { "type": "LineString", "coordinates": [ [ 745852.323784776846878, 1958641.635009058518335 ], [ 745827.697588920709677, 1960641.483390930807218 ] ] } },
{ "type": "Feature", "properties": { "Transect": 1315 }, "geometry": { "type": "LineString", "coordinates": [ [ 745861.85587271489203, 1958641.752387489192188 ], [ 745837.228721690829843, 1960641.600757599342614 ] ] } },
{ "type": "Feature", "properties": { "Transect": 1316 }, "geometry": { "type": "LineString", "coordinates": [ [ 745871.387961270986125, 1958641.869770480785519 ], [ 745846.759854835225269, 1960641.71812882553786 ] ] } },
{ "type": "Feature", "properties": { "Transect": 1317 }, "geometry": { "type": "LineString", "coordinates": [ [ 746599.024057630565949, 1958958.911507743876427 ], [ 745138.186981168692, 1960324.911154901143163 ] ] } },
{ "type": "Feature", "properties": { "Transect": 1318 }, "geometry": { "type": "LineString", "coordinates": [ [ 746608.433730064192787, 1958968.97446668939665 ], [ 745147.595572609221563, 1960334.972957802470773 ] ] } },
{ "type": "Feature", "properties": { "Transect": 1319 }, "geometry": { "type": "LineString", "coordinates": [ [ 745899.739380639861338, 1958662.111938804388046 ], [ 745875.108166663092561, 1960661.960258877370507 ] ] } },
{ "type": "Feature", "properties": { "Transect": 1320 }, "geometry": { "type": "LineString", "coordinates": [ [ 746627.37532239255961, 1958979.155176537809893 ], [ 745166.535431547672488, 1960345.151813911506906 ] ] } },
{ "type": "Feature", "properties": { "Transect": 1321 }, "geometry": { "type": "LineString", "coordinates": [ [ 745918.681108113261871, 1958672.291745042428374 ], [ 745894.047862691455521, 1960672.140040094032884 ] ] } },
{ "type": "Feature", "properties": { "Transect": 1322 }, "geometry": { "type": "LineString", "coordinates": [ [ 745928.213185328990221, 1958672.409156947396696 ], [ 745903.578984588617459, 1960672.257440231274813 ] ] } },
{ "type": "Feature", "properties": { "Transect": 1323 }, "geometry": { "type": "LineString", "coordinates": [ [ 745937.7452630616026, 1958672.526573412586004 ], [ 745913.110106958425604, 1960672.374844928272069 ] ] } },
{ "type": "Feature", "properties": { "Transect": 1324 }, "geometry": { "type": "LineString", "coordinates": [ [ 745947.277341120061465, 1958672.643994436366484 ], [ 745922.641229995409958, 1960672.492254187120125 ] ] } },
{ "type": "Feature", "properties": { "Transect": 1325 }, "geometry": { "type": "LineString", "coordinates": [ [ 745956.809419917059131, 1958672.761420021764934 ], [ 745932.172353286412545, 1960672.609668001532555 ] ] } },
{ "type": "Feature", "properties": { "Transect": 1326 }, "geometry": { "type": "LineString", "coordinates": [ [ 746684.44460528169293, 1958989.806972094345838 ], [ 745223.600371005362831, 1960355.798964450601488 ] ] } },
{ "type": "Feature", "properties": { "Transect": 1327 }, "geometry": { "type": "LineString", "coordinates": [ [ 746963.355679694097489, 1959695.18473713286221 ], [ 744963.507451602024958, 1959670.54605621797964 ] ] } },
{ "type": "Feature", "properties": { "Transect": 1328 }, "geometry": { "type": "LineString", "coordinates": [ [ 746693.731912328512408, 1959009.815207238076255 ], [ 745232.886168698430993, 1960375.805585431633517 ] ] } },
{ "type": "Feature", "properties": { "Transect": 1329 }, "geometry": { "type": "LineString", "coordinates": [ [ 746703.141515327850357, 1959019.878219914389774 ], [ 745242.294690745417029, 1960385.867442092625424 ] ] } },
{ "type": "Feature", "properties": { "Transect": 1330 }, "geometry": { "type": "LineString", "coordinates": [ [ 745994.447841731831431, 1958713.011173873906955 ], [ 745969.806470145005733, 1960712.85936881438829 ] ] } },
{ "type": "Feature", "properties": { "Transect": 1331 }, "geometry": { "type": "LineString", "coordinates": [ [ 746722.083019499666989, 1959030.059031792217866 ], [ 745261.23446137085557, 1960396.046400040155277 ] ] } },
{ "type": "Feature", "properties": { "Transect": 1332 }, "geometry": { "type": "LineString", "coordinates": [ [ 746013.389481026446447, 1958723.191082051955163 ], [ 745988.746077879099175, 1960723.039251959417015 ] ] } },
{ "type": "Feature", "properties": { "Transect": 1333 }, "geometry": { "type": "LineString", "coordinates": [ [ 746741.024505964014679, 1959040.239863998256624 ], [ 745280.174214402912185, 1960406.225378432776779 ] ] } },
{ "type": "Feature", "properties": { "Transect": 1334 }, "geometry": { "type": "LineString", "coordinates": [ [ 746750.434071517898701, 1959050.302903787698597 ], [ 745289.582699121325277, 1960416.287262324243784 ] ] } },
{ "type": "Feature", "properties": { "Transect": 1335 }, "geometry": { "type": "LineString", "coordinates": [ [ 746041.740656334906816, 1958743.433484763838351 ], [ 746017.094145336188376, 1960743.281616371590644 ] ] } },
{ "type": "Feature", "properties": { "Transect": 1336 }, "geometry": { "type": "LineString", "coordinates": [ [ 746051.272706697694957, 1958743.550959576386958 ], [ 746026.625240382738411, 1960743.399079410359263 ] ] } },
{ "type": "Feature", "properties": { "Transect": 1337 }, "geometry": { "type": "LineString", "coordinates": [ [ 746778.907425989862531, 1959060.601589619880542 ], [ 745318.053667492698878, 1960426.583396338159218 ] ] } },
{ "type": "Feature", "properties": { "Transect": 1338 }, "geometry": { "type": "LineString", "coordinates": [ [ 746070.214293121476658, 1958753.730928922072053 ], [ 746045.564795102109201, 1960753.579023715108633 ] ] } },
{ "type": "Feature", "properties": { "Transect": 1339 }, "geometry": { "type": "LineString", "coordinates": [ [ 746797.848859578138217, 1959070.782483065733686 ], [ 745336.993367520859465, 1960436.762435819720849 ] ] } },
{ "type": "Feature", "properties": { "Transect": 1340 }, "geometry": { "type": "LineString", "coordinates": [ [ 746807.258383543696254, 1959080.845555173931643 ], [ 745346.40181053057313, 1960446.824351892573759 ] ] } },
{ "type": "Feature", "properties": { "Transect": 1341 }, "geometry": { "type": "LineString", "coordinates": [ [ 746816.667897925828584, 1959090.908632996026427 ], [ 745355.810243879561312, 1960456.88627359457314 ] ] } },
{ "type": "Feature", "properties": { "Transect": 1342 }, "geometry": { "type": "LineString", "coordinates": [ [ 746826.077402685885318, 1959100.971716491505504 ], [ 745365.218667607405223, 1960466.948200969025493 ] ] } },
{ "type": "Feature", "properties": { "Transect": 1343 }, "geometry": { "type": "LineString", "coordinates": [ [ 746117.384369080886245, 1958794.098454864928499 ], [ 746092.729610456386581, 1960793.94648481043987 ] ] } },
{ "type": "Feature", "properties": { "Transect": 1344 }, "geometry": { "type": "LineString", "coordinates": [ [ 746845.018776950309984, 1959111.152662556851283 ], [ 745384.158308363403194, 1960477.127293111989275 ] ] } },
{ "type": "Feature", "properties": { "Transect": 1345 }, "geometry": { "type": "LineString", "coordinates": [ [ 746854.428258226602338, 1959121.215762499952689 ], [ 745393.566708564874716, 1960487.189236883772537 ] ] } },
{ "type": "Feature", "properties": { "Transect": 1346 }, "geometry": { "type": "LineString", "coordinates": [ [ 746145.73534785490483, 1958814.341031409334391 ], [ 746121.07748116995208, 1960814.189023035112768 ] ] } },
{ "type": "Feature", "properties": { "Transect": 1347 }, "geometry": { "type": "LineString", "coordinates": [ [ 746873.369601015932858, 1959131.396739767165855 ], [ 745412.506317736580968, 1960497.368360104272142 ] ] } },
{ "type": "Feature", "properties": { "Transect": 1348 }, "geometry": { "type": "LineString", "coordinates": [ [ 746882.779058757470921, 1959141.459856105735525 ], [ 745421.914694462204352, 1960507.43032032973133 ] ] } },
{ "type": "Feature", "properties": { "Transect": 1349 }, "geometry": { "type": "LineString", "coordinates": [ [ 746892.188506887760013, 1959151.522978129098192 ], [ 745431.323061554459855, 1960517.492286214372143 ] ] } },
{ "type": "Feature", "properties": { "Transect": 1350 }, "geometry": { "type": "LineString", "coordinates": [ [ 746901.597945350571536, 1959161.586105777183548 ], [ 745440.731419069808908, 1960527.554257819196209 ] ] } },
{ "type": "Feature", "properties": { "Transect": 1351 }, "geometry": { "type": "LineString", "coordinates": [ [ 746192.905134481494315, 1958854.708773722406477 ], [ 746168.242006675689481, 1960854.556700472719967 ] ] } },
{ "type": "Feature", "properties": { "Transect": 1352 }, "geometry": { "type": "LineString", "coordinates": [ [ 746920.53922888962552, 1959171.767135745845735 ], [ 745459.670968896243721, 1960537.733433626126498 ] ] } },
{ "type": "Feature", "properties": { "Transect": 1353 }, "geometry": { "type": "LineString", "coordinates": [ [ 746211.846553093288094, 1958864.88889988954179 ], [ 746187.181393659440801, 1960864.736801583552733 ] ] } },
{ "type": "Feature", "properties": { "Transect": 1354 }, "geometry": { "type": "LineString", "coordinates": [ [ 746939.480494703515433, 1959181.948186026653275 ], [ 745478.610501146526076, 1960547.912629899336025 ] ] } },
{ "type": "Feature", "properties": { "Transect": 1355 }, "geometry": { "type": "LineString", "coordinates": [ [ 746230.78795417654328, 1958875.069046449149027 ], [ 746206.120762876002118, 1960874.91692308220081 ] ] } },
{ "type": "Feature", "properties": { "Transect": 1356 }, "geometry": { "type": "LineString", "coordinates": [ [ 746958.421742977690883, 1959192.129256813554093 ], [ 745497.550015646149404, 1960558.091846449067816 ] ] } },
{ "type": "Feature", "properties": { "Transect": 1357 }, "geometry": { "type": "LineString", "coordinates": [ [ 746967.831130238133483, 1959202.192422470776364 ], [ 745506.958321818266995, 1960568.15385590097867 ] ] } },
{ "type": "Feature", "properties": { "Transect": 1358 }, "geometry": { "type": "LineString", "coordinates": [ [ 746259.138712934101932, 1958895.311813267646357 ], [ 746234.468413309543394, 1960895.159651558613405 ] ] } },
{ "type": "Feature", "properties": { "Transect": 1359 }, "geometry": { "type": "LineString", "coordinates": [ [ 746986.77234692289494, 1959212.373524342197925 ], [ 745525.89780484396033, 1960578.333103651180863 ] ] } },
{ "type": "Feature", "properties": { "Transect": 1360 }, "geometry": { "type": "LineString", "coordinates": [ [ 746996.181710715056397, 1959222.43670646706596 ], [ 745535.306087471661158, 1960588.395129485055804 ] ] } },
{ "type": "Feature", "properties": { "Transect": 1361 }, "geometry": { "type": "LineString", "coordinates": [ [ 746287.489416636526585, 1958915.554627656936646 ], [ 746262.816008724737912, 1960915.402427601162344 ] ] } },
{ "type": "Feature", "properties": { "Transect": 1362 }, "geometry": { "type": "LineString", "coordinates": [ [ 747015.122895825654268, 1959232.617839442100376 ], [ 745554.245539005380124, 1960598.574408418498933 ] ] } },
{ "type": "Feature", "properties": { "Transect": 1363 }, "geometry": { "type": "LineString", "coordinates": [ [ 747024.532236156519502, 1959242.681038042064756 ], [ 745563.653798084240407, 1960608.636450629215688 ] ] } },
{ "type": "Feature", "properties": { "Transect": 1364 }, "geometry": { "type": "LineString", "coordinates": [ [ 747033.941566846100613, 1959252.744242298416793 ], [ 745573.062047556275502, 1960618.698498530779034 ] ] } },
{ "type": "Feature", "properties": { "Transect": 1365 }, "geometry": { "type": "LineString", "coordinates": [ [ 746325.249384062481113, 1958945.860128012718633 ], [ 746300.571791253401898, 1960945.707876320695505 ] ] } },
{ "type": "Feature", "properties": { "Transect": 1366 }, "geometry": { "type": "LineString", "coordinates": [ [ 746334.781354290898889, 1958945.97775000683032 ], [ 746310.102805921342224, 1960945.825486523332074 ] ] } },
{ "type": "Feature", "properties": { "Transect": 1367 }, "geometry": { "type": "LineString", "coordinates": [ [ 747062.41452580166515, 1959263.043386827688664 ], [ 745601.532620304147713, 1960628.995091021526605 ] ] } },
{ "type": "Feature", "properties": { "Transect": 1368 }, "geometry": { "type": "LineString", "coordinates": [ [ 747071.823828699416481, 1959273.106612566392869 ], [ 745610.94084203208331, 1960639.057160451076925 ] ] } },
{ "type": "Feature", "properties": { "Transect": 1369 }, "geometry": { "type": "LineString", "coordinates": [ [ 747081.233121967874467, 1959283.169843972893432 ], [ 745620.349054143298417, 1960649.119235559599474 ] ] } },
{ "type": "Feature", "properties": { "Transect": 1370 }, "geometry": { "type": "LineString", "coordinates": [ [ 746372.541197858983651, 1958976.283356263767928 ], [ 746347.858464386081323, 1960976.131041130982339 ] ] } },
{ "type": "Feature", "properties": { "Transect": 1371 }, "geometry": { "type": "LineString", "coordinates": [ [ 746382.073156132595614, 1958976.401002616388723 ], [ 746357.389467433094978, 1960976.248675693525001 ] ] } },
{ "type": "Feature", "properties": { "Transect": 1372 }, "geometry": { "type": "LineString", "coordinates": [ [ 747109.706020063254982, 1959293.469064522068948 ], [ 745648.81956581491977, 1960659.415903822053224 ] ] } },
{ "type": "Feature", "properties": { "Transect": 1373 }, "geometry": { "type": "LineString", "coordinates": [ [ 747119.115285534411669, 1959303.532317407429218 ], [ 745658.227750186808407, 1960669.478000465780497 ] ] } },
{ "type": "Feature", "properties": { "Transect": 1374 }, "geometry": { "type": "LineString", "coordinates": [ [ 746410.423631903599016, 1958996.644022022141144 ], [ 746385.736834414885379, 1960996.49165672599338 ] ] } },
{ "type": "Feature", "properties": { "Transect": 1375 }, "geometry": { "type": "LineString", "coordinates": [ [ 747138.056340919691138, 1959313.713584796292707 ], [ 745677.167071663425304, 1960679.657413426088169 ] ] } },
{ "type": "Feature", "properties": { "Transect": 1376 }, "geometry": { "type": "LineString", "coordinates": [ [ 746429.364822394214571, 1959006.824385492131114 ], [ 746404.675993014825508, 1961006.671995112206787 ] ] } },
{ "type": "Feature", "properties": { "Transect": 1377 }, "geometry": { "type": "LineString", "coordinates": [ [ 747156.997378558153287, 1959323.894872477510944 ], [ 745696.106375585310161, 1960689.836846879450604 ] ] } },
{ "type": "Feature", "properties": { "Transect": 1378 }, "geometry": { "type": "LineString", "coordinates": [ [ 747166.406606652424671, 1959333.958152562612668 ], [ 745705.514522550744005, 1960699.898970683803782 ] ] } },
{ "type": "Feature", "properties": { "Transect": 1379 }, "geometry": { "type": "LineString", "coordinates": [ [ 747175.815825214260258, 1959344.021438418654725 ], [ 745714.922659804928117, 1960709.961100065847859 ] ] } },
{ "type": "Feature", "properties": { "Transect": 1380 }, "geometry": { "type": "LineString", "coordinates": [ [ 746467.124418191728182, 1959037.130203562555835 ], [ 746442.431403393973596, 1961036.977761507732794 ] ] } },
{ "type": "Feature", "properties": { "Transect": 1381 }, "geometry": { "type": "LineString", "coordinates": [ [ 747194.756817507441156, 1959354.20276808203198 ], [ 745733.861918240436353, 1960720.140575339784846 ] ] } },
{ "type": "Feature", "properties": { "Transect": 1382 }, "geometry": { "type": "LineString", "coordinates": [ [ 746486.065545714227483, 1959047.310629331506789 ], [ 746461.370498831383884, 1961047.158162184990942 ] ] } },
{ "type": "Feature", "properties": { "Transect": 1383 }, "geometry": { "type": "LineString", "coordinates": [ [ 747213.697792163467966, 1959364.384118152782321 ], [ 745752.801159019465558, 1960730.320070995483547 ] ] } },
{ "type": "Feature", "properties": { "Transect": 1384 }, "geometry": { "type": "LineString", "coordinates": [ [ 746505.006655642646365, 1959057.491075496887788 ], [ 746480.30957656877581, 1961057.338583254953846 ] ] } },
{ "type": "Feature", "properties": { "Transect": 1385 }, "geometry": { "type": "LineString", "coordinates": [ [ 747232.638749123667367, 1959374.565488571533933 ], [ 745771.740382194868289, 1960740.499587093247101 ] ] } },
{ "type": "Feature", "properties": { "Transect": 1386 }, "geometry": { "type": "LineString", "coordinates": [ [ 747242.047916416078806, 1959384.628812378272414 ], [ 745781.148468161700293, 1960750.561754396185279 ] ] } },
{ "type": "Feature", "properties": { "Transect": 1387 }, "geometry": { "type": "LineString", "coordinates": [ [ 746533.356903213541955, 1959077.734299935866147 ], [ 746508.6567153763026, 1961077.581769299693406 ] ] } },
{ "type": "Feature", "properties": { "Transect": 1388 }, "geometry": { "type": "LineString", "coordinates": [ [ 747260.988841869635507, 1959394.810213977470994 ], [ 745800.087659777840599, 1960760.741301610600203 ] ] } },
{ "type": "Feature", "properties": { "Transect": 1389 }, "geometry": { "type": "LineString", "coordinates": [ [ 746552.297964008641429, 1959087.914797647390515 ], [ 746527.595743881887756, 1961087.762241909280419 ] ] } },
{ "type": "Feature", "properties": { "Transect": 1390 }, "geometry": { "type": "LineString", "coordinates": [ [ 746561.829879482160322, 1959088.032536365557462 ], [ 746537.126703938585706, 1961087.879968825727701 ] ] } },
{ "type": "Feature", "properties": { "Transect": 1391 }, "geometry": { "type": "LineString", "coordinates": [ [ 747289.461514278664254, 1959405.109722381923348 ], [ 745828.557945670210756, 1960771.038257564883679 ] ] } },
{ "type": "Feature", "properties": { "Transect": 1392 }, "geometry": { "type": "LineString", "coordinates": [ [ 746580.770918868831359, 1959098.213064114563167 ], [ 746556.065711031085812, 1961098.060471470002085 ] ] } },
{ "type": "Feature", "properties": { "Transect": 1393 }, "geometry": { "type": "LineString", "coordinates": [ [ 747308.402400680934079, 1959415.291174427140504 ], [ 745847.497098217369057, 1960781.217855195049196 ] ] } },
{ "type": "Feature", "properties": { "Transect": 1394 }, "geometry": { "type": "LineString", "coordinates": [ [ 746599.711940554319881, 1959108.393612259766087 ], [ 746575.004700525314547, 1961108.2409945090767 ] ] } },
{ "type": "Feature", "properties": { "Transect": 1395 }, "geometry": { "type": "LineString", "coordinates": [ [ 747327.343269502511248, 1959425.472646940499544 ], [ 745866.436233051121235, 1960791.397473147138953 ] ] } },
{ "type": "Feature", "properties": { "Transect": 1396 }, "geometry": { "type": "LineString", "coordinates": [ [ 747336.752367339213379, 1959435.536024495027959 ], [ 745875.844249626272358, 1960801.459694251418114 ] ] } },
{ "type": "Feature", "properties": { "Transect": 1397 }, "geometry": { "type": "LineString", "coordinates": [ [ 746628.062030593398958, 1959128.63699245848693 ], [ 746603.351681536063552, 1961128.484336294932291 ] ] } },
{ "type": "Feature", "properties": { "Transect": 1398 }, "geometry": { "type": "LineString", "coordinates": [ [ 747355.693204555427656, 1959445.717528089415282 ], [ 745894.783352993428707, 1960811.639343424700201 ] ] } },
{ "type": "Feature", "properties": { "Transect": 1399 }, "geometry": { "type": "LineString", "coordinates": [ [ 746647.003003074671142, 1959138.817592153092846 ], [ 746622.290621871245094, 1961138.664910879218951 ] ] } },
{ "type": "Feature", "properties": { "Transect": 1400 }, "geometry": { "type": "LineString", "coordinates": [ [ 747374.634024270693772, 1959455.899052236462012 ], [ 745913.722438570694067, 1960821.819012837251648 ] ] } },
{ "type": "Feature", "properties": { "Transect": 1401 }, "geometry": { "type": "LineString", "coordinates": [ [ 746665.943958007497713, 1959148.998212246922776 ], [ 746641.22954445774667, 1961148.84550585760735 ] ] } },
{ "type": "Feature", "properties": { "Transect": 1402 }, "geometry": { "type": "LineString", "coordinates": [ [ 747393.574826200841926, 1959466.080596638843417 ], [ 745932.661506633390673, 1960831.998702789656818 ] ] } },
{ "type": "Feature", "properties": { "Transect": 1403 }, "geometry": { "type": "LineString", "coordinates": [ [ 746713.35770029888954, 1959169.477329476270825 ], [ 746688.638266633846797, 1961169.324561041314155 ] ] } },
{ "type": "Feature", "properties": { "Transect": 1404 }, "geometry": { "type": "LineString", "coordinates": [ [ 747440.988111748360097, 1959486.561910326359794 ], [ 745980.070671498775482, 1960852.475609201239422 ] ] } },
{ "type": "Feature", "properties": { "Transect": 1405 }, "geometry": { "type": "LineString", "coordinates": [ [ 746732.298598579596728, 1959179.658020406030118 ], [ 746707.577132458798587, 1961179.505226847715676 ] ] } },
{ "type": "Feature", "properties": { "Transect": 1406 }, "geometry": { "type": "LineString", "coordinates": [ [ 747459.928857026738115, 1959496.743525630794466 ], [ 745999.009682794217952, 1960862.655369916465133 ] ] } },
{ "type": "Feature", "properties": { "Transect": 1407 }, "geometry": { "type": "LineString", "coordinates": [ [ 747469.337857685284689, 1959506.806978503707796 ], [ 746008.417602156521752, 1960872.71766628138721 ] ] } },
{ "type": "Feature", "properties": { "Transect": 1408 }, "geometry": { "type": "LineString", "coordinates": [ [ 747478.746848821872845, 1959516.870437161065638 ], [ 746017.825511794770136, 1960882.779968212824315 ] ] } },
{ "type": "Feature", "properties": { "Transect": 1409 }, "geometry": { "type": "LineString", "coordinates": [ [ 746770.057447212398984, 1959209.964511312544346 ], [ 746745.331794927711599, 1961209.811666002031416 ] ] } },
{ "type": "Feature", "properties": { "Transect": 1410 }, "geometry": { "type": "LineString", "coordinates": [ [ 746779.589317055651918, 1959210.082361168693751 ], [ 746754.862709299661219, 1961209.929504044819623 ] ] } },
{ "type": "Feature", "properties": { "Transect": 1411 }, "geometry": { "type": "LineString", "coordinates": [ [ 746789.121187468292192, 1959210.200215586693957 ], [ 746764.393624098272994, 1961210.047346647130325 ] ] } },
{ "type": "Feature", "properties": { "Transect": 1412 }, "geometry": { "type": "LineString", "coordinates": [ [ 746798.653058310505003, 1959210.318074565613642 ], [ 746773.924539465922862, 1961210.165193811291829 ] ] } },
{ "type": "Feature", "properties": { "Transect": 1413 }, "geometry": { "type": "LineString", "coordinates": [ [ 746808.184929696260951, 1959210.435938105685636 ], [ 746783.455455283285119, 1961210.283045535674319 ] ] } },
{ "type": "Feature", "properties": { "Transect": 1414 }, "geometry": { "type": "LineString", "coordinates": [ [ 746817.716801531147212, 1959210.55380620690994 ], [ 746792.986371647566557, 1961210.400901821209118 ] ] } },
{ "type": "Feature", "properties": { "Transect": 1415 }, "geometry": { "type": "LineString", "coordinates": [ [ 746827.248673935420811, 1959210.671678869519383 ], [ 746802.51728843851015, 1961210.518762666732073 ] ] } },
{ "type": "Feature", "properties": { "Transect": 1416 }, "geometry": { "type": "LineString", "coordinates": [ [ 746836.780546819791198, 1959210.789556093746796 ], [ 746812.048205748200417, 1961210.636628073407337 ] ] } },
{ "type": "Feature", "properties": { "Transect": 1417 }, "geometry": { "type": "LineString", "coordinates": [ [ 746846.312420170055702, 1959210.907437879126519 ], [ 746821.579123582923785, 1961210.75449804123491 ] ] } },
{ "type": "Feature", "properties": { "Transect": 1418 }, "geometry": { "type": "LineString", "coordinates": [ [ 746855.84429399704095, 1959211.02532422519289 ], [ 746831.110041939769872, 1961210.872372570214793 ] ] } },
{ "type": "Feature", "properties": { "Transect": 1419 }, "geometry": { "type": "LineString", "coordinates": [ [ 747583.473036923212931, 1959528.116036337334663 ], [ 746122.544092193478718, 1960894.017430454492569 ] ] } },
{ "type": "Feature", "properties": { "Transect": 1420 }, "geometry": { "type": "LineString", "coordinates": [ [ 746874.785095368279144, 1959221.206164246425033 ], [ 746850.048810807289556, 1961221.05318745225668 ] ] } },
{ "type": "Feature", "properties": { "Transect": 1421 }, "geometry": { "type": "LineString", "coordinates": [ [ 746884.316965979640372, 1959221.324064796324819 ], [ 746859.579725850722753, 1961221.171076182741672 ] ] } },
{ "type": "Feature", "properties": { "Transect": 1422 }, "geometry": { "type": "LineString", "coordinates": [ [ 747611.945405001635663, 1959538.416049056919292 ], [ 746151.01407347957138, 1960904.314890324836597 ] ] } },
{ "type": "Feature", "properties": { "Transect": 1423 }, "geometry": { "type": "LineString", "coordinates": [ [ 747621.354316060780548, 1959548.479585643159226 ], [ 746160.42190318449866, 1960914.377270320663229 ] ] } },
{ "type": "Feature", "properties": { "Transect": 1424 }, "geometry": { "type": "LineString", "coordinates": [ [ 747900.219959421665408, 1960253.861358220223337 ], [ 745900.372981341206469, 1960229.121425678953528 ] ] } },
{ "type": "Feature", "properties": { "Transect": 1425 }, "geometry": { "type": "LineString", "coordinates": [ [ 747900.096929260413162, 1960263.806474114069715 ], [ 745900.249952681479044, 1960239.066420186543837 ] ] } },
{ "type": "Feature", "properties": { "Transect": 1426 }, "geometry": { "type": "LineString", "coordinates": [ [ 747639.926468131132424, 1959588.497246342943981 ], [ 746178.991034590639174, 1960954.391700180945918 ] ] } },
{ "type": "Feature", "properties": { "Transect": 1427 }, "geometry": { "type": "LineString", "coordinates": [ [ 746931.238455338985659, 1959281.583978139795363 ], [ 746906.495708942995407, 1961281.430921408347785 ] ] } },
{ "type": "Feature", "properties": { "Transect": 1428 }, "geometry": { "type": "LineString", "coordinates": [ [ 747658.867033248418011, 1959598.679075389634818 ], [ 746197.929865558049642, 1960964.571674410719424 ] ] } },
{ "type": "Feature", "properties": { "Transect": 1429 }, "geometry": { "type": "LineString", "coordinates": [ [ 746950.179155727848411, 1959291.764903109753504 ], [ 746925.434376867720857, 1961291.611821231199428 ] ] } },
{ "type": "Feature", "properties": { "Transect": 1430 }, "geometry": { "type": "LineString", "coordinates": [ [ 746959.71099706122186, 1959291.882843790110201 ], [ 746934.965262533747591, 1961291.729750086553395 ] ] } },
{ "type": "Feature", "properties": { "Transect": 1431 }, "geometry": { "type": "LineString", "coordinates": [ [ 746978.774681171635166, 1959292.118738835444674 ], [ 746954.027035411680117, 1961291.965621481416747 ] ] } },
{ "type": "Feature", "properties": { "Transect": 1432 }, "geometry": { "type": "LineString", "coordinates": [ [ 747706.402653201366775, 1959609.215803631115705 ], [ 746245.461793374153785, 1960975.104453590232879 ] ] } },
{ "type": "Feature", "properties": { "Transect": 1433 }, "geometry": { "type": "LineString", "coordinates": [ [ 747725.220305549213663, 1959629.342992636142299 ], [ 746264.277282681083307, 1960995.229329024674371 ] ] } },
{ "type": "Feature", "properties": { "Transect": 1434 }, "geometry": { "type": "LineString", "coordinates": [ [ 747734.629117237520404, 1959639.406595604959875 ], [ 746273.685012945323251, 1961005.291775308549404 ] ] } },
{ "type": "Feature", "properties": { "Transect": 1435 }, "geometry": { "type": "LineString", "coordinates": [ [ 747025.941781127010472, 1959332.488807008834556 ], [ 747001.18887176096905, 1961332.335624512052163 ] ] } },
{ "type": "Feature", "properties": { "Transect": 1436 }, "geometry": { "type": "LineString", "coordinates": [ [ 747753.569594165426679, 1959649.58852672111243 ], [ 746292.623755622073077, 1961015.471851475536823 ] ] } },
{ "type": "Feature", "properties": { "Transect": 1437 }, "geometry": { "type": "LineString", "coordinates": [ [ 747044.882393450126983, 1959342.669833989348263 ], [ 747020.127451267908327, 1961342.516626330558211 ] ] } },
{ "type": "Feature", "properties": { "Transect": 1438 }, "geometry": { "type": "LineString", "coordinates": [ [ 747082.886625968385488, 1959353.086883010342717 ], [ 747058.127739980816841, 1961352.933626529760659 ] ] } },
{ "type": "Feature", "properties": { "Transect": 1439 }, "geometry": { "type": "LineString", "coordinates": [ [ 747810.513831018586643, 1959670.189147117547691 ], [ 746349.563218775088899, 1961036.067365915048867 ] ] } },
{ "type": "Feature", "properties": { "Transect": 1440 }, "geometry": { "type": "LineString", "coordinates": [ [ 747111.359011416789144, 1959363.385987388202921 ], [ 747086.597137043019757, 1961363.232693908037618 ] ] } },
{ "type": "Feature", "properties": { "Transect": 1441 }, "geometry": { "type": "LineString", "coordinates": [ [ 747120.89082783611957, 1959363.504009254742414 ], [ 747096.127997941221111, 1961363.350703943055123 ] ] } },
{ "type": "Feature", "properties": { "Transect": 1442 }, "geometry": { "type": "LineString", "coordinates": [ [ 747130.422644825302996, 1959363.622035683365539 ], [ 747105.658859266783111, 1961363.468718537827954 ] ] } },
{ "type": "Feature", "properties": { "Transect": 1443 }, "geometry": { "type": "LineString", "coordinates": [ [ 747139.954462293884717, 1959363.740066673373803 ], [ 747115.189721113187261, 1961363.586737694451585 ] ] } },
{ "type": "Feature", "properties": { "Transect": 1444 }, "geometry": { "type": "LineString", "coordinates": [ [ 747149.486280259909108, 1959363.858102225000039 ], [ 747124.720583456801251, 1961363.704761412227526 ] ] } },
{ "type": "Feature", "properties": { "Transect": 1445 }, "geometry": { "type": "LineString", "coordinates": [ [ 747877.112577505758964, 1959680.963029434438795 ], [ 746416.156967514776625, 1961046.835902594961226 ] ] } },
{ "type": "Feature", "properties": { "Transect": 1446 }, "geometry": { "type": "LineString", "coordinates": [ [ 747168.426813250756823, 1959374.03925791871734 ], [ 747143.659083734150045, 1961373.885891932295635 ] ] } },
{ "type": "Feature", "properties": { "Transect": 1447 }, "geometry": { "type": "LineString", "coordinates": [ [ 747177.958628003136255, 1959374.157307676039636 ], [ 747153.189942767261527, 1961374.00392985297367 ] ] } },
{ "type": "Feature", "properties": { "Transect": 1448 }, "geometry": { "type": "LineString", "coordinates": [ [ 747905.58462122711353, 1959691.26350712380372 ], [ 746444.626624323660508, 1961057.133827206911519 ] ] } },
{ "type": "Feature", "properties": { "Transect": 1449 }, "geometry": { "type": "LineString", "coordinates": [ [ 747196.8991396141937, 1959384.338493417482823 ], [ 747172.128421607310884, 1961384.185090416576713 ] ] } },
{ "type": "Feature", "properties": { "Transect": 1450 }, "geometry": { "type": "LineString", "coordinates": [ [ 747924.524979762732983, 1959701.445617355406284 ], [ 746463.565248715458438, 1961067.314082566648722 ] ] } },
{ "type": "Feature", "properties": { "Transect": 1451 }, "geometry": { "type": "LineString", "coordinates": [ [ 747215.839633579016663, 1959394.519699562108144 ], [ 747191.066882800194435, 1961394.366271381964907 ] ] } },
{ "type": "Feature", "properties": { "Transect": 1452 }, "geometry": { "type": "LineString", "coordinates": [ [ 747943.465320824761875, 1959711.627748176921159 ], [ 746482.503855287912302, 1961077.494358141440898 ] ] } },
{ "type": "Feature", "properties": { "Transect": 1453 }, "geometry": { "type": "LineString", "coordinates": [ [ 747234.780109895626083, 1959404.700926112476736 ], [ 747210.005326342768967, 1961404.547472750302404 ] ] } },
{ "type": "Feature", "properties": { "Transect": 1454 }, "geometry": { "type": "LineString", "coordinates": [ [ 747244.311913832440041, 1959404.819009362254292 ], [ 747219.536174615728669, 1961404.665544161107391 ] ] } },
{ "type": "Feature", "properties": { "Transect": 1455 }, "geometry": { "type": "LineString", "coordinates": [ [ 747971.937297133146785, 1959721.928330305730924 ], [ 746510.97344452526886, 1961087.792387001449242 ] ] } },
{ "type": "Feature", "properties": { "Transect": 1456 }, "geometry": { "type": "LineString", "coordinates": [ [ 747981.345949779381044, 1959731.99207080132328 ], [ 746520.381015708553605, 1961097.854970734799281 ] ] } },
{ "type": "Feature", "properties": { "Transect": 1457 }, "geometry": { "type": "LineString", "coordinates": [ [ 747990.754592929850332, 1959742.055817112326622 ], [ 746529.788577138795517, 1961107.917560006957501 ] ] } },
{ "type": "Feature", "properties": { "Transect": 1458 }, "geometry": { "type": "LineString", "coordinates": [ [ 747282.069641, 1959435.126620572293177 ], [ 747257.2897143982118, 1961434.973103489959612 ] ] } },
{ "type": "Feature", "properties": { "Transect": 1459 }, "geometry": { "type": "LineString", "coordinates": [ [ 747291.6014330846956, 1959435.244728192454204 ], [ 747266.820550958043896, 1961435.091199269751087 ] ] } },
{ "type": "Feature", "properties": { "Transect": 1460 }, "geometry": { "type": "LineString", "coordinates": [ [ 747301.133225762983784, 1959435.362840374698862 ], [ 747276.351387919625267, 1961435.209299609297886 ] ] } },
{ "type": "Feature", "properties": { "Transect": 1461 }, "geometry": { "type": "LineString", "coordinates": [ [ 748028.758149900124408, 1959752.474935041274875 ], [ 746567.789094420266338, 1961118.333426588214934 ] ] } },
{ "type": "Feature", "properties": { "Transect": 1462 }, "geometry": { "type": "LineString", "coordinates": [ [ 748038.166760954190977, 1959762.538707892410457 ], [ 746577.196623880765401, 1961128.396042528562248 ] ] } },
{ "type": "Feature", "properties": { "Transect": 1463 }, "geometry": { "type": "LineString", "coordinates": [ [ 748047.575362456147559, 1959772.602486500749364 ], [ 746586.604143643868156, 1961138.458664069185033 ] ] } },
{ "type": "Feature", "properties": { "Transect": 1464 }, "geometry": { "type": "LineString", "coordinates": [ [ 748326.421010309713893, 1960477.986585166770965 ], [ 746326.574597801198252, 1960453.200976909138262 ] ] } },
{ "type": "Feature", "properties": { "Transect": 1465 }, "geometry": { "type": "LineString", "coordinates": [ [ 748056.860911916708574, 1959792.611580488504842 ], [ 746595.888182399561629, 1961158.466142148477957 ] ] } },
{ "type": "Feature", "properties": { "Transect": 1466 }, "geometry": { "type": "LineString", "coordinates": [ [ 748066.269488776451908, 1959802.675371028250083 ], [ 746605.295677567482926, 1961168.528775666607544 ] ] } },
{ "type": "Feature", "properties": { "Transect": 1467 }, "geometry": { "type": "LineString", "coordinates": [ [ 748075.678056048694998, 1959812.739167289342731 ], [ 746614.703163070604205, 1961178.591414820868522 ] ] } },
{ "type": "Feature", "properties": { "Transect": 1468 }, "geometry": { "type": "LineString", "coordinates": [ [ 747366.9933157262858, 1959505.805331554496661 ], [ 747342.203936913516372, 1961505.651697328081354 ] ] } },
{ "type": "Feature", "properties": { "Transect": 1469 }, "geometry": { "type": "LineString", "coordinates": [ [ 747376.52507905929815, 1959505.923483876744285 ], [ 747351.73474457312841, 1961505.76983780390583 ] ] } },
{ "type": "Feature", "properties": { "Transect": 1470 }, "geometry": { "type": "LineString", "coordinates": [ [ 747386.056842888123356, 1959506.041640760842711 ], [ 747361.265552732511424, 1961505.887982841115445 ] ] } },
{ "type": "Feature", "properties": { "Transect": 1471 }, "geometry": { "type": "LineString", "coordinates": [ [ 748113.68145062145777, 1959823.158469235990196 ], [ 746652.703517985763028, 1961189.007465410511941 ] ] } },
{ "type": "Feature", "properties": { "Transect": 1472 }, "geometry": { "type": "LineString", "coordinates": [ [ 747404.997140252962708, 1959516.223053197842091 ], [ 747380.203817064408213, 1961516.069370074663311 ] ] } },
{ "type": "Feature", "properties": { "Transect": 1473 }, "geometry": { "type": "LineString", "coordinates": [ [ 747414.528900868725032, 1959516.341224289266393 ], [ 747389.734621912473813, 1961516.187529316404834 ] ] } },
{ "type": "Feature", "properties": { "Transect": 1474 }, "geometry": { "type": "LineString", "coordinates": [ [ 747424.060661934199743, 1959516.459399942308664 ], [ 747399.265427308971994, 1961516.305693120695651 ] ] } },
{ "type": "Feature", "properties": { "Transect": 1475 }, "geometry": { "type": "LineString", "coordinates": [ [ 748151.684814584907144, 1959833.577848512446508 ], [ 746690.703842119080946, 1961199.423593131126836 ] ] } },
{ "type": "Feature", "properties": { "Transect": 1476 }, "geometry": { "type": "LineString", "coordinates": [ [ 748161.093327464303002, 1959843.641692362492904 ], [ 746700.111273133894429, 1961209.486279760254547 ] ] } },
{ "type": "Feature", "properties": { "Transect": 1477 }, "geometry": { "type": "LineString", "coordinates": [ [ 748170.501830670866184, 1959853.705541844246909 ], [ 746709.518694566446356, 1961219.548972117016092 ] ] } },
{ "type": "Feature", "properties": { "Transect": 1478 }, "geometry": { "type": "LineString", "coordinates": [ [ 748179.910324261873029, 1959863.769397018710151 ], [ 746718.926106361323036, 1961229.611670140409842 ] ] } },
{ "type": "Feature", "properties": { "Transect": 1479 }, "geometry": { "type": "LineString", "coordinates": [ [ 747471.226408306509256, 1959556.830701912287623 ], [ 747446.425908447476104, 1961556.676929802633822 ] ] } },
{ "type": "Feature", "properties": { "Transect": 1480 }, "geometry": { "type": "LineString", "coordinates": [ [ 748198.850401681265794, 1959873.951806052587926 ], [ 746737.864449447835796, 1961239.792224028613418 ] ] } },
{ "type": "Feature", "properties": { "Transect": 1481 }, "geometry": { "type": "LineString", "coordinates": [ [ 747490.166621145908721, 1959567.012206742074341 ], [ 747465.364088344736956, 1961566.858409420121461 ] ] } },
{ "type": "Feature", "properties": { "Transect": 1482 }, "geometry": { "type": "LineString", "coordinates": [ [ 747499.698362456285395, 1959567.130421495996416 ], [ 747474.894873887184076, 1961566.976612320169806 ] ] } },
{ "type": "Feature", "properties": { "Transect": 1483 }, "geometry": { "type": "LineString", "coordinates": [ [ 747509.230104215675965, 1959567.248640811536461 ], [ 747484.425659979460761, 1961567.094819782767445 ] ] } },
{ "type": "Feature", "properties": { "Transect": 1484 }, "geometry": { "type": "LineString", "coordinates": [ [ 747518.761846503126435, 1959567.366864689392969 ], [ 747493.956446544849314, 1961567.213031806284562 ] ] } },
{ "type": "Feature", "properties": { "Transect": 1485 }, "geometry": { "type": "LineString", "coordinates": [ [ 747528.293589311651886, 1959567.485093129565939 ], [ 747503.487233585678041, 1961567.331248391186818 ] ] } },
{ "type": "Feature", "properties": { "Transect": 1486 }, "geometry": { "type": "LineString", "coordinates": [ [ 747537.825332619599067, 1959567.603326131822541 ], [ 747513.018021125928499, 1961567.449469538172707 ] ] } },
{ "type": "Feature", "properties": { "Transect": 1487 }, "geometry": { "type": "LineString", "coordinates": [ [ 747556.888820661231875, 1959567.839805821655318 ], [ 747532.079597779782489, 1961567.685925516998395 ] ] } },
{ "type": "Feature", "properties": { "Transect": 1488 }, "geometry": { "type": "LineString", "coordinates": [ [ 747566.420565371168777, 1959567.958052509231493 ], [ 747541.61038691480644, 1961567.804160349769518 ] ] } },
{ "type": "Feature", "properties": { "Transect": 1489 }, "geometry": { "type": "LineString", "coordinates": [ [ 747575.952310722786933, 1959568.076303759822622 ], [ 747551.141176404664293, 1961567.922399741830304 ] ] } },
{ "type": "Feature", "properties": { "Transect": 1490 }, "geometry": { "type": "LineString", "coordinates": [ [ 747585.484056429355405, 1959568.19455957156606 ], [ 747560.671966540743597, 1961568.040643697837368 ] ] } },
{ "type": "Feature", "properties": { "Transect": 1491 }, "geometry": { "type": "LineString", "coordinates": [ [ 747595.015802756766789, 1959568.312819946091622 ], [ 747570.202757055754773, 1961568.158892213366926 ] ] } },
{ "type": "Feature", "properties": { "Transect": 1492 }, "geometry": { "type": "LineString", "coordinates": [ [ 747604.547549514565617, 1959568.431084882235155 ], [ 747579.733548141783103, 1961568.277145291911438 ] ] } },
{ "type": "Feature", "properties": { "Transect": 1493 }, "geometry": { "type": "LineString", "coordinates": [ [ 747614.079296793555841, 1959568.549354380695149 ], [ 747589.264339703368023, 1961568.395402931375429 ] ] } },
{ "type": "Feature", "properties": { "Transect": 1494 }, "geometry": { "type": "LineString", "coordinates": [ [ 747623.611044594552368, 1959568.667628441238776 ], [ 747598.795131742022932, 1961568.51366513245739 ] ] } },
{ "type": "Feature", "properties": { "Transect": 1495 }, "geometry": { "type": "LineString", "coordinates": [ [ 748351.232771050883457, 1959885.794525583274662 ], [ 746890.235946127446368, 1961251.623313376214355 ] ] } },
{ "type": "Feature", "properties": { "Transect": 1496 }, "geometry": { "type": "LineString", "coordinates": [ [ 748360.641167629393749, 1959895.858479171292856 ], [ 746899.643260843236931, 1961261.686109718633816 ] ] } },
{ "type": "Feature", "properties": { "Transect": 1497 }, "geometry": { "type": "LineString", "coordinates": [ [ 747651.959572040825151, 1959588.912676046835259 ], [ 747627.140548472641967, 1961588.758674135198817 ] ] } },
{ "type": "Feature", "properties": { "Transect": 1498 }, "geometry": { "type": "LineString", "coordinates": [ [ 747661.491312223020941, 1959589.030969397863373 ], [ 747636.671333087608218, 1961588.876955626765266 ] ] } },
{ "type": "Feature", "properties": { "Transect": 1499 }, "geometry": { "type": "LineString", "coordinates": [ [ 748389.112732631037943, 1959906.159716081572697 ], [ 746928.112438479089178, 1961271.984792907955125 ] ] } },
{ "type": "Feature", "properties": { "Transect": 1500 }, "geometry": { "type": "LineString", "coordinates": [ [ 748398.52110136533156, 1959916.223691126564518 ], [ 746937.519725488498807, 1961282.047610848909244 ] ] } },
{ "type": "Feature", "properties": { "Transect": 1501 }, "geometry": { "type": "LineString", "coordinates": [ [ 748407.929460546933115, 1959926.287671930389479 ], [ 746946.92700279946439, 1961292.110434391302988 ] ] } },
{ "type": "Feature", "properties": { "Transect": 1502 }, "geometry": { "type": "LineString", "coordinates": [ [ 747699.248124057194218, 1959619.339493893785402 ], [ 747674.423956528073177, 1961619.18542813626118 ] ] } },
{ "type": "Feature", "properties": { "Transect": 1503 }, "geometry": { "type": "LineString", "coordinates": [ [ 747708.779852482606657, 1959619.457811619853601 ], [ 747683.954729337128811, 1961619.303734 ] ] } },
{ "type": "Feature", "properties": { "Transect": 1504 }, "geometry": { "type": "LineString", "coordinates": [ [ 747718.311581510701217, 1959619.576133908936754 ], [ 747693.485502546071075, 1961619.422044423641637 ] ] } },
{ "type": "Feature", "properties": { "Transect": 1505 }, "geometry": { "type": "LineString", "coordinates": [ [ 747727.843311059870757, 1959619.6944607605692 ], [ 747703.016276230919175, 1961619.54035940929316 ] ] } },
{ "type": "Feature", "properties": { "Transect": 1506 }, "geometry": { "type": "LineString", "coordinates": [ [ 747737.375040960381739, 1959619.812792173353955 ], [ 747712.547050563967787, 1961619.65867895889096 ] ] } },
{ "type": "Feature", "properties": { "Transect": 1507 }, "geometry": { "type": "LineString", "coordinates": [ [ 747746.906771487439983, 1959619.931128149153665 ], [ 747722.077825272805057, 1961619.777003067778423 ] ] } },
{ "type": "Feature", "properties": { "Transect": 1508 }, "geometry": { "type": "LineString", "coordinates": [ [ 747756.43850241356995, 1959620.049468686105683 ], [ 747731.608600579784252, 1961619.895331740146503 ] ] } },
{ "type": "Feature", "properties": { "Transect": 1509 }, "geometry": { "type": "LineString", "coordinates": [ [ 747765.970233962056227, 1959620.167813786072657 ], [ 747741.13937626441475, 1961620.013664972269908 ] ] } },
{ "type": "Feature", "properties": { "Transect": 1510 }, "geometry": { "type": "LineString", "coordinates": [ [ 747775.501965938601643, 1959620.286163448123261 ], [ 747750.670152520528063, 1961620.132002767408267 ] ] } },
{ "type": "Feature", "properties": { "Transect": 1511 }, "geometry": { "type": "LineString", "coordinates": [ [ 748503.122020887560211, 1959937.419770738342777 ], [ 747042.112606801441871, 1961303.235092058079317 ] ] } },
{ "type": "Feature", "properties": { "Transect": 1512 }, "geometry": { "type": "LineString", "coordinates": [ [ 748512.530322544858791, 1959947.483808736782521 ], [ 747051.519826448638923, 1961313.297972632106394 ] ] } },
{ "type": "Feature", "properties": { "Transect": 1513 }, "geometry": { "type": "LineString", "coordinates": [ [ 748521.938614516751841, 1959957.547852356685326 ], [ 747060.927036524284631, 1961323.360858947271481 ] ] } },
{ "type": "Feature", "properties": { "Transect": 1514 }, "geometry": { "type": "LineString", "coordinates": [ [ 748800.763463159790263, 1960662.935618757037446 ], [ 746800.917670674389228, 1960638.100033843657002 ] ] } },
{ "type": "Feature", "properties": { "Transect": 1515 }, "geometry": { "type": "LineString", "coordinates": [ [ 748531.223605627776124, 1959977.557238892186433 ], [ 747070.210516594001092, 1961343.368629118427634 ] ] } },
{ "type": "Feature", "properties": { "Transect": 1516 }, "geometry": { "type": "LineString", "coordinates": [ [ 748540.631872954545543, 1959987.621294448152184 ], [ 747079.617702071787789, 1961353.431527415756136 ] ] } },
{ "type": "Feature", "properties": { "Transect": 1517 }, "geometry": { "type": "LineString", "coordinates": [ [ 747831.951643762877211, 1959680.667014026781544 ], [ 747807.113364816177636, 1961680.512773053953424 ] ] } },
{ "type": "Feature", "properties": { "Transect": 1518 }, "geometry": { "type": "LineString", "coordinates": [ [ 747841.483350775321014, 1959680.78539875568822 ], [ 747816.644115914939903, 1961680.631145909894258 ] ] } },
{ "type": "Feature", "properties": { "Transect": 1519 }, "geometry": { "type": "LineString", "coordinates": [ [ 748569.103242027340457, 1959997.922816097270697 ], [ 747108.086683774366975, 1961363.730495278723538 ] ] } },
{ "type": "Feature", "properties": { "Transect": 1520 }, "geometry": { "type": "LineString", "coordinates": [ [ 748847.925525068305433, 1960703.310579752316698 ], [ 746848.079797990620136, 1960678.469728537136689 ] ] } },
{ "type": "Feature", "properties": { "Transect": 1521 }, "geometry": { "type": "LineString", "coordinates": [ [ 748578.388164267293178, 1960017.932233492843807 ], [ 747117.370094720856287, 1961383.738296028226614 ] ] } },
{ "type": "Feature", "properties": { "Transect": 1522 }, "geometry": { "type": "LineString", "coordinates": [ [ 748587.796388856484555, 1960027.996316896984354 ], [ 747126.777237397036515, 1961393.80122209736146 ] ] } },
{ "type": "Feature", "properties": { "Transect": 1523 }, "geometry": { "type": "LineString", "coordinates": [ [ 747879.11625983286649, 1959721.039433109806851 ], [ 747854.272714430931956, 1961720.885126719949767 ] ] } },
{ "type": "Feature", "properties": { "Transect": 1524 }, "geometry": { "type": "LineString", "coordinates": [ [ 747888.647950229234993, 1959721.157842737156898 ], [ 747863.803449062164873, 1961721.00352447386831 ] ] } },
{ "type": "Feature", "properties": { "Transect": 1525 }, "geometry": { "type": "LineString", "coordinates": [ [ 747898.17964110232424, 1959721.276256926357746 ], [ 747873.33418421947863, 1961721.121926790103316 ] ] } },
{ "type": "Feature", "properties": { "Transect": 1526 }, "geometry": { "type": "LineString", "coordinates": [ [ 747907.711332577862777, 1959721.39467567903921 ], [ 747882.864919777377509, 1961721.240333666559309 ] ] } },
{ "type": "Feature", "properties": { "Transect": 1527 }, "geometry": { "type": "LineString", "coordinates": [ [ 747917.243024428957142, 1959721.513098993338645 ], [ 747892.395655957865529, 1961721.358745106961578 ] ] } },
{ "type": "Feature", "properties": { "Transect": 1528 }, "geometry": { "type": "LineString", "coordinates": [ [ 747926.774716877262108, 1959721.631526870420203 ], [ 747901.926392541150562, 1961721.477161107817665 ] ] } },
{ "type": "Feature", "properties": { "Transect": 1529 }, "geometry": { "type": "LineString", "coordinates": [ [ 747936.306409726734273, 1959721.749959309352562 ], [ 747911.457129723974504, 1961721.595581671921536 ] ] } },
{ "type": "Feature", "properties": { "Transect": 1530 }, "geometry": { "type": "LineString", "coordinates": [ [ 747945.838103227550164, 1959721.868396311765537 ], [ 747920.987867258489132, 1961721.714006795780733 ] ] } },
{ "type": "Feature", "properties": { "Transect": 1531 }, "geometry": { "type": "LineString", "coordinates": [ [ 747955.369797054328956, 1959721.986837875330821 ], [ 747930.518605464720167, 1961721.83243648451753 ] ] } },
{ "type": "Feature", "properties": { "Transect": 1532 }, "geometry": { "type": "LineString", "coordinates": [ [ 747974.433186405571178, 1959722.22373469104059 ], [ 747949.580083184177056, 1961722.069309544516727 ] ] } },
{ "type": "Feature", "properties": { "Transect": 1533 }, "geometry": { "type": "LineString", "coordinates": [ [ 746971.615067476523109, 1960709.838211341062561 ], [ 748971.460637148120441, 1960734.691731518832967 ] ] } },
{ "type": "Feature", "properties": { "Transect": 1534 }, "geometry": { "type": "LineString", "coordinates": [ [ 748003.151817824458703, 1959712.633994777686894 ], [ 747978.295969177270308, 1961712.479535510297865 ] ] } },
{ "type": "Feature", "properties": { "Transect": 1535 }, "geometry": { "type": "LineString", "coordinates": [ [ 748012.683519483893178, 1959712.752463194075972 ], [ 747987.826715075294487, 1961712.597992047201842 ] ] } },
{ "type": "Feature", "properties": { "Transect": 1536 }, "geometry": { "type": "LineString", "coordinates": [ [ 748022.21522162493784, 1959712.870936172315851 ], [ 747997.357461495674215, 1961712.716453146422282 ] ] } },
{ "type": "Feature", "properties": { "Transect": 1537 }, "geometry": { "type": "LineString", "coordinates": [ [ 748749.832690501003526, 1960030.015648936852813 ], [ 747288.802442178945057, 1961395.808683583047241 ] ] } },
{ "type": "Feature", "properties": { "Transect": 1538 }, "geometry": { "type": "LineString", "coordinates": [ [ 749028.647916364017874, 1960735.405451532686129 ], [ 747028.802419486222789, 1960710.546074685407802 ] ] } },
{ "type": "Feature", "properties": { "Transect": 1539 }, "geometry": { "type": "LineString", "coordinates": [ [ 749028.524291303590871, 1960745.350633264984936 ], [ 747028.678795941523276, 1960720.491134474985301 ] ] } },
{ "type": "Feature", "properties": { "Transect": 1540 }, "geometry": { "type": "LineString", "coordinates": [ [ 749028.400665635592304, 1960755.295815074350685 ], [ 747028.55517178948503, 1960730.436194339767098 ] ] } },
{ "type": "Feature", "properties": { "Transect": 1541 }, "geometry": { "type": "LineString", "coordinates": [ [ 749028.277039359905757, 1960765.240996981970966 ], [ 747028.431547030224465, 1960740.381254257168621 ] ] } },
{ "type": "Feature", "properties": { "Transect": 1542 }, "geometry": { "type": "LineString", "coordinates": [ [ 748758.747190707130358, 1960079.861226350069046 ], [ 747297.714143432676792, 1961445.651266865897924 ] ] } },
{ "type": "Feature", "properties": { "Transect": 1543 }, "geometry": { "type": "LineString", "coordinates": [ [ 748768.155302171246149, 1960089.925409975927323 ], [ 747307.121172940009274, 1961455.714293084107339 ] ] } },
{ "type": "Feature", "properties": { "Transect": 1544 }, "geometry": { "type": "LineString", "coordinates": [ [ 748777.563404065091163, 1960099.989599345717579 ], [ 747316.528192764613777, 1961465.777324924245477 ] ] } },
{ "type": "Feature", "properties": { "Transect": 1545 }, "geometry": { "type": "LineString", "coordinates": [ [ 749056.376074953470379, 1960805.37862744461745 ], [ 747056.530624335864559, 1960780.515529398340732 ] ] } },
{ "type": "Feature", "properties": { "Transect": 1546 }, "geometry": { "type": "LineString", "coordinates": [ [ 749056.252431358559988, 1960815.323811275651678 ], [ 747056.40698225714732, 1960790.460591283394024 ] ] } },
{ "type": "Feature", "properties": { "Transect": 1547 }, "geometry": { "type": "LineString", "coordinates": [ [ 749056.128787155961618, 1960825.268995203077793 ], [ 747056.283339571207762, 1960800.405653221998364 ] ] } },
{ "type": "Feature", "properties": { "Transect": 1548 }, "geometry": { "type": "LineString", "coordinates": [ [ 748786.601209897780791, 1960139.88985200622119 ], [ 747325.5636287254747, 1961505.675042437622324 ] ] } },
{ "type": "Feature", "properties": { "Transect": 1549 }, "geometry": { "type": "LineString", "coordinates": [ [ 748796.009276399854571, 1960149.95405450486578 ], [ 747334.970613217912614, 1961515.738087464356795 ] ] } },
{ "type": "Feature", "properties": { "Transect": 1550 }, "geometry": { "type": "LineString", "coordinates": [ [ 748805.417333392775618, 1960160.018262813566253 ], [ 747344.377587965806015, 1961525.801138047827408 ] ] } },
{ "type": "Feature", "properties": { "Transect": 1551 }, "geometry": { "type": "LineString", "coordinates": [ [ 748096.738524105749093, 1959853.050635219085962 ], [ 748071.871409731800668, 1961852.896035899408162 ] ] } },
{ "type": "Feature", "properties": { "Transect": 1552 }, "geometry": { "type": "LineString", "coordinates": [ [ 748824.356869158684276, 1960170.201341239502653 ], [ 747363.315388953429647, 1961535.982360700378194 ] ] } },
{ "type": "Feature", "properties": { "Transect": 1553 }, "geometry": { "type": "LineString", "coordinates": [ [ 748833.764902559225447, 1960180.265565921319649 ], [ 747372.722340257721953, 1961546.045427811099216 ] ] } },
{ "type": "Feature", "properties": { "Transect": 1554 }, "geometry": { "type": "LineString", "coordinates": [ [ 748125.086217100382783, 1959873.296467451611534 ], [ 748100.21599116444122, 1961873.141829438740388 ] ] } },
{ "type": "Feature", "properties": { "Transect": 1555 }, "geometry": { "type": "LineString", "coordinates": [ [ 748134.617849131231196, 1959873.415003537898883 ], [ 748109.746667371946387, 1961873.260353638092056 ] ] } },
{ "type": "Feature", "properties": { "Transect": 1556 }, "geometry": { "type": "LineString", "coordinates": [ [ 748144.1494817083003, 1959873.533544187201187 ], [ 748119.277344031841494, 1961873.378882399061695 ] ] } },
{ "type": "Feature", "properties": { "Transect": 1557 }, "geometry": { "type": "LineString", "coordinates": [ [ 748153.681114761740901, 1959873.652089399285614 ], [ 748128.808021216769703, 1961873.497415722813457 ] ] } },
{ "type": "Feature", "properties": { "Transect": 1558 }, "geometry": { "type": "LineString", "coordinates": [ [ 748881.298851367086172, 1960190.805340859340504 ], [ 747420.252595851197839, 1961556.581251923693344 ] ] } },
{ "type": "Feature", "properties": { "Transect": 1559 }, "geometry": { "type": "LineString", "coordinates": [ [ 748172.620743273873813, 1959883.834323479328305 ], [ 748147.745616057771258, 1961883.679624507669359 ] ] } },
{ "type": "Feature", "properties": { "Transect": 1560 }, "geometry": { "type": "LineString", "coordinates": [ [ 748182.152373092598282, 1959883.952882901998237 ], [ 748157.276289959787391, 1961883.798172040143982 ] ] } },
{ "type": "Feature", "properties": { "Transect": 1561 }, "geometry": { "type": "LineString", "coordinates": [ [ 748191.684003341128118, 1959884.071446886984631 ], [ 748166.806964433868416, 1961883.916724135866389 ] ] } },
{ "type": "Feature", "properties": { "Transect": 1562 }, "geometry": { "type": "LineString", "coordinates": [ [ 748201.21563423005864, 1959884.190015435917303 ], [ 748176.337639266159385, 1961884.035280791809782 ] ] } },
{ "type": "Feature", "properties": { "Transect": 1563 }, "geometry": { "type": "LineString", "coordinates": [ [ 748210.747265456244349, 1959884.308588546467945 ], [ 748185.868314767954871, 1961884.153842013096437 ] ] } },
{ "type": "Feature", "properties": { "Transect": 1564 }, "geometry": { "type": "LineString", "coordinates": [ [ 748220.278897253796458, 1959884.427166220033541 ], [ 748195.39899069769308, 1961884.272407795069739 ] ] } },
{ "type": "Feature", "properties": { "Transect": 1565 }, "geometry": { "type": "LineString", "coordinates": [ [ 748947.895725583774038, 1960201.583081614226103 ], [ 747486.844471096410416, 1961567.353644981514663 ] ] } },
{ "type": "Feature", "properties": { "Transect": 1566 }, "geometry": { "type": "LineString", "coordinates": [ [ 749226.700129936332814, 1960906.972838821122423 ], [ 747226.854908477864228, 1960882.091315364697948 ] ] } },
{ "type": "Feature", "properties": { "Transect": 1567 }, "geometry": { "type": "LineString", "coordinates": [ [ 748957.180167522514239, 1960221.592736824415624 ], [ 747496.127401679754257, 1961587.361683397553861 ] ] } },
{ "type": "Feature", "properties": { "Transect": 1568 }, "geometry": { "type": "LineString", "coordinates": [ [ 749235.983793736086227, 1960926.982291919179261 ], [ 747236.138587208115496, 1960902.099568455480039 ] ] } },
{ "type": "Feature", "properties": { "Transect": 1569 }, "geometry": { "type": "LineString", "coordinates": [ [ 749235.860052393632941, 1960936.927486664615571 ], [ 747236.01484738488216, 1960912.044641092885286 ] ] } },
{ "type": "Feature", "properties": { "Transect": 1570 }, "geometry": { "type": "LineString", "coordinates": [ [ 748966.34106210374739, 1960251.547762551344931 ], [ 747505.286355292540975, 1961617.31463273987174 ] ] } },
{ "type": "Feature", "properties": { "Transect": 1571 }, "geometry": { "type": "LineString", "coordinates": [ [ 748975.748988677863963, 1960261.612068329472095 ], [ 747514.693199725006707, 1961627.377780875656754 ] ] } },
{ "type": "Feature", "properties": { "Transect": 1572 }, "geometry": { "type": "LineString", "coordinates": [ [ 748985.156905673095025, 1960271.676379845011979 ], [ 747524.100034478236921, 1961637.440934639889747 ] ] } },
{ "type": "Feature", "properties": { "Transect": 1573 }, "geometry": { "type": "LineString", "coordinates": [ [ 748276.47914549743291, 1959964.699816535459831 ], [ 748251.592527144472115, 1961964.544974598335102 ] ] } },
{ "type": "Feature", "properties": { "Transect": 1574 }, "geometry": { "type": "LineString", "coordinates": [ [ 748286.010742767248303, 1959964.818430330604315 ], [ 748261.123168443329632, 1961964.663576496765018 ] ] } },
{ "type": "Feature", "properties": { "Transect": 1575 }, "geometry": { "type": "LineString", "coordinates": [ [ 749013.627704919781536, 1960281.978615664411336 ], [ 747552.568445859011263, 1961647.740615982562304 ] ] } },
{ "type": "Feature", "properties": { "Transect": 1576 }, "geometry": { "type": "LineString", "coordinates": [ [ 749023.035594072658569, 1960292.042948653921485 ], [ 747561.975252895848826, 1961657.803791349288076 ] ] } },
{ "type": "Feature", "properties": { "Transect": 1577 }, "geometry": { "type": "LineString", "coordinates": [ [ 748314.358105006627738, 1959985.064576145028695 ], [ 748289.467418896500021, 1961984.909683583537117 ] ] } },
{ "type": "Feature", "properties": { "Transect": 1578 }, "geometry": { "type": "LineString", "coordinates": [ [ 749041.974911822122522, 1960302.226263709599152 ], [ 747580.912835613708012, 1961667.985250304685906 ] ] } },
{ "type": "Feature", "properties": { "Transect": 1579 }, "geometry": { "type": "LineString", "coordinates": [ [ 749320.773741951095872, 1961007.615679264534265 ], [ 747320.928654640796594, 1960982.723376013338566 ] ] } },
{ "type": "Feature", "properties": { "Transect": 1580 }, "geometry": { "type": "LineString", "coordinates": [ [ 749051.25920389930252, 1960322.235981877893209 ], [ 747590.1956161003327, 1961687.993351401295513 ] ] } },
{ "type": "Feature", "properties": { "Transect": 1581 }, "geometry": { "type": "LineString", "coordinates": [ [ 749060.667054596706294, 1960332.300337670836598 ], [ 747599.602384562254883, 1961698.056549436878413 ] ] } },
{ "type": "Feature", "properties": { "Transect": 1582 }, "geometry": { "type": "LineString", "coordinates": [ [ 748351.989518680726178, 1960025.319699270883575 ], [ 748327.094520378741436, 1962025.164753033546731 ] ] } },
{ "type": "Feature", "properties": { "Transect": 1583 }, "geometry": { "type": "LineString", "coordinates": [ [ 749079.606316758668981, 1960342.48369577829726 ], [ 747618.539911753614433, 1961708.238051497144625 ] ] } },
{ "type": "Feature", "properties": { "Transect": 1584 }, "geometry": { "type": "LineString", "coordinates": [ [ 749089.014143970329314, 1960352.548068061470985 ], [ 747627.946656663902104, 1961718.301265947520733 ] ] } },
{ "type": "Feature", "properties": { "Transect": 1585 }, "geometry": { "type": "LineString", "coordinates": [ [ 748380.336732022813521, 1960045.56595854787156 ], [ 748355.43862147454638, 1962045.410973565652966 ] ] } },
{ "type": "Feature", "properties": { "Transect": 1586 }, "geometry": { "type": "LineString", "coordinates": [ [ 749107.953374608187005, 1960362.731457377318293 ], [ 747646.884152301587164, 1961728.482799177523702 ] ] } },
{ "type": "Feature", "properties": { "Transect": 1587 }, "geometry": { "type": "LineString", "coordinates": [ [ 748399.276098242611624, 1960055.748443252407014 ], [ 748374.375953753828071, 1962055.593432946596295 ] ] } },
{ "type": "Feature", "properties": { "Transect": 1588 }, "geometry": { "type": "LineString", "coordinates": [ [ 748408.807659123442136, 1960055.867121072253212 ], [ 748383.906558765214868, 1962055.71209886460565 ] ] } },
{ "type": "Feature", "properties": { "Transect": 1589 }, "geometry": { "type": "LineString", "coordinates": [ [ 749136.423997540725395, 1960373.033892827574164 ], [ 747675.352387244813144, 1961738.782679972238839 ] ] } },
{ "type": "Feature", "properties": { "Transect": 1590 }, "geometry": { "type": "LineString", "coordinates": [ [ 749415.217915613087825, 1961078.423470837296918 ], [ 747415.372957957559265, 1961053.520753317279741 ] ] } },
{ "type": "Feature", "properties": { "Transect": 1591 }, "geometry": { "type": "LineString", "coordinates": [ [ 749145.708157591405325, 1960393.043671842198819 ], [ 747684.635035648127086, 1961758.790841831825674 ] ] } },
{ "type": "Feature", "properties": { "Transect": 1592 }, "geometry": { "type": "LineString", "coordinates": [ [ 749155.115928150480613, 1960403.108082740334794 ], [ 747694.041723878355697, 1961768.854094856185839 ] ] } },
{ "type": "Feature", "properties": { "Transect": 1593 }, "geometry": { "type": "LineString", "coordinates": [ [ 749173.931440358748659, 1960423.236921574454755 ], [ 747712.855071464786306, 1961788.980617975816131 ] ] } },
{ "type": "Feature", "properties": { "Transect": 1594 }, "geometry": { "type": "LineString", "coordinates": [ [ 748465.254240921349265, 1960116.250170171493664 ], [ 748440.346671910141595, 1962116.09506740863435 ] ] } },
{ "type": "Feature", "properties": { "Transect": 1595 }, "geometry": { "type": "LineString", "coordinates": [ [ 748503.256567280157469, 1960126.670199236599728 ], [ 748478.345052082207985, 1962126.515047321328893 ] ] } },
{ "type": "Feature", "properties": { "Transect": 1596 }, "geometry": { "type": "LineString", "coordinates": [ [ 749230.872437336714938, 1960443.842055580113083 ], [ 747769.791292290901765, 1961809.580642423126847 ] ] } },
{ "type": "Feature", "properties": { "Transect": 1597 }, "geometry": { "type": "LineString", "coordinates": [ [ 748522.195803664508276, 1960136.852818359388039 ], [ 748497.282254371675663, 1962136.697641104692593 ] ] } },
{ "type": "Feature", "properties": { "Transect": 1598 }, "geometry": { "type": "LineString", "coordinates": [ [ 748531.727333072922193, 1960136.97155968635343 ], [ 748506.812827711110003, 1962136.816370520973578 ] ] } },
{ "type": "Feature", "properties": { "Transect": 1599 }, "geometry": { "type": "LineString", "coordinates": [ [ 749259.342898701434024, 1960454.144688877742738 ], [ 747798.259365833713673, 1961819.880721199791878 ] ] } },
{ "type": "Feature", "properties": { "Transect": 1600 }, "geometry": { "type": "LineString", "coordinates": [ [ 749538.130673666018993, 1961159.534662955906242 ], [ 747538.285882980562747, 1961134.618540294002742 ] ] } },
{ "type": "Feature", "properties": { "Transect": 1601 }, "geometry": { "type": "LineString", "coordinates": [ [ 749538.006765973404981, 1961169.479876221623272 ], [ 747538.161976810428314, 1961144.563631358556449 ] ] } },
{ "type": "Feature", "properties": { "Transect": 1602 }, "geometry": { "type": "LineString", "coordinates": [ [ 749537.882857671822421, 1961179.425089575815946 ], [ 747538.038070031790994, 1961154.50872248550877 ] ] } },
{ "type": "Feature", "properties": { "Transect": 1603 }, "geometry": { "type": "LineString", "coordinates": [ [ 749537.758948761736974, 1961189.370302977506071 ], [ 747537.914162643952295, 1961164.453813713509589 ] ] } },
{ "type": "Feature", "properties": { "Transect": 1604 }, "geometry": { "type": "LineString", "coordinates": [ [ 749277.66346968873404, 1960514.055176151217893 ], [ 747816.576054088538513, 1961879.787054660031572 ] ] } },
{ "type": "Feature", "properties": { "Transect": 1605 }, "geometry": { "type": "LineString", "coordinates": [ [ 749287.071116255829111, 1960524.119665547972545 ], [ 747825.98261814750731, 1961889.850385966943577 ] ] } },
{ "type": "Feature", "properties": { "Transect": 1606 }, "geometry": { "type": "LineString", "coordinates": [ [ 749565.85633502935525, 1961229.508864905452356 ], [ 747566.011590739362873, 1961204.589018687838688 ] ] } },
{ "type": "Feature", "properties": { "Transect": 1607 }, "geometry": { "type": "LineString", "coordinates": [ [ 749296.355042325565591, 1960544.129544492112473 ], [ 747835.265032488154247, 1961909.858647628454491 ] ] } },
{ "type": "Feature", "properties": { "Transect": 1608 }, "geometry": { "type": "LineString", "coordinates": [ [ 749305.762664250796661, 1960554.194045849144459 ], [ 747844.671571929240599, 1961919.921990916598588 ] ] } },
{ "type": "Feature", "properties": { "Transect": 1609 }, "geometry": { "type": "LineString", "coordinates": [ [ 749315.170276509597898, 1960564.258552855579183 ], [ 747854.078101772814989, 1961929.985339926322922 ] ] } },
{ "type": "Feature", "properties": { "Transect": 1610 }, "geometry": { "type": "LineString", "coordinates": [ [ 749324.577879194053821, 1960574.323065608739853 ], [ 747863.484621929819696, 1961940.048694560769945 ] ] } },
{ "type": "Feature", "properties": { "Transect": 1611 }, "geometry": { "type": "LineString", "coordinates": [ [ 749603.360646859044209, 1961279.711960227694362 ], [ 747603.515957841882482, 1961254.787678700871766 ] ] } },
{ "type": "Feature", "properties": { "Transect": 1612 }, "geometry": { "type": "LineString", "coordinates": [ [ 749333.861739265033975, 1960594.332970355404541 ], [ 747872.766970299184322, 1961960.056982042966411 ] ] } },
{ "type": "Feature", "properties": { "Transect": 1613 }, "geometry": { "type": "LineString", "coordinates": [ [ 749343.269317328580655, 1960604.397495091194287 ], [ 747882.173465815722011, 1961970.1203486348968 ] ] } },
{ "type": "Feature", "properties": { "Transect": 1614 }, "geometry": { "type": "LineString", "coordinates": [ [ 749352.676885709282942, 1960614.462025459622964 ], [ 747891.579951750463806, 1961980.183720965636894 ] ] } },
{ "type": "Feature", "properties": { "Transect": 1615 }, "geometry": { "type": "LineString", "coordinates": [ [ 749362.08444442495238, 1960624.526561478385702 ], [ 747900.986428089090623, 1961990.247099018888548 ] ] } },
{ "type": "Feature", "properties": { "Transect": 1616 }, "geometry": { "type": "LineString", "coordinates": [ [ 749371.491993553936481, 1960634.591103230603039 ], [ 747910.392894752323627, 1962000.310482708271593 ] ] } },
{ "type": "Feature", "properties": { "Transect": 1617 }, "geometry": { "type": "LineString", "coordinates": [ [ 749650.271752564236522, 1961339.979659090051427 ], [ 747650.427132274955511, 1961315.049863665131852 ] ] } },
{ "type": "Feature", "properties": { "Transect": 1618 }, "geometry": { "type": "LineString", "coordinates": [ [ 749390.183297323063016, 1960664.665594008751214 ], [ 747929.081603980157524, 1962030.382197741419077 ] ] } },
{ "type": "Feature", "properties": { "Transect": 1619 }, "geometry": { "type": "LineString", "coordinates": [ [ 748681.505669948179275, 1960357.665582913672552 ], [ 748656.573178619146347, 1962357.510169594315812 ] ] } },
{ "type": "Feature", "properties": { "Transect": 1620 }, "geometry": { "type": "LineString", "coordinates": [ [ 748691.037103130016476, 1960357.784413335146382 ], [ 748666.103655727347359, 1962357.628988096257672 ] ] } },
{ "type": "Feature", "properties": { "Transect": 1621 }, "geometry": { "type": "LineString", "coordinates": [ [ 749418.653375887894072, 1960674.968505418393761 ], [ 747957.549294265569188, 1962040.682554063387215 ] ] } },
{ "type": "Feature", "properties": { "Transect": 1622 }, "geometry": { "type": "LineString", "coordinates": [ [ 749428.060872677830048, 1960685.033080775057897 ], [ 747966.955708436784334, 1962050.745971183525398 ] ] } },
{ "type": "Feature", "properties": { "Transect": 1623 }, "geometry": { "type": "LineString", "coordinates": [ [ 748719.383516535512172, 1960378.031259930226952 ], [ 748694.446956274914555, 1962377.875795878469944 ] ] } },
{ "type": "Feature", "properties": { "Transect": 1624 }, "geometry": { "type": "LineString", "coordinates": [ [ 748728.914942200761288, 1960378.150109654059634 ], [ 748703.977425866061822, 1962377.994633680442348 ] ] } },
{ "type": "Feature", "properties": { "Transect": 1625 }, "geometry": { "type": "LineString", "coordinates": [ [ 748738.446368396747857, 1960378.268963941838592 ], [ 748713.507895932532847, 1962378.113476045429707 ] ] } },
{ "type": "Feature", "properties": { "Transect": 1626 }, "geometry": { "type": "LineString", "coordinates": [ [ 748747.977795091108419, 1960378.387822793563828 ], [ 748723.038366501335986, 1962378.232322973897681 ] ] } },
{ "type": "Feature", "properties": { "Transect": 1627 }, "geometry": { "type": "LineString", "coordinates": [ [ 749475.593459115014412, 1960695.574461217271164 ], [ 748014.484600744326599, 1962061.283399457810447 ] ] } },
{ "type": "Feature", "properties": { "Transect": 1628 }, "geometry": { "type": "LineString", "coordinates": [ [ 749754.36818911076989, 1961400.963481389218941 ], [ 747754.523709103581496, 1961376.022435206687078 ] ] } },
{ "type": "Feature", "properties": { "Transect": 1629 }, "geometry": { "type": "LineString", "coordinates": [ [ 749484.877103246748447, 1960715.584464028710499 ], [ 748023.766732833348215, 1962081.291784602915868 ] ] } },
{ "type": "Feature", "properties": { "Transect": 1630 }, "geometry": { "type": "LineString", "coordinates": [ [ 749763.651054731803015, 1961420.973282036138698 ], [ 747763.80658970028162, 1961396.031035088701174 ] ] } },
{ "type": "Feature", "properties": { "Transect": 1631 }, "geometry": { "type": "LineString", "coordinates": [ [ 749763.527016921318136, 1961430.918509876355529 ], [ 747763.682553415070288, 1961405.976140635088086 ] ] } },
{ "type": "Feature", "properties": { "Transect": 1632 }, "geometry": { "type": "LineString", "coordinates": [ [ 749763.402978501049802, 1961440.863737839274108 ], [ 747763.558516521239653, 1961415.921246210113168 ] ] } },
{ "type": "Feature", "properties": { "Transect": 1633 }, "geometry": { "type": "LineString", "coordinates": [ [ 749503.196670414996333, 1960775.495285265147686 ], [ 748042.082416437217034, 1962141.1984509723261 ] ] } },
{ "type": "Feature", "properties": { "Transect": 1634 }, "geometry": { "type": "LineString", "coordinates": [ [ 749781.968622864689678, 1961480.883362739579752 ], [ 747782.124190839240327, 1961455.938469531713054 ] ] } },
{ "type": "Feature", "properties": { "Transect": 1635 }, "geometry": { "type": "LineString", "coordinates": [ [ 748822.617207010393031, 1960508.626071829581633 ], [ 748797.66853898006957, 1962508.470456766663119 ] ] } },
{ "type": "Feature", "properties": { "Transect": 1636 }, "geometry": { "type": "LineString", "coordinates": [ [ 748832.148576292674989, 1960508.744978565722704 ], [ 748807.198952180799097, 1962508.589351574890316 ] ] } },
{ "type": "Feature", "properties": { "Transect": 1637 }, "geometry": { "type": "LineString", "coordinates": [ [ 749559.764815822476521, 1960825.937732302118093 ], [ 748098.644496137974784, 1962191.634408509824425 ] ] } },
{ "type": "Feature", "properties": { "Transect": 1638 }, "geometry": { "type": "LineString", "coordinates": [ [ 749838.533643400645815, 1961531.325772874290124 ], [ 747838.689290574635379, 1961506.374531014589593 ] ] } },
{ "type": "Feature", "properties": { "Transect": 1639 }, "geometry": { "type": "LineString", "coordinates": [ [ 749569.048301153699867, 1960845.947794563835487 ], [ 748107.926469123805873, 1962211.642852754099295 ] ] } },
{ "type": "Feature", "properties": { "Transect": 1640 }, "geometry": { "type": "LineString", "coordinates": [ [ 749578.45563846337609, 1960856.012461520731449 ], [ 748117.332723818253726, 1962221.706361447926611 ] ] } },
{ "type": "Feature", "properties": { "Transect": 1641 }, "geometry": { "type": "LineString", "coordinates": [ [ 749587.862966179847717, 1960866.077134207123891 ], [ 748126.738968841964379, 1962231.769875786965713 ] ] } },
{ "type": "Feature", "properties": { "Transect": 1642 }, "geometry": { "type": "LineString", "coordinates": [ [ 749866.629899711813778, 1961571.464904132299125 ], [ 747866.785588785307482, 1961546.510304262861609 ] ] } },
{ "type": "Feature", "properties": { "Transect": 1643 }, "geometry": { "type": "LineString", "coordinates": [ [ 749597.146400412311777, 1960886.087215898092836 ], [ 748136.020890936488286, 1962251.778339673765004 ] ] } },
{ "type": "Feature", "properties": { "Transect": 1644 }, "geometry": { "type": "LineString", "coordinates": [ [ 749875.912555379560217, 1961591.474783670622855 ], [ 747876.068259438732639, 1961566.518982874695212 ] ] } },
{ "type": "Feature", "properties": { "Transect": 1645 }, "geometry": { "type": "LineString", "coordinates": [ [ 749606.429813789203763, 1960906.097304690396413 ], [ 748145.302791917696595, 1962271.786810382502154 ] ] } },
{ "type": "Feature", "properties": { "Transect": 1646 }, "geometry": { "type": "LineString", "coordinates": [ [ 749885.195190059021115, 1961611.484670206671581 ], [ 747885.3509091057349, 1961586.527668413938954 ] ] } },
{ "type": "Feature", "properties": { "Transect": 1647 }, "geometry": { "type": "LineString", "coordinates": [ [ 748862.146919975988567, 1962688.315947270719334 ], [ 748887.103527555242181, 1960688.471661397954449 ] ] } },
{ "type": "Feature", "properties": { "Transect": 1648 }, "geometry": { "type": "LineString", "coordinates": [ [ 749865.016560772201046, 1961700.752962119178846 ], [ 747865.17226969753392, 1961675.796771380817518 ] ] } },
{ "type": "Feature", "properties": { "Transect": 1649 }, "geometry": { "type": "LineString", "coordinates": [ [ 748852.492421825765632, 1962698.142189460806549 ], [ 748877.448195645934902, 1960698.29789318330586 ] ] } },
{ "type": "Feature", "properties": { "Transect": 1650 }, "geometry": { "type": "LineString", "coordinates": [ [ 749855.361656211549416, 1961710.578786218073219 ], [ 747855.517354731215164, 1961685.623429337050766 ] ] } },
{ "type": "Feature", "properties": { "Transect": 1651 }, "geometry": { "type": "LineString", "coordinates": [ [ 748842.837933195172809, 1962707.968435242539272 ], [ 748867.79287305555772, 1960708.124128558440134 ] ] } },
{ "type": "Feature", "properties": { "Transect": 1652 }, "geometry": { "type": "LineString", "coordinates": [ [ 749845.706761068548076, 1961720.40461388300173 ], [ 747845.862449182546698, 1961695.450090910540894 ] ] } },
{ "type": "Feature", "properties": { "Transect": 1653 }, "geometry": { "type": "LineString", "coordinates": [ [ 749836.051875343429856, 1961730.230445143068209 ], [ 747836.207553051761352, 1961705.276756074046716 ] ] } },
{ "type": "Feature", "properties": { "Transect": 1654 }, "geometry": { "type": "LineString", "coordinates": [ [ 749835.927780540310778, 1961740.175679561682045 ], [ 747836.083459775778465, 1961715.221868108026683 ] ] } },
{ "type": "Feature", "properties": { "Transect": 1655 }, "geometry": { "type": "LineString", "coordinates": [ [ 749835.803685127873905, 1961750.120914023602381 ], [ 747835.959365889779292, 1961725.166980251902714 ] ] } },
{ "type": "Feature", "properties": { "Transect": 1656 }, "geometry": { "type": "LineString", "coordinates": [ [ 748823.280671835294925, 1962747.511282736202702 ], [ 748848.234188665286638, 1960747.666958295507357 ] ] } },
{ "type": "Feature", "properties": { "Transect": 1657 }, "geometry": { "type": "LineString", "coordinates": [ [ 749826.148817125707865, 1961759.94674798916094 ], [ 747826.304487482411787, 1961734.993648101342842 ] ] } },
{ "type": "Feature", "properties": { "Transect": 1658 }, "geometry": { "type": "LineString", "coordinates": [ [ 748813.626219738856889, 1962757.33753839856945 ], [ 748838.57890265842434, 1960757.493203552672639 ] ] } },
{ "type": "Feature", "properties": { "Transect": 1659 }, "geometry": { "type": "LineString", "coordinates": [ [ 749816.493958542938344, 1961769.772585512837395 ], [ 747816.649618494207971, 1961744.820319578284398 ] ] } },
{ "type": "Feature", "properties": { "Transect": 1660 }, "geometry": { "type": "LineString", "coordinates": [ [ 748803.971777088823728, 1962767.163797653280199 ], [ 748828.923626044415869, 1960767.319452402181923 ] ] } },
{ "type": "Feature", "properties": { "Transect": 1661 }, "geometry": { "type": "LineString", "coordinates": [ [ 749806.839109377935529, 1961779.598426640965044 ], [ 747806.994758924469352, 1961754.646994635928422 ] ] } },
{ "type": "Feature", "properties": { "Transect": 1662 }, "geometry": { "type": "LineString", "coordinates": [ [ 748794.317343806615099, 1962776.990060499869287 ], [ 748819.268358898581937, 1960777.14570484450087 ] ] } },
{ "type": "Feature", "properties": { "Transect": 1663 }, "geometry": { "type": "LineString", "coordinates": [ [ 748784.787059854599647, 1962776.871156116947532 ], [ 748809.737118552089669, 1960777.026788529474288 ] ] } },
{ "type": "Feature", "properties": { "Transect": 1664 }, "geometry": { "type": "LineString", "coordinates": [ [ 749787.653513947618194, 1961789.30488744052127 ], [ 747787.809141159174033, 1961764.355245637707412 ] ] } },
{ "type": "Feature", "properties": { "Transect": 1665 }, "geometry": { "type": "LineString", "coordinates": [ [ 748775.132641230127774, 1962786.69742659619078 ], [ 748800.081866111722775, 1960786.85304860631004 ] ] } },
{ "type": "Feature", "properties": { "Transect": 1666 }, "geometry": { "type": "LineString", "coordinates": [ [ 749777.998688883613795, 1961799.130739770364016 ], [ 747778.154305690666661, 1961774.181931944098324 ] ] } },
{ "type": "Feature", "properties": { "Transect": 1667 }, "geometry": { "type": "LineString", "coordinates": [ [ 748765.478232150082476, 1962796.523700668476522 ], [ 748790.426622966420837, 1960796.679312273394316 ] ] } },
{ "type": "Feature", "properties": { "Transect": 1668 }, "geometry": { "type": "LineString", "coordinates": [ [ 748755.947959176613949, 1962796.404808930587023 ], [ 748780.895393701619469, 1960796.560408605728298 ] ] } },
{ "type": "Feature", "properties": { "Transect": 1669 }, "geometry": { "type": "LineString", "coordinates": [ [ 748746.417686682776548, 1962796.285921756643802 ], [ 748771.364164960919879, 1960796.44150950293988 ] ] } },
{ "type": "Feature", "properties": { "Transect": 1670 }, "geometry": { "type": "LineString", "coordinates": [ [ 748736.887414733995683, 1962796.167039147112519 ], [ 748761.832936675637029, 1960796.322614964097738 ] ] } },
{ "type": "Feature", "properties": { "Transect": 1671 }, "geometry": { "type": "LineString", "coordinates": [ [ 748727.357143266592175, 1962796.048161101527512 ], [ 748752.301708915736526, 1960796.203724990598857 ] ] } },
{ "type": "Feature", "properties": { "Transect": 1672 }, "geometry": { "type": "LineString", "coordinates": [ [ 748717.826872349251062, 1962795.929287621052936 ], [ 748742.770481609040871, 1960796.084839580813423 ] ] } },
{ "type": "Feature", "properties": { "Transect": 1673 }, "geometry": { "type": "LineString", "coordinates": [ [ 748708.29660181386862, 1962795.810418703593314 ], [ 748733.23925492411945, 1960795.965958737768233 ] ] } },
{ "type": "Feature", "properties": { "Transect": 1674 }, "geometry": { "type": "LineString", "coordinates": [ [ 748698.766331897233613, 1962795.691554351011291 ], [ 748723.7080286211567, 1960795.847082457272336 ] ] } },
{ "type": "Feature", "properties": { "Transect": 1675 }, "geometry": { "type": "LineString", "coordinates": [ [ 747971.144828891381621, 1962478.497245945036411 ], [ 749432.268036413704976, 1961112.803659359924495 ] ] } },
{ "type": "Feature", "properties": { "Transect": 1676 }, "geometry": { "type": "LineString", "coordinates": [ [ 748679.829881453304552, 1962785.508674198761582 ], [ 748704.76954336988274, 1960785.664176928345114 ] ] } },
{ "type": "Feature", "properties": { "Transect": 1677 }, "geometry": { "type": "LineString", "coordinates": [ [ 748670.299608283792622, 1962785.389824062585831 ], [ 748695.238313806825317, 1960785.54531486518681 ] ] } },
{ "type": "Feature", "properties": { "Transect": 1678 }, "geometry": { "type": "LineString", "coordinates": [ [ 748651.239063321379945, 1962785.152137481374666 ], [ 748676.175856311339885, 1960785.307604435132816 ] ] } },
{ "type": "Feature", "properties": { "Transect": 1679 }, "geometry": { "type": "LineString", "coordinates": [ [ 748641.708791606710292, 1962785.033301037270576 ], [ 748666.644628303474747, 1960785.188756066840142 ] ] } },
{ "type": "Feature", "properties": { "Transect": 1680 }, "geometry": { "type": "LineString", "coordinates": [ [ 749644.568235680228099, 1961797.459900564514101 ], [ 747644.723685510456562, 1961772.524480856023729 ] ] } },
{ "type": "Feature", "properties": { "Transect": 1681 }, "geometry": { "type": "LineString", "coordinates": [ [ 748632.054456212790683, 1962794.859631679020822 ], [ 748656.989458881085739, 1960795.01507630944252 ] ] } },
{ "type": "Feature", "properties": { "Transect": 1682 }, "geometry": { "type": "LineString", "coordinates": [ [ 749634.913493734784424, 1961807.28581303358078 ], [ 747635.068933165865019, 1961782.351227353326976 ] ] } },
{ "type": "Feature", "properties": { "Transect": 1683 }, "geometry": { "type": "LineString", "coordinates": [ [ 749634.789494078257121, 1961817.231036983197555 ], [ 747634.944935033214279, 1961792.296329077566043 ] ] } },
{ "type": "Feature", "properties": { "Transect": 1684 }, "geometry": { "type": "LineString", "coordinates": [ [ 748622.276069619925693, 1962814.631128064589575 ], [ 748647.210360484663397, 1960814.786563819972798 ] ] } },
{ "type": "Feature", "properties": { "Transect": 1685 }, "geometry": { "type": "LineString", "coordinates": [ [ 749625.134765706257895, 1961827.0569525975734 ], [ 747625.290196262532845, 1961802.123078721109778 ] ] } },
{ "type": "Feature", "properties": { "Transect": 1686 }, "geometry": { "type": "LineString", "coordinates": [ [ 748612.49770012346562, 1962834.402627223636955 ], [ 748637.431279228883795, 1960834.558054104913026 ] ] } },
{ "type": "Feature", "properties": { "Transect": 1687 }, "geometry": { "type": "LineString", "coordinates": [ [ 749615.35605479485821, 1961846.828094935975969 ], [ 747615.511476476560347, 1961821.894932861905545 ] ] } },
{ "type": "Feature", "properties": { "Transect": 1688 }, "geometry": { "type": "LineString", "coordinates": [ [ 748592.941012535826303, 1962873.94563386333175 ], [ 748617.873168017133139, 1960874.101042995462194 ] ] } },
{ "type": "Feature", "properties": { "Transect": 1689 }, "geometry": { "type": "LineString", "coordinates": [ [ 749595.798684323439375, 1961886.370387898292392 ], [ 747595.954088255995885, 1961861.438649501185864 ] ] } },
{ "type": "Feature", "properties": { "Transect": 1690 }, "geometry": { "type": "LineString", "coordinates": [ [ 748583.286740895127878, 1962883.771980681689456 ], [ 748608.218062255531549, 1960883.927379415137693 ] ] } },
{ "type": "Feature", "properties": { "Transect": 1691 }, "geometry": { "type": "LineString", "coordinates": [ [ 749586.144006088841707, 1961896.196316522778943 ], [ 747586.299399623181671, 1961871.265412197681144 ] ] } },
{ "type": "Feature", "properties": { "Transect": 1692 }, "geometry": { "type": "LineString", "coordinates": [ [ 748573.632478706422262, 1962893.598331093322486 ], [ 748598.562965884921141, 1960893.753719427622855 ] ] } },
{ "type": "Feature", "properties": { "Transect": 1693 }, "geometry": { "type": "LineString", "coordinates": [ [ 749576.489337271545082, 1961906.022248714696616 ], [ 747576.644720407668501, 1961881.092178513295949 ] ] } },
{ "type": "Feature", "properties": { "Transect": 1694 }, "geometry": { "type": "LineString", "coordinates": [ [ 748563.978225811966695, 1962903.424685098463669 ], [ 748588.907879055128433, 1960903.580063036875799 ] ] } },
{ "type": "Feature", "properties": { "Transect": 1695 }, "geometry": { "type": "LineString", "coordinates": [ [ 749566.834677872830071, 1961915.848184501752257 ], [ 747566.990050610969774, 1961890.918948421720415 ] ] } },
{ "type": "Feature", "properties": { "Transect": 1696 }, "geometry": { "type": "LineString", "coordinates": [ [ 749566.710704859229736, 1961925.793405621312559 ], [ 747566.866079121013172, 1961900.864047314506024 ] ] } },
{ "type": "Feature", "properties": { "Transect": 1697 }, "geometry": { "type": "LineString", "coordinates": [ [ 748554.075913961161859, 1962933.141361412825063 ], [ 748579.004977358854376, 1960933.296731998445466 ] ] } },
{ "type": "Feature", "properties": { "Transect": 1698 }, "geometry": { "type": "LineString", "coordinates": [ [ 749556.932089564274065, 1961945.564565298845991 ], [ 747557.087454951717518, 1961920.635918892221525 ] ] } },
{ "type": "Feature", "properties": { "Transect": 1699 }, "geometry": { "type": "LineString", "coordinates": [ [ 748544.421688259812072, 1962942.967721710912883 ], [ 748569.349917625775561, 1960943.123081899713725 ] ] } },
{ "type": "Feature", "properties": { "Transect": 1700 }, "geometry": { "type": "LineString", "coordinates": [ [ 749547.277457311749458, 1961955.390507367206737 ], [ 747547.432812301674858, 1961930.462695105234161 ] ] } },
{ "type": "Feature", "properties": { "Transect": 1701 }, "geometry": { "type": "LineString", "coordinates": [ [ 748534.76747200533282, 1962952.794085602276027 ], [ 748559.694867286481895, 1960952.949435394722968 ] ] } },
{ "type": "Feature", "properties": { "Transect": 1702 }, "geometry": { "type": "LineString", "coordinates": [ [ 749537.62283447838854, 1961965.216453017201275 ], [ 747537.778179070563056, 1961940.289474924094975 ] ] } },
{ "type": "Feature", "properties": { "Transect": 1703 }, "geometry": { "type": "LineString", "coordinates": [ [ 749537.498872710391879, 1961975.161672944901511 ], [ 747537.654218825977296, 1961950.234572625951841 ] ] } },
{ "type": "Feature", "properties": { "Transect": 1704 }, "geometry": { "type": "LineString", "coordinates": [ [ 749537.374910333426669, 1961985.106892946176231 ], [ 747537.530257972655818, 1961960.179670404177159 ] ] } },
{ "type": "Feature", "properties": { "Transect": 1705 }, "geometry": { "type": "LineString", "coordinates": [ [ 748524.865219211671501, 1962982.510769420769066 ], [ 748549.792024646420032, 1960982.666111860889941 ] ] } },
{ "type": "Feature", "properties": { "Transect": 1706 }, "geometry": { "type": "LineString", "coordinates": [ [ 749527.720305228140205, 1961994.932841283502057 ], [ 747527.875642469618469, 1961970.006452934117988 ] ] } },
{ "type": "Feature", "properties": { "Transect": 1707 }, "geometry": { "type": "LineString", "coordinates": [ [ 749527.596346397069283, 1962004.878060914343223 ], [ 747527.751685161958449, 1961979.951550340047106 ] ] } },
{ "type": "Feature", "properties": { "Transect": 1708 }, "geometry": { "type": "LineString", "coordinates": [ [ 749527.100504985312, 1962044.658940155757591 ], [ 747527.255849843146279, 1962019.731940757250413 ] ] } },
{ "type": "Feature", "properties": { "Transect": 1709 }, "geometry": { "type": "LineString", "coordinates": [ [ 749526.976543110329658, 1962054.604160164482892 ], [ 747527.131889491574839, 1962029.677038541529328 ] ] } },
{ "type": "Feature", "properties": { "Transect": 1710 }, "geometry": { "type": "LineString", "coordinates": [ [ 749526.852580626960844, 1962064.549380213255063 ], [ 747527.007928530685604, 1962039.622136436635628 ] ] } },
{ "type": "Feature", "properties": { "Transect": 1711 }, "geometry": { "type": "LineString", "coordinates": [ [ 749526.728617534390651, 1962074.49460038379766 ], [ 747526.883966961991973, 1962049.567234361311421 ] ] } },
{ "type": "Feature", "properties": { "Transect": 1712 }, "geometry": { "type": "LineString", "coordinates": [ [ 749526.604653833201155, 1962084.439820607658476 ], [ 747526.760004783980548, 1962059.512332384940237 ] ] } },
{ "type": "Feature", "properties": { "Transect": 1713 }, "geometry": { "type": "LineString", "coordinates": [ [ 749526.480689523275942, 1962094.385040907654911 ], [ 747526.636041997233406, 1962069.457430483773351 ] ] } },
{ "type": "Feature", "properties": { "Transect": 1714 }, "geometry": { "type": "LineString", "coordinates": [ [ 749526.356724604498595, 1962104.330261294962838 ], [ 747526.512078601866961, 1962079.40252864616923 ] ] } },
{ "type": "Feature", "properties": { "Transect": 1715 }, "geometry": { "type": "LineString", "coordinates": [ [ 749526.232759077101946, 1962114.275481732795015 ], [ 747526.388114597415552, 1962089.347626908449456 ] ] } },
{ "type": "Feature", "properties": { "Transect": 1716 }, "geometry": { "type": "LineString", "coordinates": [ [ 749526.108792940620333, 1962124.220702283084393 ], [ 747526.264149984810501, 1962099.292725210543722 ] ] } },
{ "type": "Feature", "properties": { "Transect": 1717 }, "geometry": { "type": "LineString", "coordinates": [ [ 749525.984826195519418, 1962134.16592288389802 ], [ 747526.140184762887657, 1962109.237823612522334 ] ] } },
{ "type": "Feature", "properties": { "Transect": 1718 }, "geometry": { "type": "LineString", "coordinates": [ [ 749525.8608588417992, 1962144.111143550602719 ], [ 747526.016218932112679, 1962119.182922101346776 ] ] } },
{ "type": "Feature", "properties": { "Transect": 1719 }, "geometry": { "type": "LineString", "coordinates": [ [ 749525.736890879110433, 1962154.05636431556195 ], [ 747525.892252493067645, 1962129.128020642325282 ] ] } },
{ "type": "Feature", "properties": { "Transect": 1720 }, "geometry": { "type": "LineString", "coordinates": [ [ 749525.612922307685949, 1962164.00158515595831 ], [ 747525.768285445054062, 1962139.073119259206578 ] ] } },
{ "type": "Feature", "properties": { "Transect": 1721 }, "geometry": { "type": "LineString", "coordinates": [ [ 749525.488953127409332, 1962173.946806060150266 ], [ 747525.644317788188346, 1962149.018217963632196 ] ] } },
{ "type": "Feature", "properties": { "Transect": 1722 }, "geometry": { "type": "LineString", "coordinates": [ [ 749525.364983338513412, 1962183.892027040245011 ], [ 747525.520349522470497, 1962158.963316743960604 ] ] } },
{ "type": "Feature", "properties": { "Transect": 1723 }, "geometry": { "type": "LineString", "coordinates": [ [ 749524.001275481190532, 1962293.289462850894779 ], [ 747524.156658422434703, 1962268.359408280346543 ] ] } },
{ "type": "Feature", "properties": { "Transect": 1724 }, "geometry": { "type": "LineString", "coordinates": [ [ 749523.877298387000337, 1962303.234684739494696 ], [ 747524.032682851655409, 1962278.304507968248799 ] ] } },
{ "type": "Feature", "properties": { "Transect": 1725 }, "geometry": { "type": "LineString", "coordinates": [ [ 749523.753320683958009, 1962313.179906714940444 ], [ 747523.908706672256812, 1962288.249607720179483 ] ] } },
{ "type": "Feature", "properties": { "Transect": 1726 }, "geometry": { "type": "LineString", "coordinates": [ [ 749523.629342372412793, 1962323.125128742773086 ], [ 747523.784729883656837, 1962298.194707571063191 ] ] } },
{ "type": "Feature", "properties": { "Transect": 1727 }, "geometry": { "type": "LineString", "coordinates": [ [ 749523.505363451899029, 1962333.070350870257244 ], [ 747523.660752486786805, 1962308.139807473635301 ] ] } },
{ "type": "Feature", "properties": { "Transect": 1728 }, "geometry": { "type": "LineString", "coordinates": [ [ 749523.381383922533132, 1962343.015573071548715 ], [ 747523.53677448106464, 1962318.084907452808693 ] ] } },
{ "type": "Feature", "properties": { "Transect": 1729 }, "geometry": { "type": "LineString", "coordinates": [ [ 749523.257403784547932, 1962352.960795326624066 ], [ 747523.412795866257511, 1962328.030007530935109 ] ] } },
{ "type": "Feature", "properties": { "Transect": 1730 }, "geometry": { "type": "LineString", "coordinates": [ [ 749523.133423037827015, 1962362.906017670407891 ], [ 747523.288816642947495, 1962337.975107671692967 ] ] } },
{ "type": "Feature", "properties": { "Transect": 1731 }, "geometry": { "type": "LineString", "coordinates": [ [ 749523.009441682137549, 1962372.851240109652281 ], [ 747523.164836811134592, 1962347.920207866001874 ] ] } },
{ "type": "Feature", "properties": { "Transect": 1732 }, "geometry": { "type": "LineString", "coordinates": [ [ 749522.88545971782878, 1962382.796462591737509 ], [ 747523.040856370003894, 1962357.865308170672506 ] ] } },
{ "type": "Feature", "properties": { "Transect": 1733 }, "geometry": { "type": "LineString", "coordinates": [ [ 749522.761477144667879, 1962392.741685171378776 ], [ 747522.916875320486724, 1962367.810408528661355 ] ] } },
{ "type": "Feature", "properties": { "Transect": 1734 }, "geometry": { "type": "LineString", "coordinates": [ [ 749522.637493962887675, 1962402.686907806200907 ], [ 747522.792893661884591, 1962377.755508984206244 ] ] } },
{ "type": "Feature", "properties": { "Transect": 1735 }, "geometry": { "type": "LineString", "coordinates": [ [ 748510.125719921546988, 1963400.088672765530646 ], [ 748535.056701645604335, 1961400.244067264720798 ] ] } },
{ "type": "Feature", "properties": { "Transect": 1736 }, "geometry": { "type": "LineString", "coordinates": [ [ 749512.983068634755909, 1962412.512841298477724 ], [ 747513.138457932043821, 1962387.582276856759563 ] ] } },
{ "type": "Feature", "properties": { "Transect": 1737 }, "geometry": { "type": "LineString", "coordinates": [ [ 749512.8590889996849, 1962422.458063583122566 ], [ 747513.014479820616543, 1962397.527376918355003 ] ] } },
{ "type": "Feature", "properties": { "Transect": 1738 }, "geometry": { "type": "LineString", "coordinates": [ [ 749512.735108755994588, 1962432.403285922016948 ], [ 747512.890501100104302, 1962407.472477077506483 ] ] } },
{ "type": "Feature", "properties": { "Transect": 1739 }, "geometry": { "type": "LineString", "coordinates": [ [ 749512.611127903452143, 1962442.348508356139064 ], [ 747512.766521771205589, 1962417.417577290441841 ] ] } },
{ "type": "Feature", "properties": { "Transect": 1740 }, "geometry": { "type": "LineString", "coordinates": [ [ 748500.099587157601491, 1963439.750509889330715 ], [ 748525.030101117910817, 1961439.905898557510227 ] ] } },
{ "type": "Feature", "properties": { "Transect": 1741 }, "geometry": { "type": "LineString", "coordinates": [ [ 749502.95672446466051, 1962452.174444102915004 ], [ 747503.112107930937782, 1962427.244347415631637 ] ] } },
{ "type": "Feature", "properties": { "Transect": 1742 }, "geometry": { "type": "LineString", "coordinates": [ [ 749502.832747159292921, 1962462.119666131911799 ], [ 747502.988132148282602, 1962437.189447291893885 ] ] } },
{ "type": "Feature", "properties": { "Transect": 1743 }, "geometry": { "type": "LineString", "coordinates": [ [ 749502.708769244956784, 1962472.064888273132965 ], [ 747502.864155757590197, 1962447.134547207737342 ] ] } },
{ "type": "Feature", "properties": { "Transect": 1744 }, "geometry": { "type": "LineString", "coordinates": [ [ 749502.584790721884929, 1962482.010110475821421 ], [ 747502.740178757929243, 1962457.079647212056443 ] ] } },
{ "type": "Feature", "properties": { "Transect": 1745 }, "geometry": { "type": "LineString", "coordinates": [ [ 749502.460811590426601, 1962491.955332732992247 ], [ 747502.616201149183325, 1962467.024747314630076 ] ] } },
{ "type": "Feature", "properties": { "Transect": 1746 }, "geometry": { "type": "LineString", "coordinates": [ [ 748489.949443280696869, 1963489.357509099878371 ], [ 748514.879611501703039, 1961489.512893457897007 ] ] } },
{ "type": "Feature", "properties": { "Transect": 1747 }, "geometry": { "type": "LineString", "coordinates": [ [ 749222.95940550789237, 1961846.260495697846636 ], [ 747761.817036153515801, 1963211.933581204386428 ] ] } },
{ "type": "Feature", "properties": { "Transect": 1748 }, "geometry": { "type": "LineString", "coordinates": [ [ 749501.716924017178826, 1962551.62666800012812 ], [ 747501.872322716400959, 1962526.695349379908293 ] ] } },
{ "type": "Feature", "properties": { "Transect": 1749 }, "geometry": { "type": "LineString", "coordinates": [ [ 749501.592940624570474, 1962561.571890796767548 ], [ 747501.748340846970677, 1962536.640450001461431 ] ] } },
{ "type": "Feature", "properties": { "Transect": 1750 }, "geometry": { "type": "LineString", "coordinates": [ [ 749501.468956623109989, 1962571.517113695619628 ], [ 747501.624358369153924, 1962546.585550673538819 ] ] } },
{ "type": "Feature", "properties": { "Transect": 1751 }, "geometry": { "type": "LineString", "coordinates": [ [ 749501.344972012913786, 1962581.462336654774845 ], [ 747501.500375282368623, 1962556.530651434324682 ] ] } },
{ "type": "Feature", "properties": { "Transect": 1752 }, "geometry": { "type": "LineString", "coordinates": [ [ 749231.499962350470014, 1961925.942787996958941 ], [ 747770.353501983336173, 1963291.6114964899607 ] ] } },
{ "type": "Feature", "properties": { "Transect": 1753 }, "geometry": { "type": "LineString", "coordinates": [ [ 749240.906859068432823, 1961936.007347401231527 ], [ 747779.75931583554484, 1963301.674897321034223 ] ] } },
{ "type": "Feature", "properties": { "Transect": 1754 }, "geometry": { "type": "LineString", "coordinates": [ [ 749519.66171496885363, 1962641.372274038149044 ], [ 747519.817151233903132, 1962616.437942293705419 ] ] } },
{ "type": "Feature", "properties": { "Transect": 1755 }, "geometry": { "type": "LineString", "coordinates": [ [ 749519.537716567865573, 1962651.317498586140573 ], [ 747519.693154356791638, 1962626.383044618181884 ] ] } },
{ "type": "Feature", "properties": { "Transect": 1756 }, "geometry": { "type": "LineString", "coordinates": [ [ 749519.413717558141798, 1962661.262723197694868 ], [ 747519.569156870711595, 1962636.328147030435503 ] ] } },
{ "type": "Feature", "properties": { "Transect": 1757 }, "geometry": { "type": "LineString", "coordinates": [ [ 749249.694826366612688, 1961995.798880056943744 ], [ 747788.544051270233467, 1963361.462972151115537 ] ] } },
{ "type": "Feature", "properties": { "Transect": 1758 }, "geometry": { "type": "LineString", "coordinates": [ [ 749528.448019292671233, 1962701.162931435275823 ], [ 747528.603476628893986, 1962676.226909746881574 ] ] } },
{ "type": "Feature", "properties": { "Transect": 1759 }, "geometry": { "type": "LineString", "coordinates": [ [ 749258.730301644303836, 1962035.699637078680098 ], [ 747797.5771542849252, 1963401.361191037576646 ] ] } },
{ "type": "Feature", "properties": { "Transect": 1760 }, "geometry": { "type": "LineString", "coordinates": [ [ 749537.482273667235859, 1962741.063149679452181 ], [ 747537.637749029207043, 1962716.125682378653437 ] ] } },
{ "type": "Feature", "properties": { "Transect": 1761 }, "geometry": { "type": "LineString", "coordinates": [ [ 749277.04872317740228, 1962095.610388931818306 ], [ 747815.891690658521838, 1963461.26778605626896 ] ] } },
{ "type": "Feature", "properties": { "Transect": 1762 }, "geometry": { "type": "LineString", "coordinates": [ [ 749555.79869534727186, 1962800.973160277120769 ], [ 747555.954203715547919, 1962776.033046196680516 ] ] } },
{ "type": "Feature", "properties": { "Transect": 1763 }, "geometry": { "type": "LineString", "coordinates": [ [ 749555.674668145016767, 1962810.918388126883656 ], [ 747555.830178037635051, 1962785.978151824790984 ] ] } },
{ "type": "Feature", "properties": { "Transect": 1764 }, "geometry": { "type": "LineString", "coordinates": [ [ 749286.207883648574352, 1962125.565777502954006 ], [ 747825.048908436205238, 1963491.221096079330891 ] ] } },
{ "type": "Feature", "properties": { "Transect": 1765 }, "geometry": { "type": "LineString", "coordinates": [ [ 749564.95685583143495, 1962830.928178187925369 ], [ 747565.112380705075338, 1962805.986740650143474 ] ] } },
{ "type": "Feature", "properties": { "Transect": 1766 }, "geometry": { "type": "LineString", "coordinates": [ [ 749295.490829313406721, 1962145.575776994228363 ], [ 747834.330341159133241, 1963511.229476823471487 ] ] } },
{ "type": "Feature", "properties": { "Transect": 1767 }, "geometry": { "type": "LineString", "coordinates": [ [ 749574.239022522117011, 1962850.937975199893117 ], [ 747574.394562377245165, 1962825.995336449239403 ] ] } },
{ "type": "Feature", "properties": { "Transect": 1768 }, "geometry": { "type": "LineString", "coordinates": [ [ 749574.114982745028101, 1962860.883204475510865 ], [ 747574.270524124498479, 1962835.940443501342088 ] ] } },
{ "type": "Feature", "properties": { "Transect": 1769 }, "geometry": { "type": "LineString", "coordinates": [ [ 749304.64992930542212, 1962175.531181668164209 ], [ 747843.487498316564597, 1963541.182802787749097 ] ] } },
{ "type": "Feature", "properties": { "Transect": 1770 }, "geometry": { "type": "LineString", "coordinates": [ [ 749583.397122454945929, 1962880.893009157152846 ], [ 747583.552678817533888, 1962855.949046902591363 ] ] } },
{ "type": "Feature", "properties": { "Transect": 1771 }, "geometry": { "type": "LineString", "coordinates": [ [ 749313.932826885138638, 1962195.541195645229891 ], [ 747852.768883173237555, 1963561.191198243526742 ] ] } },
{ "type": "Feature", "properties": { "Transect": 1772 }, "geometry": { "type": "LineString", "coordinates": [ [ 749592.679241170990281, 1962900.902820813003927 ], [ 747592.834812517859973, 1962875.957657253369689 ] ] } },
{ "type": "Feature", "properties": { "Transect": 1773 }, "geometry": { "type": "LineString", "coordinates": [ [ 749323.091866376111284, 1962225.496616398682818 ], [ 747861.925979733234271, 1963591.144540173700079 ] ] } },
{ "type": "Feature", "properties": { "Transect": 1774 }, "geometry": { "type": "LineString", "coordinates": [ [ 749601.837280552601442, 1962930.857870830688626 ], [ 747601.992868409724906, 1962905.911383693572134 ] ] } },
{ "type": "Feature", "properties": { "Transect": 1775 }, "geometry": { "type": "LineString", "coordinates": [ [ 749332.374716108897701, 1962245.506645114393905 ], [ 747871.207316487561911, 1963611.15295008639805 ] ] } },
{ "type": "Feature", "properties": { "Transect": 1776 }, "geometry": { "type": "LineString", "coordinates": [ [ 749611.119351290399209, 1962950.86769708362408 ], [ 747611.27495413296856, 1962925.920008644228801 ] ] } },
{ "type": "Feature", "properties": { "Transect": 1777 }, "geometry": { "type": "LineString", "coordinates": [ [ 749341.657544855959713, 1962265.516680806409568 ], [ 747880.488632234744728, 1963631.161366948857903 ] ] } },
{ "type": "Feature", "properties": { "Transect": 1778 }, "geometry": { "type": "LineString", "coordinates": [ [ 749351.064207797404379, 1962275.581321778940037 ], [ 747889.89421209320426, 1963641.224849078105763 ] ] } },
{ "type": "Feature", "properties": { "Transect": 1779 }, "geometry": { "type": "LineString", "coordinates": [ [ 749360.470861252397299, 1962285.645968602737412 ], [ 747899.299782163230702, 1963651.288336733123288 ] ] } },
{ "type": "Feature", "properties": { "Transect": 1780 }, "geometry": { "type": "LineString", "coordinates": [ [ 749639.213601452298462, 1962991.00674958480522 ], [ 747639.36924620741047, 1962966.055701608769596 ] ] } },
{ "type": "Feature", "properties": { "Transect": 1781 }, "geometry": { "type": "LineString", "coordinates": [ [ 749379.036395756993443, 1962325.666086095152423 ], [ 747917.862290555145591, 1963691.305216424865648 ] ] } },
{ "type": "Feature", "properties": { "Transect": 1782 }, "geometry": { "type": "LineString", "coordinates": [ [ 749657.777577882981859, 1963031.026462149107829 ], [ 747657.933252618066035, 1963006.073011379921809 ] ] } },
{ "type": "Feature", "properties": { "Transect": 1783 }, "geometry": { "type": "LineString", "coordinates": [ [ 749388.319131468888372, 1962345.676155241206288 ], [ 747927.143513298360631, 1963711.313666758593172 ] ] } },
{ "type": "Feature", "properties": { "Transect": 1784 }, "geometry": { "type": "LineString", "coordinates": [ [ 749397.725730258272961, 1962355.740826638648286 ], [ 747936.549028672510758, 1963721.377178945811465 ] ] } },
{ "type": "Feature", "properties": { "Transect": 1785 }, "geometry": { "type": "LineString", "coordinates": [ [ 749676.465575310168788, 1963061.100965967867523 ], [ 747676.621278503211215, 1963036.145234581548721 ] ] } },
{ "type": "Feature", "properties": { "Transect": 1786 }, "geometry": { "type": "LineString", "coordinates": [ [ 749407.008430080371909, 1962375.750909170135856 ], [ 747945.830215280991979, 1963741.385642397217453 ] ] } },
{ "type": "Feature", "properties": { "Transect": 1787 }, "geometry": { "type": "LineString", "coordinates": [ [ 749416.415004116483033, 1962385.815592444268987 ], [ 747955.235706095583737, 1963751.449166663689539 ] ] } },
{ "type": "Feature", "properties": { "Transect": 1788 }, "geometry": { "type": "LineString", "coordinates": [ [ 749695.153512066113763, 1963091.175495038973168 ], [ 747695.309243720606901, 1963066.217482989421114 ] ] } },
{ "type": "Feature", "properties": { "Transect": 1789 }, "geometry": { "type": "LineString", "coordinates": [ [ 749425.6976678337669, 1962405.825688132550567 ], [ 747964.516856782254763, 1963771.45764346094802 ] ] } },
{ "type": "Feature", "properties": { "Transect": 1790 }, "geometry": { "type": "LineString", "coordinates": [ [ 749435.104217290878296, 1962415.890383464051411 ], [ 747973.922322873491794, 1963781.521179626462981 ] ] } },
{ "type": "Feature", "properties": { "Transect": 1791 }, "geometry": { "type": "LineString", "coordinates": [ [ 749444.510757100535557, 1962425.955084478948265 ], [ 747983.327779330080375, 1963791.584721486549824 ] ] } },
{ "type": "Feature", "properties": { "Transect": 1792 }, "geometry": { "type": "LineString", "coordinates": [ [ 749723.247369914315641, 1963131.314716087188572 ], [ 747723.403143503237516, 1963106.353344133123755 ] ] } },
{ "type": "Feature", "properties": { "Transect": 1793 }, "geometry": { "type": "LineString", "coordinates": [ [ 749723.123236831161194, 1963141.25995588931255 ], [ 747723.279011946287937, 1963116.298461641883478 ] ] } },
{ "type": "Feature", "properties": { "Transect": 1794 }, "geometry": { "type": "LineString", "coordinates": [ [ 749453.669451880501583, 1962455.910608508624136 ], [ 747992.484531038440764, 1963821.538166484795511 ] ] } },
{ "type": "Feature", "properties": { "Transect": 1795 }, "geometry": { "type": "LineString", "coordinates": [ [ 749463.07596161973197, 1962465.975322060519829 ], [ 748001.889957505394705, 1963831.601720963371918 ] ] } },
{ "type": "Feature", "properties": { "Transect": 1796 }, "geometry": { "type": "LineString", "coordinates": [ [ 749741.811016234685667, 1963171.334548741346225 ], [ 747741.966819819645025, 1963146.370773693313822 ] ] } },
{ "type": "Feature", "properties": { "Transect": 1797 }, "geometry": { "type": "LineString", "coordinates": [ [ 749472.35853244131431, 1962485.98545136442408 ], [ 748011.171015034429729, 1963851.610231080558151 ] ] } },
{ "type": "Feature", "properties": { "Transect": 1798 }, "geometry": { "type": "LineString", "coordinates": [ [ 749481.765017597586848, 1962496.050176974153146 ], [ 748020.576416774070822, 1963861.673797458177432 ] ] } },
{ "type": "Feature", "properties": { "Transect": 1799 }, "geometry": { "type": "LineString", "coordinates": [ [ 749491.171493062516674, 1962506.114908220712095 ], [ 748029.981808924814686, 1963871.737369580194354 ] ] } },
{ "type": "Feature", "properties": { "Transect": 1800 }, "geometry": { "type": "LineString", "coordinates": [ [ 749500.577958864625543, 1962516.179645132971928 ], [ 748039.38719145860523, 1963881.80094741540961 ] ] } },
{ "type": "Feature", "properties": { "Transect": 1801 }, "geometry": { "type": "LineString", "coordinates": [ [ 749509.984415207058191, 1962526.244387927697971 ], [ 748048.792564174160361, 1963891.864530747523531 ] ] } },
{ "type": "Feature", "properties": { "Transect": 1802 }, "geometry": { "type": "LineString", "coordinates": [ [ 749519.390861754887737, 1962536.30913625145331 ], [ 748058.197927398956381, 1963901.928119931835681 ] ] } },
{ "type": "Feature", "properties": { "Transect": 1803 }, "geometry": { "type": "LineString", "coordinates": [ [ 749528.797298657358624, 1962546.373890260001644 ], [ 748067.603280990966596, 1963911.991714812582359 ] ] } },
{ "type": "Feature", "properties": { "Transect": 1804 }, "geometry": { "type": "LineString", "coordinates": [ [ 749807.528225713642314, 1963251.732708883937448 ], [ 747807.684125148924068, 1963226.761256455909461 ] ] } },
{ "type": "Feature", "properties": { "Transect": 1805 }, "geometry": { "type": "LineString", "coordinates": [ [ 749538.079758361331187, 1962566.384064248763025 ], [ 748076.884227445232682, 1963932.000269641634077 ] ] } },
{ "type": "Feature", "properties": { "Transect": 1806 }, "geometry": { "type": "LineString", "coordinates": [ [ 749547.48617073148489, 1962576.448830369394273 ], [ 748086.289556259289384, 1963942.063876367174089 ] ] } },
{ "type": "Feature", "properties": { "Transect": 1807 }, "geometry": { "type": "LineString", "coordinates": [ [ 749556.892573386547156, 1962586.513602103339508 ], [ 748095.694875505403616, 1963952.127488861558959 ] ] } },
{ "type": "Feature", "properties": { "Transect": 1808 }, "geometry": { "type": "LineString", "coordinates": [ [ 749566.298966400325298, 1962596.578379527665675 ], [ 748105.100185111397877, 1963962.191107045859098 ] ] } },
{ "type": "Feature", "properties": { "Transect": 1809 }, "geometry": { "type": "LineString", "coordinates": [ [ 749845.027439986472018, 1963301.936892856610939 ], [ 747845.18339486408513, 1963276.961000705836341 ] ] } },
{ "type": "Feature", "properties": { "Transect": 1810 }, "geometry": { "type": "LineString", "coordinates": [ [ 749575.581360090640374, 1962616.588579395087436 ], [ 748114.381065477966331, 1963982.199687662767246 ] ] } },
{ "type": "Feature", "properties": { "Transect": 1811 }, "geometry": { "type": "LineString", "coordinates": [ [ 749584.987728515057825, 1962626.653368873288855 ], [ 748123.786350361653604, 1963992.263317754259333 ] ] } },
{ "type": "Feature", "properties": { "Transect": 1812 }, "geometry": { "type": "LineString", "coordinates": [ [ 749863.714864766574465, 1963332.011645437916741 ], [ 747863.870848134509288, 1963307.033472140552476 ] ] } },
{ "type": "Feature", "properties": { "Transect": 1813 }, "geometry": { "type": "LineString", "coordinates": [ [ 749631.895403315662406, 1962686.922821898246184 ], [ 748170.688177850213833, 1964052.52651413413696 ] ] } },
{ "type": "Feature", "properties": { "Transect": 1814 }, "geometry": { "type": "LineString", "coordinates": [ [ 749641.301708514452912, 1962696.987646122463048 ], [ 748180.093399514327757, 1964062.590178966056556 ] ] } },
{ "type": "Feature", "properties": { "Transect": 1815 }, "geometry": { "type": "LineString", "coordinates": [ [ 749650.708003981621005, 1962707.052475942065939 ], [ 748189.498611627495848, 1964072.65384958521463 ] ] } },
{ "type": "Feature", "properties": { "Transect": 1816 }, "geometry": { "type": "LineString", "coordinates": [ [ 748942.002186406636611, 1962399.995460922829807 ], [ 748917.015917503740638, 1964399.83937642397359 ] ] } },
{ "type": "Feature", "properties": { "Transect": 1817 }, "geometry": { "type": "LineString", "coordinates": [ [ 748951.532658549374901, 1962400.114535685861483 ], [ 748926.545432403334416, 1964399.958439226495102 ] ] } },
{ "type": "Feature", "properties": { "Transect": 1818 }, "geometry": { "type": "LineString", "coordinates": [ [ 749679.174931029207073, 1962717.356153029249981 ], [ 748217.963147970032878, 1964082.954968585865572 ] ] } },
{ "type": "Feature", "properties": { "Transect": 1819 }, "geometry": { "type": "LineString", "coordinates": [ [ 749688.581198739702813, 1962727.421004475560039 ], [ 748227.368332216399722, 1964093.01866070786491 ] ] } },
{ "type": "Feature", "properties": { "Transect": 1820 }, "geometry": { "type": "LineString", "coordinates": [ [ 749697.98745687736664, 1962737.485861686291173 ], [ 748236.773506756057031, 1964103.082358448999003 ] ] } },
{ "type": "Feature", "properties": { "Transect": 1821 }, "geometry": { "type": "LineString", "coordinates": [ [ 749707.393705321126617, 1962747.55072453385219 ], [ 748246.178671704255976, 1964113.146061934996396 ] ] } },
{ "type": "Feature", "properties": { "Transect": 1822 }, "geometry": { "type": "LineString", "coordinates": [ [ 749716.799944224650972, 1962757.615593180991709 ], [ 748255.583826909889467, 1964123.20977100264281 ] ] } },
{ "type": "Feature", "properties": { "Transect": 1823 }, "geometry": { "type": "LineString", "coordinates": [ [ 749726.206173310056329, 1962767.680467333877459 ], [ 748264.988972648046911, 1964133.273485948564485 ] ] } },
{ "type": "Feature", "properties": { "Transect": 1824 }, "geometry": { "type": "LineString", "coordinates": [ [ 749017.500580835156143, 1962460.619371560867876 ], [ 748992.505920669063926, 1964460.463182203005999 ] ] } },
{ "type": "Feature", "properties": { "Transect": 1825 }, "geometry": { "type": "LineString", "coordinates": [ [ 749745.142688625608571, 1962777.864805473480374 ], [ 748283.923750752699561, 1964143.455965228844434 ] ] } },
{ "type": "Feature", "properties": { "Transect": 1826 }, "geometry": { "type": "LineString", "coordinates": [ [ 749754.548894287436269, 1962787.929696234641597 ], [ 748293.328872821643017, 1964153.519696515752003 ] ] } },
{ "type": "Feature", "properties": { "Transect": 1827 }, "geometry": { "type": "LineString", "coordinates": [ [ 749045.843425875762478, 1962480.867127243662253 ], [ 749020.845649680821225, 1964480.710898938355967 ] ] } },
{ "type": "Feature", "properties": { "Transect": 1828 }, "geometry": { "type": "LineString", "coordinates": [ [ 749773.485377963399515, 1962798.114065535366535 ], [ 748312.263619415462017, 1964163.702207087073475 ] ] } },
{ "type": "Feature", "properties": { "Transect": 1829 }, "geometry": { "type": "LineString", "coordinates": [ [ 749782.891560110147111, 1962808.178972808877006 ], [ 748321.66871790366713, 1964173.765954810893163 ] ] } },
{ "type": "Feature", "properties": { "Transect": 1830 }, "geometry": { "type": "LineString", "coordinates": [ [ 749792.297732574748807, 1962818.243885732721537 ], [ 748331.073806790285744, 1964183.829708269797266 ] ] } },
{ "type": "Feature", "properties": { "Transect": 1831 }, "geometry": { "type": "LineString", "coordinates": [ [ 749801.703895386424847, 1962828.30880433646962 ], [ 748340.478886046563275, 1964193.893467431422323 ] ] } },
{ "type": "Feature", "properties": { "Transect": 1832 }, "geometry": { "type": "LineString", "coordinates": [ [ 749811.110048590344377, 1962838.373728669248521 ], [ 748349.883955629426055, 1964203.957232249435037 ] ] } },
{ "type": "Feature", "properties": { "Transect": 1833 }, "geometry": { "type": "LineString", "coordinates": [ [ 749102.404669480398297, 1962531.307984601706266 ], [ 749077.400538240093738, 1964531.151676848996431 ] ] } },
{ "type": "Feature", "properties": { "Transect": 1834 }, "geometry": { "type": "LineString", "coordinates": [ [ 749830.046459032804705, 1962848.558161625405774 ], [ 748368.818628861685283, 1964214.139806322520599 ] ] } },
{ "type": "Feature", "properties": { "Transect": 1835 }, "geometry": { "type": "LineString", "coordinates": [ [ 749839.452588646672666, 1962858.623102392535657 ], [ 748378.223674935055897, 1964224.203587656375021 ] ] } },
{ "type": "Feature", "properties": { "Transect": 1836 }, "geometry": { "type": "LineString", "coordinates": [ [ 749130.747333832085133, 1962551.555885127047077 ], [ 749105.740086155477911, 1964551.399538406869397 ] ] } },
{ "type": "Feature", "properties": { "Transect": 1837 }, "geometry": { "type": "LineString", "coordinates": [ [ 749858.388967564678751, 1962868.807566634146497 ], [ 748397.158316545072012, 1964234.3861929026898 ] ] } },
{ "type": "Feature", "properties": { "Transect": 1838 }, "geometry": { "type": "LineString", "coordinates": [ [ 749149.683848549611866, 1962561.739443390397355 ], [ 749124.67456414969638, 1964561.583071200875565 ] ] } },
{ "type": "Feature", "properties": { "Transect": 1839 }, "geometry": { "type": "LineString", "coordinates": [ [ 749877.325328709557652, 1962878.992051213281229 ], [ 748416.092940587317571, 1964244.568818701198325 ] ] } },
{ "type": "Feature", "properties": { "Transect": 1840 }, "geometry": { "type": "LineString", "coordinates": [ [ 749168.620345600065775, 1962571.923022099304944 ], [ 749143.60902447544504, 1964571.766624438110739 ] ] } },
{ "type": "Feature", "properties": { "Transect": 1841 }, "geometry": { "type": "LineString", "coordinates": [ [ 749178.15074876032304, 1962572.042215407127514 ], [ 749153.13847038813401, 1964571.885805773781613 ] ] } },
{ "type": "Feature", "properties": { "Transect": 1842 }, "geometry": { "type": "LineString", "coordinates": [ [ 749187.681152300792746, 1962572.161413282155991 ], [ 749162.667916925507598, 1964572.00499167945236 ] ] } },
{ "type": "Feature", "properties": { "Transect": 1843 }, "geometry": { "type": "LineString", "coordinates": [ [ 749197.211556439404376, 1962572.280615726253018 ], [ 749172.19736386963632, 1964572.124182150932029 ] ] } },
{ "type": "Feature", "properties": { "Transect": 1844 }, "geometry": { "type": "LineString", "coordinates": [ [ 749924.852429374470375, 1962889.535194866126403 ], [ 748463.616343025234528, 1964255.108005063375458 ] ] } },
{ "type": "Feature", "properties": { "Transect": 1845 }, "geometry": { "type": "LineString", "coordinates": [ [ 750203.561682968749665, 1963594.893920391332358 ], [ 748203.718136801966466, 1963569.878108286764473 ] ] } },
{ "type": "Feature", "properties": { "Transect": 1846 }, "geometry": { "type": "LineString", "coordinates": [ [ 750203.437278732657433, 1963604.839190510800108 ], [ 748203.593734098598361, 1963579.823255877709016 ] ] } },
{ "type": "Feature", "properties": { "Transect": 1847 }, "geometry": { "type": "LineString", "coordinates": [ [ 750203.312873886083253, 1963614.784460715018213 ], [ 748203.469330784981139, 1963589.768403533380479 ] ] } },
{ "type": "Feature", "properties": { "Transect": 1848 }, "geometry": { "type": "LineString", "coordinates": [ [ 750203.188468429027125, 1963624.729730995604768 ], [ 748203.344926860881969, 1963599.713551265420392 ] ] } },
{ "type": "Feature", "properties": { "Transect": 1849 }, "geometry": { "type": "LineString", "coordinates": [ [ 750203.064062361605465, 1963634.675001343013719 ], [ 748203.220522326184437, 1963609.658699082909152 ] ] } },
{ "type": "Feature", "properties": { "Transect": 1850 }, "geometry": { "type": "LineString", "coordinates": [ [ 750202.939655683585443, 1963644.620271784486249 ], [ 748203.096117181354202, 1963619.603846954880282 ] ] } },
{ "type": "Feature", "properties": { "Transect": 1851 }, "geometry": { "type": "LineString", "coordinates": [ [ 749933.513355159200728, 1962959.272823927691206 ], [ 748472.273604661691934, 1964324.841713279718533 ] ] } },
{ "type": "Feature", "properties": { "Transect": 1852 }, "geometry": { "type": "LineString", "coordinates": [ [ 749942.919378804625012, 1962969.337827423820272 ], [ 748481.678544573835097, 1964334.905557115795091 ] ] } },
{ "type": "Feature", "properties": { "Transect": 1853 }, "geometry": { "type": "LineString", "coordinates": [ [ 749952.325392778613605, 1962979.402836582856253 ], [ 748491.083474872051738, 1964344.969406674848869 ] ] } },
{ "type": "Feature", "properties": { "Transect": 1854 }, "geometry": { "type": "LineString", "coordinates": [ [ 749243.619998216978274, 1962672.328811067854986 ], [ 749218.599794423091225, 1964672.172302294755355 ] ] } },
{ "type": "Feature", "properties": { "Transect": 1855 }, "geometry": { "type": "LineString", "coordinates": [ [ 749253.150357677019201, 1962672.448046166682616 ], [ 749228.12919673055876, 1964672.291525418171659 ] ] } },
{ "type": "Feature", "properties": { "Transect": 1856 }, "geometry": { "type": "LineString", "coordinates": [ [ 749980.791813057847321, 1962989.707013703184202 ], [ 748519.547504122834653, 1964355.271025240188465 ] ] } },
{ "type": "Feature", "properties": { "Transect": 1857 }, "geometry": { "type": "LineString", "coordinates": [ [ 749990.197799159446731, 1962999.772044375771657 ], [ 748528.952406663214788, 1964365.334896429209039 ] ] } },
{ "type": "Feature", "properties": { "Transect": 1858 }, "geometry": { "type": "LineString", "coordinates": [ [ 750268.902260328526609, 1963705.129857231630012 ], [ 748269.058814853313379, 1963680.105996818514541 ] ] } },
{ "type": "Feature", "properties": { "Transect": 1859 }, "geometry": { "type": "LineString", "coordinates": [ [ 750268.777816005051136, 1963715.075131877092645 ], [ 748268.934372063726187, 1963690.05114888981916 ] ] } },
{ "type": "Feature", "properties": { "Transect": 1860 }, "geometry": { "type": "LineString", "coordinates": [ [ 750268.653371071093716, 1963725.020406596828252 ], [ 748268.809928663424216, 1963699.996301037725061 ] ] } },
{ "type": "Feature", "properties": { "Transect": 1861 }, "geometry": { "type": "LineString", "coordinates": [ [ 750268.528925526421517, 1963734.965681395726278 ], [ 748268.685484652640298, 1963709.941453258739784 ] ] } },
{ "type": "Feature", "properties": { "Transect": 1862 }, "geometry": { "type": "LineString", "coordinates": [ [ 750268.404479371267371, 1963744.910956264240667 ], [ 748268.561040031141602, 1963719.886605557752773 ] ] } },
{ "type": "Feature", "properties": { "Transect": 1863 }, "geometry": { "type": "LineString", "coordinates": [ [ 750268.280032605398446, 1963754.856231211684644 ], [ 748268.436594799160957, 1963729.83175793197006 ] ] } },
{ "type": "Feature", "properties": { "Transect": 1864 }, "geometry": { "type": "LineString", "coordinates": [ [ 750268.155585229163989, 1963764.80150622385554 ], [ 748268.31214895634912, 1963739.776910392800346 ] ] } },
{ "type": "Feature", "properties": { "Transect": 1865 }, "geometry": { "type": "LineString", "coordinates": [ [ 750268.031137242098339, 1963774.746781333815306 ], [ 748268.18770250340458, 1963749.722062906250358 ] ] } },
{ "type": "Feature", "properties": { "Transect": 1866 }, "geometry": { "type": "LineString", "coordinates": [ [ 749998.60993084765505, 1963089.40063107945025 ], [ 748537.360013236408122, 1964454.958640935365111 ] ] } },
{ "type": "Feature", "properties": { "Transect": 1867 }, "geometry": { "type": "LineString", "coordinates": [ [ 750277.31206389865838, 1963794.757063522702083 ], [ 748277.468644205946475, 1963769.731142727890983 ] ] } },
{ "type": "Feature", "properties": { "Transect": 1868 }, "geometry": { "type": "LineString", "coordinates": [ [ 750277.18760931212455, 1963804.702339382376522 ], [ 748277.344191153533757, 1963779.676295993383974 ] ] } },
{ "type": "Feature", "properties": { "Transect": 1869 }, "geometry": { "type": "LineString", "coordinates": [ [ 750277.063154114992358, 1963814.647615308407694 ], [ 748277.219737490289845, 1963789.621449345722795 ] ] } },
{ "type": "Feature", "properties": { "Transect": 1870 }, "geometry": { "type": "LineString", "coordinates": [ [ 750276.938698307261802, 1963824.592891310108826 ], [ 748277.095283216447569, 1963799.566602773265913 ] ] } },
{ "type": "Feature", "properties": { "Transect": 1871 }, "geometry": { "type": "LineString", "coordinates": [ [ 750276.814241888932884, 1963834.538167386082932 ], [ 748276.970828332006931, 1963809.511756276944652 ] ] } },
{ "type": "Feature", "properties": { "Transect": 1872 }, "geometry": { "type": "LineString", "coordinates": [ [ 750007.394654916948639, 1963149.192902366863564 ], [ 748546.141502780024894, 1964514.747451028088108 ] ] } },
{ "type": "Feature", "properties": { "Transect": 1873 }, "geometry": { "type": "LineString", "coordinates": [ [ 750286.095123578445055, 1963854.548459279816598 ], [ 748286.251725069363602, 1963829.520845736376941 ] ] } },
{ "type": "Feature", "properties": { "Transect": 1874 }, "geometry": { "type": "LineString", "coordinates": [ [ 750285.970660560298711, 1963864.493736109463498 ], [ 748286.127263585338369, 1963839.465999991400167 ] ] } },
{ "type": "Feature", "properties": { "Transect": 1875 }, "geometry": { "type": "LineString", "coordinates": [ [ 750285.84619693167042, 1963874.439013014547527 ], [ 748286.002801490598358, 1963849.411154320929199 ] ] } },
{ "type": "Feature", "properties": { "Transect": 1876 }, "geometry": { "type": "LineString", "coordinates": [ [ 750285.721732692443766, 1963884.384289992274716 ], [ 748285.878338785259984, 1963859.356308727292344 ] ] } },
{ "type": "Feature", "properties": { "Transect": 1877 }, "geometry": { "type": "LineString", "coordinates": [ [ 750285.597267842502333, 1963894.329567046603188 ], [ 748285.753875469439663, 1963869.301463209791109 ] ] } },
{ "type": "Feature", "properties": { "Transect": 1878 }, "geometry": { "type": "LineString", "coordinates": [ [ 750285.472802381846122, 1963904.274844190571457 ], [ 748285.629411543137394, 1963879.246617754921317 ] ] } },
{ "type": "Feature", "properties": { "Transect": 1879 }, "geometry": { "type": "LineString", "coordinates": [ [ 749272.912737135542557, 1964901.627644923282787 ], [ 749297.940546181052923, 1962901.784248860785738 ] ] } },
{ "type": "Feature", "properties": { "Transect": 1880 }, "geometry": { "type": "LineString", "coordinates": [ [ 750275.818568559945561, 1963914.100378734758124 ], [ 748275.975167274824344, 1963889.072987014660612 ] ] } },
{ "type": "Feature", "properties": { "Transect": 1881 }, "geometry": { "type": "LineString", "coordinates": [ [ 750275.694106646231376, 1963924.045655479189008 ], [ 748275.850706894765608, 1963899.018141211010516 ] ] } },
{ "type": "Feature", "properties": { "Transect": 1882 }, "geometry": { "type": "LineString", "coordinates": [ [ 749263.134396561421454, 1964921.398816379252821 ], [ 749288.161493464838713, 1962921.555411404464394 ] ] } },
{ "type": "Feature", "properties": { "Transect": 1883 }, "geometry": { "type": "LineString", "coordinates": [ [ 750266.039886409300379, 1963933.871193183353171 ], [ 748266.196476212120615, 1963908.844513605115935 ] ] } },
{ "type": "Feature", "properties": { "Transect": 1884 }, "geometry": { "type": "LineString", "coordinates": [ [ 750265.915428042295389, 1963943.816469554090872 ], [ 748266.072019378771074, 1963918.789667427772656 ] ] } },
{ "type": "Feature", "properties": { "Transect": 1885 }, "geometry": { "type": "LineString", "coordinates": [ [ 749253.356073121540248, 1964941.169990607304499 ], [ 749278.382457878207788, 1962941.326576720690355 ] ] } },
{ "type": "Feature", "properties": { "Transect": 1886 }, "geometry": { "type": "LineString", "coordinates": [ [ 750256.261221389519051, 1963953.642010390991345 ], [ 748256.417802280047908, 1963928.616042981157079 ] ] } },
{ "type": "Feature", "properties": { "Transect": 1887 }, "geometry": { "type": "LineString", "coordinates": [ [ 749243.702282741200179, 1964950.995953576406464 ], [ 749268.727832821663469, 1962951.152529244543985 ] ] } },
{ "type": "Feature", "properties": { "Transect": 1888 }, "geometry": { "type": "LineString", "coordinates": [ [ 750246.607024166034535, 1963963.467554788570851 ], [ 748246.763594610383734, 1963938.442422164604068 ] ] } },
{ "type": "Feature", "properties": { "Transect": 1889 }, "geometry": { "type": "LineString", "coordinates": [ [ 749234.048501841607504, 1964960.821920140879229 ], [ 749259.073217143421061, 1962960.978485362837091 ] ] } },
{ "type": "Feature", "properties": { "Transect": 1890 }, "geometry": { "type": "LineString", "coordinates": [ [ 750236.952836370444857, 1963973.293102803872898 ], [ 748237.10939636931289, 1963948.268804921070114 ] ] } },
{ "type": "Feature", "properties": { "Transect": 1891 }, "geometry": { "type": "LineString", "coordinates": [ [ 750236.828389865346253, 1963983.238377907313406 ], [ 748236.984951397869736, 1963958.213957471773028 ] ] } },
{ "type": "Feature", "properties": { "Transect": 1892 }, "geometry": { "type": "LineString", "coordinates": [ [ 750236.703942749882117, 1963993.183653082931414 ], [ 748236.860505815828219, 1963968.159110099310055 ] ] } },
{ "type": "Feature", "properties": { "Transect": 1893 }, "geometry": { "type": "LineString", "coordinates": [ [ 749224.145714503247291, 1964990.538316647289321 ], [ 749249.169840143993497, 1962990.694874490844086 ] ] } },
{ "type": "Feature", "properties": { "Transect": 1894 }, "geometry": { "type": "LineString", "coordinates": [ [ 750227.0497726976173, 1964003.009203786030412 ], [ 748227.206325318082236, 1963977.98549556452781 ] ] } },
{ "type": "Feature", "properties": { "Transect": 1895 }, "geometry": { "type": "LineString", "coordinates": [ [ 749214.491960802464746, 1965000.364289505174384 ], [ 749239.515251609846018, 1963000.52083690254949 ] ] } },
{ "type": "Feature", "properties": { "Transect": 1896 }, "geometry": { "type": "LineString", "coordinates": [ [ 750217.395612071966752, 1964012.834758082870394 ], [ 748217.552154247416183, 1963987.811884626746178 ] ] } },
{ "type": "Feature", "properties": { "Transect": 1897 }, "geometry": { "type": "LineString", "coordinates": [ [ 749204.838216476375237, 1965010.190265958895907 ], [ 749229.860672554699704, 1963010.346802911954001 ] ] } },
{ "type": "Feature", "properties": { "Transect": 1898 }, "geometry": { "type": "LineString", "coordinates": [ [ 750207.617025623330846, 1964032.605589837301522 ], [ 748207.773558886256069, 1964007.583428686950356 ] ] } },
{ "type": "Feature", "properties": { "Transect": 1899 }, "geometry": { "type": "LineString", "coordinates": [ [ 750207.492589759989642, 1964042.550863830372691 ], [ 748207.649124556337483, 1964017.528580107726157 ] ] } },
{ "type": "Feature", "properties": { "Transect": 1900 }, "geometry": { "type": "LineString", "coordinates": [ [ 750207.368153286166489, 1964052.496137876529247 ], [ 748207.524689615704119, 1964027.473731627687812 ] ] } },
{ "type": "Feature", "properties": { "Transect": 1901 }, "geometry": { "type": "LineString", "coordinates": [ [ 749937.951005295501091, 1963367.155488666146994 ], [ 748476.692964971181937, 1964732.704806555528194 ] ] } },
{ "type": "Feature", "properties": { "Transect": 1902 }, "geometry": { "type": "LineString", "coordinates": [ [ 750216.648966450826265, 1964072.506405325606465 ], [ 748216.805517826112919, 1964047.4827966154553 ] ] } },
{ "type": "Feature", "properties": { "Transect": 1903 }, "geometry": { "type": "LineString", "coordinates": [ [ 750216.524523377418518, 1964082.451680121943355 ], [ 748216.68107628589496, 1964057.427948886994272 ] ] } },
{ "type": "Feature", "properties": { "Transect": 1904 }, "geometry": { "type": "LineString", "coordinates": [ [ 749947.108349186717533, 1963397.111409415025264 ], [ 748485.848364642239176, 1964762.658646814525127 ] ] } },
{ "type": "Feature", "properties": { "Transect": 1905 }, "geometry": { "type": "LineString", "coordinates": [ [ 750225.805309541057795, 1964102.461955239064991 ], [ 748225.961877496680245, 1964077.437021497171372 ] ] } },
{ "type": "Feature", "properties": { "Transect": 1906 }, "geometry": { "type": "LineString", "coordinates": [ [ 750225.680859867716208, 1964112.407230800017715 ], [ 748225.837429356761277, 1964087.382174507714808 ] ] } },
{ "type": "Feature", "properties": { "Transect": 1907 }, "geometry": { "type": "LineString", "coordinates": [ [ 750225.556409583776258, 1964122.352506437571719 ], [ 748225.712980606476776, 1964097.327327592531219 ] ] } },
{ "type": "Feature", "properties": { "Transect": 1908 }, "geometry": { "type": "LineString", "coordinates": [ [ 749956.141424560919404, 1963437.012783295009285 ], [ 748494.879065374145284, 1964802.557479606475681 ] ] } },
{ "type": "Feature", "properties": { "Transect": 1909 }, "geometry": { "type": "LineString", "coordinates": [ [ 750234.837162754032761, 1964142.36278987233527 ], [ 748234.993748824577779, 1964117.336408524541184 ] ] } },
{ "type": "Feature", "properties": { "Transect": 1910 }, "geometry": { "type": "LineString", "coordinates": [ [ 750234.71270587015897, 1964152.30806626053527 ], [ 748234.869293474359438, 1964127.281562361866236 ] ] } },
{ "type": "Feature", "properties": { "Transect": 1911 }, "geometry": { "type": "LineString", "coordinates": [ [ 749965.298694701399654, 1963466.968721651937813 ], [ 748504.034391188062727, 1964832.51133734639734 ] ] } },
{ "type": "Feature", "properties": { "Transect": 1912 }, "geometry": { "type": "LineString", "coordinates": [ [ 750243.993432036717422, 1964172.318357354495674 ], [ 748244.150034690159373, 1964147.290650925599039 ] ] } },
{ "type": "Feature", "properties": { "Transect": 1913 }, "geometry": { "type": "LineString", "coordinates": [ [ 750243.868968552676961, 1964182.263634503819048 ], [ 748244.025572740007192, 1964157.235805503092706 ] ] } },
{ "type": "Feature", "properties": { "Transect": 1914 }, "geometry": { "type": "LineString", "coordinates": [ [ 749974.45593129878398, 1963496.924668471561745 ], [ 748513.189683338510804, 1964862.465203414438292 ] ] } },
{ "type": "Feature", "properties": { "Transect": 1915 }, "geometry": { "type": "LineString", "coordinates": [ [ 750253.149667715420946, 1964202.273933255579323 ], [ 748253.306286952923983, 1964177.244901701342314 ] ] } },
{ "type": "Feature", "properties": { "Transect": 1916 }, "geometry": { "type": "LineString", "coordinates": [ [ 749983.737389053101651, 1963516.935176749480888 ], [ 748522.469626980484463, 1964882.474091437412426 ] ] } },
{ "type": "Feature", "properties": { "Transect": 1917 }, "geometry": { "type": "LineString", "coordinates": [ [ 750262.430345864850096, 1964222.284238976426423 ], [ 748262.586980153224431, 1964197.25400486914441 ] ] } },
{ "type": "Feature", "properties": { "Transect": 1918 }, "geometry": { "type": "LineString", "coordinates": [ [ 749993.01882590004243, 1963536.945692111505195 ], [ 748531.749549503903836, 1964902.482986314920709 ] ] } },
{ "type": "Feature", "properties": { "Transect": 1919 }, "geometry": { "type": "LineString", "coordinates": [ [ 750271.711002998054028, 1964242.294551689643413 ], [ 748271.867652338696644, 1964217.263114984147251 ] ] } },
{ "type": "Feature", "properties": { "Transect": 1920 }, "geometry": { "type": "LineString", "coordinates": [ [ 750039.798563344636932, 1963607.162020955933258 ], [ 748578.523006334435195, 1964972.692594207590446 ] ] } },
{ "type": "Feature", "properties": { "Transect": 1921 }, "geometry": { "type": "LineString", "coordinates": [ [ 750049.204186305520125, 1963617.22712473385036 ], [ 748587.927545332931913, 1964982.756538019515574 ] ] } },
{ "type": "Feature", "properties": { "Transect": 1922 }, "geometry": { "type": "LineString", "coordinates": [ [ 750058.609799648518674, 1963627.292234235908836 ], [ 748597.332074657897465, 1964992.820487494114786 ] ] } },
{ "type": "Feature", "properties": { "Transect": 1923 }, "geometry": { "type": "LineString", "coordinates": [ [ 750068.015403436264023, 1963637.357349529629573 ], [ 748606.736594248795882, 1965002.884442567126825 ] ] } },
{ "type": "Feature", "properties": { "Transect": 1924 }, "geometry": { "type": "LineString", "coordinates": [ [ 750346.702670594793744, 1964342.705598128028214 ], [ 748346.859431174700148, 1964317.665275725536048 ] ] } },
{ "type": "Feature", "properties": { "Transect": 1925 }, "geometry": { "type": "LineString", "coordinates": [ [ 750077.296687090885825, 1963657.367923588026315 ], [ 748616.01636356965173, 1965022.89339610375464 ] ] } },
{ "type": "Feature", "properties": { "Transect": 1926 }, "geometry": { "type": "LineString", "coordinates": [ [ 750086.702266131294891, 1963667.433050793828443 ], [ 748625.420858561992645, 1965032.957363243913278 ] ] } },
{ "type": "Feature", "properties": { "Transect": 1927 }, "geometry": { "type": "LineString", "coordinates": [ [ 750096.107835486298427, 1963677.498183652525768 ], [ 748634.825343947857618, 1965043.021336119389161 ] ] } },
{ "type": "Feature", "properties": { "Transect": 1928 }, "geometry": { "type": "LineString", "coordinates": [ [ 750374.793206097208895, 1964382.846161122433841 ], [ 748374.950008788029663, 1964357.8024757723324 ] ] } },
{ "type": "Feature", "properties": { "Transect": 1929 }, "geometry": { "type": "LineString", "coordinates": [ [ 750105.38906816765666, 1963697.508777375100181 ], [ 748644.105062108486891, 1965063.03030911157839 ] ] } },
{ "type": "Feature", "properties": { "Transect": 1930 }, "geometry": { "type": "LineString", "coordinates": [ [ 750114.794612944708206, 1963707.573922326788306 ], [ 748653.509522727574222, 1965073.094293873291463 ] ] } },
{ "type": "Feature", "properties": { "Transect": 1931 }, "geometry": { "type": "LineString", "coordinates": [ [ 750161.697832005214877, 1963767.845191147411242 ], [ 748700.406890866695903, 1965133.359301417367533 ] ] } },
{ "type": "Feature", "properties": { "Transect": 1932 }, "geometry": { "type": "LineString", "coordinates": [ [ 750171.10331347596366, 1963777.910370823927224 ], [ 748709.811288274941035, 1965143.423320994712412 ] ] } },
{ "type": "Feature", "properties": { "Transect": 1933 }, "geometry": { "type": "LineString", "coordinates": [ [ 750180.508785419166088, 1963787.97555632260628 ], [ 748719.215675920248032, 1965153.487346140434965 ] ] } },
{ "type": "Feature", "properties": { "Transect": 1934 }, "geometry": { "type": "LineString", "coordinates": [ [ 750189.914247629698366, 1963798.040747427614406 ], [ 748728.620054002152756, 1965163.551377071300521 ] ] } },
{ "type": "Feature", "properties": { "Transect": 1935 }, "geometry": { "type": "LineString", "coordinates": [ [ 750199.319700226420537, 1963808.105944263283163 ], [ 748738.024422404356301, 1965173.615413661114872 ] ] } },
{ "type": "Feature", "properties": { "Transect": 1936 }, "geometry": { "type": "LineString", "coordinates": [ [ 750477.998484868905507, 1964513.453207794809714 ], [ 748478.155439467052929, 1964488.397394946077839 ] ] } },
{ "type": "Feature", "properties": { "Transect": 1937 }, "geometry": { "type": "LineString", "coordinates": [ [ 750208.600755600491539, 1963828.116608571493998 ], [ 748747.303963318001479, 1965193.624457272933796 ] ] } },
{ "type": "Feature", "properties": { "Transect": 1938 }, "geometry": { "type": "LineString", "coordinates": [ [ 750218.006183551508002, 1963838.181817430071533 ], [ 748756.708307020016946, 1965203.688505822792649 ] ] } },
{ "type": "Feature", "properties": { "Transect": 1939 }, "geometry": { "type": "LineString", "coordinates": [ [ 750227.411601876257919, 1963848.247032008133829 ], [ 748766.112641051993705, 1965213.752560043241829 ] ] } },
{ "type": "Feature", "properties": { "Transect": 1940 }, "geometry": { "type": "LineString", "coordinates": [ [ 750236.817010523751378, 1963858.312252251664177 ], [ 748775.516965464223176, 1965223.816619988763705 ] ] } },
{ "type": "Feature", "properties": { "Transect": 1941 }, "geometry": { "type": "LineString", "coordinates": [ [ 750246.222409418667667, 1963868.377478078939021 ], [ 748784.921280337846838, 1965233.880685745272785 ] ] } },
{ "type": "Feature", "properties": { "Transect": 1942 }, "geometry": { "type": "LineString", "coordinates": [ [ 750255.627798824571073, 1963878.442709769122303 ], [ 748794.32558540860191, 1965243.944757027085871 ] ] } },
{ "type": "Feature", "properties": { "Transect": 1943 }, "geometry": { "type": "LineString", "coordinates": [ [ 750265.033178542391397, 1963888.507947113830596 ], [ 748803.729880870669149, 1965254.008834046311677 ] ] } },
{ "type": "Feature", "properties": { "Transect": 1944 }, "geometry": { "type": "LineString", "coordinates": [ [ 749556.318315169308335, 1963581.401581521145999 ], [ 749531.254400128964335, 1965581.244525395333767 ] ] } },
{ "type": "Feature", "properties": { "Transect": 1945 }, "geometry": { "type": "LineString", "coordinates": [ [ 750311.811037196661346, 1963958.725156434811652 ], [ 748850.501457442878745, 1965324.219320508651435 ] ] } },
{ "type": "Feature", "properties": { "Transect": 1946 }, "geometry": { "type": "LineString", "coordinates": [ [ 750321.216348242480308, 1963968.790429135318846 ], [ 748859.905684283934534, 1965334.283432926051319 ] ] } },
{ "type": "Feature", "properties": { "Transect": 1947 }, "geometry": { "type": "LineString", "coordinates": [ [ 749612.501096868421882, 1963661.680199512746185 ], [ 749587.430454252287745, 1965661.523059059400111 ] ] } },
{ "type": "Feature", "properties": { "Transect": 1948 }, "geometry": { "type": "LineString", "coordinates": [ [ 750340.15140558348503, 1963978.975521353306249 ], [ 748878.839003356988542, 1965344.466664897976443 ] ] } },
{ "type": "Feature", "properties": { "Transect": 1949 }, "geometry": { "type": "LineString", "coordinates": [ [ 750349.556693127844483, 1963989.040810609003529 ], [ 748888.243206575978547, 1965354.530793736455962 ] ] } },
{ "type": "Feature", "properties": { "Transect": 1950 }, "geometry": { "type": "LineString", "coordinates": [ [ 749640.841566176153719, 1963681.929106691852212 ], [ 749615.767804995412007, 1965681.771927140653133 ] ] } },
{ "type": "Feature", "properties": { "Transect": 1951 }, "geometry": { "type": "LineString", "coordinates": [ [ 749650.3714657794917, 1963682.048591295722872 ], [ 749625.296747157233767, 1965681.891399739775807 ] ] } },
{ "type": "Feature", "properties": { "Transect": 1952 }, "geometry": { "type": "LineString", "coordinates": [ [ 749659.901366102858447, 1963682.168080471688882 ], [ 749634.825689602992497, 1965682.010876905405894 ] ] } },
{ "type": "Feature", "properties": { "Transect": 1953 }, "geometry": { "type": "LineString", "coordinates": [ [ 749669.431266758358106, 1963682.287574217189103 ], [ 749644.354632723145187, 1965682.130358644295484 ] ] } },
{ "type": "Feature", "properties": { "Transect": 1954 }, "geometry": { "type": "LineString", "coordinates": [ [ 749678.96116798883304, 1963682.407072533620521 ], [ 749653.883576275082305, 1965682.249844951787964 ] ] } },
{ "type": "Feature", "properties": { "Transect": 1955 }, "geometry": { "type": "LineString", "coordinates": [ [ 750406.610715178074315, 1963999.705293705686927 ], [ 748945.292874877573922, 1965365.190617544576526 ] ] } },
{ "type": "Feature", "properties": { "Transect": 1956 }, "geometry": { "type": "LineString", "coordinates": [ [ 750685.277875828440301, 1964705.052307748002931 ], [ 748685.435123734059744, 1964679.973095337627456 ] ] } },
{ "type": "Feature", "properties": { "Transect": 1957 }, "geometry": { "type": "LineString", "coordinates": [ [ 750685.153155802749097, 1964714.997613667277619 ], [ 748685.310405247611925, 1964689.918278498807922 ] ] } },
{ "type": "Feature", "properties": { "Transect": 1958 }, "geometry": { "type": "LineString", "coordinates": [ [ 750685.028435165062547, 1964724.942919687135145 ], [ 748685.185686150100082, 1964699.863461711676791 ] ] } },
{ "type": "Feature", "properties": { "Transect": 1959 }, "geometry": { "type": "LineString", "coordinates": [ [ 749672.442819898016751, 1965722.269812515936792 ], [ 749697.521860458422452, 1963722.427058266475797 ] ] } },
{ "type": "Feature", "properties": { "Transect": 1960 }, "geometry": { "type": "LineString", "coordinates": [ [ 750675.374315602472052, 1964734.768243364989758 ], [ 748675.531556117115542, 1964709.689620308578014 ] ] } },
{ "type": "Feature", "properties": { "Transect": 1961 }, "geometry": { "type": "LineString", "coordinates": [ [ 749662.789116719271988, 1965732.095558438915759 ], [ 749687.867322358302772, 1963732.252793719060719 ] ] } },
{ "type": "Feature", "properties": { "Transect": 1962 }, "geometry": { "type": "LineString", "coordinates": [ [ 750665.720205469988286, 1964744.593570627039298 ], [ 748665.877435514470562, 1964719.515782512491569 ] ] } },
{ "type": "Feature", "properties": { "Transect": 1963 }, "geometry": { "type": "LineString", "coordinates": [ [ 749653.135422992054373, 1965741.921307957265526 ], [ 749678.212793667335063, 1963742.078532767016441 ] ] } },
{ "type": "Feature", "properties": { "Transect": 1964 }, "geometry": { "type": "LineString", "coordinates": [ [ 750656.066104770172387, 1964754.418901507742703 ], [ 748656.223324345424771, 1964729.34194828895852 ] ] } },
{ "type": "Feature", "properties": { "Transect": 1965 }, "geometry": { "type": "LineString", "coordinates": [ [ 750655.941395996254869, 1964764.364206230267882 ], [ 748656.098617110750638, 1964739.287130251526833 ] ] } },
{ "type": "Feature", "properties": { "Transect": 1966 }, "geometry": { "type": "LineString", "coordinates": [ [ 750655.816686610691249, 1964774.309511027531698 ], [ 748655.973909264663234, 1964749.232312290696427 ] ] } },
{ "type": "Feature", "properties": { "Transect": 1967 }, "geometry": { "type": "LineString", "coordinates": [ [ 750655.69197661371436, 1964784.254815902560949 ], [ 748655.84920080692973, 1964759.177494404371828 ] ] } },
{ "type": "Feature", "properties": { "Transect": 1968 }, "geometry": { "type": "LineString", "coordinates": [ [ 750386.306297361734323, 1964098.920340303331614 ], [ 748924.985460381140001, 1965464.40245714224875 ] ] } },
{ "type": "Feature", "properties": { "Transect": 1969 }, "geometry": { "type": "LineString", "coordinates": [ [ 750664.971918702009134, 1964804.265402830671519 ], [ 748665.129157983814366, 1964779.186878086067736 ] ] } },
{ "type": "Feature", "properties": { "Transect": 1970 }, "geometry": { "type": "LineString", "coordinates": [ [ 750395.586998357670382, 1964118.931136797880754 ], [ 748934.264646664028987, 1965484.411632609320804 ] ] } },
{ "type": "Feature", "properties": { "Transect": 1971 }, "geometry": { "type": "LineString", "coordinates": [ [ 750404.9921850602841, 1964128.9964651518967 ], [ 748943.668748846859671, 1965494.475800320738927 ] ] } },
{ "type": "Feature", "properties": { "Transect": 1972 }, "geometry": { "type": "LineString", "coordinates": [ [ 750414.397362017189153, 1964139.061799101065844 ], [ 748953.072841476066969, 1965504.539973831735551 ] ] } },
{ "type": "Feature", "properties": { "Transect": 1973 }, "geometry": { "type": "LineString", "coordinates": [ [ 750423.802529398119077, 1964149.127138824900612 ], [ 748962.476924383779988, 1965514.604152959538624 ] ] } },
{ "type": "Feature", "properties": { "Transect": 1974 }, "geometry": { "type": "LineString", "coordinates": [ [ 750433.207687074202113, 1964159.192484187660739 ], [ 748971.880997699336149, 1965524.668337844545022 ] ] } },
{ "type": "Feature", "properties": { "Transect": 1975 }, "geometry": { "type": "LineString", "coordinates": [ [ 750442.612835134495981, 1964169.257835282478482 ], [ 748981.28506133321207, 1965534.732528389897197 ] ] } },
{ "type": "Feature", "properties": { "Transect": 1976 }, "geometry": { "type": "LineString", "coordinates": [ [ 750452.017973568174057, 1964179.323192099109292 ], [ 748990.689115296467207, 1965544.796724608168006 ] ] } },
{ "type": "Feature", "properties": { "Transect": 1977 }, "geometry": { "type": "LineString", "coordinates": [ [ 750461.423102296772413, 1964189.388554553966969 ], [ 749000.093159667099826, 1965554.860926582943648 ] ] } },
{ "type": "Feature", "properties": { "Transect": 1978 }, "geometry": { "type": "LineString", "coordinates": [ [ 750470.82822140364442, 1964199.453922735061496 ], [ 749009.497194361989386, 1965564.925134224351496 ] ] } },
{ "type": "Feature", "properties": { "Transect": 1979 }, "geometry": { "type": "LineString", "coordinates": [ [ 749762.111670024343766, 1963892.333006105851382 ], [ 749737.022880247677676, 1965892.175638071727008 ] ] } },
{ "type": "Feature", "properties": { "Transect": 1980 }, "geometry": { "type": "LineString", "coordinates": [ [ 750489.762985138338991, 1964209.63919564569369 ], [ 749028.430219641770236, 1965575.108546633273363 ] ] } },
{ "type": "Feature", "properties": { "Transect": 1981 }, "geometry": { "type": "LineString", "coordinates": [ [ 750768.422461541602388, 1964914.983880857005715 ], [ 748768.579849910689518, 1964889.893470226321369 ] ] } },
{ "type": "Feature", "properties": { "Transect": 1982 }, "geometry": { "type": "LineString", "coordinates": [ [ 750499.043520937208086, 1964229.650061581749469 ], [ 749037.70924044912681, 1965595.117791214957833 ] ] } },
{ "type": "Feature", "properties": { "Transect": 1983 }, "geometry": { "type": "LineString", "coordinates": [ [ 750777.70221726433374, 1964934.994544118642807 ], [ 748777.859620732022449, 1964909.902930080424994 ] ] } },
{ "type": "Feature", "properties": { "Transect": 1984 }, "geometry": { "type": "LineString", "coordinates": [ [ 750508.324035665253177, 1964249.66093444544822 ], [ 749046.988240277161822, 1965615.127042819280177 ] ] } },
{ "type": "Feature", "properties": { "Transect": 1985 }, "geometry": { "type": "LineString", "coordinates": [ [ 750517.729101194534451, 1964259.726331772049889 ], [ 749056.392221297835931, 1965625.191279492573813 ] ] } },
{ "type": "Feature", "properties": { "Transect": 1986 }, "geometry": { "type": "LineString", "coordinates": [ [ 750527.134157084394246, 1964269.791734807658941 ], [ 749065.796192656969652, 1965635.255521849729121 ] ] } },
{ "type": "Feature", "properties": { "Transect": 1987 }, "geometry": { "type": "LineString", "coordinates": [ [ 750536.539203347056173, 1964279.857143566245213 ], [ 749075.200154344900511, 1965645.319769880501553 ] ] } },
{ "type": "Feature", "properties": { "Transect": 1988 }, "geometry": { "type": "LineString", "coordinates": [ [ 750545.944239840377122, 1964289.922557896003127 ], [ 749084.604106500511989, 1965655.384023734834045 ] ] } },
{ "type": "Feature", "properties": { "Transect": 1989 }, "geometry": { "type": "LineString", "coordinates": [ [ 750824.599921443965286, 1964995.266700619598851 ], [ 748824.757394252810627, 1964970.169560591923073 ] ] } },
{ "type": "Feature", "properties": { "Transect": 1990 }, "geometry": { "type": "LineString", "coordinates": [ [ 750555.224673520540819, 1964309.933463048189878 ], [ 749093.883025074610487, 1965675.39330739248544 ] ] } },
{ "type": "Feature", "properties": { "Transect": 1991 }, "geometry": { "type": "LineString", "coordinates": [ [ 750564.62968545104377, 1964319.998889501905069 ], [ 749103.286952433409169, 1965685.457573115592822 ] ] } },
{ "type": "Feature", "properties": { "Transect": 1992 }, "geometry": { "type": "LineString", "coordinates": [ [ 750583.564289698842913, 1964330.184272601269186 ], [ 749122.219818264013156, 1965695.641095722094178 ] ] } },
{ "type": "Feature", "properties": { "Transect": 1993 }, "geometry": { "type": "LineString", "coordinates": [ [ 750592.969278085860424, 1964340.249715573387221 ], [ 749131.623722036718391, 1965705.705377912847325 ] ] } },
{ "type": "Feature", "properties": { "Transect": 1994 }, "geometry": { "type": "LineString", "coordinates": [ [ 750602.374256798997521, 1964350.315164219355211 ], [ 749141.027616181410849, 1965715.76966582541354 ] ] } },
{ "type": "Feature", "properties": { "Transect": 1995 }, "geometry": { "type": "LineString", "coordinates": [ [ 750611.779225817066617, 1964360.380618516122922 ], [ 749150.431500722072087, 1965725.833959483774379 ] ] } },
{ "type": "Feature", "properties": { "Transect": 1996 }, "geometry": { "type": "LineString", "coordinates": [ [ 749912.467289420426823, 1964063.315847331890836 ], [ 749887.361086339806207, 1966063.158260765252635 ] ] } },
{ "type": "Feature", "properties": { "Transect": 1997 }, "geometry": { "type": "LineString", "coordinates": [ [ 750640.118716297205538, 1964380.631525485543534 ], [ 749178.768167888745666, 1965746.081844855332747 ] ] } },
{ "type": "Feature", "properties": { "Transect": 1998 }, "geometry": { "type": "LineString", "coordinates": [ [ 750649.523652073461562, 1964390.697001951746643 ], [ 749188.172019235789776, 1965756.146160727832466 ] ] } },
{ "type": "Feature", "properties": { "Transect": 1999 }, "geometry": { "type": "LineString", "coordinates": [ [ 749940.80688070342876, 1964083.565296070417389 ], [ 749915.697558431653306, 1966083.407670342596248 ] ] } },
{ "type": "Feature", "properties": { "Transect": 2000 }, "geometry": { "type": "LineString", "coordinates": [ [ 750668.458151468657888, 1964400.882480059517547 ], [ 749207.10478003451135, 1965766.329778126208112 ] ] } },
{ "type": "Feature", "properties": { "Transect": 2001 }, "geometry": { "type": "LineString", "coordinates": [ [ 750677.863063796423376, 1964410.947973146103323 ], [ 749216.508607699070126, 1965776.394110364373773 ] ] } },
{ "type": "Feature", "properties": { "Transect": 2002 }, "geometry": { "type": "LineString", "coordinates": [ [ 749969.146416928851977, 1964103.814792565070093 ], [ 749944.033975258702412, 1966103.657127669081092 ] ] } },
{ "type": "Feature", "properties": { "Transect": 2003 }, "geometry": { "type": "LineString", "coordinates": [ [ 750696.797531546559185, 1964421.133482468081638 ], [ 749235.441336946329102, 1965786.577759069623426 ] ] } },
{ "type": "Feature", "properties": { "Transect": 2004 }, "geometry": { "type": "LineString", "coordinates": [ [ 750706.202420307090506, 1964431.198992050485685 ], [ 749244.845141046214849, 1965796.642107801279053 ] ] } },
{ "type": "Feature", "properties": { "Transect": 2005 }, "geometry": { "type": "LineString", "coordinates": [ [ 750715.607299415860325, 1964441.264507331419736 ], [ 749254.248935495037585, 1965806.706462230533361 ] ] } },
{ "type": "Feature", "properties": { "Transect": 2006 }, "geometry": { "type": "LineString", "coordinates": [ [ 750725.012168851681054, 1964451.330028288066387 ], [ 749263.652720316778868, 1965816.77082238253206 ] ] } },
{ "type": "Feature", "properties": { "Transect": 2007 }, "geometry": { "type": "LineString", "coordinates": [ [ 750762.631550154532306, 1964491.592169178184122 ], [ 749301.267763036419638, 1965857.028319900855422 ] ] } },
{ "type": "Feature", "properties": { "Transect": 2008 }, "geometry": { "type": "LineString", "coordinates": [ [ 750053.914958572015166, 1964184.454106350662187 ], [ 750028.792912372387946, 1966184.296320825116709 ] ] } },
{ "type": "Feature", "properties": { "Transect": 2009 }, "geometry": { "type": "LineString", "coordinates": [ [ 750082.379127173684537, 1964194.758526691701263 ], [ 750057.254084249259904, 1966194.600703519303352 ] ] } },
{ "type": "Feature", "properties": { "Transect": 2010 }, "geometry": { "type": "LineString", "coordinates": [ [ 750810.029766203137115, 1964512.083470786456019 ], [ 749348.661847743671387, 1965877.51519990991801 ] ] } },
{ "type": "Feature", "properties": { "Transect": 2011 }, "geometry": { "type": "LineString", "coordinates": [ [ 750819.434555377694778, 1964522.149047033861279 ], [ 749358.065552120911889, 1965887.579615140799433 ] ] } },
{ "type": "Feature", "properties": { "Transect": 2012 }, "geometry": { "type": "LineString", "coordinates": [ [ 750828.839334844145924, 1964532.214628921588883 ], [ 749367.469246902735904, 1965897.644036130281165 ] ] } },
{ "type": "Feature", "properties": { "Transect": 2013 }, "geometry": { "type": "LineString", "coordinates": [ [ 750838.244104670244269, 1964542.280216520652175 ], [ 749376.872932023252361, 1965907.708462806884199 ] ] } },
{ "type": "Feature", "properties": { "Transect": 2014 }, "geometry": { "type": "LineString", "coordinates": [ [ 750847.64886491256766, 1964552.345809891587123 ], [ 749386.276607426116243, 1965917.772895110538229 ] ] } },
{ "type": "Feature", "properties": { "Transect": 2015 }, "geometry": { "type": "LineString", "coordinates": [ [ 750875.863087501726113, 1964582.542623958084732 ], [ 749414.487575961858965, 1965947.966226460877806 ] ] } },
{ "type": "Feature", "properties": { "Transect": 2016 }, "geometry": { "type": "LineString", "coordinates": [ [ 750885.267809054465033, 1964592.608240039087832 ], [ 749423.891212846967392, 1965958.030681651085615 ] ] } },
{ "type": "Feature", "properties": { "Transect": 2017 }, "geometry": { "type": "LineString", "coordinates": [ [ 750176.551545076537877, 1964285.463480909122154 ], [ 750151.41581596317701, 1966285.305523452116176 ] ] } },
{ "type": "Feature", "properties": { "Transect": 2018 }, "geometry": { "type": "LineString", "coordinates": [ [ 750904.202011414454319, 1964602.793982595903799 ], [ 749442.82367635180708, 1965968.214563152985647 ] ] } },
{ "type": "Feature", "properties": { "Transect": 2019 }, "geometry": { "type": "LineString", "coordinates": [ [ 750913.606709447572939, 1964612.859615229070187 ], [ 749452.227289618109353, 1965978.279034784529358 ] ] } },
{ "type": "Feature", "properties": { "Transect": 2020 }, "geometry": { "type": "LineString", "coordinates": [ [ 750923.01139780075755, 1964622.92525353259407 ], [ 749461.630893262219615, 1965988.343512146035209 ] ] } },
{ "type": "Feature", "properties": { "Transect": 2021 }, "geometry": { "type": "LineString", "coordinates": [ [ 750932.416076571098529, 1964632.990897609153762 ], [ 749471.034487189375795, 1965998.407995135290548 ] ] } },
{ "type": "Feature", "properties": { "Transect": 2022 }, "geometry": { "type": "LineString", "coordinates": [ [ 750941.820745671633631, 1964643.056547367945313 ], [ 749480.438071480952203, 1966008.472483841236681 ] ] } },
{ "type": "Feature", "properties": { "Transect": 2023 }, "geometry": { "type": "LineString", "coordinates": [ [ 750951.225405142758973, 1964653.122202851576731 ], [ 749489.84164609934669, 1966018.536978223593906 ] ] } },
{ "type": "Feature", "properties": { "Transect": 2024 }, "geometry": { "type": "LineString", "coordinates": [ [ 750242.509219452855177, 1964345.973696685628965 ], [ 750217.366046573617496, 1966345.815645654918626 ] ] } },
{ "type": "Feature", "properties": { "Transect": 2025 }, "geometry": { "type": "LineString", "coordinates": [ [ 750252.038836762891151, 1964346.09350856160745 ], [ 750226.894705793936737, 1966345.935445485170931 ] ] } },
{ "type": "Feature", "properties": { "Transect": 2026 }, "geometry": { "type": "LineString", "coordinates": [ [ 750979.688986013876274, 1964663.428180300397798 ], [ 749518.302834085188806, 1966028.840394597267732 ] ] } },
{ "type": "Feature", "properties": { "Transect": 2027 }, "geometry": { "type": "LineString", "coordinates": [ [ 750989.093617607606575, 1964673.493857340421528 ], [ 749527.706380907213315, 1966038.904910616576672 ] ] } },
{ "type": "Feature", "properties": { "Transect": 2028 }, "geometry": { "type": "LineString", "coordinates": [ [ 750998.498239537817426, 1964683.559540068497881 ], [ 749537.109918089932762, 1966048.969432348152623 ] ] } },
{ "type": "Feature", "properties": { "Transect": 2029 }, "geometry": { "type": "LineString", "coordinates": [ [ 751007.902851879713126, 1964693.625228564022109 ], [ 749546.513445560471155, 1966059.033959713065997 ] ] } },
{ "type": "Feature", "properties": { "Transect": 2030 }, "geometry": { "type": "LineString", "coordinates": [ [ 750299.186915555153973, 1964386.47377251717262 ], [ 750274.037502391613089, 1966386.315643020207062 ] ] } },
{ "type": "Feature", "properties": { "Transect": 2031 }, "geometry": { "type": "LineString", "coordinates": [ [ 751026.836903791874647, 1964703.811108156573027 ], [ 749565.445758566725999, 1966069.217978161759675 ] ] } },
{ "type": "Feature", "properties": { "Transect": 2032 }, "geometry": { "type": "LineString", "coordinates": [ [ 751036.24149252101779, 1964713.87681310926564 ], [ 749574.849262506701052, 1966079.282522066729143 ] ] } },
{ "type": "Feature", "properties": { "Transect": 2033 }, "geometry": { "type": "LineString", "coordinates": [ [ 751045.646071667666547, 1964723.942523836623877 ], [ 749584.252756728674285, 1966089.34707159968093 ] ] } },
{ "type": "Feature", "properties": { "Transect": 2034 }, "geometry": { "type": "LineString", "coordinates": [ [ 750336.930248438264243, 1964416.789024716010317 ], [ 750311.776634019915946, 1966416.63084238092415 ] ] } },
{ "type": "Feature", "properties": { "Transect": 2035 }, "geometry": { "type": "LineString", "coordinates": [ [ 751064.580078079481609, 1964734.128445523092523 ], [ 749603.185024195001461, 1966099.531132089206949 ] ] } },
{ "type": "Feature", "properties": { "Transect": 2036 }, "geometry": { "type": "LineString", "coordinates": [ [ 751073.984633641084656, 1964744.194172738818452 ], [ 749612.588494857773185, 1966109.595698132878169 ] ] } },
{ "type": "Feature", "properties": { "Transect": 2037 }, "geometry": { "type": "LineString", "coordinates": [ [ 751083.389179454767145, 1964754.259905553422868 ], [ 749621.991955964709632, 1966119.660269979853183 ] ] } },
{ "type": "Feature", "properties": { "Transect": 2038 }, "geometry": { "type": "LineString", "coordinates": [ [ 751092.793715808540583, 1964764.325644273078069 ], [ 749631.395407230127603, 1966129.724847321165726 ] ] } },
{ "type": "Feature", "properties": { "Transect": 2039 }, "geometry": { "type": "LineString", "coordinates": [ [ 751102.198242367943749, 1964774.39138854551129 ], [ 749640.798848983366042, 1966139.789430515142158 ] ] } },
{ "type": "Feature", "properties": { "Transect": 2040 }, "geometry": { "type": "LineString", "coordinates": [ [ 750393.482509221299551, 1964467.23471015621908 ], [ 750368.32253113866318, 1966467.076447770232335 ] ] } },
{ "type": "Feature", "properties": { "Transect": 2041 }, "geometry": { "type": "LineString", "coordinates": [ [ 750403.012077302555554, 1964467.354601505445316 ], [ 750377.851141217746772, 1966467.196327066747472 ] ] } },
{ "type": "Feature", "properties": { "Transect": 2042 }, "geometry": { "type": "LineString", "coordinates": [ [ 750412.541645934688859, 1964467.474497427465394 ], [ 750387.379751752945594, 1966467.316210934193805 ] ] } },
{ "type": "Feature", "properties": { "Transect": 2043 }, "geometry": { "type": "LineString", "coordinates": [ [ 751140.191009220201522, 1964784.817858386784792 ], [ 749678.788568643853068, 1966150.212638908997178 ] ] } },
{ "type": "Feature", "properties": { "Transect": 2044 }, "geometry": { "type": "LineString", "coordinates": [ [ 750431.475707748322748, 1964477.659595155157149 ], [ 750406.311774218105711, 1966477.501283001620322 ] ] } },
{ "type": "Feature", "properties": { "Transect": 2045 }, "geometry": { "type": "LineString", "coordinates": [ [ 750469.218680254649371, 1964507.975146524840966 ], [ 750444.05054524098523, 1966507.816781500121579 ] ] } },
{ "type": "Feature", "properties": { "Transect": 2046 }, "geometry": { "type": "LineString", "coordinates": [ [ 751196.86773097817786, 1964825.321520246565342 ], [ 749735.459642576752231, 1966190.710255791898817 ] ] } },
{ "type": "Feature", "properties": { "Transect": 2047 }, "geometry": { "type": "LineString", "coordinates": [ [ 750488.152678823447786, 1964518.160306798061356 ], [ 750462.982504550251178, 1966518.001916107954457 ] ] } },
{ "type": "Feature", "properties": { "Transect": 2048 }, "geometry": { "type": "LineString", "coordinates": [ [ 751215.801575736841187, 1964835.507608093321323 ], [ 749754.391748171998188, 1966200.894482168368995 ] ] } },
{ "type": "Feature", "properties": { "Transect": 2049 }, "geometry": { "type": "LineString", "coordinates": [ [ 750516.491081727435812, 1964538.410734285833314 ], [ 750491.317786833038554, 1966538.25230431673117 ] ] } },
{ "type": "Feature", "properties": { "Transect": 2050 }, "geometry": { "type": "LineString", "coordinates": [ [ 750526.020622965879738, 1964538.530688764061779 ], [ 750500.846370071638376, 1966538.372246735729277 ] ] } },
{ "type": "Feature", "properties": { "Transect": 2051 }, "geometry": { "type": "LineString", "coordinates": [ [ 751253.669212142005563, 1964855.879845139570534 ], [ 749792.255906382575631, 1966221.262996401172131 ] ] } },
{ "type": "Feature", "properties": { "Transect": 2052 }, "geometry": { "type": "LineString", "coordinates": [ [ 751263.073617699905299, 1964865.945681533543393 ], [ 749801.659227123600431, 1966231.327671679900959 ] ] } },
{ "type": "Feature", "properties": { "Transect": 2053 }, "geometry": { "type": "LineString", "coordinates": [ [ 751272.478013785672374, 1964876.011523821158335 ], [ 749811.062538034166209, 1966241.392352467169985 ] ] } },
{ "type": "Feature", "properties": { "Transect": 2054 }, "geometry": { "type": "LineString", "coordinates": [ [ 751310.220512745785527, 1964906.329417683649808 ], [ 749848.801128046936356, 1966271.706062432844192 ] ] } },
{ "type": "Feature", "properties": { "Transect": 2055 }, "geometry": { "type": "LineString", "coordinates": [ [ 750601.505959459464066, 1964599.162303421413526 ], [ 750576.323302573873661, 1966599.003755585057661 ] ] } },
{ "type": "Feature", "properties": { "Transect": 2056 }, "geometry": { "type": "LineString", "coordinates": [ [ 751329.154231142369099, 1964916.515630686655641 ], [ 749867.733107194188051, 1966281.890413842629641 ] ] } },
{ "type": "Feature", "properties": { "Transect": 2057 }, "geometry": { "type": "LineString", "coordinates": [ [ 750620.439814041834325, 1964609.347609270596877 ], [ 750595.25511769275181, 1966609.189035751624033 ] ] } },
{ "type": "Feature", "properties": { "Transect": 2058 }, "geometry": { "type": "LineString", "coordinates": [ [ 750629.969327435595915, 1964609.467617736430839 ], [ 750604.783673081314191, 1966609.309032152639702 ] ] } },
{ "type": "Feature", "properties": { "Transect": 2059 }, "geometry": { "type": "LineString", "coordinates": [ [ 751357.617293777875602, 1964926.822221202077344 ], [ 749896.19377652881667, 1966292.194442697567865 ] ] } },
{ "type": "Feature", "properties": { "Transect": 2060 }, "geometry": { "type": "LineString", "coordinates": [ [ 751367.021614811965264, 1964936.888118037721142 ], [ 749905.597012518788688, 1966302.259178157197312 ] ] } },
{ "type": "Feature", "properties": { "Transect": 2061 }, "geometry": { "type": "LineString", "coordinates": [ [ 751376.42592623771634, 1964946.954020624281839 ], [ 749915.000238811247982, 1966312.323919270886108 ] ] } },
{ "type": "Feature", "properties": { "Transect": 2062 }, "geometry": { "type": "LineString", "coordinates": [ [ 750667.711770034511574, 1964639.78361675539054 ], [ 750642.521913423785008, 1966639.624978245003149 ] ] } },
{ "type": "Feature", "properties": { "Transect": 2063 }, "geometry": { "type": "LineString", "coordinates": [ [ 750696.300276476307772, 1964640.143729206640273 ], [ 750671.107545611565001, 1966639.985054490156472 ] ] } },
{ "type": "Feature", "properties": { "Transect": 2064 }, "geometry": { "type": "LineString", "coordinates": [ [ 750705.829779712366872, 1964640.263775836210698 ], [ 750680.636090605403297, 1966640.105089047923684 ] ] } },
{ "type": "Feature", "properties": { "Transect": 2065 }, "geometry": { "type": "LineString", "coordinates": [ [ 750715.359283360885456, 1964640.383827037643641 ], [ 750690.164636200061068, 1966640.225128179881722 ] ] } },
{ "type": "Feature", "properties": { "Transect": 2066 }, "geometry": { "type": "LineString", "coordinates": [ [ 751443.006333553930745, 1964957.742259194608778 ], [ 749981.575636258115992, 1966323.106795500498265 ] ] } },
{ "type": "Feature", "properties": { "Transect": 2067 }, "geometry": { "type": "LineString", "coordinates": [ [ 751452.410599990282208, 1964967.808203703258187 ], [ 749990.978817724389955, 1966333.171578700188547 ] ] } },
{ "type": "Feature", "properties": { "Transect": 2068 }, "geometry": { "type": "LineString", "coordinates": [ [ 751461.814856881741434, 1964977.874154029646888 ], [ 750000.381989432265982, 1966343.236367487581447 ] ] } },
{ "type": "Feature", "properties": { "Transect": 2069 }, "geometry": { "type": "LineString", "coordinates": [ [ 751490.152677247184329, 1964998.126496496610343 ], [ 750028.716985463746823, 1966363.485686886124313 ] ] } },
{ "type": "Feature", "properties": { "Transect": 2070 }, "geometry": { "type": "LineString", "coordinates": [ [ 750781.43949769239407, 1964690.95087902341038 ], [ 750756.237527161021717, 1966690.792087890207767 ] ] } },
{ "type": "Feature", "properties": { "Transect": 2071 }, "geometry": { "type": "LineString", "coordinates": [ [ 750790.968981621204875, 1964691.070969444699585 ], [ 750765.766052838996984, 1966690.912166235502809 ] ] } },
{ "type": "Feature", "properties": { "Transect": 2072 }, "geometry": { "type": "LineString", "coordinates": [ [ 751518.615565128275193, 1965008.433342511299998 ], [ 750057.177479946636595, 1966373.789971081539989 ] ] } },
{ "type": "Feature", "properties": { "Transect": 2073 }, "geometry": { "type": "LineString", "coordinates": [ [ 750809.902669601957314, 1964701.25647892174311 ], [ 750784.697701241471805, 1966701.097650007577613 ] ] } },
{ "type": "Feature", "properties": { "Transect": 2074 }, "geometry": { "type": "LineString", "coordinates": [ [ 751537.54909918201156, 1965018.6197796294 ], [ 750076.10927475313656, 1966383.974546557525173 ] ] } },
{ "type": "Feature", "properties": { "Transect": 2075 }, "geometry": { "type": "LineString", "coordinates": [ [ 750828.83633990236558, 1964711.442008876474574 ], [ 750803.629331963136792, 1966711.283154255477712 ] ] } },
{ "type": "Feature", "properties": { "Transect": 2076 }, "geometry": { "type": "LineString", "coordinates": [ [ 750838.365816810517572, 1964711.562123216921464 ], [ 750813.157850624411367, 1966711.403256517602131 ] ] } },
{ "type": "Feature", "properties": { "Transect": 2077 }, "geometry": { "type": "LineString", "coordinates": [ [ 751566.011940945638344, 1965028.9267002211418 ], [ 750104.569723069900647, 1966394.278905262006447 ] ] } },
{ "type": "Feature", "properties": { "Transect": 2078 }, "geometry": { "type": "LineString", "coordinates": [ [ 751575.416114333551377, 1965038.992715395055711 ], [ 750113.9728112379089, 1966404.343758840113878 ] ] } },
{ "type": "Feature", "properties": { "Transect": 2079 }, "geometry": { "type": "LineString", "coordinates": [ [ 751584.820278077502735, 1965049.058736284961924 ], [ 750123.375889739836566, 1966414.408618108602241 ] ] } },
{ "type": "Feature", "properties": { "Transect": 2080 }, "geometry": { "type": "LineString", "coordinates": [ [ 750876.107779790880159, 1964741.878582818433642 ], [ 750850.895610961830243, 1966741.719663140363991 ] ] } },
{ "type": "Feature", "properties": { "Transect": 2081 }, "geometry": { "type": "LineString", "coordinates": [ [ 750913.974968930473551, 1964762.249807680724189 ], [ 750888.758720637531951, 1966762.090836568502709 ] ] } },
{ "type": "Feature", "properties": { "Transect": 2082 }, "geometry": { "type": "LineString", "coordinates": [ [ 750923.504426430212334, 1964762.369965814985335 ], [ 750898.287220084341243, 1966762.210982622113079 ] ] } },
{ "type": "Feature", "properties": { "Transect": 2083 }, "geometry": { "type": "LineString", "coordinates": [ [ 750933.033884579432197, 1964762.490128523204476 ], [ 750907.815719892620109, 1966762.331133245956153 ] ] } },
{ "type": "Feature", "properties": { "Transect": 2084 }, "geometry": { "type": "LineString", "coordinates": [ [ 750942.563343142275698, 1964762.610295804217458 ], [ 750917.344220301951282, 1966762.451288443990052 ] ] } },
{ "type": "Feature", "properties": { "Transect": 2085 }, "geometry": { "type": "LineString", "coordinates": [ [ 751670.208546122885309, 1965079.979859970510006 ], [ 750208.756977302138694, 1966445.322055901866406 ] ] } },
{ "type": "Feature", "properties": { "Transect": 2086 }, "geometry": { "type": "LineString", "coordinates": [ [ 751679.612645551678725, 1965090.045934178866446 ], [ 750218.159991687280126, 1966455.386968687176704 ] ] } },
{ "type": "Feature", "properties": { "Transect": 2087 }, "geometry": { "type": "LineString", "coordinates": [ [ 751689.016735535580665, 1965100.11201431369409 ], [ 750227.562996212393045, 1966465.451886952854693 ] ] } },
{ "type": "Feature", "properties": { "Transect": 2088 }, "geometry": { "type": "LineString", "coordinates": [ [ 751698.420815682504326, 1965110.178099961485714 ], [ 750236.965991260949522, 1966475.516811115201563 ] ] } },
{ "type": "Feature", "properties": { "Transect": 2089 }, "geometry": { "type": "LineString", "coordinates": [ [ 751707.824886231916025, 1965120.244191372999921 ], [ 750246.368976601166651, 1966485.581740921130404 ] ] } },
{ "type": "Feature", "properties": { "Transect": 2090 }, "geometry": { "type": "LineString", "coordinates": [ [ 750999.11319416994229, 1964813.058026284910738 ], [ 750973.887705244822428, 1966812.898938634898514 ] ] } },
{ "type": "Feature", "properties": { "Transect": 2091 }, "geometry": { "type": "LineString", "coordinates": [ [ 751008.64263247908093, 1964813.178228216711432 ], [ 750983.416185260517523, 1966813.01912847859785 ] ] } },
{ "type": "Feature", "properties": { "Transect": 2092 }, "geometry": { "type": "LineString", "coordinates": [ [ 751736.287520164740272, 1965130.551385100930929 ], [ 750274.829216914367862, 1966495.886372516397387 ] ] } },
{ "type": "Feature", "properties": { "Transect": 2093 }, "geometry": { "type": "LineString", "coordinates": [ [ 751056.16441871447023, 1964823.724636017344892 ], [ 751030.933057054760866, 1966823.565474281553179 ] ] } },
{ "type": "Feature", "properties": { "Transect": 2094 }, "geometry": { "type": "LineString", "coordinates": [ [ 751065.693855239660479, 1964823.844865915132686 ], [ 751040.461535380338319, 1966823.685692089842632 ] ] } },
{ "type": "Feature", "properties": { "Transect": 2095 }, "geometry": { "type": "LineString", "coordinates": [ [ 751793.337983008823358, 1965141.220345217734575 ], [ 750331.875323473592289, 1966506.550669638905674 ] ] } },
{ "type": "Feature", "properties": { "Transect": 2096 }, "geometry": { "type": "LineString", "coordinates": [ [ 751802.741994617506862, 1965151.286489337449893 ], [ 750341.27825009310618, 1966516.615652374690399 ] ] } },
{ "type": "Feature", "properties": { "Transect": 2097 }, "geometry": { "type": "LineString", "coordinates": [ [ 752081.333977844682522, 1965856.634151995647699 ], [ 750081.493185790837742, 1965831.399127979297191 ] ] } },
{ "type": "Feature", "properties": { "Transect": 2098 }, "geometry": { "type": "LineString", "coordinates": [ [ 751812.020717013510875, 1965171.298201225930825 ], [ 750350.555455972789787, 1966536.625740965595469 ] ] } },
{ "type": "Feature", "properties": { "Transect": 2099 }, "geometry": { "type": "LineString", "coordinates": [ [ 751821.424704089062288, 1965181.364357534097508 ], [ 750359.958357735071331, 1966546.690735538722947 ] ] } },
{ "type": "Feature", "properties": { "Transect": 2100 }, "geometry": { "type": "LineString", "coordinates": [ [ 751112.713829787797295, 1964874.172748717479408 ], [ 751087.476101565058343, 1966874.013506646733731 ] ] } },
{ "type": "Feature", "properties": { "Transect": 2101 }, "geometry": { "type": "LineString", "coordinates": [ [ 751122.243245508987457, 1964874.293008694890887 ], [ 751097.00455904006958, 1966874.133754530921578 ] ] } },
{ "type": "Feature", "properties": { "Transect": 2102 }, "geometry": { "type": "LineString", "coordinates": [ [ 751849.887209380278364, 1965191.671732214745134 ], [ 750388.418469379656017, 1966556.995548018720001 ] ] } },
{ "type": "Feature", "properties": { "Transect": 2103 }, "geometry": { "type": "LineString", "coordinates": [ [ 751141.176619213772938, 1964884.478877124609426 ], [ 751115.935892699053511, 1966884.31959721329622 ] ] } },
{ "type": "Feature", "properties": { "Transect": 2104 }, "geometry": { "type": "LineString", "coordinates": [ [ 751868.820429038605653, 1965201.858528431039304 ], [ 750407.349949561641552, 1966567.180482263676822 ] ] } },
{ "type": "Feature", "properties": { "Transect": 2105 }, "geometry": { "type": "LineString", "coordinates": [ [ 751160.109975233091973, 1964894.664766035508364 ], [ 751134.86720867746044, 1966894.505460374988616 ] ] } },
{ "type": "Feature", "properties": { "Transect": 2106 }, "geometry": { "type": "LineString", "coordinates": [ [ 751169.639383870526217, 1964894.785049935337156 ], [ 751144.395659208879806, 1966894.625732181128114 ] ] } },
{ "type": "Feature", "properties": { "Transect": 2107 }, "geometry": { "type": "LineString", "coordinates": [ [ 751179.168793111108243, 1964894.905338409123942 ], [ 751153.924110147170722, 1966894.746008557965979 ] ] } },
{ "type": "Feature", "properties": { "Transect": 2108 }, "geometry": { "type": "LineString", "coordinates": [ [ 751188.698202754720114, 1964895.025631455006078 ], [ 751163.452561691752635, 1966894.866289509227499 ] ] } },
{ "type": "Feature", "properties": { "Transect": 2109 }, "geometry": { "type": "LineString", "coordinates": [ [ 751916.341404131264426, 1965212.407256565755233 ], [ 750454.867222518543713, 1966577.72524754027836 ] ] } },
{ "type": "Feature", "properties": { "Transect": 2110 }, "geometry": { "type": "LineString", "coordinates": [ [ 751925.745322731207125, 1965222.473471418954432 ], [ 750464.27005578961689, 1966587.790300626773387 ] ] } },
{ "type": "Feature", "properties": { "Transect": 2111 }, "geometry": { "type": "LineString", "coordinates": [ [ 751935.14923170779366, 1965232.539692012127489 ], [ 750473.672879371442832, 1966597.855359380599111 ] ] } },
{ "type": "Feature", "properties": { "Transect": 2112 }, "geometry": { "type": "LineString", "coordinates": [ [ 751226.439334516762756, 1964925.34286858420819 ], [ 751201.189489811309613, 1966925.18347356794402 ] ] } },
{ "type": "Feature", "properties": { "Transect": 2113 }, "geometry": { "type": "LineString", "coordinates": [ [ 751954.082376879290678, 1965242.726579837035388 ], [ 750492.604285065433942, 1966608.040385212283581 ] ] } },
{ "type": "Feature", "properties": { "Transect": 2114 }, "geometry": { "type": "LineString", "coordinates": [ [ 751245.372616054606624, 1964935.528849098831415 ], [ 751220.120731298695318, 1966935.369428324047476 ] ] } },
{ "type": "Feature", "properties": { "Transect": 2115 }, "geometry": { "type": "LineString", "coordinates": [ [ 751973.015504442271776, 1965252.913488223217428 ], [ 750511.535673006786965, 1966618.225431445986032 ] ] } },
{ "type": "Feature", "properties": { "Transect": 2116 }, "geometry": { "type": "LineString", "coordinates": [ [ 751982.419375902507454, 1965262.979736120207235 ], [ 750520.938459109514952, 1966628.290517535759136 ] ] } },
{ "type": "Feature", "properties": { "Transect": 2117 }, "geometry": { "type": "LineString", "coordinates": [ [ 751991.823237690492533, 1965273.045989705016837 ], [ 750530.341235574451275, 1966638.35560934827663 ] ] } },
{ "type": "Feature", "properties": { "Transect": 2118 }, "geometry": { "type": "LineString", "coordinates": [ [ 751283.113590386579745, 1964965.846214861841872 ], [ 751257.857501823804341, 1966965.68674100167118 ] ] } },
{ "type": "Feature", "properties": { "Transect": 2119 }, "geometry": { "type": "LineString", "coordinates": [ [ 752010.756319753010757, 1965283.232940220506862 ], [ 750549.272577964118682, 1966648.540697646094486 ] ] } },
{ "type": "Feature", "properties": { "Transect": 2120 }, "geometry": { "type": "LineString", "coordinates": [ [ 751302.046808715444058, 1964976.032257958082482 ], [ 751276.788680100813508, 1966975.872758332872763 ] ] } },
{ "type": "Feature", "properties": { "Transect": 2121 }, "geometry": { "type": "LineString", "coordinates": [ [ 751311.576186833321117, 1964976.152614685706794 ], [ 751286.31709997181315, 1966975.993102957494557 ] ] } },
{ "type": "Feature", "properties": { "Transect": 2122 }, "geometry": { "type": "LineString", "coordinates": [ [ 752039.21861069125589, 1965293.540616564219818 ], [ 750577.732475118595175, 1966658.845811577280983 ] ] } },
{ "type": "Feature", "properties": { "Transect": 2123 }, "geometry": { "type": "LineString", "coordinates": [ [ 752048.622430818504654, 1965303.6069026873447 ], [ 750587.135209714178927, 1966668.910935695748776 ] ] } },
{ "type": "Feature", "properties": { "Transect": 2124 }, "geometry": { "type": "LineString", "coordinates": [ [ 751339.913192459382117, 1964996.404405602021143 ], [ 751314.650983485393226, 1966996.244854437420145 ] ] } },
{ "type": "Feature", "properties": { "Transect": 2125 }, "geometry": { "type": "LineString", "coordinates": [ [ 751349.442563081509434, 1964996.524781681364402 ], [ 751324.179395811748691, 1966996.365218410966918 ] ] } },
{ "type": "Feature", "properties": { "Transect": 2126 }, "geometry": { "type": "LineString", "coordinates": [ [ 752086.488471096032299, 1965323.980947031872347 ], [ 750624.997770797344856, 1966689.2812557334546 ] ] } },
{ "type": "Feature", "properties": { "Transect": 2127 }, "geometry": { "type": "LineString", "coordinates": [ [ 752095.892253689118661, 1965334.047260443447158 ], [ 750634.40046792908106, 1966699.346407207893208 ] ] } },
{ "type": "Feature", "properties": { "Transect": 2128 }, "geometry": { "type": "LineString", "coordinates": [ [ 751387.183276639669202, 1965026.842380166053772 ], [ 751361.9159053923795, 1967026.682763784192502 ] ] } },
{ "type": "Feature", "properties": { "Transect": 2129 }, "geometry": { "type": "LineString", "coordinates": [ [ 751396.712635476957075, 1965026.962780698901042 ], [ 751371.444305930403061, 1967026.80315220891498 ] ] } },
{ "type": "Feature", "properties": { "Transect": 2130 }, "geometry": { "type": "LineString", "coordinates": [ [ 751406.241994797950611, 1965027.083185804774985 ], [ 751380.972706998931244, 1967026.923545207129791 ] ] } },
{ "type": "Feature", "properties": { "Transect": 2131 }, "geometry": { "type": "LineString", "coordinates": [ [ 752133.88364854187239, 1965344.475827193353325 ], [ 750672.388814656878822, 1966709.771711068693548 ] ] } },
{ "type": "Feature", "properties": { "Transect": 2132 }, "geometry": { "type": "LineString", "coordinates": [ [ 752143.287398994434625, 1965354.542167294537649 ], [ 750681.791479708161205, 1966719.836889290483668 ] ] } },
{ "type": "Feature", "properties": { "Transect": 2133 }, "geometry": { "type": "LineString", "coordinates": [ [ 752152.691139871370979, 1965364.608513188315555 ], [ 750691.194135026889853, 1966729.902073134435341 ] ] } },
{ "type": "Feature", "properties": { "Transect": 2134 }, "geometry": { "type": "LineString", "coordinates": [ [ 752247.355596672394313, 1965415.544344309484586 ], [ 750785.849893080652691, 1966780.828592504141852 ] ] } },
{ "type": "Feature", "properties": { "Transect": 2135 }, "geometry": { "type": "LineString", "coordinates": [ [ 752256.759258158504963, 1965425.610749833052978 ], [ 750795.252469253260642, 1966790.893836223287508 ] ] } },
{ "type": "Feature", "properties": { "Transect": 2136 }, "geometry": { "type": "LineString", "coordinates": [ [ 752266.16291017527692, 1965435.677161261206493 ], [ 750804.655035586096346, 1966800.959085448877886 ] ] } },
{ "type": "Feature", "properties": { "Transect": 2137 }, "geometry": { "type": "LineString", "coordinates": [ [ 752275.56655244412832, 1965445.743578301509842 ], [ 750814.057592351920903, 1966811.024340478004888 ] ] } },
{ "type": "Feature", "properties": { "Transect": 2138 }, "geometry": { "type": "LineString", "coordinates": [ [ 751566.858632063260302, 1965138.529732990078628 ], [ 751541.571692455327138, 1967138.369869272224605 ] ] } },
{ "type": "Feature", "properties": { "Transect": 2139 }, "geometry": { "type": "LineString", "coordinates": [ [ 752294.499348990735598, 1965455.930838420521468 ], [ 750832.988649149308912, 1966821.209738224279135 ] ] } },
{ "type": "Feature", "properties": { "Transect": 2140 }, "geometry": { "type": "LineString", "coordinates": [ [ 751585.79156507330481, 1965148.716085634427145 ], [ 751560.502584946923889, 1967148.556196114281192 ] ] } },
{ "type": "Feature", "properties": { "Transect": 2141 }, "geometry": { "type": "LineString", "coordinates": [ [ 751595.320877326535992, 1965148.836588562233374 ], [ 751570.03093879611697, 1967148.676686922321096 ] ] } },
{ "type": "Feature", "properties": { "Transect": 2142 }, "geometry": { "type": "LineString", "coordinates": [ [ 751604.850190032739192, 1965148.957096063299105 ], [ 751579.55929320352152, 1967148.797182304551825 ] ] } },
{ "type": "Feature", "properties": { "Transect": 2143 }, "geometry": { "type": "LineString", "coordinates": [ [ 751614.379503369098529, 1965149.077608139486983 ], [ 751589.087647997541353, 1967148.917682258179411 ] ] } },
{ "type": "Feature", "properties": { "Transect": 2144 }, "geometry": { "type": "LineString", "coordinates": [ [ 751623.90881704702042, 1965149.198124788003042 ], [ 751598.616003467235714, 1967149.038186788326129 ] ] } },
{ "type": "Feature", "properties": { "Transect": 2145 }, "geometry": { "type": "LineString", "coordinates": [ [ 750620.871216975618154, 1966136.592055483255535 ], [ 752620.711273697437719, 1966161.885286417324096 ] ] } },
{ "type": "Feature", "properties": { "Transect": 2146 }, "geometry": { "type": "LineString", "coordinates": [ [ 750630.525847860029899, 1966126.766793943941593 ], [ 752630.365894025540911, 1966152.06085950601846 ] ] } },
{ "type": "Feature", "properties": { "Transect": 2147 }, "geometry": { "type": "LineString", "coordinates": [ [ 751643.218901838758029, 1965129.548442396102473 ], [ 751617.924418853479438, 1967129.38848328194581 ] ] } },
{ "type": "Feature", "properties": { "Transect": 2148 }, "geometry": { "type": "LineString", "coordinates": [ [ 750640.180488182231784, 1966116.941536008147523 ], [ 752640.020523791434243, 1966142.236436172621325 ] ] } },
{ "type": "Feature", "properties": { "Transect": 2149 }, "geometry": { "type": "LineString", "coordinates": [ [ 751652.873958278796636, 1965119.723606584360823 ], [ 751627.578640815452673, 1967119.563636915525422 ] ] } },
{ "type": "Feature", "properties": { "Transect": 2150 }, "geometry": { "type": "LineString", "coordinates": [ [ 751662.403288451139815, 1965119.844139941269532 ], [ 751637.107012488297187, 1967119.684158148476854 ] ] } },
{ "type": "Feature", "properties": { "Transect": 2151 }, "geometry": { "type": "LineString", "coordinates": [ [ 751671.932618955732323, 1965119.964677870506421 ], [ 751646.635384840075858, 1967119.804683957481757 ] ] } },
{ "type": "Feature", "properties": { "Transect": 2152 }, "geometry": { "type": "LineString", "coordinates": [ [ 752399.571370974648744, 1965437.369157932000235 ], [ 750938.054336692206562, 1966802.641276779351756 ] ] } },
{ "type": "Feature", "properties": { "Transect": 2153 }, "geometry": { "type": "LineString", "coordinates": [ [ 752678.135886398376897, 1966142.72055350523442 ], [ 750678.295900845434517, 1966117.421696153469384 ] ] } },
{ "type": "Feature", "properties": { "Transect": 2154 }, "geometry": { "type": "LineString", "coordinates": [ [ 752678.010072345030494, 1966152.665981917642057 ], [ 750678.170088357641362, 1966127.367000804748386 ] ] } },
{ "type": "Feature", "properties": { "Transect": 2155 }, "geometry": { "type": "LineString", "coordinates": [ [ 752677.884257674915716, 1966162.611410418059677 ], [ 750678.044275253545493, 1966137.312305520288646 ] ] } },
{ "type": "Feature", "properties": { "Transect": 2156 }, "geometry": { "type": "LineString", "coordinates": [ [ 752677.758442388498224, 1966172.556838972028345 ], [ 750677.918461532448418, 1966147.257610334083438 ] ] } },
{ "type": "Feature", "properties": { "Transect": 2157 }, "geometry": { "type": "LineString", "coordinates": [ [ 752677.632626485661604, 1966182.502267601434141 ], [ 750677.792647194932215, 1966157.202915222849697 ] ] } },
{ "type": "Feature", "properties": { "Transect": 2158 }, "geometry": { "type": "LineString", "coordinates": [ [ 752408.346959233866073, 1965497.163634087191895 ], [ 750946.826682973536663, 1966862.432282405206934 ] ] } },
{ "type": "Feature", "properties": { "Transect": 2159 }, "geometry": { "type": "LineString", "coordinates": [ [ 752686.909806304378435, 1966202.5141536090523 ], [ 750687.069842270109802, 1966177.213595292065293 ] ] } },
{ "type": "Feature", "properties": { "Transect": 2160 }, "geometry": { "type": "LineString", "coordinates": [ [ 752417.624899236951023, 1965517.175729848677292 ], [ 750956.10310585075058, 1966882.442754081217572 ] ] } },
{ "type": "Feature", "properties": { "Transect": 2161 }, "geometry": { "type": "LineString", "coordinates": [ [ 752427.028430151054636, 1965527.242233413271606 ], [ 750965.505551205249503, 1966892.508095550816506 ] ] } },
{ "type": "Feature", "properties": { "Transect": 2162 }, "geometry": { "type": "LineString", "coordinates": [ [ 751718.32160098082386, 1965220.021127804648131 ], [ 751693.018337333574891, 1967219.861057611182332 ] ] } },
{ "type": "Feature", "properties": { "Transect": 2163 }, "geometry": { "type": "LineString", "coordinates": [ [ 751727.850886915926822, 1965220.141698471736163 ], [ 751702.546664870926179, 1967219.981616151984781 ] ] } },
{ "type": "Feature", "properties": { "Transect": 2164 }, "geometry": { "type": "LineString", "coordinates": [ [ 751737.380173362907954, 1965220.26227371301502 ], [ 751712.074992913636379, 1967220.102179266046733 ] ] } },
{ "type": "Feature", "properties": { "Transect": 2165 }, "geometry": { "type": "LineString", "coordinates": [ [ 751746.90946036321111, 1965220.382853528717533 ], [ 751721.603321415139362, 1967220.222746953135356 ] ] } },
{ "type": "Feature", "properties": { "Transect": 2166 }, "geometry": { "type": "LineString", "coordinates": [ [ 751756.438747772714123, 1965220.503437917679548 ], [ 751731.131650521885604, 1967220.343319215346128 ] ] } },
{ "type": "Feature", "properties": { "Transect": 2167 }, "geometry": { "type": "LineString", "coordinates": [ [ 752484.077625853475183, 1965537.913362463004887 ], [ 751022.550389972282574, 1966903.174560467712581 ] ] } },
{ "type": "Feature", "properties": { "Transect": 2168 }, "geometry": { "type": "LineString", "coordinates": [ [ 752493.481116195791401, 1965547.979903040220961 ], [ 751031.95279461343307, 1966913.23993878881447 ] ] } },
{ "type": "Feature", "properties": { "Transect": 2169 }, "geometry": { "type": "LineString", "coordinates": [ [ 752502.88459689670708, 1965558.046449343673885 ], [ 751041.355189580586739, 1966923.305322799831629 ] ] } },
{ "type": "Feature", "properties": { "Transect": 2170 }, "geometry": { "type": "LineString", "coordinates": [ [ 751794.178472534869798, 1965250.821942897746339 ], [ 751768.867170296492986, 1967250.661770978709683 ] ] } },
{ "type": "Feature", "properties": { "Transect": 2171 }, "geometry": { "type": "LineString", "coordinates": [ [ 752521.817191476467997, 1965568.23395426524803 ], [ 751060.286044302862138, 1966933.490965175908059 ] ] } },
{ "type": "Feature", "properties": { "Transect": 2172 }, "geometry": { "type": "LineString", "coordinates": [ [ 751813.111203627660871, 1965261.008540272247046 ], [ 751787.797860659658909, 1967260.848342523444444 ] ] } },
{ "type": "Feature", "properties": { "Transect": 2173 }, "geometry": { "type": "LineString", "coordinates": [ [ 752540.749768446432427, 1965578.421479754382744 ], [ 751079.21688127098605, 1966943.67662796122022 ] ] } },
{ "type": "Feature", "properties": { "Transect": 2174 }, "geometry": { "type": "LineString", "coordinates": [ [ 751832.043917038710788, 1965271.19515813793987 ], [ 751806.728533340152353, 1967271.034934557043016 ] ] } },
{ "type": "Feature", "properties": { "Transect": 2175 }, "geometry": { "type": "LineString", "coordinates": [ [ 752559.682327676564455, 1965588.609025674406439 ], [ 751098.147700614994392, 1966953.862311295699328 ] ] } },
{ "type": "Feature", "properties": { "Transect": 2176 }, "geometry": { "type": "LineString", "coordinates": [ [ 751850.976612696773373, 1965281.381796493427828 ], [ 751825.659188412479125, 1967281.221547080436721 ] ] } },
{ "type": "Feature", "properties": { "Transect": 2177 }, "geometry": { "type": "LineString", "coordinates": [ [ 751860.505877144052647, 1965281.502434375230223 ], [ 751835.187494360259734, 1967281.34217282757163 ] ] } },
{ "type": "Feature", "properties": { "Transect": 2178 }, "geometry": { "type": "LineString", "coordinates": [ [ 751870.035142049775459, 1965281.623076830757782 ], [ 751844.715800864505582, 1967281.462803149363026 ] ] } },
{ "type": "Feature", "properties": { "Transect": 2179 }, "geometry": { "type": "LineString", "coordinates": [ [ 752597.673095472040586, 1965599.038569912780076 ], [ 751136.13541986735072, 1966964.288591992110014 ] ] } },
{ "type": "Feature", "properties": { "Transect": 2180 }, "geometry": { "type": "LineString", "coordinates": [ [ 752876.226974504766986, 1966304.390087579842657 ], [ 750876.387268740683794, 1966279.069122965913266 ] ] } },
{ "type": "Feature", "properties": { "Transect": 2181 }, "geometry": { "type": "LineString", "coordinates": [ [ 752606.950794632197358, 1965619.050785188795999 ], [ 751145.411601842264645, 1966984.299183077877387 ] ] } },
{ "type": "Feature", "properties": { "Transect": 2182 }, "geometry": { "type": "LineString", "coordinates": [ [ 752616.354186420561746, 1965629.117396997986361 ], [ 751154.813907861476764, 1966994.364632537821308 ] ] } },
{ "type": "Feature", "properties": { "Transect": 2183 }, "geometry": { "type": "LineString", "coordinates": [ [ 752625.757568579632789, 1965639.184014547616243 ], [ 751164.216204195516184, 1967004.430087676737458 ] ] } },
{ "type": "Feature", "properties": { "Transect": 2184 }, "geometry": { "type": "LineString", "coordinates": [ [ 751917.052092352882028, 1965331.953264266718179 ], [ 751891.727339598117396, 1967331.792922063730657 ] ] } },
{ "type": "Feature", "properties": { "Transect": 2185 }, "geometry": { "type": "LineString", "coordinates": [ [ 751926.581336390227079, 1965332.073936815839261 ], [ 751901.255625326186419, 1967331.91358247725293 ] ] } },
{ "type": "Feature", "properties": { "Transect": 2186 }, "geometry": { "type": "LineString", "coordinates": [ [ 752654.219125537085347, 1965649.492675672052428 ], [ 751192.675366957089864, 1967014.736185730202124 ] ] } },
{ "type": "Feature", "properties": { "Transect": 2187 }, "geometry": { "type": "LineString", "coordinates": [ [ 752663.622479853336699, 1965659.559314853977412 ], [ 751202.077635439694859, 1967024.801662486046553 ] ] } },
{ "type": "Feature", "properties": { "Transect": 2188 }, "geometry": { "type": "LineString", "coordinates": [ [ 751954.917276507359929, 1965352.326749295694754 ], [ 751929.588442270061933, 1967352.166355403373018 ] ] } },
{ "type": "Feature", "properties": { "Transect": 2189 }, "geometry": { "type": "LineString", "coordinates": [ [ 752682.554908974911086, 1965669.746995754772797 ], [ 751221.008324533351697, 1967034.987480617361143 ] ] } },
{ "type": "Feature", "properties": { "Transect": 2190 }, "geometry": { "type": "LineString", "coordinates": [ [ 752691.958239658037201, 1965679.813651406671852 ], [ 751230.410569486906752, 1967045.052973949350417 ] ] } },
{ "type": "Feature", "properties": { "Transect": 2191 }, "geometry": { "type": "LineString", "coordinates": [ [ 752701.361560723278672, 1965689.880312810419127 ], [ 751239.812804743647575, 1967055.118472947506234 ] ] } },
{ "type": "Feature", "properties": { "Transect": 2192 }, "geometry": { "type": "LineString", "coordinates": [ [ 751992.656471117399633, 1965382.645702370908111 ], [ 751967.323431356344372, 1967382.485255209263414 ] ] } },
{ "type": "Feature", "properties": { "Transect": 2193 }, "geometry": { "type": "LineString", "coordinates": [ [ 752720.293944334727712, 1965700.068035855423659 ], [ 751258.743448287597857, 1967065.304333169478923 ] ] } },
{ "type": "Feature", "properties": { "Transect": 2194 }, "geometry": { "type": "LineString", "coordinates": [ [ 752998.841217025648803, 1966405.419612946454436 ], [ 750999.001684755785391, 1966380.084949526470155 ] ] } },
{ "type": "Feature", "properties": { "Transect": 2195 }, "geometry": { "type": "LineString", "coordinates": [ [ 752729.571465976303443, 1965720.080331286881119 ], [ 751268.019452567910776, 1967085.315004191827029 ] ] } },
{ "type": "Feature", "properties": { "Transect": 2196 }, "geometry": { "type": "LineString", "coordinates": [ [ 752738.974748351261951, 1965730.147015470312908 ], [ 751277.421649251249619, 1967095.380526087014005 ] ] } },
{ "type": "Feature", "properties": { "Transect": 2197 }, "geometry": { "type": "LineString", "coordinates": [ [ 752748.37802109180484, 1965740.213705387664959 ], [ 751286.823836255935021, 1967105.446053667226806 ] ] } },
{ "type": "Feature", "properties": { "Transect": 2198 }, "geometry": { "type": "LineString", "coordinates": [ [ 753026.923393670120277, 1966445.565011275932193 ], [ 751027.083904110011645, 1966420.226976696867496 ] ] } },
{ "type": "Feature", "properties": { "Transect": 2199 }, "geometry": { "type": "LineString", "coordinates": [ [ 753026.797384474542923, 1966455.510461645899341 ], [ 751026.957896484876983, 1966430.172303116181865 ] ] } },
{ "type": "Feature", "properties": { "Transect": 2200 }, "geometry": { "type": "LineString", "coordinates": [ [ 752757.529698285856284, 1965770.171639876905829 ], [ 751295.973564617917873, 1967135.401901824399829 ] ] } },
{ "type": "Feature", "properties": { "Transect": 2201 }, "geometry": { "type": "LineString", "coordinates": [ [ 752766.932940977159888, 1965780.23834248050116 ], [ 751305.375721474410966, 1967145.467441979562864 ] ] } },
{ "type": "Feature", "properties": { "Transect": 2202 }, "geometry": { "type": "LineString", "coordinates": [ [ 752776.33617400971707, 1965790.305050794035196 ], [ 751314.777868673321791, 1967155.532987844198942 ] ] } },
{ "type": "Feature", "properties": { "Transect": 2203 }, "geometry": { "type": "LineString", "coordinates": [ [ 752067.630675301421434, 1965483.065432125236839 ], [ 752042.288728296756744, 1967482.904872111044824 ] ] } },
{ "type": "Feature", "properties": { "Transect": 2204 }, "geometry": { "type": "LineString", "coordinates": [ [ 752795.268425969174132, 1965800.492862711660564 ], [ 751333.708380420226604, 1967165.718936757650226 ] ] } },
{ "type": "Feature", "properties": { "Transect": 2205 }, "geometry": { "type": "LineString", "coordinates": [ [ 752804.671635401202366, 1965810.559587533120066 ], [ 751343.1105040544644, 1967175.784499163273722 ] ] } },
{ "type": "Feature", "properties": { "Transect": 2206 }, "geometry": { "type": "LineString", "coordinates": [ [ 752814.074835213948973, 1965820.626318106427789 ], [ 751352.512617991887964, 1967185.850067236460745 ] ] } },
{ "type": "Feature", "properties": { "Transect": 2207 }, "geometry": { "type": "LineString", "coordinates": [ [ 752823.47802533977665, 1965830.693054360104725 ], [ 751361.914722299668938, 1967195.915641049621627 ] ] } },
{ "type": "Feature", "properties": { "Transect": 2208 }, "geometry": { "type": "LineString", "coordinates": [ [ 752832.881205886951648, 1965840.759796409634873 ], [ 751371.316816872102208, 1967205.981220488203689 ] ] } },
{ "type": "Feature", "properties": { "Transect": 2209 }, "geometry": { "type": "LineString", "coordinates": [ [ 752842.284376716357656, 1965850.826544107869267 ], [ 751380.718901840387844, 1967216.046805696096271 ] ] } },
{ "type": "Feature", "properties": { "Transect": 2210 }, "geometry": { "type": "LineString", "coordinates": [ [ 752133.578957829391584, 1965543.583174306666479 ], [ 752108.229557210812345, 1967543.422519826097414 ] ] } },
{ "type": "Feature", "properties": { "Transect": 2211 }, "geometry": { "type": "LineString", "coordinates": [ [ 752861.216541358153336, 1965861.014430592069402 ], [ 751399.649326289654709, 1967226.232829177984968 ] ] } },
{ "type": "Feature", "properties": { "Transect": 2212 }, "geometry": { "type": "LineString", "coordinates": [ [ 752152.511258981656283, 1965553.770153041696176 ], [ 752127.159817302599549, 1967553.609472688520327 ] ] } },
{ "type": "Feature", "properties": { "Transect": 2213 }, "geometry": { "type": "LineString", "coordinates": [ [ 752880.14868835604284, 1965871.202337614027783 ], [ 751418.579733019112609, 1967236.418873111484572 ] ] } },
{ "type": "Feature", "properties": { "Transect": 2214 }, "geometry": { "type": "LineString", "coordinates": [ [ 752889.55182171065826, 1965881.269112691516057 ], [ 751427.981780448579229, 1967246.484485621796921 ] ] } },
{ "type": "Feature", "properties": { "Transect": 2215 }, "geometry": { "type": "LineString", "coordinates": [ [ 752180.846664532553405, 1965574.02335863863118 ], [ 752155.492099093273282, 1967573.862638683756813 ] ] } },
{ "type": "Feature", "properties": { "Transect": 2216 }, "geometry": { "type": "LineString", "coordinates": [ [ 752190.375808310229331, 1965574.144171996973455 ], [ 752165.020284360274673, 1967573.983439889736474 ] ] } },
{ "type": "Feature", "properties": { "Transect": 2217 }, "geometry": { "type": "LineString", "coordinates": [ [ 752199.904952666489407, 1965574.264989930903539 ], [ 752174.548470062436536, 1967574.104245668509975 ] ] } },
{ "type": "Feature", "properties": { "Transect": 2218 }, "geometry": { "type": "LineString", "coordinates": [ [ 752209.434097481425852, 1965574.385812439024448 ], [ 752184.07665632199496, 1967574.225056022871286 ] ] } },
{ "type": "Feature", "properties": { "Transect": 2219 }, "geometry": { "type": "LineString", "coordinates": [ [ 752218.963242780300789, 1965574.506639521569014 ], [ 752193.604843114153482, 1967574.345870951656252 ] ] } },
{ "type": "Feature", "properties": { "Transect": 2220 }, "geometry": { "type": "LineString", "coordinates": [ [ 752228.492388636223041, 1965574.627471179235727 ], [ 752203.133030365803279, 1967574.466690453700721 ] ] } },
{ "type": "Feature", "properties": { "Transect": 2221 }, "geometry": { "type": "LineString", "coordinates": [ [ 752238.021534975850955, 1965574.748307411558926 ], [ 752212.661218150053173, 1967574.587514530401677 ] ] } },
{ "type": "Feature", "properties": { "Transect": 2222 }, "geometry": { "type": "LineString", "coordinates": [ [ 752965.657898055273108, 1965892.184092507464811 ], [ 751504.082190211047418, 1967257.393398892367259 ] ] } },
{ "type": "Feature", "properties": { "Transect": 2223 }, "geometry": { "type": "LineString", "coordinates": [ [ 752256.953764385194518, 1965584.935396034037694 ], [ 752231.591406302410178, 1967584.774577266303822 ] ] } },
{ "type": "Feature", "properties": { "Transect": 2224 }, "geometry": { "type": "LineString", "coordinates": [ [ 752984.589973236201331, 1965902.372109446441755 ], [ 751523.012525078607723, 1967267.579552671639249 ] ] } },
{ "type": "Feature", "properties": { "Transect": 2225 }, "geometry": { "type": "LineString", "coordinates": [ [ 753263.123356761527248, 1966607.724073800258338 ], [ 751263.284196124062873, 1966582.36009184923023 ] ] } },
{ "type": "Feature", "properties": { "Transect": 2226 }, "geometry": { "type": "LineString", "coordinates": [ [ 753262.997218321892433, 1966617.669538667658344 ], [ 751263.158059257199056, 1966592.305432698922232 ] ] } },
{ "type": "Feature", "properties": { "Transect": 2227 }, "geometry": { "type": "LineString", "coordinates": [ [ 753262.871079264208674, 1966627.615003624930978 ], [ 751263.031921772751957, 1966602.250773610547185 ] ] } },
{ "type": "Feature", "properties": { "Transect": 2228 }, "geometry": { "type": "LineString", "coordinates": [ [ 753262.744939588243142, 1966637.560468677664176 ], [ 751262.905783670721576, 1966612.196114575257525 ] ] } },
{ "type": "Feature", "properties": { "Transect": 2229 }, "geometry": { "type": "LineString", "coordinates": [ [ 753262.618799294927157, 1966647.505933750653639 ], [ 751262.779644949710928, 1966622.14145567198284 ] ] } },
{ "type": "Feature", "properties": { "Transect": 2230 }, "geometry": { "type": "LineString", "coordinates": [ [ 753262.492658383096568, 1966657.45139896357432 ], [ 751262.65350561204832, 1966632.086796776391566 ] ] } },
{ "type": "Feature", "properties": { "Transect": 2231 }, "geometry": { "type": "LineString", "coordinates": [ [ 753262.366516853682697, 1966667.39686419791542 ], [ 751262.527365655405447, 1966642.032138013513759 ] ] } },
{ "type": "Feature", "properties": { "Transect": 2232 }, "geometry": { "type": "LineString", "coordinates": [ [ 752993.111577490228228, 1965982.058381285984069 ], [ 751531.530022297403775, 1967347.261427546851337 ] ] } },
{ "type": "Feature", "properties": { "Transect": 2233 }, "geometry": { "type": "LineString", "coordinates": [ [ 753002.514600347960368, 1965992.125224317191169 ], [ 751540.93195919576101, 1967357.327107953140512 ] ] } },
{ "type": "Feature", "properties": { "Transect": 2234 }, "geometry": { "type": "LineString", "coordinates": [ [ 753011.917613535071723, 1966002.192073047859594 ], [ 751550.333886446082033, 1967367.392794080777094 ] ] } },
{ "type": "Feature", "properties": { "Transect": 2235 }, "geometry": { "type": "LineString", "coordinates": [ [ 753021.320617148070596, 1966012.258927581133321 ], [ 751559.735803955118172, 1967377.458485830342397 ] ] } },
{ "type": "Feature", "properties": { "Transect": 2236 }, "geometry": { "type": "LineString", "coordinates": [ [ 752312.615460526314564, 1965705.005440858658403 ], [ 752287.245862377225421, 1967704.844530257862061 ] ] } },
{ "type": "Feature", "properties": { "Transect": 2237 }, "geometry": { "type": "LineString", "coordinates": [ [ 753040.252547888550907, 1966022.447016375139356 ], [ 751578.665994146838784, 1967387.644711187575012 ] ] } },
{ "type": "Feature", "properties": { "Transect": 2238 }, "geometry": { "type": "LineString", "coordinates": [ [ 753318.781242388417013, 1966727.797764601651579 ], [ 751318.942173593328334, 1966702.426542300730944 ] ] } },
{ "type": "Feature", "properties": { "Transect": 2239 }, "geometry": { "type": "LineString", "coordinates": [ [ 753049.529569842852652, 1966042.459525258978829 ], [ 751587.941498703090474, 1967407.655595536576584 ] ] } },
{ "type": "Feature", "properties": { "Transect": 2240 }, "geometry": { "type": "LineString", "coordinates": [ [ 753058.932534827967174, 1966052.526402651332319 ], [ 751597.343377564684488, 1967417.721310117281973 ] ] } },
{ "type": "Feature", "properties": { "Transect": 2241 }, "geometry": { "type": "LineString", "coordinates": [ [ 753068.33549012360163, 1966062.593285725684837 ], [ 751606.745246794307604, 1967427.787030439125374 ] ] } },
{ "type": "Feature", "properties": { "Transect": 2242 }, "geometry": { "type": "LineString", "coordinates": [ [ 752359.630277005257085, 1965755.336955135222524 ], [ 752334.255265118321404, 1967755.175975849386305 ] ] } },
{ "type": "Feature", "properties": { "Transect": 2243 }, "geometry": { "type": "LineString", "coordinates": [ [ 753087.267351157497615, 1966072.781428530346602 ], [ 751625.675367433344945, 1967437.973309956956655 ] ] } },
{ "type": "Feature", "properties": { "Transect": 2244 }, "geometry": { "type": "LineString", "coordinates": [ [ 753096.670282912440598, 1966082.848328183172271 ], [ 751635.077213034732267, 1967448.039046759018674 ] ] } },
{ "type": "Feature", "properties": { "Transect": 2245 }, "geometry": { "type": "LineString", "coordinates": [ [ 753106.073204944259487, 1966092.915233482373878 ], [ 751644.479049037327059, 1967458.104789338307455 ] ] } },
{ "type": "Feature", "properties": { "Transect": 2246 }, "geometry": { "type": "LineString", "coordinates": [ [ 752397.36810577835422, 1965785.656857395777479 ], [ 752371.988886917824857, 1967785.495824725599959 ] ] } },
{ "type": "Feature", "properties": { "Transect": 2247 }, "geometry": { "type": "LineString", "coordinates": [ [ 753125.005020467215218, 1966103.103418452432379 ], [ 751663.409124113968574, 1967468.29111095587723 ] ] } },
{ "type": "Feature", "properties": { "Transect": 2248 }, "geometry": { "type": "LineString", "coordinates": [ [ 753403.528901082114317, 1966808.454026651801541 ], [ 751403.689954363857396, 1966783.073183693690225 ] ] } },
{ "type": "Feature", "properties": { "Transect": 2249 }, "geometry": { "type": "LineString", "coordinates": [ [ 753134.281913168495521, 1966123.115983748575673 ], [ 751672.6844990006648, 1967488.302051249193028 ] ] } },
{ "type": "Feature", "properties": { "Transect": 2250 }, "geometry": { "type": "LineString", "coordinates": [ [ 753143.684796648914926, 1966133.18291199253872 ], [ 751682.086296275840141, 1967498.367816577665508 ] ] } },
{ "type": "Feature", "properties": { "Transect": 2251 }, "geometry": { "type": "LineString", "coordinates": [ [ 752434.979652207461186, 1965825.922260604100302 ], [ 752409.59610215050634, 1967825.761172963539138 ] ] } },
{ "type": "Feature", "properties": { "Transect": 2252 }, "geometry": { "type": "LineString", "coordinates": [ [ 752444.508690339513123, 1965826.043210754171014 ], [ 752419.12418177165091, 1967825.882110947277397 ] ] } },
{ "type": "Feature", "properties": { "Transect": 2253 }, "geometry": { "type": "LineString", "coordinates": [ [ 753210.134948748745956, 1966153.923328761244193 ], [ 751748.531004004529677, 1967519.102404453558847 ] ] } },
{ "type": "Feature", "properties": { "Transect": 2254 }, "geometry": { "type": "LineString", "coordinates": [ [ 753488.654681099578738, 1966859.274301972007379 ], [ 751488.815851784311235, 1966833.884210149059072 ] ] } },
{ "type": "Feature", "properties": { "Transect": 2255 }, "geometry": { "type": "LineString", "coordinates": [ [ 753219.41172999877017, 1966173.935948189813644 ], [ 751757.806267471401952, 1967539.113398893736303 ] ] } },
{ "type": "Feature", "properties": { "Transect": 2256 }, "geometry": { "type": "LineString", "coordinates": [ [ 753497.930680741672404, 1966879.286718734772876 ], [ 751498.091866751085036, 1966853.895419891225174 ] ] } },
{ "type": "Feature", "properties": { "Transect": 2257 }, "geometry": { "type": "LineString", "coordinates": [ [ 753228.688490248983726, 1966193.948574691312388 ], [ 751767.081509805517271, 1967559.124400260625407 ] ] } },
{ "type": "Feature", "properties": { "Transect": 2258 }, "geometry": { "type": "LineString", "coordinates": [ [ 753507.206659316900186, 1966899.299142511561513 ], [ 751507.367860652157106, 1966873.906636623200029 ] ] } },
{ "type": "Feature", "properties": { "Transect": 2259 }, "geometry": { "type": "LineString", "coordinates": [ [ 753237.965229319641367, 1966213.961208074819297 ], [ 751776.35673118638806, 1967579.135408748406917 ] ] } },
{ "type": "Feature", "properties": { "Transect": 2260 }, "geometry": { "type": "LineString", "coordinates": [ [ 753247.368017456727102, 1966224.028198090614751 ], [ 751785.758432857925072, 1967589.201235551154241 ] ] } },
{ "type": "Feature", "properties": { "Transect": 2261 }, "geometry": { "type": "LineString", "coordinates": [ [ 752538.663066971581429, 1965916.761748800054193 ], [ 752513.267853825353086, 1967916.60051308805123 ] ] } },
{ "type": "Feature", "properties": { "Transect": 2262 }, "geometry": { "type": "LineString", "coordinates": [ [ 753266.29964442900382, 1966234.216543096583337 ], [ 751804.688319358509034, 1967599.387717135250568 ] ] } },
{ "type": "Feature", "properties": { "Transect": 2263 }, "geometry": { "type": "LineString", "coordinates": [ [ 753275.702408818644471, 1966244.283549477346241 ], [ 751814.089997599716298, 1967609.453560637310147 ] ] } },
{ "type": "Feature", "properties": { "Transect": 2264 }, "geometry": { "type": "LineString", "coordinates": [ [ 752566.997583728400059, 1965937.015623408602551 ], [ 752541.599246002384461, 1967936.854348016204312 ] ] } },
{ "type": "Feature", "properties": { "Transect": 2265 }, "geometry": { "type": "LineString", "coordinates": [ [ 752576.526576531468891, 1965937.136643456062302 ], [ 752551.127280141576193, 1967936.975355888484046 ] ] } },
{ "type": "Feature", "properties": { "Transect": 2266 }, "geometry": { "type": "LineString", "coordinates": [ [ 752586.055569916381501, 1965937.257668079808354 ], [ 752560.65531471662689, 1967937.096368334256113 ] ] } },
{ "type": "Feature", "properties": { "Transect": 2267 }, "geometry": { "type": "LineString", "coordinates": [ [ 753313.691687198239379, 1966254.714668242493644 ], [ 751852.076226412900724, 1967619.88141439226456 ] ] } },
{ "type": "Feature", "properties": { "Transect": 2268 }, "geometry": { "type": "LineString", "coordinates": [ [ 753323.094419539789669, 1966264.781701448140666 ], [ 751861.477872463059612, 1967629.947284559486434 ] ] } },
{ "type": "Feature", "properties": { "Transect": 2269 }, "geometry": { "type": "LineString", "coordinates": [ [ 752614.390015477081761, 1965957.511620120611042 ], [ 752588.986635593697429, 1967957.35028068581596 ] ] } },
{ "type": "Feature", "properties": { "Transect": 2270 }, "geometry": { "type": "LineString", "coordinates": [ [ 752623.919001249596477, 1965957.632664108183235 ], [ 752598.514662750996649, 1967957.471312495879829 ] ] } },
{ "type": "Feature", "properties": { "Transect": 2271 }, "geometry": { "type": "LineString", "coordinates": [ [ 752690.621916470932774, 1965958.48010014067404 ], [ 752665.210866547538899, 1967958.318663260666654 ] ] } },
{ "type": "Feature", "properties": { "Transect": 2272 }, "geometry": { "type": "LineString", "coordinates": [ [ 753418.256663883919828, 1966275.941399418050423 ], [ 751956.633140209247358, 1967641.099512986140326 ] ] } },
{ "type": "Feature", "properties": { "Transect": 2273 }, "geometry": { "type": "LineString", "coordinates": [ [ 753696.766304761054926, 1966981.293302463600412 ], [ 751696.927762282895856, 1966955.880628087790683 ] ] } },
{ "type": "Feature", "properties": { "Transect": 2274 }, "geometry": { "type": "LineString", "coordinates": [ [ 753427.533174144453369, 1966295.954151171026751 ], [ 751965.908132518525235, 1967661.110639523947611 ] ] } },
{ "type": "Feature", "properties": { "Transect": 2275 }, "geometry": { "type": "LineString", "coordinates": [ [ 753436.935833713039756, 1966306.021248094271868 ], [ 751975.30970579222776, 1967671.176573388744146 ] ] } },
{ "type": "Feature", "properties": { "Transect": 2276 }, "geometry": { "type": "LineString", "coordinates": [ [ 753446.338483612868004, 1966316.088350724428892 ], [ 751984.711269409745, 1967681.242512971628457 ] ] } },
{ "type": "Feature", "properties": { "Transect": 2277 }, "geometry": { "type": "LineString", "coordinates": [ [ 752737.635206099483185, 1966008.812711515696719 ], [ 752712.218741118558683, 1968008.651205821661279 ] ] } },
{ "type": "Feature", "properties": { "Transect": 2278 }, "geometry": { "type": "LineString", "coordinates": [ [ 753465.269940313301049, 1966326.276909489417449 ], [ 752003.640985313220881, 1967691.429207918467 ] ] } },
{ "type": "Feature", "properties": { "Transect": 2279 }, "geometry": { "type": "LineString", "coordinates": [ [ 752756.566799348569475, 1966019.000362168066204 ], [ 752731.148292618454434, 1968018.838830523658544 ] ] } },
{ "type": "Feature", "properties": { "Transect": 2280 }, "geometry": { "type": "LineString", "coordinates": [ [ 753484.201379318954423, 1966336.465488746529445 ], [ 752022.570683547761291, 1967701.615923379780725 ] ] } },
{ "type": "Feature", "properties": { "Transect": 2281 }, "geometry": { "type": "LineString", "coordinates": [ [ 753512.535399115760811, 1966356.721229342278093 ], [ 752050.90187625202816, 1967721.868637075647712 ] ] } },
{ "type": "Feature", "properties": { "Transect": 2282 }, "geometry": { "type": "LineString", "coordinates": [ [ 752803.832520206109621, 1966049.442296868888661 ], [ 752778.408846469013952, 1968049.280699543887749 ] ] } },
{ "type": "Feature", "properties": { "Transect": 2283 }, "geometry": { "type": "LineString", "coordinates": [ [ 753838.429314529290423, 1967082.572241813410074 ], [ 751838.590970660792664, 1967057.143942752387375 ] ] } },
{ "type": "Feature", "properties": { "Transect": 2284 }, "geometry": { "type": "LineString", "coordinates": [ [ 753569.203273193095811, 1966397.232854231027886 ], [ 752107.564095962210558, 1967762.374207931803539 ] ] } },
{ "type": "Feature", "properties": { "Transect": 2285 }, "geometry": { "type": "LineString", "coordinates": [ [ 753578.605814815615304, 1966407.30003384151496 ], [ 752116.965551290311851, 1967772.440224460093305 ] ] } },
{ "type": "Feature", "properties": { "Transect": 2286 }, "geometry": { "type": "LineString", "coordinates": [ [ 752869.903175341547467, 1966100.017578216036782 ], [ 752844.472168391686864, 1968099.855887651676312 ] ] } },
{ "type": "Feature", "properties": { "Transect": 2287 }, "geometry": { "type": "LineString", "coordinates": [ [ 752879.432108081644401, 1966100.138753190170974 ], [ 752854.000142364529893, 1968099.977050432935357 ] ] } },
{ "type": "Feature", "properties": { "Transect": 2288 }, "geometry": { "type": "LineString", "coordinates": [ [ 753607.065908561460674, 1966417.610262333415449 ], [ 752145.423249613959342, 1967782.747888195794076 ] ] } },
{ "type": "Feature", "properties": { "Transect": 2289 }, "geometry": { "type": "LineString", "coordinates": [ [ 753616.21588479320053, 1966447.568809545366094 ], [ 752154.571275884634815, 1967812.704347595805302 ] ] } },
{ "type": "Feature", "properties": { "Transect": 2290 }, "geometry": { "type": "LineString", "coordinates": [ [ 753625.61837819032371, 1966457.636017820099369 ], [ 752163.972682823892683, 1967822.770392603939399 ] ] } },
{ "type": "Feature", "properties": { "Transect": 2291 }, "geometry": { "type": "LineString", "coordinates": [ [ 752916.915682395687327, 1966150.350717288907617 ], [ 752891.479259628569707, 1968150.188957846723497 ] ] } },
{ "type": "Feature", "properties": { "Transect": 2292 }, "geometry": { "type": "LineString", "coordinates": [ [ 753644.54962120577693, 1966467.824776620138437 ], [ 752182.902184864738956, 1967832.957287345081568 ] ] } },
{ "type": "Feature", "properties": { "Transect": 2293 }, "geometry": { "type": "LineString", "coordinates": [ [ 753653.952090937760659, 1966477.892001355765387 ], [ 752192.303568286006339, 1967843.023348966846243 ] ] } },
{ "type": "Feature", "properties": { "Transect": 2294 }, "geometry": { "type": "LineString", "coordinates": [ [ 753663.354551115073264, 1966487.959231921238825 ], [ 752201.704941940726712, 1967853.08941618935205 ] ] } },
{ "type": "Feature", "properties": { "Transect": 2295 }, "geometry": { "type": "LineString", "coordinates": [ [ 753941.850749944569543, 1967193.311085733352229 ], [ 751942.012557613896206, 1967167.870871592545882 ] ] } },
{ "type": "Feature", "properties": { "Transect": 2296 }, "geometry": { "type": "LineString", "coordinates": [ [ 753672.630700117442757, 1966507.972144798142835 ], [ 752210.979572706855834, 1967873.100703483680263 ] ] } },
{ "type": "Feature", "properties": { "Transect": 2297 }, "geometry": { "type": "LineString", "coordinates": [ [ 753951.126117091160268, 1967213.32379595329985 ], [ 751951.28794012311846, 1967187.882374189328402 ] ] } },
{ "type": "Feature", "properties": { "Transect": 2298 }, "geometry": { "type": "LineString", "coordinates": [ [ 753681.906828097999096, 1966527.98506473377347 ], [ 752220.254182351520285, 1967893.111997726839036 ] ] } },
{ "type": "Feature", "properties": { "Transect": 2299 }, "geometry": { "type": "LineString", "coordinates": [ [ 753691.309248455334455, 1966538.052313617663458 ], [ 752229.655516267986968, 1967903.178083348320797 ] ] } },
{ "type": "Feature", "properties": { "Transect": 2300 }, "geometry": { "type": "LineString", "coordinates": [ [ 752982.60631478857249, 1966230.762800194090232 ], [ 752957.162184884073213, 1968230.600942707853392 ] ] } },
{ "type": "Feature", "properties": { "Transect": 2301 }, "geometry": { "type": "LineString", "coordinates": [ [ 752992.135191631037742, 1966230.884036995703354 ], [ 752966.690102808410302, 1968230.722167309140787 ] ] } },
{ "type": "Feature", "properties": { "Transect": 2302 }, "geometry": { "type": "LineString", "coordinates": [ [ 753001.664068955346011, 1966231.005278373602778 ], [ 752976.218021267442964, 1968230.843396486248821 ] ] } },
{ "type": "Feature", "properties": { "Transect": 2303 }, "geometry": { "type": "LineString", "coordinates": [ [ 753011.192946787457913, 1966231.126524327322841 ], [ 752985.745940238237381, 1968230.964630239177495 ] ] } },
{ "type": "Feature", "properties": { "Transect": 2304 }, "geometry": { "type": "LineString", "coordinates": [ [ 753738.826560830930248, 1966548.605920141097158 ], [ 752277.169124020030722, 1967913.727723283693194 ] ] } },
{ "type": "Feature", "properties": { "Transect": 2305 }, "geometry": { "type": "LineString", "coordinates": [ [ 754017.318725789198652, 1967253.957836584188044 ], [ 752017.48064055480063, 1967228.509205069858581 ] ] } },
{ "type": "Feature", "properties": { "Transect": 2306 }, "geometry": { "type": "LineString", "coordinates": [ [ 754017.192165703279898, 1967263.9033489653375 ], [ 752017.354082051897421, 1967238.454593058908358 ] ] } },
{ "type": "Feature", "properties": { "Transect": 2307 }, "geometry": { "type": "LineString", "coordinates": [ [ 754017.06560499756597, 1967273.848861433798447 ], [ 752017.227522929431871, 1967248.399981111520901 ] ] } },
{ "type": "Feature", "properties": { "Transect": 2308 }, "geometry": { "type": "LineString", "coordinates": [ [ 753747.849912986042909, 1966588.51024542376399 ], [ 752286.190093873185106, 1967953.629497793503106 ] ] } },
{ "type": "Feature", "properties": { "Transect": 2309 }, "geometry": { "type": "LineString", "coordinates": [ [ 753757.252271082485095, 1966598.577533692587167 ], [ 752295.591365568106994, 1967963.695622830186039 ] ] } },
{ "type": "Feature", "properties": { "Transect": 2310 }, "geometry": { "type": "LineString", "coordinates": [ [ 753766.654619645094499, 1966608.644827814772725 ], [ 752304.992627472151071, 1967973.761753443162888 ] ] } },
{ "type": "Feature", "properties": { "Transect": 2311 }, "geometry": { "type": "LineString", "coordinates": [ [ 753776.056958363507874, 1966618.712127461330965 ], [ 752314.393879892188124, 1967983.82788996421732 ] ] } },
{ "type": "Feature", "properties": { "Transect": 2312 }, "geometry": { "type": "LineString", "coordinates": [ [ 753785.459287578472868, 1966628.779432991985232 ], [ 752323.79512249538675, 1967993.894032031763345 ] ] } },
{ "type": "Feature", "properties": { "Transect": 2313 }, "geometry": { "type": "LineString", "coordinates": [ [ 753794.861607067403384, 1966638.846744172740728 ], [ 752333.19635549664963, 1968003.960179880727082 ] ] } },
{ "type": "Feature", "properties": { "Transect": 2314 }, "geometry": { "type": "LineString", "coordinates": [ [ 753804.26391693786718, 1966648.914061117451638 ], [ 752342.597578790504485, 1968014.026333396323025 ] ] } },
{ "type": "Feature", "properties": { "Transect": 2315 }, "geometry": { "type": "LineString", "coordinates": [ [ 753813.666217049350962, 1966658.981383676640689 ], [ 752351.998792517464608, 1968024.092492730822414 ] ] } },
{ "type": "Feature", "properties": { "Transect": 2316 }, "geometry": { "type": "LineString", "coordinates": [ [ 754092.153237128979526, 1967364.332520669791847 ], [ 752092.315266953432001, 1967338.874849061947316 ] ] } },
{ "type": "Feature", "properties": { "Transect": 2317 }, "geometry": { "type": "LineString", "coordinates": [ [ 754092.026632013032213, 1967374.27803816087544 ], [ 752092.188663421431556, 1967348.820242112036794 ] ] } },
{ "type": "Feature", "properties": { "Transect": 2318 }, "geometry": { "type": "LineString", "coordinates": [ [ 754091.90002627694048, 1967384.223555736243725 ], [ 752092.062059269752353, 1967358.765635227318853 ] ] } },
{ "type": "Feature", "properties": { "Transect": 2319 }, "geometry": { "type": "LineString", "coordinates": [ [ 753822.689340746728703, 1966698.885771910427138 ], [ 752361.019533672137186, 1968063.994329896522686 ] ] } },
{ "type": "Feature", "properties": { "Transect": 2320 }, "geometry": { "type": "LineString", "coordinates": [ [ 753832.091605436755344, 1966708.953107827343047 ], [ 752370.420711789513007, 1968074.060502380598336 ] ] } },
{ "type": "Feature", "properties": { "Transect": 2321 }, "geometry": { "type": "LineString", "coordinates": [ [ 753841.493860395858064, 1966719.020449388539419 ], [ 752379.821880311472341, 1968084.126680652843788 ] ] } },
{ "type": "Feature", "properties": { "Transect": 2322 }, "geometry": { "type": "LineString", "coordinates": [ [ 754119.978534454479814, 1967424.370978265767917 ], [ 752120.140610410366207, 1967398.909683040576056 ] ] } },
{ "type": "Feature", "properties": { "Transect": 2323 }, "geometry": { "type": "LineString", "coordinates": [ [ 754119.851911288453266, 1967434.316497818334028 ], [ 752120.013988828985021, 1967408.855078127468005 ] ] } },
{ "type": "Feature", "properties": { "Transect": 2324 }, "geometry": { "type": "LineString", "coordinates": [ [ 754119.725287502282299, 1967444.262017454952002 ], [ 752119.887366627692245, 1967418.800473278388381 ] ] } },
{ "type": "Feature", "properties": { "Transect": 2325 }, "geometry": { "type": "LineString", "coordinates": [ [ 754119.598663096199743, 1967454.207537143491209 ], [ 752119.760743806022219, 1967428.745868528261781 ] ] } },
{ "type": "Feature", "properties": { "Transect": 2326 }, "geometry": { "type": "LineString", "coordinates": [ [ 754119.472038069972768, 1967464.153056930750608 ], [ 752119.634120364673436, 1967438.691263830289245 ] ] } },
{ "type": "Feature", "properties": { "Transect": 2327 }, "geometry": { "type": "LineString", "coordinates": [ [ 754119.345412423601374, 1967474.098576795309782 ], [ 752119.507496303180233, 1967448.636659206356853 ] ] } },
{ "type": "Feature", "properties": { "Transect": 2328 }, "geometry": { "type": "LineString", "coordinates": [ [ 754119.218786157434806, 1967484.044096697121859 ], [ 752119.380871621193364, 1967458.58205469371751 ] ] } },
{ "type": "Feature", "properties": { "Transect": 2329 }, "geometry": { "type": "LineString", "coordinates": [ [ 754119.092159271007404, 1967493.989616722799838 ], [ 752119.254246319876984, 1967468.527450209017843 ] ] } },
{ "type": "Feature", "properties": { "Transect": 2330 }, "geometry": { "type": "LineString", "coordinates": [ [ 754118.965531764784828, 1967503.935136775253341 ], [ 752119.127620397834107, 1967478.472845847485587 ] ] } },
{ "type": "Feature", "properties": { "Transect": 2331 }, "geometry": { "type": "LineString", "coordinates": [ [ 753106.189011898706667, 1968501.06840757234022 ], [ 753131.650885596056469, 1966501.230490893125534 ] ] } },
{ "type": "Feature", "properties": { "Transect": 2332 }, "geometry": { "type": "LineString", "coordinates": [ [ 754109.310633678222075, 1967513.758863731054589 ], [ 752109.472711686277762, 1967488.297407309757546 ] ] } },
{ "type": "Feature", "properties": { "Transect": 2333 }, "geometry": { "type": "LineString", "coordinates": [ [ 753096.534529889002442, 1968510.892556635895744 ], [ 753121.995569120859727, 1966511.054629332618788 ] ] } },
{ "type": "Feature", "properties": { "Transect": 2334 }, "geometry": { "type": "LineString", "coordinates": [ [ 753087.006738697178662, 1968510.771253073122352 ], [ 753112.466818758752197, 1966510.933313558343798 ] ] } },
{ "type": "Feature", "properties": { "Transect": 2335 }, "geometry": { "type": "LineString", "coordinates": [ [ 753077.478947894531302, 1968510.64995408593677 ], [ 753102.938069027033634, 1966510.812002362916246 ] ] } },
{ "type": "Feature", "properties": { "Transect": 2336 }, "geometry": { "type": "LineString", "coordinates": [ [ 752349.843397934106179, 1968193.161882434971631 ], [ 753811.517079470329918, 1966828.057472983375192 ] ] } },
{ "type": "Feature", "properties": { "Transect": 2337 }, "geometry": { "type": "LineString", "coordinates": [ [ 752340.442276076064445, 1968183.095712915295735 ], [ 753802.114870973746292, 1966817.990139955887571 ] ] } },
{ "type": "Feature", "properties": { "Transect": 2338 }, "geometry": { "type": "LineString", "coordinates": [ [ 753049.148901055683382, 1968490.395176636055112 ], [ 753074.604896311997436, 1966490.557185121346265 ] ] } },
{ "type": "Feature", "properties": { "Transect": 2339 }, "geometry": { "type": "LineString", "coordinates": [ [ 753039.621102811768651, 1968490.273897018283606 ], [ 753065.076138993259519, 1966490.435893295798451 ] ] } },
{ "type": "Feature", "properties": { "Transect": 2340 }, "geometry": { "type": "LineString", "coordinates": [ [ 753975.661792958970182, 1967531.945263710105792 ], [ 751975.823703239555471, 1967506.496984648751095 ] ] } },
{ "type": "Feature", "properties": { "Transect": 2341 }, "geometry": { "type": "LineString", "coordinates": [ [ 752962.892259713727981, 1968529.085621859878302 ], [ 752988.340121402638033, 1966529.247526829130948 ] ] } },
{ "type": "Feature", "properties": { "Transect": 2342 }, "geometry": { "type": "LineString", "coordinates": [ [ 753966.006986640975811, 1967541.769049901980907 ], [ 751966.168886300991289, 1967516.321605464443564 ] ] } },
{ "type": "Feature", "properties": { "Transect": 2343 }, "geometry": { "type": "LineString", "coordinates": [ [ 752953.237869529868476, 1968538.909830215387046 ], [ 752978.68489664432127, 1966539.071724565234035 ] ] } },
{ "type": "Feature", "properties": { "Transect": 2344 }, "geometry": { "type": "LineString", "coordinates": [ [ 753956.352189767872915, 1967551.592839665710926 ], [ 751956.514078807318583, 1967526.146229880861938 ] ] } },
{ "type": "Feature", "properties": { "Transect": 2345 }, "geometry": { "type": "LineString", "coordinates": [ [ 753956.225639750016853, 1967561.538351102499291 ], [ 751956.387530372012407, 1967536.091616946505383 ] ] } },
{ "type": "Feature", "properties": { "Transect": 2346 }, "geometry": { "type": "LineString", "coordinates": [ [ 752943.45687684440054, 1968558.679490695009008 ], [ 752968.903193585341796, 1966558.841376005439088 ] ] } },
{ "type": "Feature", "properties": { "Transect": 2347 }, "geometry": { "type": "LineString", "coordinates": [ [ 753946.570856478065252, 1967571.362144009443 ], [ 751946.732736479956657, 1967545.916244483320042 ] ] } },
{ "type": "Feature", "properties": { "Transect": 2348 }, "geometry": { "type": "LineString", "coordinates": [ [ 752933.802509733941406, 1968568.503705770941451 ], [ 752959.247991846175864, 1966568.665580461965874 ] ] } },
{ "type": "Feature", "properties": { "Transect": 2349 }, "geometry": { "type": "LineString", "coordinates": [ [ 753936.916082649840973, 1967581.185940483352169 ], [ 751937.077952031628229, 1967555.740875630872324 ] ] } },
{ "type": "Feature", "properties": { "Transect": 2350 }, "geometry": { "type": "LineString", "coordinates": [ [ 753936.789540326921269, 1967591.131451092660427 ], [ 751936.95141129149124, 1967565.686261847615242 ] ] } },
{ "type": "Feature", "properties": { "Transect": 2351 }, "geometry": { "type": "LineString", "coordinates": [ [ 752924.021547715063207, 1968588.27337213139981 ], [ 752949.466319600935094, 1966588.435237785801291 ] ] } },
{ "type": "Feature", "properties": { "Transect": 2352 }, "geometry": { "type": "LineString", "coordinates": [ [ 753927.1347801014781, 1967600.955250685336068 ], [ 751927.296640445711091, 1967575.510896138148382 ] ] } },
{ "type": "Feature", "properties": { "Transect": 2353 }, "geometry": { "type": "LineString", "coordinates": [ [ 752914.367203631671146, 1968598.097593925660476 ], [ 752939.811140928184614, 1966598.259448961121961 ] ] } },
{ "type": "Feature", "properties": { "Transect": 2354 }, "geometry": { "type": "LineString", "coordinates": [ [ 753917.353494689799845, 1967620.724563626106828 ], [ 751917.515345996478572, 1967595.280919406563044 ] ] } },
{ "type": "Feature", "properties": { "Transect": 2355 }, "geometry": { "type": "LineString", "coordinates": [ [ 752904.586272451328114, 1968617.867266167886555 ], [ 752930.029499323572963, 1966618.029112164862454 ] ] } },
{ "type": "Feature", "properties": { "Transect": 2356 }, "geometry": { "type": "LineString", "coordinates": [ [ 753907.319162381929345, 1967660.384898298187181 ], [ 751907.481007815920748, 1967634.941715671913698 ] ] } },
{ "type": "Feature", "properties": { "Transect": 2357 }, "geometry": { "type": "LineString", "coordinates": [ [ 752894.552170272450894, 1968657.527834343025461 ], [ 752919.994935611728579, 1966657.689674468012527 ] ] } },
{ "type": "Feature", "properties": { "Transect": 2358 }, "geometry": { "type": "LineString", "coordinates": [ [ 753897.537918327492662, 1967680.154215942602605 ], [ 751897.699754723464139, 1967654.711743714287877 ] ] } },
{ "type": "Feature", "properties": { "Transect": 2359 }, "geometry": { "type": "LineString", "coordinates": [ [ 753897.411388917709701, 1967690.099725178210065 ], [ 751897.573226896231063, 1967664.657128555933014 ] ] } },
{ "type": "Feature", "properties": { "Transect": 2360 }, "geometry": { "type": "LineString", "coordinates": [ [ 753897.284858888597228, 1967700.045234452467412 ], [ 751897.446698448969983, 1967674.602513508871198 ] ] } },
{ "type": "Feature", "properties": { "Transect": 2361 }, "geometry": { "type": "LineString", "coordinates": [ [ 753897.158328239805996, 1967709.990743837319314 ], [ 751897.320169382728636, 1967684.547898502554744 ] ] } },
{ "type": "Feature", "properties": { "Transect": 2362 }, "geometry": { "type": "LineString", "coordinates": [ [ 753897.031796971801668, 1967719.936253265477717 ], [ 751897.193639696342871, 1967694.493283604737371 ] ] } },
{ "type": "Feature", "properties": { "Transect": 2363 }, "geometry": { "type": "LineString", "coordinates": [ [ 753896.905265084118582, 1967729.881762788863853 ], [ 751897.067109390976839, 1967704.438668759772554 ] ] } },
{ "type": "Feature", "properties": { "Transect": 2364 }, "geometry": { "type": "LineString", "coordinates": [ [ 753896.778732576989569, 1967739.827272376511246 ], [ 751896.940578465932049, 1967714.384054001886398 ] ] } },
{ "type": "Feature", "properties": { "Transect": 2365 }, "geometry": { "type": "LineString", "coordinates": [ [ 753896.652199450181797, 1967749.772782062646002 ], [ 751896.814046921674162, 1967724.329439296387136 ] ] } },
{ "type": "Feature", "properties": { "Transect": 2366 }, "geometry": { "type": "LineString", "coordinates": [ [ 753896.525665704160929, 1967759.718291790923104 ], [ 751896.687514757271856, 1967734.274824700085446 ] ] } },
{ "type": "Feature", "properties": { "Transect": 2367 }, "geometry": { "type": "LineString", "coordinates": [ [ 753896.399131338577718, 1967769.663801603252068 ], [ 751896.560981973772869, 1967744.220210168743506 ] ] } },
{ "type": "Feature", "properties": { "Transect": 2368 }, "geometry": { "type": "LineString", "coordinates": [ [ 753896.272596353315748, 1967779.609311517560855 ], [ 751896.434448571060784, 1967754.165595687692985 ] ] } },
{ "type": "Feature", "properties": { "Transect": 2369 }, "geometry": { "type": "LineString", "coordinates": [ [ 753896.146060748607852, 1967789.554821479599923 ], [ 751896.307914548437111, 1967764.110981307458133 ] ] } },
{ "type": "Feature", "properties": { "Transect": 2370 }, "geometry": { "type": "LineString", "coordinates": [ [ 753626.937664580764249, 1967104.226542419986799 ], [ 752165.263239850057289, 1968469.330156102078035 ] ] } },
{ "type": "Feature", "properties": { "Transect": 2371 }, "geometry": { "type": "LineString", "coordinates": [ [ 753905.421103113912977, 1967809.567550190957263 ], [ 751905.58297228126321, 1967784.122502186102793 ] ] } },
{ "type": "Feature", "properties": { "Transect": 2372 }, "geometry": { "type": "LineString", "coordinates": [ [ 753905.294560873066075, 1967819.513060935307294 ], [ 751905.456431623199023, 1967794.067888539284468 ] ] } },
{ "type": "Feature", "properties": { "Transect": 2373 }, "geometry": { "type": "LineString", "coordinates": [ [ 753905.168018012773246, 1967829.458571744151413 ], [ 751905.329890345223248, 1967804.013274979777634 ] ] } },
{ "type": "Feature", "properties": { "Transect": 2374 }, "geometry": { "type": "LineString", "coordinates": [ [ 753635.960815154481679, 1967144.130840797675774 ], [ 752174.284007826121524, 1968509.231903326930478 ] ] } },
{ "type": "Feature", "properties": { "Transect": 2375 }, "geometry": { "type": "LineString", "coordinates": [ [ 753914.443027265369892, 1967849.47130884649232 ], [ 751914.604914966970682, 1967824.0248042056337 ] ] } },
{ "type": "Feature", "properties": { "Transect": 2376 }, "geometry": { "type": "LineString", "coordinates": [ [ 753914.316477768938057, 1967859.416820413433015 ], [ 751914.478367052855901, 1967833.970191403757781 ] ] } },
{ "type": "Feature", "properties": { "Transect": 2377 }, "geometry": { "type": "LineString", "coordinates": [ [ 753914.189927652711049, 1967869.362332057906315 ], [ 751914.351818519411609, 1967843.915578675223514 ] ] } },
{ "type": "Feature", "properties": { "Transect": 2378 }, "geometry": { "type": "LineString", "coordinates": [ [ 753914.063376917270944, 1967879.307843760121614 ], [ 751914.225269366055727, 1967853.860966036561877 ] ] } },
{ "type": "Feature", "properties": { "Transect": 2379 }, "geometry": { "type": "LineString", "coordinates": [ [ 753931.980472941417247, 1967969.060909690102562 ], [ 751932.142404046142474, 1967943.610994226066396 ] ] } },
{ "type": "Feature", "properties": { "Transect": 2380 }, "geometry": { "type": "LineString", "coordinates": [ [ 753662.777282617636956, 1967283.735161643475294 ], [ 752201.092462978907861, 1968648.827644971199334 ] ] } },
{ "type": "Feature", "properties": { "Transect": 2381 }, "geometry": { "type": "LineString", "coordinates": [ [ 753941.255370817962103, 1967989.073673327220604 ], [ 751941.417317296029069, 1967963.622549871215597 ] ] } },
{ "type": "Feature", "properties": { "Transect": 2382 }, "geometry": { "type": "LineString", "coordinates": [ [ 753672.052941565169021, 1967303.748135104076937 ], [ 752210.366603123489767, 1968668.838992158183828 ] ] } },
{ "type": "Feature", "properties": { "Transect": 2383 }, "geometry": { "type": "LineString", "coordinates": [ [ 753969.206527898320928, 1968039.166490111267194 ], [ 751969.368518918054178, 1968013.711867002537474 ] ] } },
{ "type": "Feature", "properties": { "Transect": 2384 }, "geometry": { "type": "LineString", "coordinates": [ [ 753700.006165776285343, 1967353.841412262991071 ], [ 752238.31570275046397, 1968718.927852859254926 ] ] } },
{ "type": "Feature", "properties": { "Transect": 2385 }, "geometry": { "type": "LineString", "coordinates": [ [ 753987.756145952618681, 1968079.192079157801345 ], [ 751987.918167727184482, 1968053.7350399044808 ] ] } },
{ "type": "Feature", "properties": { "Transect": 2386 }, "geometry": { "type": "LineString", "coordinates": [ [ 753987.629543980932795, 1968089.137596725020558 ], [ 751987.791567338979803, 1968063.680433076806366 ] ] } },
{ "type": "Feature", "properties": { "Transect": 2387 }, "geometry": { "type": "LineString", "coordinates": [ [ 753987.502941389218904, 1968099.083114388631657 ], [ 751987.664966331445612, 1968073.625826301751658 ] ] } },
{ "type": "Feature", "properties": { "Transect": 2388 }, "geometry": { "type": "LineString", "coordinates": [ [ 753718.304533820599318, 1967413.758794498164207 ], [ 752256.61016906099394, 1968778.841057231649756 ] ] } },
{ "type": "Feature", "properties": { "Transect": 2389 }, "geometry": { "type": "LineString", "coordinates": [ [ 753727.706452794838697, 1967423.826123301871121 ], [ 752266.011001044185832, 1968788.9072221131064 ] ] } },
{ "type": "Feature", "properties": { "Transect": 2390 }, "geometry": { "type": "LineString", "coordinates": [ [ 754006.179065671632998, 1968129.163215198786929 ], [ 752006.341119788703509, 1968103.703635335201398 ] ] } },
{ "type": "Feature", "properties": { "Transect": 2391 }, "geometry": { "type": "LineString", "coordinates": [ [ 753736.981964238686487, 1967443.83914589183405 ], [ 752275.284993551438674, 1968808.918618260882795 ] ] } },
{ "type": "Feature", "properties": { "Transect": 2392 }, "geometry": { "type": "LineString", "coordinates": [ [ 753746.383858434041031, 1967453.906486689811572 ], [ 752284.685800847946666, 1968818.984795230673626 ] ] } },
{ "type": "Feature", "properties": { "Transect": 2393 }, "geometry": { "type": "LineString", "coordinates": [ [ 754024.855129072326235, 1968159.243341426597908 ], [ 752025.01721236819867, 1968133.781469695968553 ] ] } },
{ "type": "Feature", "properties": { "Transect": 2394 }, "geometry": { "type": "LineString", "coordinates": [ [ 754024.728503029211424, 1968169.188861735863611 ], [ 752024.890587909030728, 1968143.726865586591884 ] ] } },
{ "type": "Feature", "properties": { "Transect": 2395 }, "geometry": { "type": "LineString", "coordinates": [ [ 753755.532923954771832, 1967483.865212179953232 ], [ 752293.83291524159722, 1968848.941431490937248 ] ] } },
{ "type": "Feature", "properties": { "Transect": 2396 }, "geometry": { "type": "LineString", "coordinates": [ [ 754034.003190081450157, 1968189.201695529511198 ], [ 752034.165290344157256, 1968163.738491206662729 ] ] } },
{ "type": "Feature", "properties": { "Transect": 2397 }, "geometry": { "type": "LineString", "coordinates": [ [ 754033.87655740045011, 1968199.147216584999114 ], [ 752034.038659247104079, 1968173.68388786772266 ] ] } },
{ "type": "Feature", "properties": { "Transect": 2398 }, "geometry": { "type": "LineString", "coordinates": [ [ 753764.681955593172461, 1967513.823945969576016 ], [ 752302.979996036970988, 1968878.898076348705217 ] ] } },
{ "type": "Feature", "properties": { "Transect": 2399 }, "geometry": { "type": "LineString", "coordinates": [ [ 753774.083799306652509, 1967523.891306470148265 ], [ 752312.380752631346695, 1968888.964272776152939 ] ] } },
{ "type": "Feature", "properties": { "Transect": 2400 }, "geometry": { "type": "LineString", "coordinates": [ [ 754052.552500938763842, 1968229.227384157013148 ], [ 752052.71463196980767, 1968203.761763453949243 ] ] } },
{ "type": "Feature", "properties": { "Transect": 2401 }, "geometry": { "type": "LineString", "coordinates": [ [ 753783.35920538706705, 1967543.904364160494879 ], [ 752321.65463967085816, 1968908.97570389485918 ] ] } },
{ "type": "Feature", "properties": { "Transect": 2402 }, "geometry": { "type": "LineString", "coordinates": [ [ 753792.761024236329831, 1967553.971736566862091 ], [ 752331.055371661088429, 1968919.041912502842024 ] ] } },
{ "type": "Feature", "properties": { "Transect": 2403 }, "geometry": { "type": "LineString", "coordinates": [ [ 753802.162833440466784, 1967564.039114714367315 ], [ 752340.456093962187879, 1968929.108126802602783 ] ] } },
{ "type": "Feature", "properties": { "Transect": 2404 }, "geometry": { "type": "LineString", "coordinates": [ [ 753811.564633062109351, 1967574.106498670298606 ], [ 752349.85680651362054, 1968939.174346730113029 ] ] } },
{ "type": "Feature", "properties": { "Transect": 2405 }, "geometry": { "type": "LineString", "coordinates": [ [ 753820.966422959114425, 1967584.17388828471303 ], [ 752359.257509452640079, 1968949.240572434384376 ] ] } },
{ "type": "Feature", "properties": { "Transect": 2406 }, "geometry": { "type": "LineString", "coordinates": [ [ 753830.368203165475279, 1967594.241283592768013 ], [ 752368.658202747115865, 1968959.306803879793733 ] ] } },
{ "type": "Feature", "properties": { "Transect": 2407 }, "geometry": { "type": "LineString", "coordinates": [ [ 753839.769973761052825, 1967604.308684678981081 ], [ 752378.058886320213787, 1968969.373040983220562 ] ] } },
{ "type": "Feature", "properties": { "Transect": 2408 }, "geometry": { "type": "LineString", "coordinates": [ [ 753849.171734682400711, 1967614.376091477228329 ], [ 752387.45956023002509, 1968979.439283808460459 ] ] } },
{ "type": "Feature", "properties": { "Transect": 2409 }, "geometry": { "type": "LineString", "coordinates": [ [ 753858.573485985631123, 1967624.443504047580063 ], [ 752396.860224422533065, 1968989.505532297771424 ] ] } },
{ "type": "Feature", "properties": { "Transect": 2410 }, "geometry": { "type": "LineString", "coordinates": [ [ 753149.856011848896742, 1967317.12248550564982 ], [ 753124.380094717023894, 1969316.960223335074261 ] ] } },
{ "type": "Feature", "properties": { "Transect": 2411 }, "geometry": { "type": "LineString", "coordinates": [ [ 753159.38437787303701, 1967317.24386728531681 ], [ 753133.90750134177506, 1969317.081592892529443 ] ] } },
{ "type": "Feature", "properties": { "Transect": 2412 }, "geometry": { "type": "LineString", "coordinates": [ [ 753168.912744362954982, 1967317.365253642667085 ], [ 753143.434908523107879, 1969317.202967028599232 ] ] } },
{ "type": "Feature", "properties": { "Transect": 2413 }, "geometry": { "type": "LineString", "coordinates": [ [ 753896.559870314667933, 1967634.876114812679589 ], [ 752434.84355725964997, 1968999.934875507373363 ] ] } },
{ "type": "Feature", "properties": { "Transect": 2414 }, "geometry": { "type": "LineString", "coordinates": [ [ 754175.021735729649663, 1968340.212083284277469 ], [ 752175.184043057030067, 1968314.732621628791094 ] ] } },
{ "type": "Feature", "properties": { "Transect": 2415 }, "geometry": { "type": "LineString", "coordinates": [ [ 754174.895022068172693, 1968350.157613520277664 ], [ 752175.057330982293934, 1968324.678027332527563 ] ] } },
{ "type": "Feature", "properties": { "Transect": 2416 }, "geometry": { "type": "LineString", "coordinates": [ [ 754174.641592884901911, 1968370.048674170393497 ], [ 752174.803904971107841, 1968344.568839012645185 ] ] } },
{ "type": "Feature", "properties": { "Transect": 2417 }, "geometry": { "type": "LineString", "coordinates": [ [ 753905.455598536529578, 1967684.726351938210428 ], [ 752443.736469861934893, 1969049.782097637653351 ] ] } },
{ "type": "Feature", "properties": { "Transect": 2418 }, "geometry": { "type": "LineString", "coordinates": [ [ 753206.139585731201805, 1967387.469134703511372 ], [ 753180.65704070252832, 1969387.30678808898665 ] ] } },
{ "type": "Feature", "properties": { "Transect": 2419 }, "geometry": { "type": "LineString", "coordinates": [ [ 753215.667921390733682, 1967387.590547680389136 ], [ 753190.184416907955892, 1969387.428188839927316 ] ] } },
{ "type": "Feature", "properties": { "Transect": 2420 }, "geometry": { "type": "LineString", "coordinates": [ [ 753225.196257485076785, 1967387.711965234717354 ], [ 753199.711793698370457, 1969387.549594170181081 ] ] } },
{ "type": "Feature", "properties": { "Transect": 2421 }, "geometry": { "type": "LineString", "coordinates": [ [ 753234.724594167317264, 1967387.833387368125841 ], [ 753209.239170923479833, 1969387.671004076721147 ] ] } },
{ "type": "Feature", "properties": { "Transect": 2422 }, "geometry": { "type": "LineString", "coordinates": [ [ 753962.371701268479228, 1967705.34831013623625 ], [ 752500.647778747137636, 1969070.398922505322844 ] ] } },
{ "type": "Feature", "properties": { "Transect": 2423 }, "geometry": { "type": "LineString", "coordinates": [ [ 753971.773352675605565, 1967715.415789429098368 ], [ 752510.048343198606744, 1969080.465237862896174 ] ] } },
{ "type": "Feature", "properties": { "Transect": 2424 }, "geometry": { "type": "LineString", "coordinates": [ [ 753263.056221530190669, 1967408.088628263911232 ], [ 753237.567670868826099, 1969407.926205114694312 ] ] } },
{ "type": "Feature", "properties": { "Transect": 2425 }, "geometry": { "type": "LineString", "coordinates": [ [ 753990.703171296743676, 1967725.605060476344079 ], [ 752528.976419972255826, 1969090.652643699198961 ] ] } },
{ "type": "Feature", "properties": { "Transect": 2426 }, "geometry": { "type": "LineString", "coordinates": [ [ 754000.104799235006794, 1967735.672556461999193 ], [ 752538.376960687572137, 1969100.718975458526984 ] ] } },
{ "type": "Feature", "properties": { "Transect": 2427 }, "geometry": { "type": "LineString", "coordinates": [ [ 754009.506417435710318, 1967745.740058094728738 ], [ 752547.777491801301949, 1969110.785313008818775 ] ] } },
{ "type": "Feature", "properties": { "Transect": 2428 }, "geometry": { "type": "LineString", "coordinates": [ [ 754287.961783853708766, 1968451.075783147476614 ], [ 752288.124255360919051, 1968425.583438576199114 ] ] } },
{ "type": "Feature", "properties": { "Transect": 2429 }, "geometry": { "type": "LineString", "coordinates": [ [ 754018.781465042615309, 1967765.753272055182606 ], [ 752557.051020093960688, 1969130.79690004279837 ] ] } },
{ "type": "Feature", "properties": { "Transect": 2430 }, "geometry": { "type": "LineString", "coordinates": [ [ 754028.183058455353603, 1967775.820785679854453 ], [ 752566.451526523102075, 1969140.863249691668898 ] ] } },
{ "type": "Feature", "properties": { "Transect": 2431 }, "geometry": { "type": "LineString", "coordinates": [ [ 754306.637082376633771, 1968481.156273616245016 ], [ 752306.799583109212108, 1968455.661636464996263 ] ] } },
{ "type": "Feature", "properties": { "Transect": 2432 }, "geometry": { "type": "LineString", "coordinates": [ [ 754306.510293124010786, 1968491.101812373613939 ], [ 752306.672795444494113, 1968465.607050665421411 ] ] } },
{ "type": "Feature", "properties": { "Transect": 2433 }, "geometry": { "type": "LineString", "coordinates": [ [ 754306.383503250894137, 1968501.047351205721498 ], [ 752306.546007159282453, 1968475.552464940585196 ] ] } },
{ "type": "Feature", "properties": { "Transect": 2434 }, "geometry": { "type": "LineString", "coordinates": [ [ 754037.204923449666239, 1967815.725429106503725 ], [ 752575.47100756119471, 1969180.765340296551585 ] ] } },
{ "type": "Feature", "properties": { "Transect": 2435 }, "geometry": { "type": "LineString", "coordinates": [ [ 754315.65772023180034, 1968521.060377051122487 ], [ 752315.820239548687823, 1968495.564282148610801 ] ] } },
{ "type": "Feature", "properties": { "Transect": 2436 }, "geometry": { "type": "LineString", "coordinates": [ [ 754046.479901790968142, 1967835.738664806820452 ], [ 752584.744466549367644, 1969200.776949016842991 ] ] } },
{ "type": "Feature", "properties": { "Transect": 2437 }, "geometry": { "type": "LineString", "coordinates": [ [ 754324.931916123605333, 1968541.073409896111116 ], [ 752325.094450849690475, 1968515.576106377644464 ] ] } },
{ "type": "Feature", "properties": { "Transect": 2438 }, "geometry": { "type": "LineString", "coordinates": [ [ 754055.754859026172198, 1967855.7519074997399 ], [ 752594.017904466367327, 1969220.788564763730392 ] ] } },
{ "type": "Feature", "properties": { "Transect": 2439 }, "geometry": { "type": "LineString", "coordinates": [ [ 754334.206090927240439, 1968561.086449750466272 ], [ 752334.36864106322173, 1968535.587937617441639 ] ] } },
{ "type": "Feature", "properties": { "Transect": 2440 }, "geometry": { "type": "LineString", "coordinates": [ [ 754334.079282372375019, 1968571.031990717630833 ], [ 752334.241834096726961, 1968545.533354006242007 ] ] } },
{ "type": "Feature", "properties": { "Transect": 2441 }, "geometry": { "type": "LineString", "coordinates": [ [ 754333.952473196899518, 1968580.977531761396676 ], [ 752334.115026509622112, 1968555.478770469781011 ] ] } },
{ "type": "Feature", "properties": { "Transect": 2442 }, "geometry": { "type": "LineString", "coordinates": [ [ 754333.825663400930353, 1968590.92307286709547 ], [ 752333.988218301790766, 1968565.424187020864338 ] ] } },
{ "type": "Feature", "properties": { "Transect": 2443 }, "geometry": { "type": "LineString", "coordinates": [ [ 754333.698852984118275, 1968600.86861407244578 ], [ 752333.861409473815002, 1968575.369603623636067 ] ] } },
{ "type": "Feature", "properties": { "Transect": 2444 }, "geometry": { "type": "LineString", "coordinates": [ [ 754333.572041947278194, 1968610.814155306667089 ], [ 752333.734600024414249, 1968585.315020347945392 ] ] } },
{ "type": "Feature", "properties": { "Transect": 2445 }, "geometry": { "type": "LineString", "coordinates": [ [ 754064.396827830700204, 1967925.493709060596302 ], [ 752602.656192414229736, 1969290.526424702489749 ] ] } },
{ "type": "Feature", "properties": { "Transect": 2446 }, "geometry": { "type": "LineString", "coordinates": [ [ 754342.846165555063635, 1968630.827205633744597 ], [ 752343.008739044424146, 1968605.326861967332661 ] ] } },
{ "type": "Feature", "properties": { "Transect": 2447 }, "geometry": { "type": "LineString", "coordinates": [ [ 754342.719347876496613, 1968640.77274767216295 ], [ 752342.881922954693437, 1968615.272279404103756 ] ] } },
{ "type": "Feature", "properties": { "Transect": 2448 }, "geometry": { "type": "LineString", "coordinates": [ [ 754073.545111420913599, 1967955.452680465998128 ], [ 752611.802524400525726, 1969320.483306236332282 ] ] } },
{ "type": "Feature", "properties": { "Transect": 2449 }, "geometry": { "type": "LineString", "coordinates": [ [ 754082.946576734888367, 1967965.520236439537257 ], [ 752621.202902505057864, 1969330.549697970971465 ] ] } },
{ "type": "Feature", "properties": { "Transect": 2450 }, "geometry": { "type": "LineString", "coordinates": [ [ 754092.348032396170311, 1967975.587798150954768 ], [ 752630.603270923136733, 1969340.616095405770466 ] ] } },
{ "type": "Feature", "properties": { "Transect": 2451 }, "geometry": { "type": "LineString", "coordinates": [ [ 753383.628685407340527, 1967668.250243804650381 ], [ 753358.124422652646899, 1969668.08762033819221 ] ] } },
{ "type": "Feature", "properties": { "Transect": 2452 }, "geometry": { "type": "LineString", "coordinates": [ [ 753393.156896948581561, 1967668.37175869056955 ], [ 753367.651674726745114, 1969668.209122987929732 ] ] } },
{ "type": "Feature", "properties": { "Transect": 2453 }, "geometry": { "type": "LineString", "coordinates": [ [ 753402.6851090954151, 1967668.49327815650031 ], [ 753377.178927213652059, 1969668.330630214419216 ] ] } },
{ "type": "Feature", "properties": { "Transect": 2454 }, "geometry": { "type": "LineString", "coordinates": [ [ 754130.333657803828828, 1967986.020957700908184 ], [ 752668.585844159242697, 1969351.045986521057785 ] ] } },
{ "type": "Feature", "properties": { "Transect": 2455 }, "geometry": { "type": "LineString", "coordinates": [ [ 754408.779296532622539, 1968691.354382509598508 ], [ 752408.941965216421522, 1968665.846574407769367 ] ] } },
{ "type": "Feature", "properties": { "Transect": 2456 }, "geometry": { "type": "LineString", "coordinates": [ [ 754408.652441672747955, 1968701.299928728491068 ], [ 752408.815111945848912, 1968675.791996025014669 ] ] } },
{ "type": "Feature", "properties": { "Transect": 2457 }, "geometry": { "type": "LineString", "coordinates": [ [ 754408.52558619203046, 1968711.245475034695119 ], [ 752408.688258054666221, 1968685.737417706288397 ] ] } },
{ "type": "Feature", "properties": { "Transect": 2458 }, "geometry": { "type": "LineString", "coordinates": [ [ 754408.398730090353638, 1968721.191021418198943 ], [ 752408.561403542757034, 1968695.682839461136609 ] ] } },
{ "type": "Feature", "properties": { "Transect": 2459 }, "geometry": { "type": "LineString", "coordinates": [ [ 754408.271873368066736, 1968731.136567861074582 ], [ 752408.434548409772106, 1968705.628261305158958 ] ] } },
{ "type": "Feature", "properties": { "Transect": 2460 }, "geometry": { "type": "LineString", "coordinates": [ [ 754408.145016025169753, 1968741.082114371703938 ], [ 752408.307692655944265, 1968715.573683234630153 ] ] } },
{ "type": "Feature", "properties": { "Transect": 2461 }, "geometry": { "type": "LineString", "coordinates": [ [ 754408.018158061313443, 1968751.027660989901051 ], [ 752408.180836281855591, 1968725.519105205079541 ] ] } },
{ "type": "Feature", "properties": { "Transect": 2462 }, "geometry": { "type": "LineString", "coordinates": [ [ 754407.891299476847053, 1968760.973207650240511 ], [ 752408.053979286458343, 1968735.464527285192162 ] ] } },
{ "type": "Feature", "properties": { "Transect": 2463 }, "geometry": { "type": "LineString", "coordinates": [ [ 754138.721960517461412, 1968075.65427127527073 ], [ 752676.969601424760185, 1969440.674432550091296 ] ] } },
{ "type": "Feature", "properties": { "Transect": 2464 }, "geometry": { "type": "LineString", "coordinates": [ [ 754157.524692263337784, 1968095.789475293131545 ], [ 752695.770158418803476, 1969460.807307698531076 ] ] } },
{ "type": "Feature", "properties": { "Transect": 2465 }, "geometry": { "type": "LineString", "coordinates": [ [ 754166.926043643383309, 1968105.85708589758724 ], [ 752705.170422396855429, 1969470.873753837775439 ] ] } },
{ "type": "Feature", "properties": { "Transect": 2466 }, "geometry": { "type": "LineString", "coordinates": [ [ 753458.20581065886654, 1967798.513824983267114 ], [ 753432.692251396598294, 1969798.351082935696468 ] ] } },
{ "type": "Feature", "properties": { "Transect": 2467 }, "geometry": { "type": "LineString", "coordinates": [ [ 753467.733964320854284, 1967798.635383431334049 ], [ 753442.219445243361406, 1969798.47262913826853 ] ] } },
{ "type": "Feature", "properties": { "Transect": 2468 }, "geometry": { "type": "LineString", "coordinates": [ [ 754195.383388280752115, 1968116.168512780452147 ], [ 752733.625369809917174, 1969481.182613599812612 ] ] } },
{ "type": "Feature", "properties": { "Transect": 2469 }, "geometry": { "type": "LineString", "coordinates": [ [ 754204.784711746848188, 1968126.236145014408976 ], [ 752743.025605943403207, 1969491.249081437010318 ] ] } },
{ "type": "Feature", "properties": { "Transect": 2470 }, "geometry": { "type": "LineString", "coordinates": [ [ 754214.186025508097373, 1968136.303782932693139 ], [ 752752.425832441425882, 1969501.315555030712858 ] ] } },
{ "type": "Feature", "properties": { "Transect": 2471 }, "geometry": { "type": "LineString", "coordinates": [ [ 754223.587329673115164, 1968146.371426650555804 ], [ 752761.826049197698012, 1969511.382034266134724 ] ] } },
{ "type": "Feature", "properties": { "Transect": 2472 }, "geometry": { "type": "LineString", "coordinates": [ [ 754502.026031949440949, 1968851.703496799338609 ], [ 752502.188848499092273, 1968826.184098510071635 ] ] } },
{ "type": "Feature", "properties": { "Transect": 2473 }, "geometry": { "type": "LineString", "coordinates": [ [ 754232.861928527592681, 1968166.384798021055758 ], [ 752771.099128325586207, 1969531.39377819141373 ] ] } },
{ "type": "Feature", "properties": { "Transect": 2474 }, "geometry": { "type": "LineString", "coordinates": [ [ 754242.26320792583283, 1968176.452453764621168 ], [ 752780.499320362345316, 1969541.460269498638809 ] ] } },
{ "type": "Feature", "properties": { "Transect": 2475 }, "geometry": { "type": "LineString", "coordinates": [ [ 754520.700567283434793, 1968881.784286658745259 ], [ 752520.863413098268211, 1968856.262595095671713 ] ] } },
{ "type": "Feature", "properties": { "Transect": 2476 }, "geometry": { "type": "LineString", "coordinates": [ [ 753552.218680526944809, 1967899.18454969720915 ], [ 753526.694277974660508, 1969899.021669283509254 ] ] } },
{ "type": "Feature", "properties": { "Transect": 2477 }, "geometry": { "type": "LineString", "coordinates": [ [ 754279.868228825507686, 1968216.723133967723697 ], [ 752818.099991789786145, 1969581.726291910279542 ] ] } },
{ "type": "Feature", "properties": { "Transect": 2478 }, "geometry": { "type": "LineString", "coordinates": [ [ 754289.2694598963717, 1968226.790818345500156 ], [ 752827.500135447015055, 1969591.79281178698875 ] ] } },
{ "type": "Feature", "properties": { "Transect": 2479 }, "geometry": { "type": "LineString", "coordinates": [ [ 754298.670681342133321, 1968236.858508494449779 ], [ 752836.900269390433095, 1969601.859337337547913 ] ] } },
{ "type": "Feature", "properties": { "Transect": 2480 }, "geometry": { "type": "LineString", "coordinates": [ [ 754308.071893048007041, 1968246.926204292336479 ], [ 752846.30039372947067, 1969611.925868680467829 ] ] } },
{ "type": "Feature", "properties": { "Transect": 2481 }, "geometry": { "type": "LineString", "coordinates": [ [ 754317.473095133085735, 1968256.993905864888802 ], [ 752855.700508347130381, 1969621.992405688622966 ] ] } },
{ "type": "Feature", "properties": { "Transect": 2482 }, "geometry": { "type": "LineString", "coordinates": [ [ 754595.905972149688751, 1968962.325464027468115 ], [ 752596.06892869155854, 1968936.79509755037725 ] ] } },
{ "type": "Feature", "properties": { "Transect": 2483 }, "geometry": { "type": "LineString", "coordinates": [ [ 754595.77900492248591, 1968972.271022960310802 ], [ 752595.941963055520318, 1968946.740531835937873 ] ] } },
{ "type": "Feature", "properties": { "Transect": 2484 }, "geometry": { "type": "LineString", "coordinates": [ [ 754595.652037073625252, 1968982.21658201655373 ], [ 752595.814996799221262, 1968956.685966149903834 ] ] } },
{ "type": "Feature", "properties": { "Transect": 2485 }, "geometry": { "type": "LineString", "coordinates": [ [ 754326.494034927804023, 1968296.898797734640539 ], [ 752864.7190635970328, 1969661.89474395243451 ] ] } },
{ "type": "Feature", "properties": { "Transect": 2486 }, "geometry": { "type": "LineString", "coordinates": [ [ 754335.895201471750624, 1968306.966512582963333 ], [ 752874.119142665178515, 1969671.961294221458957 ] ] } },
{ "type": "Feature", "properties": { "Transect": 2487 }, "geometry": { "type": "LineString", "coordinates": [ [ 754345.296358347753994, 1968317.034233157522976 ], [ 752883.519212056067772, 1969682.02785020461306 ] ] } },
{ "type": "Feature", "properties": { "Transect": 2488 }, "geometry": { "type": "LineString", "coordinates": [ [ 754354.697505547082983, 1968327.101959448540583 ], [ 752892.919271781225689, 1969692.094411914469674 ] ] } },
{ "type": "Feature", "properties": { "Transect": 2489 }, "geometry": { "type": "LineString", "coordinates": [ [ 754364.098643062752672, 1968337.169691448798403 ], [ 752902.319321846938692, 1969702.160979357315227 ] ] } },
{ "type": "Feature", "properties": { "Transect": 2490 }, "geometry": { "type": "LineString", "coordinates": [ [ 754373.499770964612253, 1968347.237429232569411 ], [ 752911.719362186617218, 1969712.227552461670712 ] ] } },
{ "type": "Feature", "properties": { "Transect": 2491 }, "geometry": { "type": "LineString", "coordinates": [ [ 754382.900889141019434, 1968357.305172682041302 ], [ 752921.119392903521657, 1969722.294131339760497 ] ] } },
{ "type": "Feature", "properties": { "Transect": 2492 }, "geometry": { "type": "LineString", "coordinates": [ [ 754661.329176677158102, 1969062.635984730906785 ], [ 752661.492234920151532, 1969037.09765306301415 ] ] } },
{ "type": "Feature", "properties": { "Transect": 2493 }, "geometry": { "type": "LineString", "coordinates": [ [ 754392.175207785097882, 1968377.318654529284686 ], [ 752930.392191597260535, 1969742.305985454004258 ] ] } },
{ "type": "Feature", "properties": { "Transect": 2494 }, "geometry": { "type": "LineString", "coordinates": [ [ 754401.576301165972836, 1968387.386409977916628 ], [ 752939.792197622242384, 1969752.37257643789053 ] ] } },
{ "type": "Feature", "properties": { "Transect": 2495 }, "geometry": { "type": "LineString", "coordinates": [ [ 754410.977385028265417, 1968397.454171310644597 ], [ 752949.192193825030699, 1969762.439172978978604 ] ] } },
{ "type": "Feature", "properties": { "Transect": 2496 }, "geometry": { "type": "LineString", "coordinates": [ [ 753702.256383493659087, 1968090.095410163514316 ], [ 753676.714256078586914, 1970089.932303444482386 ] ] } },
{ "type": "Feature", "properties": { "Transect": 2497 }, "geometry": { "type": "LineString", "coordinates": [ [ 754429.906335090985522, 1968407.643975912360474 ], [ 752968.119401287753135, 1969772.627111398847774 ] ] } },
{ "type": "Feature", "properties": { "Transect": 2498 }, "geometry": { "type": "LineString", "coordinates": [ [ 753721.185470464755781, 1968100.284305564593524 ], [ 753695.641298750066198, 1970100.121172734536231 ] ] } },
{ "type": "Feature", "properties": { "Transect": 2499 }, "geometry": { "type": "LineString", "coordinates": [ [ 753730.713494949275628, 1968100.406008238438517 ], [ 753705.168363557429984, 1970100.242863149847835 ] ] } },
{ "type": "Feature", "properties": { "Transect": 2500 }, "geometry": { "type": "LineString", "coordinates": [ [ 754458.363140152883716, 1968417.955852940678596 ], [ 752996.573808665038086, 1969782.936420695390552 ] ] } },
{ "type": "Feature", "properties": { "Transect": 2501 }, "geometry": { "type": "LineString", "coordinates": [ [ 754736.787389680743217, 1969123.286727391416207 ], [ 752736.950555550865829, 1969097.739969128044322 ] ] } },
{ "type": "Feature", "properties": { "Transect": 2502 }, "geometry": { "type": "LineString", "coordinates": [ [ 754467.63735028274823, 1968437.969384103314951 ], [ 753005.846498786122538, 1969802.948324043536559 ] ] } },
{ "type": "Feature", "properties": { "Transect": 2503 }, "geometry": { "type": "LineString", "coordinates": [ [ 754746.060817007441074, 1969143.300055653788149 ], [ 752746.223998326808214, 1969117.752088037319481 ] ] } },
{ "type": "Feature", "properties": { "Transect": 2504 }, "geometry": { "type": "LineString", "coordinates": [ [ 754476.911539319436997, 1968457.982922287425026 ], [ 753015.119167804019526, 1969822.960234399186447 ] ] } },
{ "type": "Feature", "properties": { "Transect": 2505 }, "geometry": { "type": "LineString", "coordinates": [ [ 754486.312551198177971, 1968468.050728783244267 ], [ 753024.519092041882686, 1969833.026876108953729 ] ] } },
{ "type": "Feature", "properties": { "Transect": 2506 }, "geometry": { "type": "LineString", "coordinates": [ [ 754495.713553365087137, 1968478.118540960596874 ], [ 753033.919006647309288, 1969843.093523583142087 ] ] } },
{ "type": "Feature", "properties": { "Transect": 2507 }, "geometry": { "type": "LineString", "coordinates": [ [ 754523.916501870262437, 1968508.322011868003756 ], [ 753062.118692394928075, 1969873.293500293046236 ] ] } },
{ "type": "Feature", "properties": { "Transect": 2508 }, "geometry": { "type": "LineString", "coordinates": [ [ 754533.317465385538526, 1968518.389846977312118 ], [ 753071.518568273982964, 1969883.360170612111688 ] ] } },
{ "type": "Feature", "properties": { "Transect": 2509 }, "geometry": { "type": "LineString", "coordinates": [ [ 753824.596477892016992, 1968211.023909858427942 ], [ 753799.040375816635787, 1970210.860624604392797 ] ] } },
{ "type": "Feature", "properties": { "Transect": 2510 }, "geometry": { "type": "LineString", "coordinates": [ [ 753834.124455455457792, 1968211.145668782759458 ], [ 753808.567393608624116, 1970210.982371263671666 ] ] } },
{ "type": "Feature", "properties": { "Transect": 2511 }, "geometry": { "type": "LineString", "coordinates": [ [ 754561.774070210405625, 1968528.701899562263861 ], [ 753099.972775234025903, 1969893.66965522733517 ] ] } },
{ "type": "Feature", "properties": { "Transect": 2512 }, "geometry": { "type": "LineString", "coordinates": [ [ 754571.175005823140964, 1968538.76975632738322 ], [ 753109.372623246861622, 1969903.73634723527357 ] ] } },
{ "type": "Feature", "properties": { "Transect": 2513 }, "geometry": { "type": "LineString", "coordinates": [ [ 753862.454292156500742, 1968231.402000644942746 ], [ 753836.894101193873212, 1970231.2386631348636 ] ] } },
{ "type": "Feature", "properties": { "Transect": 2514 }, "geometry": { "type": "LineString", "coordinates": [ [ 754590.103749428293668, 1968548.959741735598072 ], [ 753128.299624240607955, 1969913.924466402037069 ] ] } },
{ "type": "Feature", "properties": { "Transect": 2515 }, "geometry": { "type": "LineString", "coordinates": [ [ 754599.504661538521759, 1968559.02761517977342 ], [ 753137.699448528815992, 1969923.991174846421927 ] ] } },
{ "type": "Feature", "properties": { "Transect": 2516 }, "geometry": { "type": "LineString", "coordinates": [ [ 753890.784073643968441, 1968251.658380434848368 ], [ 753865.220753473811783, 1970251.495002927258611 ] ] } },
{ "type": "Feature", "properties": { "Transect": 2517 }, "geometry": { "type": "LineString", "coordinates": [ [ 753900.312035663984716, 1968251.78017355594784 ], [ 753874.747755718650296, 1970251.616783779580146 ] ] } },
{ "type": "Feature", "properties": { "Transect": 2518 }, "geometry": { "type": "LineString", "coordinates": [ [ 753909.839998291572556, 1968251.901971258223057 ], [ 753884.274758378742263, 1970251.738569210283458 ] ] } },
{ "type": "Feature", "properties": { "Transect": 2519 }, "geometry": { "type": "LineString", "coordinates": [ [ 753919.367961337440647, 1968252.023773540277034 ], [ 753893.801761645707302, 1970251.860359222628176 ] ] } },
{ "type": "Feature", "properties": { "Transect": 2520 }, "geometry": { "type": "LineString", "coordinates": [ [ 754647.016805740073323, 1968569.584072901168838 ], [ 753185.207884575705975, 1969934.543661315692589 ] ] } },
{ "type": "Feature", "properties": { "Transect": 2521 }, "geometry": { "type": "LineString", "coordinates": [ [ 754925.430959372315556, 1969274.915103318635374 ], [ 752925.594394491054118, 1969249.347276590764523 ] ] } },
{ "type": "Feature", "properties": { "Transect": 2522 }, "geometry": { "type": "LineString", "coordinates": [ [ 754925.303805548232049, 1969284.860683349892497 ], [ 752925.467242262791842, 1969259.292731787543744 ] ] } },
{ "type": "Feature", "properties": { "Transect": 2523 }, "geometry": { "type": "LineString", "coordinates": [ [ 754656.163807214703411, 1968599.543476705439389 ], [ 753194.352933300193399, 1969964.500973811373115 ] ] } },
{ "type": "Feature", "properties": { "Transect": 2524 }, "geometry": { "type": "LineString", "coordinates": [ [ 754665.564662311109714, 1968609.6113888816908 ], [ 753203.752700793440454, 1969974.56772120995447 ] ] } },
{ "type": "Feature", "properties": { "Transect": 2525 }, "geometry": { "type": "LineString", "coordinates": [ [ 754674.965507825138047, 1968619.679306877078488 ], [ 753213.152458525262773, 1969984.63447423488833 ] ] } },
{ "type": "Feature", "properties": { "Transect": 2526 }, "geometry": { "type": "LineString", "coordinates": [ [ 753966.245149202877656, 1968312.30597441829741 ], [ 753940.67340104514733, 1970312.14248916041106 ] ] } },
{ "type": "Feature", "properties": { "Transect": 2527 }, "geometry": { "type": "LineString", "coordinates": [ [ 753975.773086625267752, 1968312.427807385334745 ], [ 753950.200378693756647, 1970312.264309854945168 ] ] } },
{ "type": "Feature", "properties": { "Transect": 2528 }, "geometry": { "type": "LineString", "coordinates": [ [ 753985.301024657441303, 1968312.549644933780655 ], [ 753959.727356757735834, 1970312.386135127628222 ] ] } },
{ "type": "Feature", "properties": { "Transect": 2529 }, "geometry": { "type": "LineString", "coordinates": [ [ 754712.949700498837046, 1968630.113777253776789 ], [ 753251.133598038577475, 1969995.06567479018122 ] ] } },
{ "type": "Feature", "properties": { "Transect": 2530 }, "geometry": { "type": "LineString", "coordinates": [ [ 754004.229774951119907, 1968322.738856297917664 ], [ 753978.654062519664876, 1970322.57532034534961 ] ] } },
{ "type": "Feature", "properties": { "Transect": 2531 }, "geometry": { "type": "LineString", "coordinates": [ [ 754013.757709787460044, 1968322.86070812237449 ], [ 753988.181037286296487, 1970322.697159891249612 ] ] } },
{ "type": "Feature", "properties": { "Transect": 2532 }, "geometry": { "type": "LineString", "coordinates": [ [ 754741.406079008011147, 1968640.426119517534971 ], [ 753279.58757869200781, 1970005.375449028797448 ] ] } },
{ "type": "Feature", "properties": { "Transect": 2533 }, "geometry": { "type": "LineString", "coordinates": [ [ 754750.806874191504903, 1968650.494080298347399 ], [ 753288.987286019255407, 1970015.442244748352095 ] ] } },
{ "type": "Feature", "properties": { "Transect": 2534 }, "geometry": { "type": "LineString", "coordinates": [ [ 755029.215530228568241, 1969355.825238672085106 ], [ 753029.379113144241273, 1969330.245854323729873 ] ] } },
{ "type": "Feature", "properties": { "Transect": 2535 }, "geometry": { "type": "LineString", "coordinates": [ [ 754769.4814357283758, 1968680.575775269651785 ], [ 753307.659239459666423, 1970045.521146519342437 ] ] } },
{ "type": "Feature", "properties": { "Transect": 2536 }, "geometry": { "type": "LineString", "coordinates": [ [ 754060.761602608952671, 1968373.197665728628635 ], [ 754035.179506240878254, 1970373.034048122353852 ] ] } },
{ "type": "Feature", "properties": { "Transect": 2537 }, "geometry": { "type": "LineString", "coordinates": [ [ 754070.289516516262665, 1968373.319547705585137 ], [ 754044.706460265442729, 1970373.155917820287868 ] ] } },
{ "type": "Feature", "properties": { "Transect": 2538 }, "geometry": { "type": "LineString", "coordinates": [ [ 754079.817430976429023, 1968373.441434263717383 ], [ 754054.233414755319245, 1970373.277792097534984 ] ] } },
{ "type": "Feature", "properties": { "Transect": 2539 }, "geometry": { "type": "LineString", "coordinates": [ [ 754089.345345853012986, 1968373.563325401395559 ], [ 754063.76036985439714, 1970373.399670956656337 ] ] } },
{ "type": "Feature", "properties": { "Transect": 2540 }, "geometry": { "type": "LineString", "coordinates": [ [ 754098.873261361615732, 1968373.685221120715141 ], [ 754073.287325344979763, 1970373.521554393693805 ] ] } },
{ "type": "Feature", "properties": { "Transect": 2541 }, "geometry": { "type": "LineString", "coordinates": [ [ 754826.521009267889895, 1968691.254932917188853 ], [ 753364.694449464208446, 1970056.195630915462971 ] ] } },
{ "type": "Feature", "properties": { "Transect": 2542 }, "geometry": { "type": "LineString", "coordinates": [ [ 755104.926071401801892, 1969396.586490855785087 ], [ 753105.089758948073722, 1969370.998927630251274 ] ] } },
{ "type": "Feature", "properties": { "Transect": 2543 }, "geometry": { "type": "LineString", "coordinates": [ [ 755104.798819265910424, 1969406.532081993063912 ], [ 753104.962508411030285, 1969380.944393818965182 ] ] } },
{ "type": "Feature", "properties": { "Transect": 2544 }, "geometry": { "type": "LineString", "coordinates": [ [ 755104.671566507546231, 1969416.47767321113497 ], [ 753104.835257251514122, 1969390.88986008008942 ] ] } },
{ "type": "Feature", "properties": { "Transect": 2545 }, "geometry": { "type": "LineString", "coordinates": [ [ 754835.540632042218931, 1968731.160223973914981 ], [ 753373.711686554015614, 1970096.098366943188012 ] ] } },
{ "type": "Feature", "properties": { "Transect": 2546 }, "geometry": { "type": "LineString", "coordinates": [ [ 754844.941335877985694, 1968741.228241375414655 ], [ 753383.111302565666847, 1970106.165219300193712 ] ] } },
{ "type": "Feature", "properties": { "Transect": 2547 }, "geometry": { "type": "LineString", "coordinates": [ [ 754136.221732130623423, 1968433.8460336655844 ], [ 754110.631206813384779, 1970433.682308217743412 ] ] } },
{ "type": "Feature", "properties": { "Transect": 2548 }, "geometry": { "type": "LineString", "coordinates": [ [ 754145.749621515860781, 1968433.96795549383387 ], [ 754120.158136170590296, 1970433.804217760916799 ] ] } },
{ "type": "Feature", "properties": { "Transect": 2549 }, "geometry": { "type": "LineString", "coordinates": [ [ 754155.277511287014931, 1968434.089881901629269 ], [ 754129.685066162375733, 1970433.926131886430085 ] ] } },
{ "type": "Feature", "properties": { "Transect": 2550 }, "geometry": { "type": "LineString", "coordinates": [ [ 754882.925242402241565, 1968751.663077780976892 ], [ 753421.092155833845027, 1970116.596785699948668 ] ] } },
{ "type": "Feature", "properties": { "Transect": 2551 }, "geometry": { "type": "LineString", "coordinates": [ [ 754174.206071866443381, 1968444.279281504219398 ], [ 754148.611581904347986, 1970444.115505319321528 ] ] } },
{ "type": "Feature", "properties": { "Transect": 2552 }, "geometry": { "type": "LineString", "coordinates": [ [ 754183.733958488563076, 1968444.401222188957036 ], [ 754158.138508552918211, 1970444.237433718051761 ] ] } },
{ "type": "Feature", "properties": { "Transect": 2553 }, "geometry": { "type": "LineString", "coordinates": [ [ 754911.381383089814335, 1968761.975697385147214 ], [ 753449.545898247044533, 1970126.90683676674962 ] ] } },
{ "type": "Feature", "properties": { "Transect": 2554 }, "geometry": { "type": "LineString", "coordinates": [ [ 754920.782036519842222, 1968772.04375750082545 ], [ 753458.945463925134391, 1970136.973731904057786 ] ] } },
{ "type": "Feature", "properties": { "Transect": 2555 }, "geometry": { "type": "LineString", "coordinates": [ [ 755199.181938508991152, 1969477.37530919117853 ], [ 753199.345761696575209, 1969451.777146913576871 ] ] } },
{ "type": "Feature", "properties": { "Transect": 2556 }, "geometry": { "type": "LineString", "coordinates": [ [ 755199.054633577121422, 1969487.320906286360696 ], [ 753199.218458364252001, 1969461.722619033651426 ] ] } },
{ "type": "Feature", "properties": { "Transect": 2557 }, "geometry": { "type": "LineString", "coordinates": [ [ 755198.92732802242972, 1969497.266503469320014 ], [ 753199.091154409572482, 1969471.668091216823086 ] ] } },
{ "type": "Feature", "properties": { "Transect": 2558 }, "geometry": { "type": "LineString", "coordinates": [ [ 755198.800021844683215, 1969507.212100750068203 ], [ 753198.963849832536653, 1969481.613563451683149 ] ] } },
{ "type": "Feature", "properties": { "Transect": 2559 }, "geometry": { "type": "LineString", "coordinates": [ [ 755198.672715044696815, 1969517.157698058290407 ], [ 753198.836544631863944, 1969491.559035809477791 ] ] } },
{ "type": "Feature", "properties": { "Transect": 2560 }, "geometry": { "type": "LineString", "coordinates": [ [ 754185.82820083911065, 1970514.221989721059799 ], [ 754211.42644559184555, 1968514.385813964065164 ] ] } },
{ "type": "Feature", "properties": { "Transect": 2561 }, "geometry": { "type": "LineString", "coordinates": [ [ 755189.018039065878838, 1969526.98086346546188 ], [ 753189.181857965653762, 1969501.383036171551794 ] ] } },
{ "type": "Feature", "properties": { "Transect": 2562 }, "geometry": { "type": "LineString", "coordinates": [ [ 755188.890735802007839, 1969536.926460414193571 ], [ 753189.054556301794946, 1969511.328508121427149 ] ] } },
{ "type": "Feature", "properties": { "Transect": 2563 }, "geometry": { "type": "LineString", "coordinates": [ [ 755188.763431915664114, 1969546.872057426488027 ], [ 753188.927254014997743, 1969521.273980158148333 ] ] } },
{ "type": "Feature", "properties": { "Transect": 2564 }, "geometry": { "type": "LineString", "coordinates": [ [ 755188.636127406498417, 1969556.817654526326805 ], [ 753188.799951105844229, 1969531.219452257733792 ] ] } },
{ "type": "Feature", "properties": { "Transect": 2565 }, "geometry": { "type": "LineString", "coordinates": [ [ 755188.508822274627164, 1969566.763251699274406 ], [ 753188.672647573985159, 1969541.164924433687702 ] ] } },
{ "type": "Feature", "properties": { "Transect": 2566 }, "geometry": { "type": "LineString", "coordinates": [ [ 754919.384095977991819, 1968881.447184288408607 ], [ 753457.542763961479068, 1970246.37206134526059 ] ] } },
{ "type": "Feature", "properties": { "Transect": 2567 }, "geometry": { "type": "LineString", "coordinates": [ [ 755197.781550008105114, 1969586.776881493628025 ], [ 753197.945390795823187, 1969561.177344250958413 ] ] } },
{ "type": "Feature", "properties": { "Transect": 2568 }, "geometry": { "type": "LineString", "coordinates": [ [ 755197.654238226357847, 1969596.722479427000508 ], [ 753197.818080614088103, 1969571.122817186405882 ] ] } },
{ "type": "Feature", "properties": { "Transect": 2569 }, "geometry": { "type": "LineString", "coordinates": [ [ 755197.52692582202144, 1969606.668077424867079 ], [ 753197.690769809531048, 1969581.06829020823352 ] ] } },
{ "type": "Feature", "properties": { "Transect": 2570 }, "geometry": { "type": "LineString", "coordinates": [ [ 755197.39961279486306, 1969616.613675507716835 ], [ 753197.563458382617682, 1969591.013763295020908 ] ] } },
{ "type": "Feature", "properties": { "Transect": 2571 }, "geometry": { "type": "LineString", "coordinates": [ [ 754928.276298025506549, 1968931.298325881361961 ], [ 753466.432147452491336, 1970296.220184243749827 ] ] } },
{ "type": "Feature", "properties": { "Transect": 2572 }, "geometry": { "type": "LineString", "coordinates": [ [ 754937.676851156400517, 1968941.366406718967482 ], [ 753475.831612602807581, 1970306.287099843146279 ] ] } },
{ "type": "Feature", "properties": { "Transect": 2573 }, "geometry": { "type": "LineString", "coordinates": [ [ 754947.077394605032168, 1968951.434493275359273 ], [ 753485.231068083201535, 1970316.354021172504872 ] ] } },
{ "type": "Feature", "properties": { "Transect": 2574 }, "geometry": { "type": "LineString", "coordinates": [ [ 754956.47792840085458, 1968961.502585581503808 ], [ 753494.630513867014088, 1970326.420948202721775 ] ] } },
{ "type": "Feature", "properties": { "Transect": 2575 }, "geometry": { "type": "LineString", "coordinates": [ [ 754965.878452386823483, 1968971.570683469763026 ], [ 753504.029950111056678, 1970336.487881102832034 ] ] } },
{ "type": "Feature", "properties": { "Transect": 2576 }, "geometry": { "type": "LineString", "coordinates": [ [ 754975.278966861660592, 1968981.6387872567866 ], [ 753513.429376519168727, 1970346.554819551529363 ] ] } },
{ "type": "Feature", "properties": { "Transect": 2577 }, "geometry": { "type": "LineString", "coordinates": [ [ 754984.67947160906624, 1968991.706896715098992 ], [ 753522.828793302061968, 1970356.621763779548928 ] ] } },
{ "type": "Feature", "properties": { "Transect": 2578 }, "geometry": { "type": "LineString", "coordinates": [ [ 754994.079966731835157, 1969001.775011953432113 ], [ 753532.228200359968469, 1970366.68871367815882 ] ] } },
{ "type": "Feature", "properties": { "Transect": 2579 }, "geometry": { "type": "LineString", "coordinates": [ [ 755003.480452042887919, 1969011.843132773181424 ], [ 753541.627597876475193, 1970376.755669445497915 ] ] } },
{ "type": "Feature", "properties": { "Transect": 2580 }, "geometry": { "type": "LineString", "coordinates": [ [ 754294.759066879167221, 1968704.448933912906796 ], [ 754269.148846523021348, 1970704.284956343937665 ] ] } },
{ "type": "Feature", "properties": { "Transect": 2581 }, "geometry": { "type": "LineString", "coordinates": [ [ 755022.408544368110597, 1969022.03361830720678 ], [ 753560.55394696071744, 1970386.944287925958633 ] ] } },
{ "type": "Feature", "properties": { "Transect": 2582 }, "geometry": { "type": "LineString", "coordinates": [ [ 755031.809006216237321, 1969032.101755861425772 ], [ 753569.953320702305064, 1970397.011260088765994 ] ] } },
{ "type": "Feature", "properties": { "Transect": 2583 }, "geometry": { "type": "LineString", "coordinates": [ [ 755041.209458276396617, 1969042.169899022905156 ], [ 753579.352684881538153, 1970407.078238099114969 ] ] } },
{ "type": "Feature", "properties": { "Transect": 2584 }, "geometry": { "type": "LineString", "coordinates": [ [ 754332.488187866634689, 1968734.773650649702176 ], [ 754306.873752182931639, 1970734.609619094291702 ] ] } },
{ "type": "Feature", "properties": { "Transect": 2585 }, "geometry": { "type": "LineString", "coordinates": [ [ 755060.137505039107054, 1969052.360426815692335 ], [ 753598.278988340403885, 1970417.266898760106415 ] ] } },
{ "type": "Feature", "properties": { "Transect": 2586 }, "geometry": { "type": "LineString", "coordinates": [ [ 755069.537933573010378, 1969062.428586646448821 ], [ 753607.678328804555349, 1970427.333893232047558 ] ] } },
{ "type": "Feature", "properties": { "Transect": 2587 }, "geometry": { "type": "LineString", "coordinates": [ [ 755078.938352374709211, 1969072.496752143604681 ], [ 753617.077659650356509, 1970437.400893490994349 ] ] } },
{ "type": "Feature", "properties": { "Transect": 2588 }, "geometry": { "type": "LineString", "coordinates": [ [ 754370.217196721350774, 1968765.098454197170213 ], [ 754344.598545602755621, 1970764.934368645073846 ] ] } },
{ "type": "Feature", "properties": { "Transect": 2589 }, "geometry": { "type": "LineString", "coordinates": [ [ 755097.866353585384786, 1969082.687322207959369 ], [ 753636.003917472669855, 1970447.589596322504804 ] ] } },
{ "type": "Feature", "properties": { "Transect": 2590 }, "geometry": { "type": "LineString", "coordinates": [ [ 755107.266748780850321, 1969092.755504291271791 ], [ 753645.403224679874256, 1970457.656613127561286 ] ] } },
{ "type": "Feature", "properties": { "Transect": 2591 }, "geometry": { "type": "LineString", "coordinates": [ [ 755116.667134289979003, 1969102.8236920889467 ], [ 753654.802522224956192, 1970467.723635671660304 ] ] } },
{ "type": "Feature", "properties": { "Transect": 2592 }, "geometry": { "type": "LineString", "coordinates": [ [ 755126.067510242341086, 1969112.891885739285499 ], [ 753664.201809977879748, 1970477.790663814172149 ] ] } },
{ "type": "Feature", "properties": { "Transect": 2593 }, "geometry": { "type": "LineString", "coordinates": [ [ 755135.467876405338757, 1969122.960084996651858 ], [ 753673.601088166818954, 1970487.857697803527117 ] ] } },
{ "type": "Feature", "properties": { "Transect": 2594 }, "geometry": { "type": "LineString", "coordinates": [ [ 754426.746813305071555, 1968815.55859743244946 ], [ 754401.121776267304085, 1970815.394430064130574 ] ] } },
{ "type": "Feature", "properties": { "Transect": 2595 }, "geometry": { "type": "LineString", "coordinates": [ [ 755154.395804084953852, 1969133.150718928081915 ], [ 753692.527272544917651, 1970498.04646457801573 ] ] } },
{ "type": "Feature", "properties": { "Transect": 2596 }, "geometry": { "type": "LineString", "coordinates": [ [ 754445.674878124962561, 1968825.74832173413597 ], [ 754420.047795616439544, 1970825.584128154674545 ] ] } },
{ "type": "Feature", "properties": { "Transect": 2597 }, "geometry": { "type": "LineString", "coordinates": [ [ 755173.323714134516194, 1969143.341373480390757 ], [ 753711.453439148841426, 1970508.235251814126968 ] ] } },
{ "type": "Feature", "properties": { "Transect": 2598 }, "geometry": { "type": "LineString", "coordinates": [ [ 755182.724042783724144, 1969153.409600209211931 ], [ 753720.852679716423154, 1970518.302313152002171 ] ] } },
{ "type": "Feature", "properties": { "Transect": 2599 }, "geometry": { "type": "LineString", "coordinates": [ [ 754474.003242717939429, 1968846.005723288981244 ], [ 754448.373029646812938, 1970845.84148959047161 ] ] } },
{ "type": "Feature", "properties": { "Transect": 2600 }, "geometry": { "type": "LineString", "coordinates": [ [ 755201.651921209762804, 1969163.600286175031215 ], [ 753739.778814644203521, 1970528.491131737362593 ] ] } },
{ "type": "Feature", "properties": { "Transect": 2601 }, "geometry": { "type": "LineString", "coordinates": [ [ 755211.052226206986234, 1969173.668529444374144 ], [ 753749.178031617309898, 1970538.558209672570229 ] ] } },
{ "type": "Feature", "properties": { "Transect": 2602 }, "geometry": { "type": "LineString", "coordinates": [ [ 754502.331552094314247, 1968866.26317279948853 ], [ 754476.698208350455388, 1970866.098898974945769 ] ] } },
{ "type": "Feature", "properties": { "Transect": 2603 }, "geometry": { "type": "LineString", "coordinates": [ [ 754511.85925582703203, 1968866.385296282824129 ], [ 754486.224952048854902, 1970866.22101015271619 ] ] } },
{ "type": "Feature", "properties": { "Transect": 2604 }, "geometry": { "type": "LineString", "coordinates": [ [ 755239.507624798337929, 1969183.9817195746582 ], [ 753777.63103153614793, 1970548.868830683873966 ] ] } },
{ "type": "Feature", "properties": { "Transect": 2605 }, "geometry": { "type": "LineString", "coordinates": [ [ 755248.907901964732446, 1969194.049984597135335 ], [ 753787.030220558284782, 1970558.935930237174034 ] ] } },
{ "type": "Feature", "properties": { "Transect": 2606 }, "geometry": { "type": "LineString", "coordinates": [ [ 755258.308169460156932, 1969204.11825535283424 ], [ 753796.429399898741394, 1970569.003035510191694 ] ] } },
{ "type": "Feature", "properties": { "Transect": 2607 }, "geometry": { "type": "LineString", "coordinates": [ [ 755267.708427195088007, 1969214.186531746061519 ], [ 753805.828569647739641, 1970579.070146600017324 ] ] } },
{ "type": "Feature", "properties": { "Transect": 2608 }, "geometry": { "type": "LineString", "coordinates": [ [ 754558.988005110062659, 1968906.778215686790645 ], [ 754533.348399866605178, 1970906.613861594349146 ] ] } },
{ "type": "Feature", "properties": { "Transect": 2609 }, "geometry": { "type": "LineString", "coordinates": [ [ 755286.636210721451789, 1969224.377311928197742 ], [ 753824.754609575727955, 1970589.259059271775186 ] ] } },
{ "type": "Feature", "properties": { "Transect": 2610 }, "geometry": { "type": "LineString", "coordinates": [ [ 755296.036444922210649, 1969234.445604988606647 ], [ 753834.153755613369867, 1970599.326186834136024 ] ] } },
{ "type": "Feature", "properties": { "Transect": 2611 }, "geometry": { "type": "LineString", "coordinates": [ [ 755574.412586270365864, 1969939.774771209107712 ], [ 753574.576975150965154, 1969914.132452690275386 ] ] } },
{ "type": "Feature", "properties": { "Transect": 2612 }, "geometry": { "type": "LineString", "coordinates": [ [ 755305.309361777501181, 1969254.459695028141141 ], [ 753843.42515147686936, 1970619.338647783268243 ] ] } },
{ "type": "Feature", "properties": { "Transect": 2613 }, "geometry": { "type": "LineString", "coordinates": [ [ 754596.588895304244943, 1968947.049098659306765 ], [ 754570.944948669872247, 1970946.884688901714981 ] ] } },
{ "type": "Feature", "properties": { "Transect": 2614 }, "geometry": { "type": "LineString", "coordinates": [ [ 755324.237089457688853, 1969264.650518527487293 ], [ 753862.351135676261038, 1970629.527603885857388 ] ] } },
{ "type": "Feature", "properties": { "Transect": 2615 }, "geometry": { "type": "LineString", "coordinates": [ [ 755333.637284979224205, 1969274.718834527302533 ], [ 753871.750242981826887, 1970639.594754323828965 ] ] } },
{ "type": "Feature", "properties": { "Transect": 2616 }, "geometry": { "type": "LineString", "coordinates": [ [ 755343.037470783805475, 1969284.787156212376431 ], [ 753881.149340650998056, 1970649.661910531343892 ] ] } },
{ "type": "Feature", "properties": { "Transect": 2617 }, "geometry": { "type": "LineString", "coordinates": [ [ 755352.437646974925883, 1969294.855483692372218 ], [ 753890.548428583075292, 1970659.729072399204597 ] ] } },
{ "type": "Feature", "properties": { "Transect": 2618 }, "geometry": { "type": "LineString", "coordinates": [ [ 755361.837813487509266, 1969304.923816899070516 ], [ 753899.947506837546825, 1970669.796239993302152 ] ] } },
{ "type": "Feature", "properties": { "Transect": 2619 }, "geometry": { "type": "LineString", "coordinates": [ [ 755371.23797025566455, 1969314.992155762389302 ], [ 753909.346575483097695, 1970679.863413386978209 ] ] } },
{ "type": "Feature", "properties": { "Transect": 2620 }, "geometry": { "type": "LineString", "coordinates": [ [ 755380.638117379741743, 1969325.060500387800857 ], [ 753918.745634419145063, 1970689.930592471035197 ] ] } },
{ "type": "Feature", "properties": { "Transect": 2621 }, "geometry": { "type": "LineString", "coordinates": [ [ 754700.500646970584057, 1969018.012229467509314 ], [ 754674.845261822105385, 1971017.847673001000658 ] ] } },
{ "type": "Feature", "properties": { "Transect": 2622 }, "geometry": { "type": "LineString", "coordinates": [ [ 755428.148213466396555, 1969335.619113469962031 ], [ 753966.252020809333771, 1970700.485232140403241 ] ] } },
{ "type": "Feature", "properties": { "Transect": 2623 }, "geometry": { "type": "LineString", "coordinates": [ [ 755437.548324160161428, 1969345.687490028096363 ], [ 753975.651043307385407, 1970710.552443140884861 ] ] } },
{ "type": "Feature", "properties": { "Transect": 2624 }, "geometry": { "type": "LineString", "coordinates": [ [ 755715.91694501216989, 1970051.016815484967083 ], [ 753716.0815362931462, 1970025.358716696035117 ] ] } },
{ "type": "Feature", "properties": { "Transect": 2625 }, "geometry": { "type": "LineString", "coordinates": [ [ 755715.789341520518064, 1970060.962446411140263 ], [ 753715.953934408258647, 1970035.304222392849624 ] ] } },
{ "type": "Feature", "properties": { "Transect": 2626 }, "geometry": { "type": "LineString", "coordinates": [ [ 755715.661737404880114, 1970070.908077428117394 ], [ 753715.826331899617799, 1970045.249728151131421 ] ] } },
{ "type": "Feature", "properties": { "Transect": 2627 }, "geometry": { "type": "LineString", "coordinates": [ [ 755446.566264662658796, 1969385.593273068312556 ], [ 753984.666596769588068, 1970750.455669434275478 ] ] } },
{ "type": "Feature", "properties": { "Transect": 2628 }, "geometry": { "type": "LineString", "coordinates": [ [ 755455.966339808073826, 1969395.661662944359705 ], [ 753994.065583665738814, 1970760.52289368933998 ] ] } },
{ "type": "Feature", "properties": { "Transect": 2629 }, "geometry": { "type": "LineString", "coordinates": [ [ 755465.366405321983621, 1969405.730058597866446 ], [ 754003.464560841443017, 1970770.590123624540865 ] ] } },
{ "type": "Feature", "properties": { "Transect": 2630 }, "geometry": { "type": "LineString", "coordinates": [ [ 754756.646068995003588, 1969098.310231254203245 ], [ 754730.983920500962995, 1971098.145588011248037 ] ] } },
{ "type": "Feature", "properties": { "Transect": 2631 }, "geometry": { "type": "LineString", "coordinates": [ [ 755484.293916354770772, 1969415.921064264839515 ], [ 754022.390328248147853, 1970780.779261690797284 ] ] } },
{ "type": "Feature", "properties": { "Transect": 2632 }, "geometry": { "type": "LineString", "coordinates": [ [ 754775.573717214167118, 1969108.50032709306106 ], [ 754749.909522825852036, 1971108.335657595656812 ] ] } },
{ "type": "Feature", "properties": { "Transect": 2633 }, "geometry": { "type": "LineString", "coordinates": [ [ 755503.221409699646756, 1969426.112090495647863 ], [ 754041.316077935742214, 1970790.968420283170417 ] ] } },
{ "type": "Feature", "properties": { "Transect": 2634 }, "geometry": { "type": "LineString", "coordinates": [ [ 755512.621437688358128, 1969436.180513622937724 ], [ 754050.715017488924786, 1970801.035677579930052 ] ] } },
{ "type": "Feature", "properties": { "Transect": 2635 }, "geometry": { "type": "LineString", "coordinates": [ [ 755522.021455885842443, 1969446.248942359350622 ], [ 754060.113947476260364, 1970811.102940725162625 ] ] } },
{ "type": "Feature", "properties": { "Transect": 2636 }, "geometry": { "type": "LineString", "coordinates": [ [ 754813.301371683017351, 1969138.826155019225553 ], [ 754787.632960511255078, 1971138.661431402666494 ] ] } },
{ "type": "Feature", "properties": { "Transect": 2637 }, "geometry": { "type": "LineString", "coordinates": [ [ 754822.828963256091811, 1969138.948444160167128 ], [ 754797.159591938252561, 1971138.783708219882101 ] ] } },
{ "type": "Feature", "properties": { "Transect": 2638 }, "geometry": { "type": "LineString", "coordinates": [ [ 754832.356555510079488, 1969139.070737885078415 ], [ 754806.686223707860336, 1971138.905989615945145 ] ] } },
{ "type": "Feature", "properties": { "Transect": 2639 }, "geometry": { "type": "LineString", "coordinates": [ [ 754841.884148081764579, 1969139.193036190699786 ], [ 754816.212856186088175, 1971139.028275597374886 ] ] } },
{ "type": "Feature", "properties": { "Transect": 2640 }, "geometry": { "type": "LineString", "coordinates": [ [ 754851.411741262301803, 1969139.315339078893885 ], [ 754825.739489081548527, 1971139.150566158583388 ] ] } },
{ "type": "Feature", "properties": { "Transect": 2641 }, "geometry": { "type": "LineString", "coordinates": [ [ 755579.058665527496487, 1969456.930592550896108 ], [ 754117.146791921230033, 1970821.779915300197899 ] ] } },
{ "type": "Feature", "properties": { "Transect": 2642 }, "geometry": { "type": "LineString", "coordinates": [ [ 755597.858610977069475, 1969477.067530002910644 ], [ 754135.944560667849146, 1970841.914521247148514 ] ] } },
{ "type": "Feature", "properties": { "Transect": 2643 }, "geometry": { "type": "LineString", "coordinates": [ [ 755607.258569133817218, 1969487.13600726868026 ], [ 754145.343430576031096, 1970851.981832867721096 ] ] } },
{ "type": "Feature", "properties": { "Transect": 2644 }, "geometry": { "type": "LineString", "coordinates": [ [ 755885.617986391531304, 1970192.465388933429495 ], [ 753885.782822030363604, 1970166.78825154597871 ] ] } },
{ "type": "Feature", "properties": { "Transect": 2645 }, "geometry": { "type": "LineString", "coordinates": [ [ 755616.531036735279486, 1969507.150301321409643 ], [ 754154.614376639015973, 1970871.99449716694653 ] ] } },
{ "type": "Feature", "properties": { "Transect": 2646 }, "geometry": { "type": "LineString", "coordinates": [ [ 755625.930970176705159, 1969517.218790709739551 ], [ 754164.013221732689999, 1970882.061820799252018 ] ] } },
{ "type": "Feature", "properties": { "Transect": 2647 }, "geometry": { "type": "LineString", "coordinates": [ [ 755635.330893941340037, 1969527.28728582826443 ], [ 754173.412057150504552, 1970892.129150161286816 ] ] } },
{ "type": "Feature", "properties": { "Transect": 2648 }, "geometry": { "type": "LineString", "coordinates": [ [ 755644.730808027554303, 1969537.355786675587296 ], [ 754182.810882890596986, 1970902.196485251188278 ] ] } },
{ "type": "Feature", "properties": { "Transect": 2649 }, "geometry": { "type": "LineString", "coordinates": [ [ 755923.087759190471843, 1970242.684862310998142 ], [ 753923.252652200637385, 1970217.00325701199472 ] ] } },
{ "type": "Feature", "properties": { "Transect": 2650 }, "geometry": { "type": "LineString", "coordinates": [ [ 755654.003209234098904, 1969557.370106758084148 ], [ 754192.081762597779743, 1970922.209175609983504 ] ] } },
{ "type": "Feature", "properties": { "Transect": 2651 }, "geometry": { "type": "LineString", "coordinates": [ [ 755932.359376783948392, 1970262.698979364009574 ], [ 753932.524285345803946, 1970237.016163079300895 ] ] } },
{ "type": "Feature", "properties": { "Transect": 2652 }, "geometry": { "type": "LineString", "coordinates": [ [ 755663.275589297525585, 1969577.38443384389393 ], [ 754201.35262120841071, 1970942.221873018657789 ] ] } },
{ "type": "Feature", "properties": { "Transect": 2653 }, "geometry": { "type": "LineString", "coordinates": [ [ 754954.55565775022842, 1969269.953554547391832 ], [ 754928.871212880825624, 1971269.788625069893897 ] ] } },
{ "type": "Feature", "properties": { "Transect": 2654 }, "geometry": { "type": "LineString", "coordinates": [ [ 755682.202848250279203, 1969587.575662795221433 ], [ 754220.278136406093836, 1970952.411234173225239 ] ] } },
{ "type": "Feature", "properties": { "Transect": 2655 }, "geometry": { "type": "LineString", "coordinates": [ [ 754973.483053862815723, 1969280.143873587017879 ], [ 754947.796563024399802, 1971279.978917831322178 ] ] } },
{ "type": "Feature", "properties": { "Transect": 2656 }, "geometry": { "type": "LineString", "coordinates": [ [ 755701.13008957693819, 1969597.766912380000576 ], [ 754239.203633821918629, 1970962.600615789880976 ] ] } },
{ "type": "Feature", "properties": { "Transect": 2657 }, "geometry": { "type": "LineString", "coordinates": [ [ 754992.410432318691164, 1969290.334213175578043 ], [ 754966.721895411377773, 1971290.169231138890609 ] ] } },
{ "type": "Feature", "properties": { "Transect": 2658 }, "geometry": { "type": "LineString", "coordinates": [ [ 755720.057313212309964, 1969607.958182531874627 ], [ 754258.129113515489735, 1970972.790017935447395 ] ] } },
{ "type": "Feature", "properties": { "Transect": 2659 }, "geometry": { "type": "LineString", "coordinates": [ [ 755729.457145574502647, 1969618.026734310202301 ], [ 754267.527857584645972, 1970982.857403996866196 ] ] } },
{ "type": "Feature", "properties": { "Transect": 2660 }, "geometry": { "type": "LineString", "coordinates": [ [ 756007.809271666803397, 1970323.35566942137666 ], [ 754007.974288571975194, 1970297.664418184896931 ] ] } },
{ "type": "Feature", "properties": { "Transect": 2661 }, "geometry": { "type": "LineString", "coordinates": [ [ 755738.729417086578906, 1969638.041110835038126 ], [ 754276.798607495380566, 1971002.870150666683912 ] ] } },
{ "type": "Feature", "properties": { "Transect": 2662 }, "geometry": { "type": "LineString", "coordinates": [ [ 755748.129224784905091, 1969648.109674792969599 ], [ 754286.19732669997029, 1971012.937548688380048 ] ] } },
{ "type": "Feature", "properties": { "Transect": 2663 }, "geometry": { "type": "LineString", "coordinates": [ [ 755757.529022747767158, 1969658.178244420792907 ], [ 754295.596036283182912, 1971023.004952500108629 ] ] } },
{ "type": "Feature", "properties": { "Transect": 2664 }, "geometry": { "type": "LineString", "coordinates": [ [ 755048.809299254440702, 1969350.742123772623017 ], [ 755023.114247967372648, 1971350.577058045892045 ] ] } },
{ "type": "Feature", "properties": { "Transect": 2665 }, "geometry": { "type": "LineString", "coordinates": [ [ 755776.456162743852474, 1969668.369579723803326 ], [ 754314.521432233392261, 1971033.194419667357579 ] ] } },
{ "type": "Feature", "properties": { "Transect": 2666 }, "geometry": { "type": "LineString", "coordinates": [ [ 755785.855937150772661, 1969678.438166009029374 ], [ 754323.920118116773665, 1971043.261839977698401 ] ] } },
{ "type": "Feature", "properties": { "Transect": 2667 }, "geometry": { "type": "LineString", "coordinates": [ [ 756064.204697796492837, 1970383.766894949600101 ], [ 754064.369798403582536, 1970358.069129092153162 ] ] } },
{ "type": "Feature", "properties": { "Transect": 2668 }, "geometry": { "type": "LineString", "coordinates": [ [ 755795.12811806704849, 1969698.452580509940162 ], [ 754333.190777574200183, 1971063.274624760495499 ] ] } },
{ "type": "Feature", "properties": { "Transect": 2669 }, "geometry": { "type": "LineString", "coordinates": [ [ 755804.527867775177583, 1969708.52117893868126 ], [ 754342.589438626309857, 1971073.342057068133727 ] ] } },
{ "type": "Feature", "properties": { "Transect": 2670 }, "geometry": { "type": "LineString", "coordinates": [ [ 755813.927607724559493, 1969718.589783014729619 ], [ 754351.988090076833032, 1971083.409495189320296 ] ] } },
{ "type": "Feature", "properties": { "Transect": 2671 }, "geometry": { "type": "LineString", "coordinates": [ [ 756092.274462881614454, 1970423.91824029176496 ], [ 754092.439606961212121, 1970398.217091568047181 ] ] } },
{ "type": "Feature", "properties": { "Transect": 2672 }, "geometry": { "type": "LineString", "coordinates": [ [ 755823.199737527524121, 1969738.604217425687239 ], [ 754361.258698054472916, 1971103.422299480764195 ] ] } },
{ "type": "Feature", "properties": { "Transect": 2673 }, "geometry": { "type": "LineString", "coordinates": [ [ 755832.59945265064016, 1969748.672833513701335 ], [ 754370.657324793981388, 1971113.489749733125791 ] ] } },
{ "type": "Feature", "properties": { "Transect": 2674 }, "geometry": { "type": "LineString", "coordinates": [ [ 755123.879481580108404, 1969441.231920006452128 ], [ 755098.175618371926248, 1971441.066741039277986 ] ] } },
{ "type": "Feature", "properties": { "Transect": 2675 }, "geometry": { "type": "LineString", "coordinates": [ [ 755851.526470882003196, 1969758.86425678897649 ], [ 754389.582598935696296, 1971123.679304800461978 ] ] } },
{ "type": "Feature", "properties": { "Transect": 2676 }, "geometry": { "type": "LineString", "coordinates": [ [ 755860.926162404939532, 1969768.932889488060027 ], [ 754398.981202021008357, 1971133.74677160102874 ] ] } },
{ "type": "Feature", "properties": { "Transect": 2677 }, "geometry": { "type": "LineString", "coordinates": [ [ 756139.270212906762026, 1970474.261175011284649 ], [ 754139.435426768497564, 1970448.554597033653408 ] ] } },
{ "type": "Feature", "properties": { "Transect": 2678 }, "geometry": { "type": "LineString", "coordinates": [ [ 755870.198216696735471, 1969788.947355536976829 ], [ 754408.251734628574923, 1971153.759607668733224 ] ] } },
{ "type": "Feature", "properties": { "Transect": 2679 }, "geometry": { "type": "LineString", "coordinates": [ [ 755879.597883553477004, 1969799.016000416828319 ], [ 754417.650312847224995, 1971163.827086430741474 ] ] } },
{ "type": "Feature", "properties": { "Transect": 2680 }, "geometry": { "type": "LineString", "coordinates": [ [ 755888.997540717362426, 1969809.084651014534757 ], [ 754427.048881397000514, 1971173.894570934353396 ] ] } },
{ "type": "Feature", "properties": { "Transect": 2681 }, "geometry": { "type": "LineString", "coordinates": [ [ 755898.397188223781995, 1969819.153307367581874 ], [ 754436.447440245305188, 1971183.962061144411564 ] ] } },
{ "type": "Feature", "properties": { "Transect": 2682 }, "geometry": { "type": "LineString", "coordinates": [ [ 755907.796825921162963, 1969829.221969314152375 ], [ 754445.845989543478936, 1971194.029557223198935 ] ] } },
{ "type": "Feature", "properties": { "Transect": 2683 }, "geometry": { "type": "LineString", "coordinates": [ [ 755917.196454141987488, 1969839.290637206519023 ], [ 754455.244528961600736, 1971204.097058814251795 ] ] } },
{ "type": "Feature", "properties": { "Transect": 2684 }, "geometry": { "type": "LineString", "coordinates": [ [ 755208.476383911212906, 1969531.844590787077323 ], [ 755182.762747469125316, 1971531.679286180762574 ] ] } },
{ "type": "Feature", "properties": { "Transect": 2685 }, "geometry": { "type": "LineString", "coordinates": [ [ 755936.123346826992929, 1969849.48215814656578 ], [ 754474.169677546946332, 1971214.286711509106681 ] ] } },
{ "type": "Feature", "properties": { "Transect": 2686 }, "geometry": { "type": "LineString", "coordinates": [ [ 755945.522951303049922, 1969859.550842501921579 ], [ 754483.568193447543308, 1971224.35422980110161 ] ] } },
{ "type": "Feature", "properties": { "Transect": 2687 }, "geometry": { "type": "LineString", "coordinates": [ [ 755954.922546098823659, 1969869.619532587239519 ], [ 754492.96669966855552, 1971234.421753822593018 ] ] } },
{ "type": "Feature", "properties": { "Transect": 2688 }, "geometry": { "type": "LineString", "coordinates": [ [ 755964.322131305467337, 1969879.68822850077413 ], [ 754502.36519612185657, 1971244.489283478586003 ] ] } },
{ "type": "Feature", "properties": { "Transect": 2689 }, "geometry": { "type": "LineString", "coordinates": [ [ 755973.721706785494462, 1969889.756930097471923 ], [ 754511.763682939345017, 1971254.556818913202733 ] ] } },
{ "type": "Feature", "properties": { "Transect": 2690 }, "geometry": { "type": "LineString", "coordinates": [ [ 756252.059025624999776, 1970595.084803358418867 ], [ 754252.224407037254423, 1970569.365194145357236 ] ] } },
{ "type": "Feature", "properties": { "Transect": 2691 }, "geometry": { "type": "LineString", "coordinates": [ [ 755982.993580047041178, 1969909.771472308551893 ], [ 754521.0340344409924, 1971274.569731030846015 ] ] } },
{ "type": "Feature", "properties": { "Transect": 2692 }, "geometry": { "type": "LineString", "coordinates": [ [ 755992.393130825133994, 1969919.840186052257195 ], [ 754530.432496423833072, 1971284.63727846625261 ] ] } },
{ "type": "Feature", "properties": { "Transect": 2693 }, "geometry": { "type": "LineString", "coordinates": [ [ 756001.792671853560023, 1969929.908905455609784 ], [ 754539.830948792980053, 1971294.704831704264507 ] ] } },
{ "type": "Feature", "properties": { "Transect": 2694 }, "geometry": { "type": "LineString", "coordinates": [ [ 756011.19220318493899, 1969939.977630572160706 ], [ 754549.229391499073245, 1971304.772390690864995 ] ] } },
{ "type": "Feature", "properties": { "Transect": 2695 }, "geometry": { "type": "LineString", "coordinates": [ [ 755302.472022820846178, 1969632.52588054840453 ], [ 755276.747526540304534, 1971632.360436278162524 ] ] } },
{ "type": "Feature", "properties": { "Transect": 2696 }, "geometry": { "type": "LineString", "coordinates": [ [ 756030.118956491001882, 1969950.169260160531849 ], [ 754568.154400461004116, 1971314.962151742074639 ] ] } },
{ "type": "Feature", "properties": { "Transect": 2697 }, "geometry": { "type": "LineString", "coordinates": [ [ 756039.518464199616574, 1969960.238001871854067 ], [ 754577.55281952500809, 1971325.029727297835052 ] ] } },
{ "type": "Feature", "properties": { "Transect": 2698 }, "geometry": { "type": "LineString", "coordinates": [ [ 756048.917962262872607, 1969970.306749352021143 ], [ 754586.951228876598179, 1971335.097308548400179 ] ] } },
{ "type": "Feature", "properties": { "Transect": 2699 }, "geometry": { "type": "LineString", "coordinates": [ [ 756096.043064144905657, 1970010.704730520956218 ], [ 754634.071320417802781, 1971375.489922609180212 ] ] } },
{ "type": "Feature", "properties": { "Transect": 2700 }, "geometry": { "type": "LineString", "coordinates": [ [ 756105.44250960694626, 1970020.773511859122664 ], [ 754643.469677027082071, 1971385.557537556160241 ] ] } },
{ "type": "Feature", "properties": { "Transect": 2701 }, "geometry": { "type": "LineString", "coordinates": [ [ 756383.772196969948709, 1970726.101072812918574 ], [ 754383.937772371340543, 1970700.366384351160377 ] ] } },
{ "type": "Feature", "properties": { "Transect": 2702 }, "geometry": { "type": "LineString", "coordinates": [ [ 756478.01658450870309, 1970806.897497173864394 ], [ 754478.182296476676129, 1970781.152198344003409 ] ] } },
{ "type": "Feature", "properties": { "Transect": 2703 }, "geometry": { "type": "LineString", "coordinates": [ [ 756208.963591457461007, 1970121.584635082865134 ], [ 754746.979215419269167, 1971486.356295185862109 ] ] } },
{ "type": "Feature", "properties": { "Transect": 2704 }, "geometry": { "type": "LineString", "coordinates": [ [ 756487.287329928018153, 1970826.911986797349527 ], [ 754487.453057497739792, 1970801.165476104011759 ] ] } },
{ "type": "Feature", "properties": { "Transect": 2705 }, "geometry": { "type": "LineString", "coordinates": [ [ 756218.235099724610336, 1970141.599334758706391 ], [ 754756.249201519065537, 1971506.369364268612117 ] ] } },
{ "type": "Feature", "properties": { "Transect": 2706 }, "geometry": { "type": "LineString", "coordinates": [ [ 756496.558054217137396, 1970846.926483440678567 ], [ 754496.723797388840467, 1970821.178760906681418 ] ] } },
{ "type": "Feature", "properties": { "Transect": 2707 }, "geometry": { "type": "LineString", "coordinates": [ [ 756496.430004280759022, 1970856.872165006119758 ], [ 754496.595749069936574, 1970831.124316841829568 ] ] } },
{ "type": "Feature", "properties": { "Transect": 2708 }, "geometry": { "type": "LineString", "coordinates": [ [ 756496.301953718415461, 1970866.81784665514715 ], [ 754496.467700125300325, 1970841.069872842403129 ] ] } },
{ "type": "Feature", "properties": { "Transect": 2709 }, "geometry": { "type": "LineString", "coordinates": [ [ 756496.173902530223131, 1970876.763528371462598 ], [ 754496.339650554582477, 1970851.015428928425536 ] ] } },
{ "type": "Feature", "properties": { "Transect": 2710 }, "geometry": { "type": "LineString", "coordinates": [ [ 756496.045850716182031, 1970886.709210162982345 ], [ 754496.211600358015858, 1970860.960985088255256 ] ] } },
{ "type": "Feature", "properties": { "Transect": 2711 }, "geometry": { "type": "LineString", "coordinates": [ [ 756495.91779827629216, 1970896.654892025049776 ], [ 754496.083549535600469, 1970870.90654132515192 ] ] } },
{ "type": "Feature", "properties": { "Transect": 2712 }, "geometry": { "type": "LineString", "coordinates": [ [ 756495.789745210553519, 1970906.600573964649811 ], [ 754495.955498087336309, 1970880.852097637252882 ] ] } },
{ "type": "Feature", "properties": { "Transect": 2713 }, "geometry": { "type": "LineString", "coordinates": [ [ 756226.739578882465139, 1970221.289148078532889 ], [ 754764.749558649724349, 1971586.054761925945058 ] ] } },
{ "type": "Feature", "properties": { "Transect": 2714 }, "geometry": { "type": "LineString", "coordinates": [ [ 756236.13885100313928, 1970231.358014042722061 ], [ 754774.147741775144823, 1971596.122461315011606 ] ] } },
{ "type": "Feature", "properties": { "Transect": 2715 }, "geometry": { "type": "LineString", "coordinates": [ [ 756245.538113333634101, 1970241.426885626278818 ], [ 754783.545915324357338, 1971606.190166550688446 ] ] } },
{ "type": "Feature", "properties": { "Transect": 2716 }, "geometry": { "type": "LineString", "coordinates": [ [ 756254.937366039142944, 1970251.495763002661988 ], [ 754792.94407913798932, 1971616.257877459051087 ] ] } },
{ "type": "Feature", "properties": { "Transect": 2717 }, "geometry": { "type": "LineString", "coordinates": [ [ 756533.256515945191495, 1970956.821593650383875 ], [ 754533.422326389350928, 1970931.068646563449875 ] ] } },
{ "type": "Feature", "properties": { "Transect": 2718 }, "geometry": { "type": "LineString", "coordinates": [ [ 756533.128439983003773, 1970966.767278200481087 ], [ 754533.294252045336179, 1970941.014205461367965 ] ] } },
{ "type": "Feature", "properties": { "Transect": 2719 }, "geometry": { "type": "LineString", "coordinates": [ [ 756533.00036339473445, 1970976.712962836958468 ], [ 754533.16617707547266, 1970950.959764422848821 ] ] } },
{ "type": "Feature", "properties": { "Transect": 2720 }, "geometry": { "type": "LineString", "coordinates": [ [ 756263.953031770070083, 1970291.402207867940888 ], [ 754801.957355889840983, 1971656.161763140233234 ] ] } },
{ "type": "Feature", "properties": { "Transect": 2721 }, "geometry": { "type": "LineString", "coordinates": [ [ 756542.270951847545803, 1970996.727498133666813 ], [ 754542.43678113585338, 1970970.973087763879448 ] ] } },
{ "type": "Feature", "properties": { "Transect": 2722 }, "geometry": { "type": "LineString", "coordinates": [ [ 756282.623585185734555, 1970321.485850317170843 ], [ 754820.62529804953374, 1971686.24260828201659 ] ] } },
{ "type": "Feature", "properties": { "Transect": 2723 }, "geometry": { "type": "LineString", "coordinates": [ [ 756292.022777470294386, 1970331.554753029020503 ], [ 754830.023401537211612, 1971696.310344617115334 ] ] } },
{ "type": "Feature", "properties": { "Transect": 2724 }, "geometry": { "type": "LineString", "coordinates": [ [ 756301.421960213803686, 1970341.623661623802036 ], [ 754839.421495203743689, 1971706.378086533397436 ] ] } },
{ "type": "Feature", "properties": { "Transect": 2725 }, "geometry": { "type": "LineString", "coordinates": [ [ 756579.737412793794647, 1971046.948645793134347 ], [ 754579.903299666708335, 1971021.189764342037961 ] ] } },
{ "type": "Feature", "properties": { "Transect": 2726 }, "geometry": { "type": "LineString", "coordinates": [ [ 756310.693245190777816, 1970361.63843310624361 ], [ 754848.691257841303013, 1971726.391227199696004 ] ] } },
{ "type": "Feature", "properties": { "Transect": 2727 }, "geometry": { "type": "LineString", "coordinates": [ [ 756589.007913701003417, 1971066.963214237708598 ], [ 754589.173816186143085, 1971041.203120737336576 ] ] } },
{ "type": "Feature", "properties": { "Transect": 2728 }, "geometry": { "type": "LineString", "coordinates": [ [ 756588.62357713887468, 1971096.800280305091292 ], [ 754588.789484480861574, 1971071.039809755515307 ] ] } },
{ "type": "Feature", "properties": { "Transect": 2729 }, "geometry": { "type": "LineString", "coordinates": [ [ 756588.495463699335232, 1971106.74596912949346 ], [ 754588.661372659960762, 1971080.985372926807031 ] ] } },
{ "type": "Feature", "properties": { "Transect": 2730 }, "geometry": { "type": "LineString", "coordinates": [ [ 756588.367349633597769, 1971116.691658050287515 ], [ 754588.533260213327594, 1971090.93093615071848 ] ] } },
{ "type": "Feature", "properties": { "Transect": 2731 }, "geometry": { "type": "LineString", "coordinates": [ [ 756319.325029298546724, 1970431.382502230582759 ], [ 754857.319352783611976, 1971796.131344266468659 ] ] } },
{ "type": "Feature", "properties": { "Transect": 2732 }, "geometry": { "type": "LineString", "coordinates": [ [ 756328.340433559846133, 1970471.289009461412206 ], [ 754866.332367796450853, 1971836.035291977925226 ] ] } },
{ "type": "Feature", "properties": { "Transect": 2733 }, "geometry": { "type": "LineString", "coordinates": [ [ 756606.651973511325195, 1971176.612203763565049 ], [ 754606.817918557906523, 1971150.848806298570707 ] ] } },
{ "type": "Feature", "properties": { "Transect": 2734 }, "geometry": { "type": "LineString", "coordinates": [ [ 756606.52384549123235, 1971186.557894286001101 ], [ 754606.689792157150805, 1971160.794371121795848 ] ] } },
{ "type": "Feature", "properties": { "Transect": 2735 }, "geometry": { "type": "LineString", "coordinates": [ [ 756337.483701816992834, 1970501.249666837975383 ], [ 754875.473680158145726, 1971865.993854064960033 ] ] } },
{ "type": "Feature", "properties": { "Transect": 2736 }, "geometry": { "type": "LineString", "coordinates": [ [ 756615.794234694447368, 1971206.572489384328946 ], [ 754615.960196977015585, 1971180.807754056761041 ] ] } },
{ "type": "Feature", "properties": { "Transect": 2737 }, "geometry": { "type": "LineString", "coordinates": [ [ 756346.754853976774029, 1970521.264471980277449 ], [ 754884.743309944984503, 1971886.007028332445771 ] ] } },
{ "type": "Feature", "properties": { "Transect": 2738 }, "geometry": { "type": "LineString", "coordinates": [ [ 756625.064602765371092, 1971226.587091519031674 ], [ 754625.230580665054731, 1971200.821144023910165 ] ] } },
{ "type": "Feature", "properties": { "Transect": 2739 }, "geometry": { "type": "LineString", "coordinates": [ [ 756356.025985082495026, 1970541.279284240677953 ], [ 754894.012918521766551, 1971906.020209546666592 ] ] } },
{ "type": "Feature", "properties": { "Transect": 2740 }, "geometry": { "type": "LineString", "coordinates": [ [ 756634.334949702140875, 1971246.601700686616823 ], [ 754634.50094321987126, 1971220.834541024873033 ] ] } },
{ "type": "Feature", "properties": { "Transect": 2741 }, "geometry": { "type": "LineString", "coordinates": [ [ 756365.2970949804876, 1970561.294103457126766 ], [ 754903.282506038900465, 1971926.033397872466594 ] ] } },
{ "type": "Feature", "properties": { "Transect": 2742 }, "geometry": { "type": "LineString", "coordinates": [ [ 756643.605275505920872, 1971266.616316908039153 ], [ 754643.771284642862156, 1971240.847945037297904 ] ] } },
{ "type": "Feature", "properties": { "Transect": 2743 }, "geometry": { "type": "LineString", "coordinates": [ [ 756374.568183840601705, 1970581.308929810998961 ], [ 754912.552072328631766, 1971946.046593129402027 ] ] } },
{ "type": "Feature", "properties": { "Transect": 2744 }, "geometry": { "type": "LineString", "coordinates": [ [ 756652.875580173684284, 1971286.630940165603533 ], [ 754653.041604930767789, 1971260.861356082139537 ] ] } },
{ "type": "Feature", "properties": { "Transect": 2745 }, "geometry": { "type": "LineString", "coordinates": [ [ 756652.747421335428953, 1971296.576634211232886 ], [ 754652.913447712548077, 1971270.806924405274913 ] ] } },
{ "type": "Feature", "properties": { "Transect": 2746 }, "geometry": { "type": "LineString", "coordinates": [ [ 756383.711309640086256, 1970611.269626637222245 ], [ 754921.693242098786868, 1971976.005194497527555 ] ] } },
{ "type": "Feature", "properties": { "Transect": 2747 }, "geometry": { "type": "LineString", "coordinates": [ [ 756662.01769882964436, 1971316.59126518946141 ], [ 754662.183740827604197, 1971290.820343171712011 ] ] } },
{ "type": "Feature", "properties": { "Transect": 2748 }, "geometry": { "type": "LineString", "coordinates": [ [ 756392.982350189355202, 1970631.284467747434974 ], [ 754930.962760081863962, 1971996.018404506612569 ] ] } },
{ "type": "Feature", "properties": { "Transect": 2749 }, "geometry": { "type": "LineString", "coordinates": [ [ 756402.381323554785922, 1970641.353451025206596 ], [ 754940.360644442494959, 1972006.086221148259938 ] ] } },
{ "type": "Feature", "properties": { "Transect": 2750 }, "geometry": { "type": "LineString", "coordinates": [ [ 756430.450215507298708, 1970681.506302131805569 ], [ 754968.425835525151342, 1972046.235107549931854 ] ] } },
{ "type": "Feature", "properties": { "Transect": 2751 }, "geometry": { "type": "LineString", "coordinates": [ [ 756708.753352603991516, 1971386.827431488316506 ], [ 754708.919467860250734, 1971361.050825210288167 ] ] } },
{ "type": "Feature", "properties": { "Transect": 2752 }, "geometry": { "type": "LineString", "coordinates": [ [ 756708.625158785143867, 1971396.773129530716687 ], [ 754708.791275662602857, 1971370.99639748595655 ] ] } },
{ "type": "Feature", "properties": { "Transect": 2753 }, "geometry": { "type": "LineString", "coordinates": [ [ 756708.496964340098202, 1971406.718827628297731 ], [ 754708.663082838058472, 1971380.941969858249649 ] ] } },
{ "type": "Feature", "properties": { "Transect": 2754 }, "geometry": { "type": "LineString", "coordinates": [ [ 756439.465214207652025, 1970721.412911420688033 ], [ 754977.438444448285736, 1972086.139156682882458 ] ] } },
{ "type": "Feature", "properties": { "Transect": 2755 }, "geometry": { "type": "LineString", "coordinates": [ [ 756717.767121056211181, 1971426.73350020358339 ], [ 754717.933255181531422, 1971400.955430060625076 ] ] } },
{ "type": "Feature", "properties": { "Transect": 2756 }, "geometry": { "type": "LineString", "coordinates": [ [ 756448.736133981845342, 1970741.427794059040025 ], [ 754986.707841655123048, 1972106.152408197754994 ] ] } },
{ "type": "Feature", "properties": { "Transect": 2757 }, "geometry": { "type": "LineString", "coordinates": [ [ 756727.037256637122482, 1971446.748179813148454 ], [ 754727.203406390268356, 1971420.968897298676893 ] ] } },
{ "type": "Feature", "properties": { "Transect": 2758 }, "geometry": { "type": "LineString", "coordinates": [ [ 756458.007032676716335, 1970761.442683794070035 ], [ 754995.977217671344988, 1972126.16566668683663 ] ] } },
{ "type": "Feature", "properties": { "Transect": 2759 }, "geometry": { "type": "LineString", "coordinates": [ [ 756467.277910228352994, 1970781.457580558257177 ], [ 755005.246572557836771, 1972146.178932215319946 ] ] } },
{ "type": "Feature", "properties": { "Transect": 2760 }, "geometry": { "type": "LineString", "coordinates": [ [ 756745.577464387519285, 1971486.777560151647776 ], [ 754745.743645399110392, 1971460.99585286481306 ] ] } },
{ "type": "Feature", "properties": { "Transect": 2761 }, "geometry": { "type": "LineString", "coordinates": [ [ 756476.548766658641398, 1970801.472484374418855 ], [ 755014.515906291315332, 1972166.192204758990556 ] ] } },
{ "type": "Feature", "properties": { "Transect": 2762 }, "geometry": { "type": "LineString", "coordinates": [ [ 756754.847536557819694, 1971506.792260888963938 ], [ 754755.013733200263232, 1971481.009341184049845 ] ] } },
{ "type": "Feature", "properties": { "Transect": 2763 }, "geometry": { "type": "LineString", "coordinates": [ [ 756485.819601992145181, 1970821.487395270960405 ], [ 755023.785218850243837, 1972186.205484295496717 ] ] } },
{ "type": "Feature", "properties": { "Transect": 2764 }, "geometry": { "type": "LineString", "coordinates": [ [ 756764.117587588611059, 1971526.806968685006723 ], [ 754764.283799863304012, 1971501.022836514050141 ] ] } },
{ "type": "Feature", "properties": { "Transect": 2765 }, "geometry": { "type": "LineString", "coordinates": [ [ 756495.090416196500883, 1970841.502313213888556 ], [ 755033.054510260233656, 1972206.21877085370943 ] ] } },
{ "type": "Feature", "properties": { "Transect": 2766 }, "geometry": { "type": "LineString", "coordinates": [ [ 756773.387617481639609, 1971546.821683505317196 ], [ 754773.553845388814807, 1971521.036338891135529 ] ] } },
{ "type": "Feature", "properties": { "Transect": 2767 }, "geometry": { "type": "LineString", "coordinates": [ [ 756504.361209223396145, 1970861.517238151282072 ], [ 755042.323780572623946, 1972226.232064488343894 ] ] } },
{ "type": "Feature", "properties": { "Transect": 2768 }, "geometry": { "type": "LineString", "coordinates": [ [ 756782.657626236090437, 1971566.836405369685963 ], [ 754782.823869776912034, 1971541.049848291790113 ] ] } },
{ "type": "Feature", "properties": { "Transect": 2769 }, "geometry": { "type": "LineString", "coordinates": [ [ 756522.902731962734833, 1970901.547109242063016 ], [ 755060.862257685745135, 1972266.258672751486301 ] ] } },
{ "type": "Feature", "properties": { "Transect": 2770 }, "geometry": { "type": "LineString", "coordinates": [ [ 756532.301499514142051, 1970911.616180932149291 ], [ 755070.25993595761247, 1972276.326577475294471 ] ] } },
{ "type": "Feature", "properties": { "Transect": 2771 }, "geometry": { "type": "LineString", "coordinates": [ [ 756541.700257447198965, 1970921.685258429730311 ], [ 755079.65760447725188, 1972286.394487861776724 ] ] } },
{ "type": "Feature", "properties": { "Transect": 2772 }, "geometry": { "type": "LineString", "coordinates": [ [ 756551.099005524418317, 1970931.754341482650489 ], [ 755089.055263479589485, 1972296.462404164019972 ] ] } },
{ "type": "Feature", "properties": { "Transect": 2773 }, "geometry": { "type": "LineString", "coordinates": [ [ 756829.392169930506498, 1971637.072999437106773 ], [ 754829.558486787835136, 1971611.28075703443028 ] ] } },
{ "type": "Feature", "properties": { "Transect": 2774 }, "geometry": { "type": "LineString", "coordinates": [ [ 756829.26389822200872, 1971647.018706331728026 ], [ 754829.430216701235622, 1971621.226338185137138 ] ] } },
{ "type": "Feature", "properties": { "Transect": 2775 }, "geometry": { "type": "LineString", "coordinates": [ [ 756829.135625886614434, 1971656.964413350448012 ], [ 754829.301945988670923, 1971631.171919362619519 ] ] } },
{ "type": "Feature", "properties": { "Transect": 2776 }, "geometry": { "type": "LineString", "coordinates": [ [ 756560.113579837605357, 1970971.661059452220798 ], [ 755098.067447735927999, 1972336.366561605129391 ] ] } },
{ "type": "Feature", "properties": { "Transect": 2777 }, "geometry": { "type": "LineString", "coordinates": [ [ 756838.405513845384121, 1971676.979176808847114 ], [ 754838.571849587140605, 1971651.18547022040002 ] ] } },
{ "type": "Feature", "properties": { "Transect": 2778 }, "geometry": { "type": "LineString", "coordinates": [ [ 756569.38423101673834, 1970991.676033052615821 ], [ 755107.336576033150777, 1972356.379903699271381 ] ] } },
{ "type": "Feature", "properties": { "Transect": 2779 }, "geometry": { "type": "LineString", "coordinates": [ [ 756847.675380664295517, 1971696.993947295472026 ], [ 754847.841732046217658, 1971671.19902812410146 ] ] } },
{ "type": "Feature", "properties": { "Transect": 2780 }, "geometry": { "type": "LineString", "coordinates": [ [ 756578.654861078597605, 1971011.691013714065775 ], [ 755116.605683168629184, 1972376.393252802314237 ] ] } },
{ "type": "Feature", "properties": { "Transect": 2781 }, "geometry": { "type": "LineString", "coordinates": [ [ 756588.053543439484201, 1971021.760122876847163 ], [ 755126.00327626906801, 1972386.461195004405454 ] ] } },
{ "type": "Feature", "properties": { "Transect": 2782 }, "geometry": { "type": "LineString", "coordinates": [ [ 756866.343347379006445, 1971727.077799663180485 ], [ 754866.509728421689942, 1971701.280581053579226 ] ] } },
{ "type": "Feature", "properties": { "Transect": 2783 }, "geometry": { "type": "LineString", "coordinates": [ [ 756597.324137322837487, 1971041.775116990320385 ], [ 755135.272347105899826, 1972406.474557425361127 ] ] } },
{ "type": "Feature", "properties": { "Transect": 2784 }, "geometry": { "type": "LineString", "coordinates": [ [ 756606.722794964327477, 1971051.844238310121 ], [ 755144.669915354228579, 1972416.542511638253927 ] ] } },
{ "type": "Feature", "properties": { "Transect": 2785 }, "geometry": { "type": "LineString", "coordinates": [ [ 756616.12144291435834, 1971061.913365361047909 ], [ 755154.067473922274075, 1972426.610471592051908 ] ] } },
{ "type": "Feature", "properties": { "Transect": 2786 }, "geometry": { "type": "LineString", "coordinates": [ [ 756894.409339627018198, 1971767.230770192341879 ], [ 754894.575764355249703, 1971741.430165237048641 ] ] } },
{ "type": "Feature", "properties": { "Transect": 2787 }, "geometry": { "type": "LineString", "coordinates": [ [ 756625.391985380440019, 1971081.928379131481051 ], [ 755163.336493492708541, 1972446.623853822238743 ] ] } },
{ "type": "Feature", "properties": { "Transect": 2788 }, "geometry": { "type": "LineString", "coordinates": [ [ 756634.790608605952002, 1971091.997518334072083 ], [ 755172.734027215396054, 1972456.691825793590397 ] ] } },
{ "type": "Feature", "properties": { "Transect": 2789 }, "geometry": { "type": "LineString", "coordinates": [ [ 756913.077159498352557, 1971797.314685676479712 ], [ 754913.243613896192983, 1971771.511781097156927 ] ] } },
{ "type": "Feature", "properties": { "Transect": 2790 }, "geometry": { "type": "LineString", "coordinates": [ [ 756653.459713292540982, 1971122.08169680996798 ], [ 755191.400519452057779, 1972486.773205432808027 ] ] } },
{ "type": "Feature", "properties": { "Transect": 2791 }, "geometry": { "type": "LineString", "coordinates": [ [ 756931.744918336975388, 1971827.398626631358638 ], [ 754931.911402407218702, 1971801.593422427540645 ] ] } },
{ "type": "Feature", "properties": { "Transect": 2792 }, "geometry": { "type": "LineString", "coordinates": [ [ 756978.349866044474766, 1971907.581449357559904 ], [ 754978.516425122739747, 1971881.770432886434719 ] ] } },
{ "type": "Feature", "properties": { "Transect": 2793 }, "geometry": { "type": "LineString", "coordinates": [ [ 756709.338513703085482, 1971222.280272175557911 ], [ 755247.271048627793789, 1972586.96291937539354 ] ] } },
{ "type": "Feature", "properties": { "Transect": 2794 }, "geometry": { "type": "LineString", "coordinates": [ [ 756718.608869006624445, 1971242.295353680383414 ], [ 755256.539880848722532, 1972606.976369107607752 ] ] } },
{ "type": "Feature", "properties": { "Transect": 2795 }, "geometry": { "type": "LineString", "coordinates": [ [ 756996.889028854318894, 1971947.611199125181884 ], [ 754997.05561924201902, 1971921.797756915446371 ] ] } },
{ "type": "Feature", "properties": { "Transect": 2796 }, "geometry": { "type": "LineString", "coordinates": [ [ 756737.277681963401847, 1971272.379648858681321 ], [ 755275.206081166747026, 1972637.057865195441991 ] ] } },
{ "type": "Feature", "properties": { "Transect": 2797 }, "geometry": { "type": "LineString", "coordinates": [ [ 757015.556495859986171, 1971977.695256808539852 ], [ 755015.7231159361545, 1971951.879514672560617 ] ] } },
{ "type": "Feature", "properties": { "Transect": 2798 }, "geometry": { "type": "LineString", "coordinates": [ [ 757015.428107089130208, 1971987.640977068571374 ], [ 755015.594728789990768, 1971961.825109072728083 ] ] } },
{ "type": "Feature", "properties": { "Transect": 2799 }, "geometry": { "type": "LineString", "coordinates": [ [ 756746.419808264821768, 1971302.340640655951574 ], [ 755284.346250443253666, 1972667.016760296886787 ] ] } },
{ "type": "Feature", "properties": { "Transect": 2800 }, "geometry": { "type": "LineString", "coordinates": [ [ 757024.697614487842657, 1972007.655876614386216 ], [ 755024.864251846796833, 1971981.838795690564439 ] ] } },
{ "type": "Feature", "properties": { "Transect": 2801 }, "geometry": { "type": "LineString", "coordinates": [ [ 757043.236565853119828, 1972047.685696841916069 ], [ 755043.403234530822374, 1972021.866190016502514 ] ] } },
{ "type": "Feature", "properties": { "Transect": 2802 }, "geometry": { "type": "LineString", "coordinates": [ [ 756774.230557181173936, 1971362.385990943294019 ], [ 755312.152429778827354, 1972727.057214854750782 ] ] } },
{ "type": "Feature", "properties": { "Transect": 2803 }, "geometry": { "type": "LineString", "coordinates": [ [ 757052.506009818869643, 1972067.700617539463565 ], [ 755052.672694157925434, 1972041.879897712962702 ] ] } },
{ "type": "Feature", "properties": { "Transect": 2804 }, "geometry": { "type": "LineString", "coordinates": [ [ 756783.500764616415836, 1971382.401121875969693 ], [ 755321.421113851596601, 1972747.070713689317927 ] ] } },
{ "type": "Feature", "properties": { "Transect": 2805 }, "geometry": { "type": "LineString", "coordinates": [ [ 756792.899152801721357, 1971392.470366621389985 ], [ 755330.818412474938668, 1972757.138791098725051 ] ] } },
{ "type": "Feature", "properties": { "Transect": 2806 }, "geometry": { "type": "LineString", "coordinates": [ [ 756802.297531292890199, 1971402.539617097470909 ], [ 755340.215701416716911, 1972767.206874250434339 ] ] } },
{ "type": "Feature", "properties": { "Transect": 2807 }, "geometry": { "type": "LineString", "coordinates": [ [ 756093.566702796611935, 1971095.025284959934652 ], [ 756067.742177970474586, 1973094.858551489189267 ] ] } },
{ "type": "Feature", "properties": { "Transect": 2808 }, "geometry": { "type": "LineString", "coordinates": [ [ 756122.146892325021327, 1971095.394364372128621 ], [ 756096.319484074600041, 1973095.227593664778396 ] ] } },
{ "type": "Feature", "properties": { "Transect": 2809 }, "geometry": { "type": "LineString", "coordinates": [ [ 756849.802210101159289, 1971413.102369079366326 ], [ 755387.716666903579608, 1972777.765647830907255 ] ] } },
{ "type": "Feature", "properties": { "Transect": 2810 }, "geometry": { "type": "LineString", "coordinates": [ [ 756141.071964025730267, 1971105.586105821887031 ], [ 756115.242507480317727, 1973105.419308660319075 ] ] } },
{ "type": "Feature", "properties": { "Transect": 2811 }, "geometry": { "type": "LineString", "coordinates": [ [ 756868.727126662270166, 1971423.295042084297165 ], [ 755406.639837934984826, 1972787.956450691679493 ] ] } },
{ "type": "Feature", "properties": { "Transect": 2812 }, "geometry": { "type": "LineString", "coordinates": [ [ 756878.12545473582577, 1971433.364335408899933 ], [ 755416.037076441454701, 1972798.024576662108302 ] ] } },
{ "type": "Feature", "properties": { "Transect": 2813 }, "geometry": { "type": "LineString", "coordinates": [ [ 757156.395623057265766, 1972138.679258649470285 ], [ 755156.562455324805342, 1972112.847084190929309 ] ] } },
{ "type": "Feature", "properties": { "Transect": 2814 }, "geometry": { "type": "LineString", "coordinates": [ [ 757156.267152429558337, 1972148.624988254159689 ], [ 755156.433986324816942, 1972122.792687791399658 ] ] } },
{ "type": "Feature", "properties": { "Transect": 2815 }, "geometry": { "type": "LineString", "coordinates": [ [ 757156.138681174837984, 1972158.57071788306348 ], [ 755156.305516696418636, 1972132.738291515735909 ] ] } },
{ "type": "Feature", "properties": { "Transect": 2816 }, "geometry": { "type": "LineString", "coordinates": [ [ 757156.010209292522632, 1972168.516447613248602 ], [ 755156.177046441123821, 1972142.683895291527733 ] ] } },
{ "type": "Feature", "properties": { "Transect": 2817 }, "geometry": { "type": "LineString", "coordinates": [ [ 757155.881736782495864, 1972178.462177444016561 ], [ 755156.048575558583252, 1972152.629499117145315 ] ] } },
{ "type": "Feature", "properties": { "Transect": 2818 }, "geometry": { "type": "LineString", "coordinates": [ [ 757155.753263644990511, 1972188.407907322281972 ], [ 755155.920104048098437, 1972162.575103042880073 ] ] } },
{ "type": "Feature", "properties": { "Transect": 2819 }, "geometry": { "type": "LineString", "coordinates": [ [ 757155.624789880006574, 1972198.353637277614325 ], [ 755155.791631910135038, 1972172.520707043353468 ] ] } },
{ "type": "Feature", "properties": { "Transect": 2820 }, "geometry": { "type": "LineString", "coordinates": [ [ 757155.496315487660468, 1972208.299367297906429 ], [ 755155.663159144576639, 1972182.466311128810048 ] ] } },
{ "type": "Feature", "properties": { "Transect": 2821 }, "geometry": { "type": "LineString", "coordinates": [ [ 757155.367840467486531, 1972218.245097423670813 ], [ 755155.534685752121732, 1972192.411915256408975 ] ] } },
{ "type": "Feature", "properties": { "Transect": 2822 }, "geometry": { "type": "LineString", "coordinates": [ [ 757155.23936482029967, 1972228.190827580634505 ], [ 755155.406211731256917, 1972202.357519505545497 ] ] } },
{ "type": "Feature", "properties": { "Transect": 2823 }, "geometry": { "type": "LineString", "coordinates": [ [ 757155.110888545168564, 1972238.136557860998437 ], [ 755155.277737083844841, 1972212.303123781690374 ] ] } },
{ "type": "Feature", "properties": { "Transect": 2824 }, "geometry": { "type": "LineString", "coordinates": [ [ 756886.112956232042052, 1971552.838527129264548 ], [ 755424.018717219005339, 1972917.492489218013361 ] ] } },
{ "type": "Feature", "properties": { "Transect": 2825 }, "geometry": { "type": "LineString", "coordinates": [ [ 757164.380108962766826, 1972258.15155967278406 ], [ 755164.546973173506558, 1972232.316912412177771 ] ] } },
{ "type": "Feature", "properties": { "Transect": 2826 }, "geometry": { "type": "LineString", "coordinates": [ [ 757164.251626016921364, 1972268.09729069005698 ], [ 755164.418491854681633, 1972242.262517475988716 ] ] } },
{ "type": "Feature", "properties": { "Transect": 2827 }, "geometry": { "type": "LineString", "coordinates": [ [ 757164.123142443713732, 1972278.043021771358326 ], [ 755164.290009908261709, 1972252.208122627111152 ] ] } },
{ "type": "Feature", "properties": { "Transect": 2828 }, "geometry": { "type": "LineString", "coordinates": [ [ 757163.994658242561854, 1972287.988752964884043 ], [ 755164.161527335061692, 1972262.153727816883475 ] ] } },
{ "type": "Feature", "properties": { "Transect": 2829 }, "geometry": { "type": "LineString", "coordinates": [ [ 757163.866173414164223, 1972297.934484208235517 ], [ 755164.033044133684598, 1972272.09933310537599 ] ] } },
{ "type": "Feature", "properties": { "Transect": 2830 }, "geometry": { "type": "LineString", "coordinates": [ [ 757163.737687958055176, 1972307.88021553773433 ], [ 755163.90456030506175, 1972282.044938457664102 ] ] } },
{ "type": "Feature", "properties": { "Transect": 2831 }, "geometry": { "type": "LineString", "coordinates": [ [ 757163.609201874467544, 1972317.825946931261569 ], [ 755163.776075848727487, 1972291.990543896798044 ] ] } },
{ "type": "Feature", "properties": { "Transect": 2832 }, "geometry": { "type": "LineString", "coordinates": [ [ 756150.646660222671926, 1973314.7704796155449 ], [ 756176.481645705644041, 1971314.937348195584491 ] ] } },
{ "type": "Feature", "properties": { "Transect": 2833 }, "geometry": { "type": "LineString", "coordinates": [ [ 757153.183669120655395, 1972387.322520713554695 ], [ 755153.350542066735215, 1972361.487197265727445 ] ] } },
{ "type": "Feature", "properties": { "Transect": 2834 }, "geometry": { "type": "LineString", "coordinates": [ [ 757153.055182805634104, 1972397.268252169014886 ], [ 755153.222057378967293, 1972371.432802766328678 ] ] } },
{ "type": "Feature", "properties": { "Transect": 2835 }, "geometry": { "type": "LineString", "coordinates": [ [ 757152.926695863250643, 1972407.21398369804956 ], [ 755153.09357206360437, 1972381.378408343298361 ] ] } },
{ "type": "Feature", "properties": { "Transect": 2836 }, "geometry": { "type": "LineString", "coordinates": [ [ 757152.798208293388598, 1972417.159715294605121 ], [ 755152.965086120762862, 1972391.324014005018398 ] ] } },
{ "type": "Feature", "properties": { "Transect": 2837 }, "geometry": { "type": "LineString", "coordinates": [ [ 756139.835517938481644, 1973414.104097136063501 ], [ 756165.670801708241925, 1971414.270969569450244 ] ] } },
{ "type": "Feature", "properties": { "Transect": 2838 }, "geometry": { "type": "LineString", "coordinates": [ [ 756863.725219576153904, 1971811.185109487734735 ], [ 755401.62101447628811, 1973175.828393803909421 ] ] } },
{ "type": "Feature", "properties": { "Transect": 2839 }, "geometry": { "type": "LineString", "coordinates": [ [ 757141.987248254357837, 1972516.493484968319535 ], [ 755142.154129934613593, 1972490.657485450152308 ] ] } },
{ "type": "Feature", "properties": { "Transect": 2840 }, "geometry": { "type": "LineString", "coordinates": [ [ 757141.858758571092039, 1972526.439216849394143 ], [ 755142.025641878135502, 1972500.603091399651021 ] ] } },
{ "type": "Feature", "properties": { "Transect": 2841 }, "geometry": { "type": "LineString", "coordinates": [ [ 757141.730268260231242, 1972536.384948816383258 ], [ 755141.897153194528073, 1972510.548697413178161 ] ] } },
{ "type": "Feature", "properties": { "Transect": 2842 }, "geometry": { "type": "LineString", "coordinates": [ [ 757141.601777322008274, 1972546.330680848564953 ], [ 755141.768663883325644, 1972520.494303512852639 ] ] } },
{ "type": "Feature", "properties": { "Transect": 2843 }, "geometry": { "type": "LineString", "coordinates": [ [ 757141.473285756073892, 1972556.27641298994422 ], [ 755141.640173945110291, 1972530.439909652341157 ] ] } },
{ "type": "Feature", "properties": { "Transect": 2844 }, "geometry": { "type": "LineString", "coordinates": [ [ 757141.344793562893756, 1972566.222145159030333 ], [ 755141.511683378717862, 1972540.385515914065763 ] ] } },
{ "type": "Feature", "properties": { "Transect": 2845 }, "geometry": { "type": "LineString", "coordinates": [ [ 757141.216300742118619, 1972576.167877438245341 ], [ 755141.383192185428925, 1972550.331122216070071 ] ] } },
{ "type": "Feature", "properties": { "Transect": 2846 }, "geometry": { "type": "LineString", "coordinates": [ [ 757141.087807293981314, 1972586.113609770778567 ], [ 755141.254700364312157, 1972560.276728615630418 ] ] } },
{ "type": "Feature", "properties": { "Transect": 2847 }, "geometry": { "type": "LineString", "coordinates": [ [ 757140.959313218249008, 1972596.059342201100662 ], [ 755141.126207916066051, 1972570.222335066413507 ] ] } },
{ "type": "Feature", "properties": { "Transect": 2848 }, "geometry": { "type": "LineString", "coordinates": [ [ 757140.830818515154533, 1972606.005074680317193 ], [ 755140.997714839992113, 1972580.167941617313772 ] ] } },
{ "type": "Feature", "properties": { "Transect": 2849 }, "geometry": { "type": "LineString", "coordinates": [ [ 756127.738856422132812, 1973612.894401128171012 ], [ 756153.575697610271163, 1971613.061293682316318 ] ] } },
{ "type": "Feature", "properties": { "Transect": 2850 }, "geometry": { "type": "LineString", "coordinates": [ [ 757131.047830595518462, 1972625.772987981326878 ], [ 755131.214717753347941, 1972599.936564466916025 ] ] } },
{ "type": "Feature", "properties": { "Transect": 2851 }, "geometry": { "type": "LineString", "coordinates": [ [ 757130.919338799198158, 1972635.718720173696056 ], [ 755131.086227584513836, 1972609.882170680211857 ] ] } },
{ "type": "Feature", "properties": { "Transect": 2852 }, "geometry": { "type": "LineString", "coordinates": [ [ 757130.790846375515684, 1972645.664452417753637 ], [ 755130.9577367878519, 1972619.82777699129656 ] ] } },
{ "type": "Feature", "properties": { "Transect": 2853 }, "geometry": { "type": "LineString", "coordinates": [ [ 757130.662353324354626, 1972655.610184745630249 ], [ 755130.82924536394421, 1972629.773383367573842 ] ] } },
{ "type": "Feature", "properties": { "Transect": 2854 }, "geometry": { "type": "LineString", "coordinates": [ [ 757130.533859645714983, 1972665.555917151970789 ], [ 755130.700753312557936, 1972639.718989817658439 ] ] } },
{ "type": "Feature", "properties": { "Transect": 2855 }, "geometry": { "type": "LineString", "coordinates": [ [ 757130.405365339713171, 1972675.501649620709941 ], [ 755130.572260633576661, 1972649.664596354356036 ] ] } },
{ "type": "Feature", "properties": { "Transect": 2856 }, "geometry": { "type": "LineString", "coordinates": [ [ 757130.276870406232774, 1972685.4473821753636 ], [ 755130.443767327349633, 1972659.610202954616398 ] ] } },
{ "type": "Feature", "properties": { "Transect": 2857 }, "geometry": { "type": "LineString", "coordinates": [ [ 757130.148374845390208, 1972695.393114793114364 ], [ 755130.315273393527605, 1972669.555809642188251 ] ] } },
{ "type": "Feature", "properties": { "Transect": 2858 }, "geometry": { "type": "LineString", "coordinates": [ [ 757130.019878656836227, 1972705.338847510283813 ], [ 755130.186778832692653, 1972679.501416381215677 ] ] } },
{ "type": "Feature", "properties": { "Transect": 2859 }, "geometry": { "type": "LineString", "coordinates": [ [ 756116.799206211930141, 1973722.173692563083023 ], [ 756142.636471499921754, 1971722.340590596199036 ] ] } },
{ "type": "Feature", "properties": { "Transect": 2860 }, "geometry": { "type": "LineString", "coordinates": [ [ 757120.108442894881591, 1972735.052492796909064 ], [ 755120.275335529819131, 1972709.215645333752036 ] ] } },
{ "type": "Feature", "properties": { "Transect": 2861 }, "geometry": { "type": "LineString", "coordinates": [ [ 757119.979948986205272, 1972744.998225266113877 ], [ 755120.146843248396181, 1972719.161251845769584 ] ] } },
{ "type": "Feature", "properties": { "Transect": 2862 }, "geometry": { "type": "LineString", "coordinates": [ [ 757119.465967077761889, 1972784.781155848409981 ], [ 755119.632867848267779, 1972758.943678682669997 ] ] } },
{ "type": "Feature", "properties": { "Transect": 2863 }, "geometry": { "type": "LineString", "coordinates": [ [ 757119.337470032158308, 1972794.726888682926074 ], [ 755119.504372429684736, 1972768.889285580487922 ] ] } },
{ "type": "Feature", "properties": { "Transect": 2864 }, "geometry": { "type": "LineString", "coordinates": [ [ 757119.208972359076142, 1972804.672621597535908 ], [ 755119.375876383855939, 1972778.834892544429749 ] ] } },
{ "type": "Feature", "properties": { "Transect": 2865 }, "geometry": { "type": "LineString", "coordinates": [ [ 757119.080474058398977, 1972814.618354591773823 ], [ 755119.247379710664973, 1972788.78049958194606 ] ] } },
{ "type": "Feature", "properties": { "Transect": 2866 }, "geometry": { "type": "LineString", "coordinates": [ [ 757118.951975130592473, 1972824.564087635837495 ], [ 755119.118882409646176, 1972798.726106718182564 ] ] } },
{ "type": "Feature", "properties": { "Transect": 2867 }, "geometry": { "type": "LineString", "coordinates": [ [ 757118.823475575307384, 1972834.509820778155699 ], [ 755118.990384481614456, 1972808.67171390610747 ] ] } },
{ "type": "Feature", "properties": { "Transect": 2868 }, "geometry": { "type": "LineString", "coordinates": [ [ 756105.859586179256439, 1973831.452985828975216 ], [ 756131.697275139391422, 1971831.619889335939661 ] ] } },
{ "type": "Feature", "properties": { "Transect": 2869 }, "geometry": { "type": "LineString", "coordinates": [ [ 757109.169085161527619, 1972844.331999374320731 ], [ 755109.335983271943405, 1972818.494728099787608 ] ] } },
{ "type": "Feature", "properties": { "Transect": 2870 }, "geometry": { "type": "LineString", "coordinates": [ [ 756096.205612225341611, 1973841.275587157346308 ], [ 756122.042465794482268, 1971841.442479871213436 ] ] } },
{ "type": "Feature", "properties": { "Transect": 2871 }, "geometry": { "type": "LineString", "coordinates": [ [ 757099.257719871704467, 1972874.045646190177649 ], [ 755099.424610440502875, 1972848.208958651870489 ] ] } },
{ "type": "Feature", "properties": { "Transect": 2872 }, "geometry": { "type": "LineString", "coordinates": [ [ 757099.129226759076118, 1972883.991378608625382 ], [ 755099.296118954662234, 1972858.154565162491053 ] ] } },
{ "type": "Feature", "properties": { "Transect": 2873 }, "geometry": { "type": "LineString", "coordinates": [ [ 756086.165982116130181, 1973880.935198026476428 ], [ 756112.002377744647674, 1971881.102084824116901 ] ] } },
{ "type": "Feature", "properties": { "Transect": 2874 }, "geometry": { "type": "LineString", "coordinates": [ [ 757089.474867767537944, 1972893.813562977593392 ], [ 755089.641749167465605, 1972867.97758515086025 ] ] } },
{ "type": "Feature", "properties": { "Transect": 2875 }, "geometry": { "type": "LineString", "coordinates": [ [ 757089.346378190210089, 1972903.759295006515458 ], [ 755089.513261216692626, 1972877.923191273817793 ] ] } },
{ "type": "Feature", "properties": { "Transect": 2876 }, "geometry": { "type": "LineString", "coordinates": [ [ 757089.217887985170819, 1972913.705027146730572 ], [ 755089.384772639139555, 1972887.868797436822206 ] ] } },
{ "type": "Feature", "properties": { "Transect": 2877 }, "geometry": { "type": "LineString", "coordinates": [ [ 757089.089397153118625, 1972923.650759317213669 ], [ 755089.256283433409408, 1972897.814403720432892 ] ] } },
{ "type": "Feature", "properties": { "Transect": 2878 }, "geometry": { "type": "LineString", "coordinates": [ [ 757088.960905693587847, 1972933.596491583390161 ], [ 755089.127793600899167, 1972907.760010056896135 ] ] } },
{ "type": "Feature", "properties": { "Transect": 2879 }, "geometry": { "type": "LineString", "coordinates": [ [ 756819.976192733622156, 1972248.311097859870642 ], [ 755357.855524014099501, 1973612.936742534395307 ] ] } },
{ "type": "Feature", "properties": { "Transect": 2880 }, "geometry": { "type": "LineString", "coordinates": [ [ 757098.229757404187694, 1972953.611507731955498 ], [ 755098.396660988917574, 1972927.77381274336949 ] ] } },
{ "type": "Feature", "properties": { "Transect": 2881 }, "geometry": { "type": "LineString", "coordinates": [ [ 757098.101259272661991, 1972963.557240752037615 ], [ 755098.268164484179579, 1972937.719419853761792 ] ] } },
{ "type": "Feature", "properties": { "Transect": 2882 }, "geometry": { "type": "LineString", "coordinates": [ [ 756829.11752718500793, 1972278.272226935252547 ], [ 755366.994900681078434, 1973642.895773949567229 ] ] } },
{ "type": "Feature", "properties": { "Transect": 2883 }, "geometry": { "type": "LineString", "coordinates": [ [ 757107.370083784102462, 1972983.5722646410577 ], [ 755107.537004674202763, 1972957.733230257406831 ] ] } },
{ "type": "Feature", "properties": { "Transect": 2884 }, "geometry": { "type": "LineString", "coordinates": [ [ 757107.241578980349004, 1972993.517998433671892 ], [ 755107.408501497469842, 1972967.678838120307773 ] ] } },
{ "type": "Feature", "properties": { "Transect": 2885 }, "geometry": { "type": "LineString", "coordinates": [ [ 756838.002250475692563, 1972328.125171363120899 ], [ 755375.876798532088287, 1973692.745691060321406 ] ] } },
{ "type": "Feature", "properties": { "Transect": 2886 }, "geometry": { "type": "LineString", "coordinates": [ [ 757116.25335271214135, 1973033.424499252112582 ], [ 755116.420294163515791, 1973007.583873566938564 ] ] } },
{ "type": "Feature", "properties": { "Transect": 2887 }, "geometry": { "type": "LineString", "coordinates": [ [ 756847.271799483569339, 1972348.140414740191773 ], [ 755385.144823557464406, 1973712.7593015616294 ] ] } },
{ "type": "Feature", "properties": { "Transect": 2888 }, "geometry": { "type": "LineString", "coordinates": [ [ 756856.669628299423493, 1972358.209760225843638 ], [ 755394.541562389698811, 1973722.827479178085923 ] ] } },
{ "type": "Feature", "properties": { "Transect": 2889 }, "geometry": { "type": "LineString", "coordinates": [ [ 757134.919383882777765, 1973063.50885038706474 ], [ 755135.086355068953708, 1973037.665923594729975 ] ] } },
{ "type": "Feature", "properties": { "Transect": 2890 }, "geometry": { "type": "LineString", "coordinates": [ [ 757134.790859688888304, 1973073.454586408101022 ], [ 755134.957832502783276, 1973047.611533660441637 ] ] } },
{ "type": "Feature", "properties": { "Transect": 2891 }, "geometry": { "type": "LineString", "coordinates": [ [ 757134.662334867869504, 1973083.400322481058538 ], [ 755134.829309308785014, 1973057.557143823709339 ] ] } },
{ "type": "Feature", "properties": { "Transect": 2892 }, "geometry": { "type": "LineString", "coordinates": [ [ 757134.533809419022873, 1973093.346058673458174 ], [ 755134.700785488123074, 1973067.502754016080871 ] ] } },
{ "type": "Feature", "properties": { "Transect": 2893 }, "geometry": { "type": "LineString", "coordinates": [ [ 757134.405283342814073, 1973103.291794906603172 ], [ 755134.572261039400473, 1973077.448364319046959 ] ] } },
{ "type": "Feature", "properties": { "Transect": 2894 }, "geometry": { "type": "LineString", "coordinates": [ [ 757134.276756639126688, 1973113.237531228456646 ], [ 755134.443735963432118, 1973087.393974684178829 ] ] } },
{ "type": "Feature", "properties": { "Transect": 2895 }, "geometry": { "type": "LineString", "coordinates": [ [ 757134.14822930819355, 1973123.183267611544579 ], [ 755134.315210259752348, 1973097.33958513662219 ] ] } },
{ "type": "Feature", "properties": { "Transect": 2896 }, "geometry": { "type": "LineString", "coordinates": [ [ 757134.019701349665411, 1973133.12900408077985 ], [ 755134.186683928943239, 1973107.285195653326809 ] ] } },
{ "type": "Feature", "properties": { "Transect": 2897 }, "geometry": { "type": "LineString", "coordinates": [ [ 757133.891172763775103, 1973143.074740616604686 ], [ 755134.05815697053913, 1973117.230806255247444 ] ] } },
{ "type": "Feature", "properties": { "Transect": 2898 }, "geometry": { "type": "LineString", "coordinates": [ [ 757133.762643550173379, 1973153.020477259298787 ], [ 755133.929629385122098, 1973127.176416898379102 ] ] } },
{ "type": "Feature", "properties": { "Transect": 2899 }, "geometry": { "type": "LineString", "coordinates": [ [ 757133.634113709442317, 1973162.966213921550661 ], [ 755133.801101171411574, 1973137.122027673292905 ] ] } },
{ "type": "Feature", "properties": { "Transect": 2900 }, "geometry": { "type": "LineString", "coordinates": [ [ 757133.505583241116256, 1973172.911950701382011 ], [ 755133.672572331037372, 1973147.067638478707522 ] ] } },
{ "type": "Feature", "properties": { "Transect": 2901 }, "geometry": { "type": "LineString", "coordinates": [ [ 756120.538600286119618, 1974169.851976613746956 ], [ 756146.382494722143747, 1972170.018960304325446 ] ] } },
{ "type": "Feature", "properties": { "Transect": 2902 }, "geometry": { "type": "LineString", "coordinates": [ [ 757123.851323750102893, 1973182.734105383278802 ], [ 755124.018302039708942, 1973156.890628899214789 ] ] } },
{ "type": "Feature", "properties": { "Transect": 2903 }, "geometry": { "type": "LineString", "coordinates": [ [ 756110.884757428546436, 1974179.674554102355614 ], [ 756136.727816123398952, 1972179.841526992851868 ] ] } },
{ "type": "Feature", "properties": { "Transect": 2904 }, "geometry": { "type": "LineString", "coordinates": [ [ 757114.197073727962561, 1973192.556263643549755 ], [ 755114.364041217486374, 1973166.713622916257009 ] ] } },
{ "type": "Feature", "properties": { "Transect": 2905 }, "geometry": { "type": "LineString", "coordinates": [ [ 756101.230924138682894, 1974189.497135177254677 ], [ 756127.073146895156242, 1972189.664097265806049 ] ] } },
{ "type": "Feature", "properties": { "Transect": 2906 }, "geometry": { "type": "LineString", "coordinates": [ [ 756825.397105116164312, 1972566.703434449387714 ], [ 755363.261896114097908, 1973931.313499851385131 ] ] } },
{ "type": "Feature", "properties": { "Transect": 2907 }, "geometry": { "type": "LineString", "coordinates": [ [ 757103.643189756432548, 1973271.998575166333467 ], [ 755103.810157836880535, 1973246.155888707377017 ] ] } },
{ "type": "Feature", "properties": { "Transect": 2908 }, "geometry": { "type": "LineString", "coordinates": [ [ 756834.153290969552472, 1972626.502311363583431 ], [ 755372.014822234632447, 1973991.108884059591219 ] ] } },
{ "type": "Feature", "properties": { "Transect": 2909 }, "geometry": { "type": "LineString", "coordinates": [ [ 757112.397697862121277, 1973331.796573218889534 ], [ 755112.564688135986216, 1973305.952169387601316 ] ] } },
{ "type": "Feature", "properties": { "Transect": 2910 }, "geometry": { "type": "LineString", "coordinates": [ [ 757112.269166309037246, 1973341.742310189874843 ], [ 755112.436158210621215, 1973315.897780403727666 ] ] } },
{ "type": "Feature", "properties": { "Transect": 2911 }, "geometry": { "type": "LineString", "coordinates": [ [ 756143.813497595023364, 1972368.932475926587358 ], [ 756117.966122608631849, 1974368.765447253594175 ] ] } },
{ "type": "Feature", "properties": { "Transect": 2912 }, "geometry": { "type": "LineString", "coordinates": [ [ 756871.487298092106357, 1972686.671593085397035 ], [ 755409.343600730411708, 1974051.272563430014998 ] ] } },
{ "type": "Feature", "properties": { "Transect": 2913 }, "geometry": { "type": "LineString", "coordinates": [ [ 756880.884930048254319, 1972696.740975002991036 ], [ 755418.740142346243374, 1974061.340777068166062 ] ] } },
{ "type": "Feature", "properties": { "Transect": 2914 }, "geometry": { "type": "LineString", "coordinates": [ [ 757159.126081376336515, 1973402.034726762678474 ], [ 755159.293145199306309, 1973376.184632344171405 ] ] } },
{ "type": "Feature", "properties": { "Transect": 2915 }, "geometry": { "type": "LineString", "coordinates": [ [ 757158.997521475772373, 1973411.980466972105205 ], [ 755159.16458692739252, 1973386.13024655263871 ] ] } },
{ "type": "Feature", "properties": { "Transect": 2916 }, "geometry": { "type": "LineString", "coordinates": [ [ 757158.868960948078893, 1973421.926207209471613 ], [ 755159.036028027185239, 1973396.075860883574933 ] ] } },
{ "type": "Feature", "properties": { "Transect": 2917 }, "geometry": { "type": "LineString", "coordinates": [ [ 757158.740399792673998, 1973431.8719475583639 ], [ 755158.907468500197865, 1973406.021475253859535 ] ] } },
{ "type": "Feature", "properties": { "Transect": 2918 }, "geometry": { "type": "LineString", "coordinates": [ [ 757158.611838009674102, 1973441.817687981529161 ], [ 755158.778908345615491, 1973415.967089699348435 ] ] } },
{ "type": "Feature", "properties": { "Transect": 2919 }, "geometry": { "type": "LineString", "coordinates": [ [ 757158.483275599195622, 1973451.763428468024358 ], [ 755158.650347563321702, 1973425.912704231915995 ] ] } },
{ "type": "Feature", "properties": { "Transect": 2920 }, "geometry": { "type": "LineString", "coordinates": [ [ 757158.354712561238557, 1973461.709169030422345 ], [ 755158.521786153549328, 1973435.858318838989362 ] ] } },
{ "type": "Feature", "properties": { "Transect": 2921 }, "geometry": { "type": "LineString", "coordinates": [ [ 756145.384470377233811, 1974458.645887499209493 ], [ 756171.234902634867467, 1972458.81295568915084 ] ] } },
{ "type": "Feature", "properties": { "Transect": 2922 }, "geometry": { "type": "LineString", "coordinates": [ [ 757148.700557891861536, 1973471.531298051821068 ], [ 755148.867620678967796, 1973445.681283759651706 ] ] } },
{ "type": "Feature", "properties": { "Transect": 2923 }, "geometry": { "type": "LineString", "coordinates": [ [ 757148.571998390136287, 1973481.477038235403597 ], [ 755148.739062805660069, 1973455.62689796788618 ] ] } },
{ "type": "Feature", "properties": { "Transect": 2924 }, "geometry": { "type": "LineString", "coordinates": [ [ 757148.443438260816038, 1973491.422778497682884 ], [ 755148.610504304757342, 1973465.572512249695137 ] ] } },
{ "type": "Feature", "properties": { "Transect": 2925 }, "geometry": { "type": "LineString", "coordinates": [ [ 757148.31487750436645, 1973501.368518796050921 ], [ 755148.481945175793953, 1973475.518126643495634 ] ] } },
{ "type": "Feature", "properties": { "Transect": 2926 }, "geometry": { "type": "LineString", "coordinates": [ [ 757148.186316119972616, 1973511.314259220147505 ], [ 755148.353385420283303, 1973485.463741063838825 ] ] } },
{ "type": "Feature", "properties": { "Transect": 2927 }, "geometry": { "type": "LineString", "coordinates": [ [ 757148.057754108449444, 1973521.259999681496993 ], [ 755148.22482503647916, 1973495.409355595475063 ] ] } },
{ "type": "Feature", "properties": { "Transect": 2928 }, "geometry": { "type": "LineString", "coordinates": [ [ 757147.929191469331272, 1973531.205740230623633 ], [ 755148.096264025545679, 1973505.354970190208405 ] ] } },
{ "type": "Feature", "properties": { "Transect": 2929 }, "geometry": { "type": "LineString", "coordinates": [ [ 757147.8006282026181, 1973541.151480866130441 ], [ 755147.967702387250029, 1973515.300584848970175 ] ] } },
{ "type": "Feature", "properties": { "Transect": 2930 }, "geometry": { "type": "LineString", "coordinates": [ [ 757147.672064308542758, 1973551.09722155588679 ], [ 755147.839140121126547, 1973525.246199604356661 ] ] } },
{ "type": "Feature", "properties": { "Transect": 2931 }, "geometry": { "type": "LineString", "coordinates": [ [ 757147.543499786872417, 1973561.042962340638041 ], [ 755147.710577227873728, 1973535.191814412362874 ] ] } },
{ "type": "Feature", "properties": { "Transect": 2932 }, "geometry": { "type": "LineString", "coordinates": [ [ 757147.414934637839906, 1973570.988703177543357 ], [ 755147.582013706793077, 1973545.137429319089279 ] ] } },
{ "type": "Feature", "properties": { "Transect": 2933 }, "geometry": { "type": "LineString", "coordinates": [ [ 757147.28636886132881, 1973580.934444102458656 ], [ 755147.453449558466673, 1973555.083044288679957 ] ] } },
{ "type": "Feature", "properties": { "Transect": 2934 }, "geometry": { "type": "LineString", "coordinates": [ [ 756134.315852686064318, 1974577.870884570293128 ], [ 756160.166834553936496, 1972578.037959864828736 ] ] } },
{ "type": "Feature", "properties": { "Transect": 2935 }, "geometry": { "type": "LineString", "coordinates": [ [ 756048.075998902320862, 1974616.545602926053107 ], [ 756073.918827393092215, 1972616.712572841905057 ] ] } },
{ "type": "Feature", "properties": { "Transect": 2936 }, "geometry": { "type": "LineString", "coordinates": [ [ 756038.550964470254257, 1974616.422515734331682 ], [ 756064.392831014236435, 1972616.58947321982123 ] ] } },
{ "type": "Feature", "properties": { "Transect": 2937 }, "geometry": { "type": "LineString", "coordinates": [ [ 756029.025930504663847, 1974616.299433131236583 ], [ 756054.86683519941289, 1972616.466378187760711 ] ] } },
{ "type": "Feature", "properties": { "Transect": 2938 }, "geometry": { "type": "LineString", "coordinates": [ [ 756019.500897105201147, 1974616.17635511723347 ], [ 756045.340839848737232, 1972616.343287744326517 ] ] } },
{ "type": "Feature", "properties": { "Transect": 2939 }, "geometry": { "type": "LineString", "coordinates": [ [ 756009.975864142295904, 1974616.053281691623852 ], [ 756035.814845088985749, 1972616.220201891148463 ] ] } },
{ "type": "Feature", "properties": { "Transect": 2940 }, "geometry": { "type": "LineString", "coordinates": [ [ 756000.450831820373423, 1974615.930212855804712 ], [ 756026.288850721321069, 1972616.097120625432581 ] ] } },
{ "type": "Feature", "properties": { "Transect": 2941 }, "geometry": { "type": "LineString", "coordinates": [ [ 755990.92579991358798, 1974615.807148608146235 ], [ 756016.762856968562119, 1972615.974043951136991 ] ] } },
{ "type": "Feature", "properties": { "Transect": 2942 }, "geometry": { "type": "LineString", "coordinates": [ [ 755981.400768529274501, 1974615.684088949346915 ], [ 756007.23686372640077, 1972615.850971865700558 ] ] } },
{ "type": "Feature", "properties": { "Transect": 2943 }, "geometry": { "type": "LineString", "coordinates": [ [ 755971.87573772482574, 1974615.561033880105242 ], [ 755997.710870928829536, 1972615.727904368424788 ] ] } },
{ "type": "Feature", "properties": { "Transect": 2944 }, "geometry": { "type": "LineString", "coordinates": [ [ 755962.350707390229218, 1974615.437983399489895 ], [ 755988.184878694475628, 1972615.604841461637989 ] ] } },
{ "type": "Feature", "properties": { "Transect": 2945 }, "geometry": { "type": "LineString", "coordinates": [ [ 755952.825677594868466, 1974615.314937507966533 ], [ 755978.658886950695887, 1972615.481783143943176 ] ] } },
{ "type": "Feature", "properties": { "Transect": 2946 }, "geometry": { "type": "LineString", "coordinates": [ [ 755943.300648218602873, 1974615.191896204603836 ], [ 755969.132895817863755, 1972615.358729416737333 ] ] } },
{ "type": "Feature", "properties": { "Transect": 2947 }, "geometry": { "type": "LineString", "coordinates": [ [ 755933.775619499268942, 1974615.068859491031617 ], [ 755959.606905055581592, 1972615.235680276528001 ] ] } },
{ "type": "Feature", "properties": { "Transect": 2948 }, "geometry": { "type": "LineString", "coordinates": [ [ 755206.095916796824895, 1974297.331872987095267 ], [ 756668.235589309013449, 1972932.726590106263757 ] ] } },
{ "type": "Feature", "properties": { "Transect": 2949 }, "geometry": { "type": "LineString", "coordinates": [ [ 755914.854084255173802, 1974604.877134690759704 ], [ 755940.683320220094174, 1972605.043929003411904 ] ] } },
{ "type": "Feature", "properties": { "Transect": 2950 }, "geometry": { "type": "LineString", "coordinates": [ [ 755895.804020696203224, 1974604.631094460375607 ], [ 755921.631332861375995, 1972604.797863926738501 ] ] } },
{ "type": "Feature", "properties": { "Transect": 2951 }, "geometry": { "type": "LineString", "coordinates": [ [ 755886.278989688144065, 1974604.508081228239462 ], [ 755912.105339956586249, 1972604.674838272156194 ] ] } },
{ "type": "Feature", "properties": { "Transect": 2952 }, "geometry": { "type": "LineString", "coordinates": [ [ 755876.753959224442951, 1974604.385072585195303 ], [ 755902.579347539809532, 1972604.551817206665874 ] ] } },
{ "type": "Feature", "properties": { "Transect": 2953 }, "geometry": { "type": "LineString", "coordinates": [ [ 755149.073492292198353, 1974286.650418406585231 ], [ 756611.20879261859227, 1972922.0404508553911 ] ] } },
{ "type": "Feature", "properties": { "Transect": 2954 }, "geometry": { "type": "LineString", "coordinates": [ [ 755819.73225933231879, 1974593.701457403367385 ], [ 755845.551750455400907, 1972593.868125878507271 ] ] } },
{ "type": "Feature", "properties": { "Transect": 2955 }, "geometry": { "type": "LineString", "coordinates": [ [ 755810.207227702252567, 1974593.578481420408934 ], [ 755836.025756826391444, 1972593.745137475430965 ] ] } },
{ "type": "Feature", "properties": { "Transect": 2956 }, "geometry": { "type": "LineString", "coordinates": [ [ 756813.507654819870368, 1973606.447887441143394 ], [ 754813.674305479275063, 1973580.629776247777045 ] ] } },
{ "type": "Feature", "properties": { "Transect": 2957 }, "geometry": { "type": "LineString", "coordinates": [ [ 755800.553733802982606, 1974603.401168639073148 ], [ 755826.371426957310177, 1972603.567813901463524 ] ] } },
{ "type": "Feature", "properties": { "Transect": 2958 }, "geometry": { "type": "LineString", "coordinates": [ [ 756803.853753638919443, 1973616.270155266858637 ], [ 754804.020393504528329, 1973590.452880168799311 ] ] } },
{ "type": "Feature", "properties": { "Transect": 2959 }, "geometry": { "type": "LineString", "coordinates": [ [ 755790.900249426369555, 1974613.223859447287396 ], [ 755816.717106507741846, 1972613.390493916580454 ] ] } },
{ "type": "Feature", "properties": { "Transect": 2960 }, "geometry": { "type": "LineString", "coordinates": [ [ 756794.199861927772872, 1973626.092426648596302 ], [ 754794.366490998887457, 1973600.275987713364884 ] ] } },
{ "type": "Feature", "properties": { "Transect": 2961 }, "geometry": { "type": "LineString", "coordinates": [ [ 755781.246774587780237, 1974623.046553845284507 ], [ 755807.06279545975849, 1972623.213177519617602 ] ] } },
{ "type": "Feature", "properties": { "Transect": 2962 }, "geometry": { "type": "LineString", "coordinates": [ [ 756784.545979690155946, 1973635.91470164200291 ], [ 754784.712597967707552, 1973610.09909882536158 ] ] } },
{ "type": "Feature", "properties": { "Transect": 2963 }, "geometry": { "type": "LineString", "coordinates": [ [ 755771.593309130868874, 1974632.86925183236599 ], [ 755797.408493977622129, 1972633.035864714533091 ] ] } },
{ "type": "Feature", "properties": { "Transect": 2964 }, "geometry": { "type": "LineString", "coordinates": [ [ 756774.892106922226958, 1973645.736980213783681 ], [ 754775.058714406448416, 1973619.922213538084179 ] ] } },
{ "type": "Feature", "properties": { "Transect": 2965 }, "geometry": { "type": "LineString", "coordinates": [ [ 755761.939853240619414, 1974642.691953409695998 ], [ 755787.754201868665405, 1972642.858555497368798 ] ] } },
{ "type": "Feature", "properties": { "Transect": 2966 }, "geometry": { "type": "LineString", "coordinates": [ [ 756765.238243625266477, 1973655.5592623767443 ], [ 754765.404840316390619, 1973629.74533183965832 ] ] } },
{ "type": "Feature", "properties": { "Transect": 2967 }, "geometry": { "type": "LineString", "coordinates": [ [ 756765.109863868914545, 1973665.504982373910025 ], [ 754765.276462183333933, 1973639.69092607148923 ] ] } },
{ "type": "Feature", "properties": { "Transect": 2968 }, "geometry": { "type": "LineString", "coordinates": [ [ 755752.157964336220175, 1974662.4603149543982 ], [ 755777.971602573525161, 1972662.62690787226893 ] ] } },
{ "type": "Feature", "properties": { "Transect": 2969 }, "geometry": { "type": "LineString", "coordinates": [ [ 756755.456014206982218, 1973675.327267640037462 ], [ 754755.622601728071459, 1973649.514047525124624 ] ] } },
{ "type": "Feature", "properties": { "Transect": 2970 }, "geometry": { "type": "LineString", "coordinates": [ [ 755742.50453152670525, 1974672.283023248193786 ], [ 755768.317333596292883, 1972672.44960537343286 ] ] } },
{ "type": "Feature", "properties": { "Transect": 2971 }, "geometry": { "type": "LineString", "coordinates": [ [ 756745.802174017531797, 1973685.14955652016215 ], [ 754745.968750746222213, 1973659.337172543862835 ] ] } },
{ "type": "Feature", "properties": { "Transect": 2972 }, "geometry": { "type": "LineString", "coordinates": [ [ 755732.851108192582615, 1974682.105735131073743 ], [ 755758.66307408909779, 1972682.2723064632155 ] ] } },
{ "type": "Feature", "properties": { "Transect": 2973 }, "geometry": { "type": "LineString", "coordinates": [ [ 756736.14834329939913, 1973694.971848962828517 ], [ 754736.314909235225059, 1973669.160301177762449 ] ] } },
{ "type": "Feature", "properties": { "Transect": 2974 }, "geometry": { "type": "LineString", "coordinates": [ [ 756736.019975412054919, 1973704.917567639611661 ], [ 754736.186542970943265, 1973679.105894109234214 ] ] } },
{ "type": "Feature", "properties": { "Transect": 2975 }, "geometry": { "type": "LineString", "coordinates": [ [ 756735.891606898396276, 1973714.863286390900612 ], [ 754736.058176080114208, 1973689.051487115677446 ] ] } },
{ "type": "Feature", "properties": { "Transect": 2976 }, "geometry": { "type": "LineString", "coordinates": [ [ 755722.940832540625706, 1974711.81976081407629 ], [ 755748.752213780535385, 1972711.986324600176886 ] ] } },
{ "type": "Feature", "properties": { "Transect": 2977 }, "geometry": { "type": "LineString", "coordinates": [ [ 756726.237793982028961, 1973724.685581512050703 ], [ 754726.404352371580899, 1973698.874618403380737 ] ] } },
{ "type": "Feature", "properties": { "Transect": 2978 }, "geometry": { "type": "LineString", "coordinates": [ [ 755713.287436507293023, 1974721.642478953348473 ], [ 755739.097981519182213, 1972721.809031946817413 ] ] } },
{ "type": "Feature", "properties": { "Transect": 2979 }, "geometry": { "type": "LineString", "coordinates": [ [ 756716.583990535931662, 1973734.507880179909989 ], [ 754716.750538132619113, 1973708.697753325803205 ] ] } },
{ "type": "Feature", "properties": { "Transect": 2980 }, "geometry": { "type": "LineString", "coordinates": [ [ 755703.634049989865161, 1974731.465200681705028 ], [ 755729.44375868269708, 1972731.63174288161099 ] ] } },
{ "type": "Feature", "properties": { "Transect": 2981 }, "geometry": { "type": "LineString", "coordinates": [ [ 756706.930196562665515, 1973744.330182456411421 ], [ 754707.096733367186971, 1973718.520891817752272 ] ] } },
{ "type": "Feature", "properties": { "Transect": 2982 }, "geometry": { "type": "LineString", "coordinates": [ [ 755693.980672874371521, 1974741.2879260010086 ], [ 755719.789545390172862, 1972741.454457409214228 ] ] } },
{ "type": "Feature", "properties": { "Transect": 2983 }, "geometry": { "type": "LineString", "coordinates": [ [ 756697.276412060833536, 1973754.152488325722516 ], [ 754697.442938073421828, 1973728.344033899251372 ] ] } },
{ "type": "Feature", "properties": { "Transect": 2984 }, "geometry": { "type": "LineString", "coordinates": [ [ 755665.020598486065865, 1974770.756123498314992 ], [ 755690.82696221745573, 1972770.922622530953959 ] ] } },
{ "type": "Feature", "properties": { "Transect": 2985 }, "geometry": { "type": "LineString", "coordinates": [ [ 756668.31511538522318, 1973783.619427415775135 ], [ 754668.481609023176134, 1973757.813481742283329 ] ] } },
{ "type": "Feature", "properties": { "Transect": 2986 }, "geometry": { "type": "LineString", "coordinates": [ [ 755636.317396079190075, 1974780.333051412599161 ], [ 755662.120999656617641, 1972780.49951482960023 ] ] } },
{ "type": "Feature", "properties": { "Transect": 2987 }, "geometry": { "type": "LineString", "coordinates": [ [ 755626.792465246398933, 1974780.210152413696051 ], [ 755652.595106864464469, 1972780.376603418961167 ] ] } },
{ "type": "Feature", "properties": { "Transect": 2988 }, "geometry": { "type": "LineString", "coordinates": [ [ 756630.085151953389868, 1973793.071589037077501 ], [ 754630.25159756350331, 1973767.269365564687178 ] ] } },
{ "type": "Feature", "properties": { "Transect": 2989 }, "geometry": { "type": "LineString", "coordinates": [ [ 755617.139151435811073, 1974790.03290783893317 ], [ 755642.940956822130829, 1972790.19934805482626 ] ] } },
{ "type": "Feature", "properties": { "Transect": 2990 }, "geometry": { "type": "LineString", "coordinates": [ [ 756620.431430728291161, 1973802.893924976466224 ], [ 754620.597865548566915, 1973777.092537790769711 ] ] } },
{ "type": "Feature", "properties": { "Transect": 2991 }, "geometry": { "type": "LineString", "coordinates": [ [ 755597.960927446605638, 1974799.732780550839379 ], [ 755623.760934533784166, 1972799.899197566090152 ] ] } },
{ "type": "Feature", "properties": { "Transect": 2992 }, "geometry": { "type": "LineString", "coordinates": [ [ 756601.252325008856133, 1973812.592895574169233 ], [ 754601.418736628489569, 1973786.793306700186804 ] ] } },
{ "type": "Feature", "properties": { "Transect": 2993 }, "geometry": { "type": "LineString", "coordinates": [ [ 755559.347826265264302, 1974839.023868733784184 ], [ 755585.144487970275804, 1972839.190242592478171 ] ] } },
{ "type": "Feature", "properties": { "Transect": 2994 }, "geometry": { "type": "LineString", "coordinates": [ [ 756562.637593939783983, 1973851.882305739214644 ], [ 754562.80396240495611, 1973826.086062166141346 ] ] } },
{ "type": "Feature", "properties": { "Transect": 2995 }, "geometry": { "type": "LineString", "coordinates": [ [ 755549.694574647699483, 1974848.846649756655097 ], [ 755575.490400012233295, 1972849.013012827374041 ] ] } },
{ "type": "Feature", "properties": { "Transect": 2996 }, "geometry": { "type": "LineString", "coordinates": [ [ 756552.983934850781225, 1973861.704667242942378 ], [ 754553.150292527978308, 1973835.909260025480762 ] ] } },
{ "type": "Feature", "properties": { "Transect": 2997 }, "geometry": { "type": "LineString", "coordinates": [ [ 755520.349849342019297, 1974908.151950251776725 ], [ 755546.143542678444646, 1972908.318285822868347 ] ] } },
{ "type": "Feature", "properties": { "Transect": 2998 }, "geometry": { "type": "LineString", "coordinates": [ [ 756523.638187576783821, 1973921.008898456348106 ], [ 754523.804517752723768, 1973895.215623397612944 ] ] } },
{ "type": "Feature", "properties": { "Transect": 2999 }, "geometry": { "type": "LineString", "coordinates": [ [ 755510.568308686022647, 1974927.920389237580821 ], [ 755536.361291167908348, 1972928.086715639801696 ] ] } },
{ "type": "Feature", "properties": { "Transect": 3000 }, "geometry": { "type": "LineString", "coordinates": [ [ 756513.856306176632643, 1973940.776981010800228 ], [ 754514.022627186030149, 1973914.984416679246351 ] ] } },
{ "type": "Feature", "properties": { "Transect": 3001 }, "geometry": { "type": "LineString", "coordinates": [ [ 756503.689630722394213, 1973990.382189785363153 ], [ 754503.855947425356135, 1973964.589959346922114 ] ] } },
{ "type": "Feature", "properties": { "Transect": 3002 }, "geometry": { "type": "LineString", "coordinates": [ [ 755490.74861208780203, 1974987.348564082058147 ], [ 755516.540424354257993, 1972987.514875391731039 ] ] } },
{ "type": "Feature", "properties": { "Transect": 3003 }, "geometry": { "type": "LineString", "coordinates": [ [ 756493.779526180704124, 1974020.095984229119495 ], [ 754493.945835336693563, 1973994.304338961141184 ] ] } },
{ "type": "Feature", "properties": { "Transect": 3004 }, "geometry": { "type": "LineString", "coordinates": [ [ 756493.651257432298735, 1974030.041691913502291 ], [ 754493.817568208789453, 1974004.249920995673165 ] ] } },
{ "type": "Feature", "properties": { "Transect": 3005 }, "geometry": { "type": "LineString", "coordinates": [ [ 755480.710467901546508, 1975027.008298698114231 ], [ 755506.50182061130181, 1973027.17460408131592 ] ] } },
{ "type": "Feature", "properties": { "Transect": 3006 }, "geometry": { "type": "LineString", "coordinates": [ [ 755470.415692565613426, 1975086.559322816319764 ], [ 755496.206836839788593, 1973086.725625511258841 ] ] } },
{ "type": "Feature", "properties": { "Transect": 3007 }, "geometry": { "type": "LineString", "coordinates": [ [ 756473.702861540950835, 1974099.414993374375626 ], [ 754473.869158842368051, 1974073.62426731060259 ] ] } },
{ "type": "Feature", "properties": { "Transect": 3008 }, "geometry": { "type": "LineString", "coordinates": [ [ 756210.534824425703846, 1973702.711399268358946 ], [ 754748.391071337391622, 1975067.312309903092682 ] ] } },
{ "type": "Feature", "properties": { "Transect": 3009 }, "geometry": { "type": "LineString", "coordinates": [ [ 756488.776581221725792, 1974407.97863926528953 ], [ 754488.942953574005514, 1974382.182094361400232 ] ] } },
{ "type": "Feature", "properties": { "Transect": 3010 }, "geometry": { "type": "LineString", "coordinates": [ [ 756488.648288064287044, 1974417.924349882407114 ], [ 754488.814662037300877, 1974392.127679326804355 ] ] } },
{ "type": "Feature", "properties": { "Transect": 3011 }, "geometry": { "type": "LineString", "coordinates": [ [ 756488.519994280883111, 1974427.870060573564842 ], [ 754488.686369874631055, 1974402.073264367645606 ] ] } },
{ "type": "Feature", "properties": { "Transect": 3012 }, "geometry": { "type": "LineString", "coordinates": [ [ 756219.547961196978576, 1973742.618136774748564 ], [ 754757.401815760531463, 1975107.216484049335122 ] ] } },
{ "type": "Feature", "properties": { "Transect": 3013 }, "geometry": { "type": "LineString", "coordinates": [ [ 756497.788486413424835, 1974447.88483508862555 ], [ 754497.954877661773935, 1974422.086825340054929 ] ] } },
{ "type": "Feature", "properties": { "Transect": 3014 }, "geometry": { "type": "LineString", "coordinates": [ [ 756497.660185959073715, 1974457.830546529963613 ], [ 754497.826578827924095, 1974432.03241115482524 ] ] } },
{ "type": "Feature", "properties": { "Transect": 3015 }, "geometry": { "type": "LineString", "coordinates": [ [ 756497.531884878640994, 1974467.776258058613166 ], [ 754497.698279368458316, 1974441.977997033158317 ] ] } },
{ "type": "Feature", "properties": { "Transect": 3016 }, "geometry": { "type": "LineString", "coordinates": [ [ 756497.403583172475919, 1974477.721969651291147 ], [ 754497.56997928279452, 1974451.923582998337224 ] ] } },
{ "type": "Feature", "properties": { "Transect": 3017 }, "geometry": { "type": "LineString", "coordinates": [ [ 756497.275280840345658, 1974487.667681318940595 ], [ 754497.44167857139837, 1974461.86916903895326 ] ] } },
{ "type": "Feature", "properties": { "Transect": 3018 }, "geometry": { "type": "LineString", "coordinates": [ [ 756497.146977882366627, 1974497.613393062725663 ], [ 754497.31337723415345, 1974471.81475515384227 ] ] } },
{ "type": "Feature", "properties": { "Transect": 3019 }, "geometry": { "type": "LineString", "coordinates": [ [ 756228.17679456982296, 1973812.362528583966196 ], [ 754766.026954999775626, 1975176.95691764075309 ] ] } },
{ "type": "Feature", "properties": { "Transect": 3020 }, "geometry": { "type": "LineString", "coordinates": [ [ 756506.415418624412268, 1974517.628178073326126 ], [ 754506.581833632197231, 1974491.828326576156542 ] ] } },
{ "type": "Feature", "properties": { "Transect": 3021 }, "geometry": { "type": "LineString", "coordinates": [ [ 756237.445999329676852, 1973832.377524215960875 ], [ 754775.294635289348662, 1975196.970279815373942 ] ] } },
{ "type": "Feature", "properties": { "Transect": 3022 }, "geometry": { "type": "LineString", "coordinates": [ [ 756515.683838201919571, 1974537.642970143584535 ], [ 754515.850268867099658, 1974511.841905013890937 ] ] } },
{ "type": "Feature", "properties": { "Transect": 3023 }, "geometry": { "type": "LineString", "coordinates": [ [ 756515.555522526963614, 1974547.588683347916231 ], [ 754515.721954813343473, 1974521.787492567440495 ] ] } },
{ "type": "Feature", "properties": { "Transect": 3024 }, "geometry": { "type": "LineString", "coordinates": [ [ 756515.427206226275302, 1974557.534396617440507 ], [ 754515.593640133389272, 1974531.733080206206068 ] ] } },
{ "type": "Feature", "properties": { "Transect": 3025 }, "geometry": { "type": "LineString", "coordinates": [ [ 756515.29888929950539, 1974567.480109969154 ], [ 754515.465324827819131, 1974541.678667910397053 ] ] } },
{ "type": "Feature", "properties": { "Transect": 3026 }, "geometry": { "type": "LineString", "coordinates": [ [ 756515.170571746770293, 1974577.42582339909859 ], [ 754515.337008896283805, 1974551.624255689093843 ] ] } },
{ "type": "Feature", "properties": { "Transect": 3027 }, "geometry": { "type": "LineString", "coordinates": [ [ 756246.202785089612007, 1973892.176059085410088 ], [ 754784.048160817241296, 1975256.765321361366659 ] ] } },
{ "type": "Feature", "properties": { "Transect": 3028 }, "geometry": { "type": "LineString", "coordinates": [ [ 756524.438945978414267, 1974597.440625257324427 ], [ 754524.605398786254227, 1974571.637843912933022 ] ] } },
{ "type": "Feature", "properties": { "Transect": 3029 }, "geometry": { "type": "LineString", "coordinates": [ [ 756255.343816404114477, 1973922.136955615598708 ], [ 754793.187233453732915, 1975286.7241191691719 ] ] } },
{ "type": "Feature", "properties": { "Transect": 3030 }, "geometry": { "type": "LineString", "coordinates": [ [ 756533.578968772897497, 1974627.401149055222049 ], [ 754533.74543886189349, 1974601.597028380958363 ] ] } },
{ "type": "Feature", "properties": { "Transect": 3031 }, "geometry": { "type": "LineString", "coordinates": [ [ 756533.450637876754627, 1974637.346864011604339 ], [ 754533.617109587183222, 1974611.542617683298886 ] ] } },
{ "type": "Feature", "properties": { "Transect": 3032 }, "geometry": { "type": "LineString", "coordinates": [ [ 756533.322306354646571, 1974647.292579052271321 ], [ 754533.488779686507769, 1974621.488207049435005 ] ] } },
{ "type": "Feature", "properties": { "Transect": 3033 }, "geometry": { "type": "LineString", "coordinates": [ [ 756264.356699421769008, 1973962.043745352420956 ], [ 754802.197723944438621, 1975326.628345306031406 ] ] } },
{ "type": "Feature", "properties": { "Transect": 3034 }, "geometry": { "type": "LineString", "coordinates": [ [ 756542.590620115981437, 1974667.307397071737796 ], [ 754542.757109108730219, 1974641.501811388880014 ] ] } },
{ "type": "Feature", "properties": { "Transect": 3035 }, "geometry": { "type": "LineString", "coordinates": [ [ 756542.462281921878457, 1974677.253112874226645 ], [ 754542.628772536292672, 1974651.447401517769322 ] ] } },
{ "type": "Feature", "properties": { "Transect": 3036 }, "geometry": { "type": "LineString", "coordinates": [ [ 756551.217185251531191, 1974737.050805332371965 ], [ 754551.383698014658876, 1974711.243377598701045 ] ] } },
{ "type": "Feature", "properties": { "Transect": 3037 }, "geometry": { "type": "LineString", "coordinates": [ [ 756282.254192403866909, 1974051.803241718094796 ], [ 754820.089997743372805, 1975416.382249270565808 ] ] } },
{ "type": "Feature", "properties": { "Transect": 3038 }, "geometry": { "type": "LineString", "coordinates": [ [ 756291.651333418558352, 1974061.872400812804699 ], [ 754829.486047906451859, 1975426.450239502824843 ] ] } },
{ "type": "Feature", "properties": { "Transect": 3039 }, "geometry": { "type": "LineString", "coordinates": [ [ 756569.882005314924754, 1974767.134765352355316 ], [ 754570.048547784215771, 1974741.325035771587864 ] ] } },
{ "type": "Feature", "properties": { "Transect": 3040 }, "geometry": { "type": "LineString", "coordinates": [ [ 756300.920323562342674, 1974081.887453343719244 ], [ 754838.753513485193253, 1975446.463658438064158 ] ] } },
{ "type": "Feature", "properties": { "Transect": 3041 }, "geometry": { "type": "LineString", "coordinates": [ [ 756579.150210223975591, 1974787.149614347377792 ], [ 754579.316768359276466, 1974761.338670945027843 ] ] } },
{ "type": "Feature", "properties": { "Transect": 3042 }, "geometry": { "type": "LineString", "coordinates": [ [ 756579.021845340845175, 1974797.095333187840879 ], [ 754579.188405097811483, 1974771.284264135640115 ] ] } },
{ "type": "Feature", "properties": { "Transect": 3043 }, "geometry": { "type": "LineString", "coordinates": [ [ 756310.061144934152253, 1974111.848401623778045 ], [ 754847.892376107978635, 1975476.422507881652564 ] ] } },
{ "type": "Feature", "properties": { "Transect": 3044 }, "geometry": { "type": "LineString", "coordinates": [ [ 756328.599007539451122, 1974151.878543523838744 ], [ 754866.427189097739756, 1975516.449382049730048 ] ] } },
{ "type": "Feature", "properties": { "Transect": 3045 }, "geometry": { "type": "LineString", "coordinates": [ [ 756606.826314923120663, 1974857.139924491988495 ], [ 754606.992921683005989, 1974831.325213932199404 ] ] } },
{ "type": "Feature", "properties": { "Transect": 3046 }, "geometry": { "type": "LineString", "coordinates": [ [ 756606.697931273723952, 1974867.085645504062995 ], [ 754606.864539656438865, 1974841.270809223642573 ] ] } },
{ "type": "Feature", "properties": { "Transect": 3047 }, "geometry": { "type": "LineString", "coordinates": [ [ 756606.569546998478472, 1974877.031366556417197 ], [ 754606.736157003091648, 1974851.216404625214636 ] ] } },
{ "type": "Feature", "properties": { "Transect": 3048 }, "geometry": { "type": "LineString", "coordinates": [ [ 756337.611573555041105, 1974191.785406630253419 ], [ 754875.437362266005948, 1975556.353681155713275 ] ] } },
{ "type": "Feature", "properties": { "Transect": 3049 }, "geometry": { "type": "LineString", "coordinates": [ [ 756615.837649094872177, 1974897.04624581662938 ], [ 754616.004274769686162, 1974871.230069972574711 ] ] } },
{ "type": "Feature", "properties": { "Transect": 3050 }, "geometry": { "type": "LineString", "coordinates": [ [ 756346.880439874716103, 1974211.800496593350545 ], [ 754884.704703715397045, 1975576.367137174354866 ] ] } },
{ "type": "Feature", "properties": { "Transect": 3051 }, "geometry": { "type": "LineString", "coordinates": [ [ 756625.10573002230376, 1974917.061132117640227 ], [ 754625.272371368017048, 1974891.243742360267788 ] ] } },
{ "type": "Feature", "properties": { "Transect": 3052 }, "geometry": { "type": "LineString", "coordinates": [ [ 756356.149284945917316, 1974231.81559351272881 ], [ 754893.972024076036178, 1975596.380600317381322 ] ] } },
{ "type": "Feature", "properties": { "Transect": 3053 }, "geometry": { "type": "LineString", "coordinates": [ [ 756643.513419280876406, 1974967.036649748450145 ], [ 754643.680093594011851, 1974941.216706445207819 ] ] } },
{ "type": "Feature", "properties": { "Transect": 3054 }, "geometry": { "type": "LineString", "coordinates": [ [ 756374.558719957829453, 1974281.791702425573021 ], [ 754912.377975108218379, 1975646.352976019028574 ] ] } },
{ "type": "Feature", "properties": { "Transect": 3055 }, "geometry": { "type": "LineString", "coordinates": [ [ 756652.781430652365088, 1974987.05155789013952 ], [ 754652.948120639659464, 1974961.230400606058538 ] ] } },
{ "type": "Feature", "properties": { "Transect": 3056 }, "geometry": { "type": "LineString", "coordinates": [ [ 756383.827495477162302, 1974301.806821161881089 ], [ 754921.645225911401212, 1975666.366460960824043 ] ] } },
{ "type": "Feature", "properties": { "Transect": 3057 }, "geometry": { "type": "LineString", "coordinates": [ [ 756661.920999044668861, 1975017.012198420939967 ], [ 754662.087706329883076, 1974991.189701458672062 ] ] } },
{ "type": "Feature", "properties": { "Transect": 3058 }, "geometry": { "type": "LineString", "coordinates": [ [ 756392.968045438756235, 1974331.767842293251306 ], [ 754930.783816685318016, 1975696.325382738374174 ] ] } },
{ "type": "Feature", "properties": { "Transect": 3059 }, "geometry": { "type": "LineString", "coordinates": [ [ 756671.188962026964873, 1975037.027121330844238 ], [ 754671.355684987735003, 1975011.203410386340693 ] ] } },
{ "type": "Feature", "properties": { "Transect": 3060 }, "geometry": { "type": "LineString", "coordinates": [ [ 756402.236772640608251, 1974351.782975876936689 ], [ 754940.051019028993323, 1975716.338882366428152 ] ] } },
{ "type": "Feature", "properties": { "Transect": 3061 }, "geometry": { "type": "LineString", "coordinates": [ [ 756411.63369543175213, 1974361.852220067288727 ], [ 754949.446850885637105, 1975726.406957568135113 ] ] } },
{ "type": "Feature", "properties": { "Transect": 3062 }, "geometry": { "type": "LineString", "coordinates": [ [ 756421.03060847055167, 1974371.921469945926219 ], [ 754958.842673090752214, 1975736.475038564763963 ] ] } },
{ "type": "Feature", "properties": { "Transect": 3063 }, "geometry": { "type": "LineString", "coordinates": [ [ 756430.427511811954901, 1974381.990725571056828 ], [ 754968.238485589390621, 1975746.543125295778736 ] ] } },
{ "type": "Feature", "properties": { "Transect": 3064 }, "geometry": { "type": "LineString", "coordinates": [ [ 756708.645956518943422, 1975087.249697311548516 ], [ 754708.812737321597524, 1975061.421507395105436 ] ] } },
{ "type": "Feature", "properties": { "Transect": 3065 }, "geometry": { "type": "LineString", "coordinates": [ [ 756439.696172591880895, 1974402.005885384976864 ], [ 754977.5056212808704, 1975766.556650896091014 ] ] } },
{ "type": "Feature", "properties": { "Transect": 3066 }, "geometry": { "type": "LineString", "coordinates": [ [ 756717.913831789279357, 1975107.264653432182968 ], [ 754718.080628272844478, 1975081.435249395202845 ] ] } },
{ "type": "Feature", "properties": { "Transect": 3067 }, "geometry": { "type": "LineString", "coordinates": [ [ 756717.785374945495278, 1975117.210382767487317 ], [ 754717.952173052821308, 1975091.380853009410203 ] ] } },
{ "type": "Feature", "properties": { "Transect": 3068 }, "geometry": { "type": "LineString", "coordinates": [ [ 756448.836572561529465, 1974431.966951341601089 ], [ 754986.644062120351009, 1975796.515617534751073 ] ] } },
{ "type": "Feature", "properties": { "Transect": 3069 }, "geometry": { "type": "LineString", "coordinates": [ [ 756458.233430581516586, 1974442.036226083990186 ], [ 754996.039829200017266, 1975806.583723270799965 ] ] } },
{ "type": "Feature", "properties": { "Transect": 3070 }, "geometry": { "type": "LineString", "coordinates": [ [ 756736.449518814566545, 1975147.294586784671992 ], [ 754736.616346661816351, 1975121.462754530832171 ] ] } },
{ "type": "Feature", "properties": { "Transect": 3071 }, "geometry": { "type": "LineString", "coordinates": [ [ 756736.321049874648452, 1975157.240317507879809 ], [ 754736.487879346124828, 1975131.408359507331625 ] ] } },
{ "type": "Feature", "properties": { "Transect": 3072 }, "geometry": { "type": "LineString", "coordinates": [ [ 756467.373776087071747, 1974471.997307474957779 ], [ 755005.178215625230223, 1975836.542705388041213 ] ] } },
{ "type": "Feature", "properties": { "Transect": 3073 }, "geometry": { "type": "LineString", "coordinates": [ [ 756476.77060391579289, 1974482.066594986477867 ], [ 755014.573952403268777, 1975846.610823769820854 ] ] } },
{ "type": "Feature", "properties": { "Transect": 3074 }, "geometry": { "type": "LineString", "coordinates": [ [ 756486.167421995429322, 1974492.135888192104176 ], [ 755023.96967952279374, 1975856.678947940701619 ] ] } },
{ "type": "Feature", "properties": { "Transect": 3075 }, "geometry": { "type": "LineString", "coordinates": [ [ 756764.381377018406056, 1975197.393806978594512 ], [ 754764.548250294174068, 1975171.558458013925701 ] ] } },
{ "type": "Feature", "properties": { "Transect": 3076 }, "geometry": { "type": "LineString", "coordinates": [ [ 756495.435961875598878, 1974512.15108966617845 ], [ 755033.236694145249203, 1975876.692514999071136 ] ] } },
{ "type": "Feature", "properties": { "Transect": 3077 }, "geometry": { "type": "LineString", "coordinates": [ [ 756504.832755013485439, 1974522.220394848845899 ], [ 755042.632396550034173, 1975886.76065138541162 ] ] } },
{ "type": "Feature", "properties": { "Transect": 3078 }, "geometry": { "type": "LineString", "coordinates": [ [ 756783.045362341334112, 1975227.478075430030003 ], [ 754783.212265365174972, 1975201.640423855511472 ] ] } },
{ "type": "Feature", "properties": { "Transect": 3079 }, "geometry": { "type": "LineString", "coordinates": [ [ 756514.101258602109738, 1974542.235609726980329 ], [ 755051.899374872329645, 1975906.77423183247447 ] ] } },
{ "type": "Feature", "properties": { "Transect": 3080 }, "geometry": { "type": "LineString", "coordinates": [ [ 756792.313080326537602, 1975247.493086567148566 ], [ 754792.479999038740061, 1975221.654220752418041 ] ] } },
{ "type": "Feature", "properties": { "Transect": 3081 }, "geometry": { "type": "LineString", "coordinates": [ [ 756523.36974098184146, 1974562.250831610755995 ], [ 755061.16633205418475, 1975926.787819354562089 ] ] } },
{ "type": "Feature", "properties": { "Transect": 3082 }, "geometry": { "type": "LineString", "coordinates": [ [ 756801.580777138122357, 1975267.508104742038995 ], [ 754801.747711539152078, 1975241.668024693615735 ] ] } },
{ "type": "Feature", "properties": { "Transect": 3083 }, "geometry": { "type": "LineString", "coordinates": [ [ 756532.638202147441916, 1974582.266060496214777 ], [ 755070.433268103399314, 1975946.801413961686194 ] ] } },
{ "type": "Feature", "properties": { "Transect": 3084 }, "geometry": { "type": "LineString", "coordinates": [ [ 756542.034940325305797, 1974592.335390611551702 ], [ 755079.828915316960774, 1975956.869575023651123 ] ] } },
{ "type": "Feature", "properties": { "Transect": 3085 }, "geometry": { "type": "LineString", "coordinates": [ [ 756551.431668856763281, 1974602.404726529726759 ], [ 755089.224552773288451, 1975966.937741767847911 ] ] } },
{ "type": "Feature", "properties": { "Transect": 3086 }, "geometry": { "type": "LineString", "coordinates": [ [ 756839.036951546557248, 1975317.731033925665542 ], [ 754839.203943835804239, 1975291.886474147206172 ] ] } },
{ "type": "Feature", "properties": { "Transect": 3087 }, "geometry": { "type": "LineString", "coordinates": [ [ 756570.096782342530787, 1974632.489323232555762 ], [ 755107.887049983022735, 1975997.0195349145215 ] ] } },
{ "type": "Feature", "properties": { "Transect": 3088 }, "geometry": { "type": "LineString", "coordinates": [ [ 756579.493476283620112, 1974642.55867693061009 ], [ 755117.28265296376776, 1976007.087719555478543 ] ] } },
{ "type": "Feature", "properties": { "Transect": 3089 }, "geometry": { "type": "LineString", "coordinates": [ [ 756857.700692357146181, 1975347.815404489869252 ], [ 754857.867714408668689, 1975321.968541820300743 ] ] } },
{ "type": "Feature", "properties": { "Transect": 3090 }, "geometry": { "type": "LineString", "coordinates": [ [ 756588.761834726319648, 1974662.573945461306721 ], [ 755126.549486039555632, 1976027.101353521924466 ] ] } },
{ "type": "Feature", "properties": { "Transect": 3091 }, "geometry": { "type": "LineString", "coordinates": [ [ 756885.631908516515978, 1975397.914878747891635 ], [ 754885.798976030317135, 1975372.064498792402446 ] ] } },
{ "type": "Feature", "properties": { "Transect": 3092 }, "geometry": { "type": "LineString", "coordinates": [ [ 756616.695126870181412, 1974712.673882089555264 ], [ 755154.478636634768918, 1976077.196852099150419 ] ] } },
{ "type": "Feature", "properties": { "Transect": 3093 }, "geometry": { "type": "LineString", "coordinates": [ [ 756904.29549076105468, 1975427.999313721433282 ], [ 754904.462588044581935, 1975402.146630832459778 ] ] } },
{ "type": "Feature", "properties": { "Transect": 3094 }, "geometry": { "type": "LineString", "coordinates": [ [ 756635.360020819236524, 1974742.758568858494982 ], [ 755173.14091400092002, 1976107.278734944527969 ] ] } },
{ "type": "Feature", "properties": { "Transect": 3095 }, "geometry": { "type": "LineString", "coordinates": [ [ 756922.959011869621463, 1975458.083774261176586 ], [ 754923.126138927298598, 1975432.22878829902038 ] ] } },
{ "type": "Feature", "properties": { "Transect": 3096 }, "geometry": { "type": "LineString", "coordinates": [ [ 756654.024853552808054, 1974772.843281042296439 ], [ 755191.803130313637666, 1976137.360643367748708 ] ] } },
{ "type": "Feature", "properties": { "Transect": 3097 }, "geometry": { "type": "LineString", "coordinates": [ [ 756663.421433201991022, 1974782.912689660442993 ], [ 755201.198618698399514, 1976147.428882581880316 ] ] } },
{ "type": "Feature", "properties": { "Transect": 3098 }, "geometry": { "type": "LineString", "coordinates": [ [ 756941.622471844311804, 1975488.168260321486741 ], [ 754941.789628679398447, 1975462.310971239581704 ] ] } },
{ "type": "Feature", "properties": { "Transect": 3099 }, "geometry": { "type": "LineString", "coordinates": [ [ 756672.689625285915099, 1974802.928018870064989 ], [ 755210.465285361860879, 1976167.442577141104266 ] ] } },
{ "type": "Feature", "properties": { "Transect": 3100 }, "geometry": { "type": "LineString", "coordinates": [ [ 756682.086180017562583, 1974812.997439498547465 ], [ 755219.860748999286443, 1976177.510828543454409 ] ] } },
{ "type": "Feature", "properties": { "Transect": 3101 }, "geometry": { "type": "LineString", "coordinates": [ [ 756691.482725050416775, 1974823.066865875618532 ], [ 755229.256202927208506, 1976187.579085681354627 ] ] } },
{ "type": "Feature", "properties": { "Transect": 3102 }, "geometry": { "type": "LineString", "coordinates": [ [ 755982.696003475342877, 1974515.475426332093775 ], [ 755956.834904057323001, 1976515.308220226783305 ] ] } },
{ "type": "Feature", "properties": { "Transect": 3103 }, "geometry": { "type": "LineString", "coordinates": [ [ 756710.404185637948103, 1974833.259818651713431 ], [ 755248.17591529537458, 1976197.770165043883026 ] ] } },
{ "type": "Feature", "properties": { "Transect": 3104 }, "geometry": { "type": "LineString", "coordinates": [ [ 756988.602412645937875, 1975538.515216416213661 ], [ 754988.769639868754894, 1975512.652484029065818 ] ] } },
{ "type": "Feature", "properties": { "Transect": 3105 }, "geometry": { "type": "LineString", "coordinates": [ [ 756719.67230210499838, 1974853.275179668096825 ], [ 755257.442506303545088, 1976217.783891355386004 ] ] } },
{ "type": "Feature", "properties": { "Transect": 3106 }, "geometry": { "type": "LineString", "coordinates": [ [ 756729.068808352109045, 1974863.344629056053236 ], [ 755266.837921382859349, 1976227.852171429200098 ] ] } },
{ "type": "Feature", "properties": { "Transect": 3107 }, "geometry": { "type": "LineString", "coordinates": [ [ 756747.861791806528345, 1974883.483545142691582 ], [ 755285.628722356865183, 1976247.988748726900667 ] ] } },
{ "type": "Feature", "properties": { "Transect": 3108 }, "geometry": { "type": "LineString", "coordinates": [ [ 756757.258268966688775, 1974893.553011792479083 ], [ 755295.024108295678161, 1976258.057045999215916 ] ] } },
{ "type": "Feature", "properties": { "Transect": 3109 }, "geometry": { "type": "LineString", "coordinates": [ [ 757035.453460847726092, 1975598.80806751572527 ], [ 755035.620760104851797, 1975572.939765685005113 ] ] } },
{ "type": "Feature", "properties": { "Transect": 3110 }, "geometry": { "type": "LineString", "coordinates": [ [ 756785.319198752520606, 1974933.707368593895808 ], [ 755323.08133006747812, 1976298.207429195987061 ] ] } },
{ "type": "Feature", "properties": { "Transect": 3111 }, "geometry": { "type": "LineString", "coordinates": [ [ 757063.512480147997849, 1975638.962151438230649 ], [ 755063.679823286482133, 1975613.09045744757168 ] ] } },
{ "type": "Feature", "properties": { "Transect": 3112 }, "geometry": { "type": "LineString", "coordinates": [ [ 756822.776406508521177, 1974983.931289052590728 ], [ 755360.533738380181603, 1976348.426206414122134 ] ] } },
{ "type": "Feature", "properties": { "Transect": 3113 }, "geometry": { "type": "LineString", "coordinates": [ [ 756832.172795212711208, 1974994.000802918570116 ], [ 755369.929035802953877, 1976358.494550822069868 ] ] } },
{ "type": "Feature", "properties": { "Transect": 3114 }, "geometry": { "type": "LineString", "coordinates": [ [ 756841.569174205535091, 1975004.070322522660717 ], [ 755379.324323527165689, 1976368.562900979770347 ] ] } },
{ "type": "Feature", "properties": { "Transect": 3115 }, "geometry": { "type": "LineString", "coordinates": [ [ 756132.781958154519089, 1974696.469269731547683 ], [ 756106.903186887386255, 1976696.301835022401065 ] ] } },
{ "type": "Feature", "properties": { "Transect": 3116 }, "geometry": { "type": "LineString", "coordinates": [ [ 756860.490390656632371, 1975014.263451701728627 ], [ 755398.243791602668352, 1976378.754156527342275 ] ] } },
{ "type": "Feature", "properties": { "Transect": 3117 }, "geometry": { "type": "LineString", "coordinates": [ [ 756869.886745978845283, 1975024.332987951114774 ], [ 755407.639055613661185, 1976388.82252328004688 ] ] } },
{ "type": "Feature", "properties": { "Transect": 3118 }, "geometry": { "type": "LineString", "coordinates": [ [ 757148.074965789681301, 1975729.587459526257589 ], [ 755148.242435725405812, 1975703.705966194858775 ] ] } },
{ "type": "Feature", "properties": { "Transect": 3119 }, "geometry": { "type": "LineString", "coordinates": [ [ 756879.154593217535876, 1975044.348458490334451 ], [ 755416.905377280549146, 1976408.836358946748078 ] ] } },
{ "type": "Feature", "properties": { "Transect": 3120 }, "geometry": { "type": "LineString", "coordinates": [ [ 757157.3420272533549, 1975749.602726380107924 ], [ 755157.509512911201455, 1975723.720018261810765 ] ] } },
{ "type": "Feature", "properties": { "Transect": 3121 }, "geometry": { "type": "LineString", "coordinates": [ [ 756189.031293382053263, 1974766.828774977475405 ], [ 756163.145863060723059, 1976766.661254086066037 ] ] } },
{ "type": "Feature", "properties": { "Transect": 3122 }, "geometry": { "type": "LineString", "coordinates": [ [ 756916.739857040345669, 1975084.62668648804538 ], [ 755454.486275646835566, 1976449.109908701619133 ] ] } },
{ "type": "Feature", "properties": { "Transect": 3123 }, "geometry": { "type": "LineString", "coordinates": [ [ 757194.925041337497532, 1975789.88081602146849 ], [ 755195.092583371791989, 1975763.993752330075949 ] ] } },
{ "type": "Feature", "properties": { "Transect": 3124 }, "geometry": { "type": "LineString", "coordinates": [ [ 756972.988908534869552, 1975154.990135797299445 ], [ 755510.728344343136996, 1976519.465874830260873 ] ] } },
{ "type": "Feature", "properties": { "Transect": 3125 }, "geometry": { "type": "LineString", "coordinates": [ [ 756982.385136596858501, 1975165.059742280514911 ], [ 755520.123480981215835, 1976529.534311671974137 ] ] } },
{ "type": "Feature", "properties": { "Transect": 3126 }, "geometry": { "type": "LineString", "coordinates": [ [ 756991.781354895909317, 1975175.129354448756203 ], [ 755529.518607970210724, 1976539.60275431885384 ] ] } },
{ "type": "Feature", "properties": { "Transect": 3127 }, "geometry": { "type": "LineString", "coordinates": [ [ 757001.177563607809134, 1975185.198972488753498 ], [ 755538.913725136895664, 1976549.671202583704144 ] ] } },
{ "type": "Feature", "properties": { "Transect": 3128 }, "geometry": { "type": "LineString", "coordinates": [ [ 757010.573762606480159, 1975195.26859626872465 ], [ 755548.308832601527683, 1976559.739656598772854 ] ] } },
{ "type": "Feature", "properties": { "Transect": 3129 }, "geometry": { "type": "LineString", "coordinates": [ [ 757019.969951806589961, 1975205.338225697632879 ], [ 755557.703930449672043, 1976569.808116455562413 ] ] } },
{ "type": "Feature", "properties": { "Transect": 3130 }, "geometry": { "type": "LineString", "coordinates": [ [ 757029.366131335264072, 1975215.407860908424482 ], [ 755567.099018559092656, 1976579.876582020195201 ] ] } },
{ "type": "Feature", "properties": { "Transect": 3131 }, "geometry": { "type": "LineString", "coordinates": [ [ 757038.76230118679814, 1975225.477501895977184 ], [ 755576.494096935726702, 1976589.94505330058746 ] ] } },
{ "type": "Feature", "properties": { "Transect": 3132 }, "geometry": { "type": "LineString", "coordinates": [ [ 757048.158461341168731, 1975235.54714864003472 ], [ 755585.889165594475344, 1976600.013530313270167 ] ] } },
{ "type": "Feature", "properties": { "Transect": 3133 }, "geometry": { "type": "LineString", "coordinates": [ [ 757057.554611800005659, 1975245.616801142459735 ], [ 755595.284224535571411, 1976610.082013058708981 ] ] } },
{ "type": "Feature", "properties": { "Transect": 3134 }, "geometry": { "type": "LineString", "coordinates": [ [ 757066.950752484495752, 1975255.686459319200367 ], [ 755604.679273837828077, 1976620.150501621887088 ] ] } },
{ "type": "Feature", "properties": { "Transect": 3135 }, "geometry": { "type": "LineString", "coordinates": [ [ 757076.346883519086987, 1975265.756123301805928 ], [ 755614.074313379591331, 1976630.218995870323852 ] ] } },
{ "type": "Feature", "properties": { "Transect": 3136 }, "geometry": { "type": "LineString", "coordinates": [ [ 757085.74300490738824, 1975275.825793095631525 ], [ 755623.469343151431531, 1976640.287495795404539 ] ] } },
{ "type": "Feature", "properties": { "Transect": 3137 }, "geometry": { "type": "LineString", "coordinates": [ [ 757095.139116509817541, 1975285.895468552596867 ], [ 755632.864363296190277, 1976650.356001552660018 ] ] } },
{ "type": "Feature", "properties": { "Transect": 3138 }, "geometry": { "type": "LineString", "coordinates": [ [ 757104.535218382370658, 1975295.965149731142446 ], [ 755642.259373757173307, 1976660.424513078061864 ] ] } },
{ "type": "Feature", "properties": { "Transect": 3139 }, "geometry": { "type": "LineString", "coordinates": [ [ 757113.931310734595172, 1975306.034836854087189 ], [ 755651.654374327627011, 1976670.493030150188133 ] ] } },
{ "type": "Feature", "properties": { "Transect": 3140 }, "geometry": { "type": "LineString", "coordinates": [ [ 756405.143617955967784, 1974998.41696397238411 ], [ 756379.233140609925613, 1976998.249118720414117 ] ] } },
{ "type": "Feature", "properties": { "Transect": 3141 }, "geometry": { "type": "LineString", "coordinates": [ [ 757411.024358486174606, 1976021.481616695877165 ], [ 755411.192224905942567, 1975995.569505635183305 ] ] } },
{ "type": "Feature", "properties": { "Transect": 3142 }, "geometry": { "type": "LineString", "coordinates": [ [ 757410.895489641698077, 1976031.427392847836018 ], [ 755411.063357695238665, 1976005.515155693981797 ] ] } },
{ "type": "Feature", "properties": { "Transect": 3143 }, "geometry": { "type": "LineString", "coordinates": [ [ 757141.990877640433609, 1975346.189878178061917 ], [ 755679.710232384968549, 1976710.644096725387499 ] ] } },
{ "type": "Feature", "properties": { "Transect": 3144 }, "geometry": { "type": "LineString", "coordinates": [ [ 757151.386925704195164, 1975356.259588864864781 ], [ 755689.105188737739809, 1976720.712637428427115 ] ] } },
{ "type": "Feature", "properties": { "Transect": 3145 }, "geometry": { "type": "LineString", "coordinates": [ [ 756442.599029678851366, 1975048.639196255942807 ], [ 756416.684069762472063, 1977048.471292921109125 ] ] } },
{ "type": "Feature", "properties": { "Transect": 3146 }, "geometry": { "type": "LineString", "coordinates": [ [ 757170.307660226244479, 1975366.453079456696287 ], [ 755708.02417466416955, 1976730.904254051158205 ] ] } },
{ "type": "Feature", "properties": { "Transect": 3147 }, "geometry": { "type": "LineString", "coordinates": [ [ 757179.703684467705898, 1975376.522806636523455 ], [ 755717.419107444700785, 1976740.972811510786414 ] ] } },
{ "type": "Feature", "properties": { "Transect": 3148 }, "geometry": { "type": "LineString", "coordinates": [ [ 756470.91591547767166, 1975068.900929162744433 ], [ 756444.997814044938423, 1977068.732985116075724 ] ] } },
{ "type": "Feature", "properties": { "Transect": 3149 }, "geometry": { "type": "LineString", "coordinates": [ [ 757198.624387352843769, 1975386.71632882906124 ], [ 755736.33806152374018, 1976751.164459500461817 ] ] } },
{ "type": "Feature", "properties": { "Transect": 3150 }, "geometry": { "type": "LineString", "coordinates": [ [ 757476.792696642689407, 1976091.969420688226819 ], [ 755476.96066186344251, 1976066.049685532227159 ] ] } },
{ "type": "Feature", "properties": { "Transect": 3151 }, "geometry": { "type": "LineString", "coordinates": [ [ 757207.891699188505299, 1975406.732022916199639 ], [ 755745.603847304941155, 1976771.178518105531111 ] ] } },
{ "type": "Feature", "properties": { "Transect": 3152 }, "geometry": { "type": "LineString", "coordinates": [ [ 757217.287684694281779, 1975416.801773185376078 ], [ 755754.998741162591614, 1976781.247098445892334 ] ] } },
{ "type": "Feature", "properties": { "Transect": 3153 }, "geometry": { "type": "LineString", "coordinates": [ [ 756508.499872009968385, 1975109.177607125369832 ], [ 756482.577413795283064, 1977109.009606609353796 ] ] } },
{ "type": "Feature", "properties": { "Transect": 3154 }, "geometry": { "type": "LineString", "coordinates": [ [ 757236.208331551635638, 1975426.995338825508952 ], [ 755773.917639354243875, 1976791.43879002192989 ] ] } },
{ "type": "Feature", "properties": { "Transect": 3155 }, "geometry": { "type": "LineString", "coordinates": [ [ 757514.374390590935946, 1976132.248292348347604 ], [ 755514.542412284994498, 1976106.324200360570103 ] ] } },
{ "type": "Feature", "properties": { "Transect": 3156 }, "geometry": { "type": "LineString", "coordinates": [ [ 757245.475582930608653, 1975447.011058439733461 ], [ 755783.183364526252262, 1976811.452873979927972 ] ] } },
{ "type": "Feature", "properties": { "Transect": 3157 }, "geometry": { "type": "LineString", "coordinates": [ [ 757254.871529508731328, 1975457.080831595463678 ], [ 755792.578219651128165, 1976821.52147740800865 ] ] } },
{ "type": "Feature", "properties": { "Transect": 3158 }, "geometry": { "type": "LineString", "coordinates": [ [ 757264.26746654312592, 1975467.150610671611503 ], [ 755801.973064907244407, 1976831.590086406795308 ] ] } },
{ "type": "Feature", "properties": { "Transect": 3159 }, "geometry": { "type": "LineString", "coordinates": [ [ 756555.47959939064458, 1975159.523583883652464 ], [ 756529.551694932160899, 1977159.355512764072046 ] ] } },
{ "type": "Feature", "properties": { "Transect": 3160 }, "geometry": { "type": "LineString", "coordinates": [ [ 757283.188043506699614, 1975477.344230773625895 ], [ 755820.891893099644221, 1976841.781832316657528 ] ] } },
{ "type": "Feature", "properties": { "Transect": 3161 }, "geometry": { "type": "LineString", "coordinates": [ [ 757292.583956717280671, 1975487.414026345591992 ], [ 755830.286714782239869, 1976851.850458074361086 ] ] } },
{ "type": "Feature", "properties": { "Transect": 3162 }, "geometry": { "type": "LineString", "coordinates": [ [ 757301.979860350722447, 1975497.48382780328393 ], [ 755839.681526629021391, 1976861.919089438859373 ] ] } },
{ "type": "Feature", "properties": { "Transect": 3163 }, "geometry": { "type": "LineString", "coordinates": [ [ 757311.375754218664952, 1975507.553634949028492 ], [ 755849.076328822993673, 1976871.987726610153913 ] ] } },
{ "type": "Feature", "properties": { "Transect": 3164 }, "geometry": { "type": "LineString", "coordinates": [ [ 756602.587992124259472, 1975199.92397873592563 ], [ 756576.654767563100904, 1977199.755838634213433 ] ] } },
{ "type": "Feature", "properties": { "Transect": 3165 }, "geometry": { "type": "LineString", "coordinates": [ [ 756612.11277819389943, 1975200.04749332787469 ], [ 756586.178590552764945, 1977199.879340737126768 ] ] } },
{ "type": "Feature", "properties": { "Transect": 3166 }, "geometry": { "type": "LineString", "coordinates": [ [ 757339.820905080065131, 1975517.871173389954492 ], [ 755877.51907376293093, 1976882.302686558337882 ] ] } },
{ "type": "Feature", "properties": { "Transect": 3167 }, "geometry": { "type": "LineString", "coordinates": [ [ 757349.216770983650349, 1975527.941002315375954 ], [ 755886.913847962045111, 1976892.371345470659435 ] ] } },
{ "type": "Feature", "properties": { "Transect": 3168 }, "geometry": { "type": "LineString", "coordinates": [ [ 757358.612627173075452, 1975538.010836982866749 ], [ 755896.308612459572032, 1976902.440010136691853 ] ] } },
{ "type": "Feature", "properties": { "Transect": 3169 }, "geometry": { "type": "LineString", "coordinates": [ [ 757368.008473603054881, 1975548.080677343532443 ], [ 755905.703367300098762, 1976912.508680603466928 ] ] } },
{ "type": "Feature", "properties": { "Transect": 3170 }, "geometry": { "type": "LineString", "coordinates": [ [ 756659.220965457032435, 1975240.448050931794569 ], [ 756633.281457302975468, 1977240.279829336563125 ] ] } },
{ "type": "Feature", "properties": { "Transect": 3171 }, "geometry": { "type": "LineString", "coordinates": [ [ 757386.928927441360429, 1975558.274413779145107 ], [ 755924.622072190744802, 1976922.700542628532276 ] ] } },
{ "type": "Feature", "properties": { "Transect": 3172 }, "geometry": { "type": "LineString", "coordinates": [ [ 757396.324750245199539, 1975568.344270847272128 ], [ 755934.016803261241876, 1976932.769229643978179 ] ] } },
{ "type": "Feature", "properties": { "Transect": 3173 }, "geometry": { "type": "LineString", "coordinates": [ [ 757674.481915520853363, 1976273.597143825609237 ], [ 755674.650172443245538, 1976247.654912244062871 ] ] } },
{ "type": "Feature", "properties": { "Transect": 3174 }, "geometry": { "type": "LineString", "coordinates": [ [ 757405.591762536671013, 1975588.360096583608538 ], [ 755943.282289286609739, 1976952.783419619314373 ] ] } },
{ "type": "Feature", "properties": { "Transect": 3175 }, "geometry": { "type": "LineString", "coordinates": [ [ 757414.987560525536537, 1975598.429965792689472 ], [ 755952.676995487883687, 1976962.852118712849915 ] ] } },
{ "type": "Feature", "properties": { "Transect": 3176 }, "geometry": { "type": "LineString", "coordinates": [ [ 757424.383348854957148, 1975608.499840803444386 ], [ 755962.071691929129884, 1976972.920823498629034 ] ] } },
{ "type": "Feature", "properties": { "Transect": 3177 }, "geometry": { "type": "LineString", "coordinates": [ [ 756715.595775226247497, 1975300.863780990242958 ], [ 756689.649730908800848, 1977300.695474604610354 ] ] } },
{ "type": "Feature", "properties": { "Transect": 3178 }, "geometry": { "type": "LineString", "coordinates": [ [ 757443.303718621493317, 1975618.693642396945506 ], [ 755980.990313004818745, 1976983.112750938627869 ] ] } },
{ "type": "Feature", "properties": { "Transect": 3179 }, "geometry": { "type": "LineString", "coordinates": [ [ 757452.699483246309683, 1975628.763534032041207 ], [ 755990.384985755663365, 1976993.181472358992323 ] ] } },
{ "type": "Feature", "properties": { "Transect": 3180 }, "geometry": { "type": "LineString", "coordinates": [ [ 756743.91203669377137, 1975321.125989048043266 ], [ 756717.962850263691507, 1977320.957641893764958 ] ] } },
{ "type": "Feature", "properties": { "Transect": 3181 }, "geometry": { "type": "LineString", "coordinates": [ [ 757471.619821395608597, 1975638.957367257913575 ], [ 756009.303574958466925, 1977003.373431149637327 ] ] } },
{ "type": "Feature", "properties": { "Transect": 3182 }, "geometry": { "type": "LineString", "coordinates": [ [ 756762.832512752269395, 1975331.318909256719053 ], [ 756736.881273576407693, 1977331.150535465683788 ] ] } },
{ "type": "Feature", "properties": { "Transect": 3183 }, "geometry": { "type": "LineString", "coordinates": [ [ 757490.540141760837287, 1975649.15122106554918 ], [ 756028.222146436339244, 1977013.56541058071889 ] ] } },
{ "type": "Feature", "properties": { "Transect": 3184 }, "geometry": { "type": "LineString", "coordinates": [ [ 757499.935868664528243, 1975659.221140183042735 ], [ 756037.616781526361592, 1977023.634159540291876 ] ] } },
{ "type": "Feature", "properties": { "Transect": 3185 }, "geometry": { "type": "LineString", "coordinates": [ [ 757509.33158586465288, 1975669.291065055411309 ], [ 756047.011406902340241, 1977033.702914241701365 ] ] } },
{ "type": "Feature", "properties": { "Transect": 3186 }, "geometry": { "type": "LineString", "coordinates": [ [ 757518.727293316507712, 1975679.36099563492462 ], [ 756056.406022608978674, 1977043.771674732677639 ] ] } },
{ "type": "Feature", "properties": { "Transect": 3187 }, "geometry": { "type": "LineString", "coordinates": [ [ 757528.122991155833006, 1975689.430932065704837 ], [ 756065.800628512864932, 1977053.840440869564191 ] ] } },
{ "type": "Feature", "properties": { "Transect": 3188 }, "geometry": { "type": "LineString", "coordinates": [ [ 757537.518679215805605, 1975699.500874171964824 ], [ 756075.195224772905931, 1977063.909212825354189 ] ] } },
{ "type": "Feature", "properties": { "Transect": 3189 }, "geometry": { "type": "LineString", "coordinates": [ [ 757546.914357539149933, 1975709.570821997942403 ], [ 756084.589811354060657, 1977073.977990560466424 ] ] } },
{ "type": "Feature", "properties": { "Transect": 3190 }, "geometry": { "type": "LineString", "coordinates": [ [ 756838.127121511963196, 1975401.928017443278804 ], [ 756812.167292867903598, 1977401.759532170603052 ] ] } },
{ "type": "Feature", "properties": { "Transect": 3191 }, "geometry": { "type": "LineString", "coordinates": [ [ 757565.834576299996115, 1975719.764761822065338 ], [ 756103.50828103593085, 1977084.170055779861286 ] ] } },
{ "type": "Feature", "properties": { "Transect": 3192 }, "geometry": { "type": "LineString", "coordinates": [ [ 757575.230230989633128, 1975729.834726352011785 ], [ 756112.902843850897625, 1977094.238850072259083 ] ] } },
{ "type": "Feature", "properties": { "Transect": 3193 }, "geometry": { "type": "LineString", "coordinates": [ [ 757584.62587593041826, 1975739.904696589335799 ], [ 756122.297396996174939, 1977104.307650154922158 ] ] } },
{ "type": "Feature", "properties": { "Transect": 3194 }, "geometry": { "type": "LineString", "coordinates": [ [ 757594.02151116146706, 1975749.974672574782744 ], [ 756131.691940432647243, 1977114.37645598477684 ] ] } },
{ "type": "Feature", "properties": { "Transect": 3195 }, "geometry": { "type": "LineString", "coordinates": [ [ 757603.417136790696532, 1975760.044654424069449 ], [ 756141.086474055424333, 1977124.445267449365929 ] ] } },
{ "type": "Feature", "properties": { "Transect": 3196 }, "geometry": { "type": "LineString", "coordinates": [ [ 756894.629995139082894, 1975452.39864759449847 ], [ 756868.66375553724356, 1977452.230079090921208 ] ] } },
{ "type": "Feature", "properties": { "Transect": 3197 }, "geometry": { "type": "LineString", "coordinates": [ [ 757622.337281802785583, 1975770.238658372312784 ], [ 756160.004870042088442, 1977134.637396833393723 ] ] } },
{ "type": "Feature", "properties": { "Transect": 3198 }, "geometry": { "type": "LineString", "coordinates": [ [ 757631.732883673044853, 1975780.308656794484705 ], [ 756169.399380019749515, 1977144.706224988214672 ] ] } },
{ "type": "Feature", "properties": { "Transect": 3199 }, "geometry": { "type": "LineString", "coordinates": [ [ 756922.945869082468562, 1975472.661164582939819 ], [ 756896.976487039239146, 1977472.492555274860933 ] ] } },
{ "type": "Feature", "properties": { "Transect": 3200 }, "geometry": { "type": "LineString", "coordinates": [ [ 757650.652996980468743, 1975790.502692288253456 ], [ 756188.317744215601124, 1977154.898385817650706 ] ] } },
{ "type": "Feature", "properties": { "Transect": 3201 }, "geometry": { "type": "LineString", "coordinates": [ [ 757660.048575136926956, 1975800.572707331739366 ], [ 756197.712230505305342, 1977164.967230616603047 ] ] } },
{ "type": "Feature", "properties": { "Transect": 3202 }, "geometry": { "type": "LineString", "coordinates": [ [ 757669.444143595173955, 1975810.642728136619553 ], [ 756207.106707074213773, 1977175.036081150872633 ] ] } },
{ "type": "Feature", "properties": { "Transect": 3203 }, "geometry": { "type": "LineString", "coordinates": [ [ 756960.657245174748823, 1975502.993178197648376 ], [ 756934.683631105115637, 1977502.824513928964734 ] ] } },
{ "type": "Feature", "properties": { "Transect": 3204 }, "geometry": { "type": "LineString", "coordinates": [ [ 757688.364211173378862, 1975820.836806025588885 ], [ 756226.025025523151271, 1977185.228284345706925 ] ] } },
{ "type": "Feature", "properties": { "Transect": 3205 }, "geometry": { "type": "LineString", "coordinates": [ [ 757697.759755951585248, 1975830.906843488337472 ], [ 756235.419478369643912, 1977195.297151487553492 ] ] } },
{ "type": "Feature", "properties": { "Transect": 3206 }, "geometry": { "type": "LineString", "coordinates": [ [ 757707.155291036237031, 1975840.976886718766764 ], [ 756244.81392149021849, 1977205.366024360293522 ] ] } },
{ "type": "Feature", "properties": { "Transect": 3207 }, "geometry": { "type": "LineString", "coordinates": [ [ 756998.368508783518337, 1975533.325278962031007 ], [ 756972.390662531019188, 1977533.156559721566737 ] ] } },
{ "type": "Feature", "properties": { "Transect": 3208 }, "geometry": { "type": "LineString", "coordinates": [ [ 757007.893158357357606, 1975533.449004340684041 ], [ 756981.914348716614768, 1977533.280272585572675 ] ] } },
{ "type": "Feature", "properties": { "Transect": 3209 }, "geometry": { "type": "LineString", "coordinates": [ [ 757735.599809926818125, 1975851.295082963304594 ], [ 756273.256033940357156, 1977215.681641396833584 ] ] } },
{ "type": "Feature", "properties": { "Transect": 3210 }, "geometry": { "type": "LineString", "coordinates": [ [ 757744.995316963759251, 1975861.365147897275165 ], [ 756282.650449139182456, 1977225.750536102103069 ] ] } },
{ "type": "Feature", "properties": { "Transect": 3211 }, "geometry": { "type": "LineString", "coordinates": [ [ 757754.390814394224435, 1975871.435218690428883 ], [ 756292.044854529900476, 1977235.819436449091882 ] ] } },
{ "type": "Feature", "properties": { "Transect": 3212 }, "geometry": { "type": "LineString", "coordinates": [ [ 757763.786302073160186, 1975881.505295190960169 ], [ 756301.439250249648467, 1977245.888342587742954 ] ] } },
{ "type": "Feature", "properties": { "Transect": 3213 }, "geometry": { "type": "LineString", "coordinates": [ [ 757773.18178005318623, 1975891.575377453817055 ], [ 756310.833636248135008, 1977255.957254462642595 ] ] } },
{ "type": "Feature", "properties": { "Transect": 3214 }, "geometry": { "type": "LineString", "coordinates": [ [ 757064.39524110511411, 1975583.920226305257529 ], [ 757038.410019754548557, 1977583.751411248464137 ] ] } },
{ "type": "Feature", "properties": { "Transect": 3215 }, "geometry": { "type": "LineString", "coordinates": [ [ 757073.919870233628899, 1975584.043986549833789 ], [ 757047.933685637079179, 1977583.875158976530656 ] ] } },
{ "type": "Feature", "properties": { "Transect": 3216 }, "geometry": { "type": "LineString", "coordinates": [ [ 757801.62620108469855, 1975901.893682462628931 ], [ 756339.275650828727521, 1977266.272980226203799 ] ] } },
{ "type": "Feature", "properties": { "Transect": 3217 }, "geometry": { "type": "LineString", "coordinates": [ [ 757092.839948775130324, 1975594.237277308944613 ], [ 757066.851711148978211, 1977594.068423057440668 ] ] } },
{ "type": "Feature", "properties": { "Transect": 3218 }, "geometry": { "type": "LineString", "coordinates": [ [ 757820.546123901731335, 1975912.087906968314201 ], [ 756358.193824534653686, 1977276.465330020990223 ] ] } },
{ "type": "Feature", "properties": { "Transect": 3219 }, "geometry": { "type": "LineString", "coordinates": [ [ 757111.760009609628469, 1975604.43058868474327 ], [ 757085.769718856317922, 1977604.261707751313224 ] ] } },
{ "type": "Feature", "properties": { "Transect": 3220 }, "geometry": { "type": "LineString", "coordinates": [ [ 757839.466029108734801, 1975922.282152247382328 ], [ 756377.111980340210721, 1977286.657700272975489 ] ] } },
{ "type": "Feature", "properties": { "Transect": 3221 }, "geometry": { "type": "LineString", "coordinates": [ [ 758117.599429655470885, 1976627.535429547075182 ], [ 756117.768331833300181, 1976601.543504189699888 ] ] } },
{ "type": "Feature", "properties": { "Transect": 3222 }, "geometry": { "type": "LineString", "coordinates": [ [ 757848.732402893016115, 1975942.298269103746861 ], [ 756386.376827361760661, 1977306.672180724795908 ] ] } },
{ "type": "Feature", "properties": { "Transect": 3223 }, "geometry": { "type": "LineString", "coordinates": [ [ 757858.127809756668285, 1975952.368401268264279 ], [ 756395.77114226273261, 1977316.741142507409677 ] ] } },
{ "type": "Feature", "properties": { "Transect": 3224 }, "geometry": { "type": "LineString", "coordinates": [ [ 757149.341652065166272, 1975644.708793406374753 ], [ 757123.34700230055023, 1977644.539855817332864 ] ] } },
{ "type": "Feature", "properties": { "Transect": 3225 }, "geometry": { "type": "LineString", "coordinates": [ [ 757877.047658946947195, 1975962.562690043123439 ], [ 756414.689242147491314, 1977326.933556345989928 ] ] } },
{ "type": "Feature", "properties": { "Transect": 3226 }, "geometry": { "type": "LineString", "coordinates": [ [ 757886.443042191211134, 1975972.632838934892789 ], [ 756424.083533262135461, 1977337.002534671453759 ] ] } },
{ "type": "Feature", "properties": { "Transect": 3227 }, "geometry": { "type": "LineString", "coordinates": [ [ 757177.657011564355344, 1975664.971745385788381 ], [ 757151.65921882679686, 1977664.802766940556467 ] ] } },
{ "type": "Feature", "properties": { "Transect": 3228 }, "geometry": { "type": "LineString", "coordinates": [ [ 757905.362859579385258, 1975982.82715915935114 ], [ 756443.001601450028829, 1977347.194980064872652 ] ] } },
{ "type": "Feature", "properties": { "Transect": 3229 }, "geometry": { "type": "LineString", "coordinates": [ [ 757914.758219119627029, 1975992.897324688266963 ], [ 756452.395868862979114, 1977357.26397502515465 ] ] } },
{ "type": "Feature", "properties": { "Transect": 3230 }, "geometry": { "type": "LineString", "coordinates": [ [ 757924.153568936977535, 1976002.967495956225321 ], [ 756461.790126577252522, 1977367.33297574869357 ] ] } },
{ "type": "Feature", "properties": { "Transect": 3231 }, "geometry": { "type": "LineString", "coordinates": [ [ 757215.367654569563456, 1975695.304344336735085 ], [ 757189.365629054489546, 1977695.13531086104922 ] ] } },
{ "type": "Feature", "properties": { "Transect": 3232 }, "geometry": { "type": "LineString", "coordinates": [ [ 757224.892239283071831, 1975695.428184050833806 ], [ 757198.889250322943553, 1977695.259138047927991 ] ] } },
{ "type": "Feature", "properties": { "Transect": 3233 }, "geometry": { "type": "LineString", "coordinates": [ [ 757952.597772807814181, 1976013.286048950394616 ], [ 756490.231923811603338, 1977377.648949241032824 ] ] } },
{ "type": "Feature", "properties": { "Transect": 3234 }, "geometry": { "type": "LineString", "coordinates": [ [ 757961.993094592238776, 1976023.356241943547502 ], [ 756499.626153585850261, 1977387.717971783364192 ] ] } },
{ "type": "Feature", "properties": { "Transect": 3235 }, "geometry": { "type": "LineString", "coordinates": [ [ 757971.38840667239856, 1976033.426440694136545 ], [ 756509.020373645122163, 1977397.787000069627538 ] ] } },
{ "type": "Feature", "properties": { "Transect": 3236 }, "geometry": { "type": "LineString", "coordinates": [ [ 757980.783709115814418, 1976043.496645274572074 ], [ 756518.414583922130987, 1977407.856034028343856 ] ] } },
{ "type": "Feature", "properties": { "Transect": 3237 }, "geometry": { "type": "LineString", "coordinates": [ [ 757271.998049063840881, 1975735.830522281350568 ], [ 757245.989737269934267, 1977735.661407060688362 ] ] } },
{ "type": "Feature", "properties": { "Transect": 3238 }, "geometry": { "type": "LineString", "coordinates": [ [ 757281.522617633105256, 1975735.95439173001796 ], [ 757255.513342494494282, 1977735.785263980738819 ] ] } },
{ "type": "Feature", "properties": { "Transect": 3239 }, "geometry": { "type": "LineString", "coordinates": [ [ 757291.047186717274599, 1975736.078265774296597 ], [ 757265.036948238383047, 1977735.909125495934859 ] ] } },
{ "type": "Feature", "properties": { "Transect": 3240 }, "geometry": { "type": "LineString", "coordinates": [ [ 757300.571756372461095, 1975736.2021444151178 ], [ 757274.560554448515177, 1977736.03299160534516 ] ] } },
{ "type": "Feature", "properties": { "Transect": 3241 }, "geometry": { "type": "LineString", "coordinates": [ [ 758028.276667049154639, 1976054.063744860002771 ], [ 756565.903820669278502, 1977418.419145102379844 ] ] } },
{ "type": "Feature", "properties": { "Transect": 3242 }, "geometry": { "type": "LineString", "coordinates": [ [ 758037.671932962257415, 1976064.133981510996819 ], [ 756575.297994375461712, 1977428.488211079500616 ] ] } },
{ "type": "Feature", "properties": { "Transect": 3243 }, "geometry": { "type": "LineString", "coordinates": [ [ 758047.067189074354246, 1976074.204223818378523 ], [ 756584.692158460849896, 1977438.557282904861495 ] ] } },
{ "type": "Feature", "properties": { "Transect": 3244 }, "geometry": { "type": "LineString", "coordinates": [ [ 758056.462435564375482, 1976084.274471971904859 ], [ 756594.086312745814212, 1977448.62636038265191 ] ] } },
{ "type": "Feature", "properties": { "Transect": 3245 }, "geometry": { "type": "LineString", "coordinates": [ [ 757347.677327343262732, 1975776.604695771355182 ], [ 757321.660802319413051, 1977776.435473718680441 ] ] } },
{ "type": "Feature", "properties": { "Transect": 3246 }, "geometry": { "type": "LineString", "coordinates": [ [ 758075.382072803913616, 1976094.46898022131063 ], [ 756613.004200536874123, 1977458.818993489025161 ] ] } },
{ "type": "Feature", "properties": { "Transect": 3247 }, "geometry": { "type": "LineString", "coordinates": [ [ 758084.777295492822304, 1976104.539244912797585 ], [ 756622.398331214208156, 1977468.888087707804516 ] ] } },
{ "type": "Feature", "properties": { "Transect": 3248 }, "geometry": { "type": "LineString", "coordinates": [ [ 758094.17250862356741, 1976114.609515518881381 ], [ 756631.792452030233108, 1977478.957187513820827 ] ] } },
{ "type": "Feature", "properties": { "Transect": 3249 }, "geometry": { "type": "LineString", "coordinates": [ [ 758103.567711990093812, 1976124.679791822796687 ], [ 756641.186563184252009, 1977489.026293125702068 ] ] } },
{ "type": "Feature", "properties": { "Transect": 3250 }, "geometry": { "type": "LineString", "coordinates": [ [ 758112.962905594031326, 1976134.750073824776337 ], [ 756650.580664678127505, 1977499.095404543215409 ] ] } },
{ "type": "Feature", "properties": { "Transect": 3251 }, "geometry": { "type": "LineString", "coordinates": [ [ 757404.177892094827257, 1975827.077094391686842 ], [ 757378.154953852412291, 1977826.907788896700367 ] ] } },
{ "type": "Feature", "properties": { "Transect": 3252 }, "geometry": { "type": "LineString", "coordinates": [ [ 758131.882469145697542, 1976144.944646294461563 ], [ 756669.498478699824773, 1977509.288101766025648 ] ] } },
{ "type": "Feature", "properties": { "Transect": 3253 }, "geometry": { "type": "LineString", "coordinates": [ [ 758141.277639071922749, 1976155.014944966882467 ], [ 756678.892556461971253, 1977519.357229791115969 ] ] } },
{ "type": "Feature", "properties": { "Transect": 3254 }, "geometry": { "type": "LineString", "coordinates": [ [ 757432.492752753081731, 1975847.340479679871351 ], [ 757406.466671045986004, 1977847.17113327793777 ] ] } },
{ "type": "Feature", "properties": { "Transect": 3255 }, "geometry": { "type": "LineString", "coordinates": [ [ 757451.412422472261824, 1975857.534170285332948 ], [ 757425.384287408436649, 1977857.36479715956375 ] ] } },
{ "type": "Feature", "properties": { "Transect": 3256 }, "geometry": { "type": "LineString", "coordinates": [ [ 758179.116684919339605, 1976175.404173560673371 ], [ 756716.728103236644529, 1977539.7427078562323 ] ] } },
{ "type": "Feature", "properties": { "Transect": 3257 }, "geometry": { "type": "LineString", "coordinates": [ [ 758207.560545715969056, 1976185.723142341477796 ], [ 756745.169557263143361, 1977550.059096896788105 ] ] } },
{ "type": "Feature", "properties": { "Transect": 3258 }, "geometry": { "type": "LineString", "coordinates": [ [ 758216.955659744329751, 1976195.793484653579071 ], [ 756754.563578975386918, 1977560.128268386935815 ] ] } },
{ "type": "Feature", "properties": { "Transect": 3259 }, "geometry": { "type": "LineString", "coordinates": [ [ 758495.069453583331779, 1976901.047577817458659 ], [ 756495.238901453092694, 1976875.013700531795621 ] ] } },
{ "type": "Feature", "properties": { "Transect": 3260 }, "geometry": { "type": "LineString", "coordinates": [ [ 758226.221506886999123, 1976215.80984745407477 ], [ 756763.827898950432427, 1977580.142994257621467 ] ] } },
{ "type": "Feature", "properties": { "Transect": 3261 }, "geometry": { "type": "LineString", "coordinates": [ [ 758235.61659600934945, 1976225.880201833089814 ], [ 756773.221895860275254, 1977590.212177920853719 ] ] } },
{ "type": "Feature", "properties": { "Transect": 3262 }, "geometry": { "type": "LineString", "coordinates": [ [ 757526.832080479362048, 1975918.200706325238571 ], [ 757500.795478001353331, 1977918.031222976977006 ] ] } },
{ "type": "Feature", "properties": { "Transect": 3263 }, "geometry": { "type": "LineString", "coordinates": [ [ 758254.53601863863878, 1976236.07491132686846 ], [ 756792.139568807324395, 1977600.40501196985133 ] ] } },
{ "type": "Feature", "properties": { "Transect": 3264 }, "geometry": { "type": "LineString", "coordinates": [ [ 757545.751641128328629, 1975928.394502355018631 ], [ 757519.712984938058071, 1977928.224992267554626 ] ] } },
{ "type": "Feature", "properties": { "Transect": 3265 }, "geometry": { "type": "LineString", "coordinates": [ [ 758273.455423381994478, 1976246.2696413109079 ], [ 756811.057224118732847, 1977610.597866772674024 ] ] } },
{ "type": "Feature", "properties": { "Transect": 3266 }, "geometry": { "type": "LineString", "coordinates": [ [ 757564.671183918486349, 1975938.588319006143138 ], [ 757538.630474217818119, 1977938.418782179942355 ] ] } },
{ "type": "Feature", "properties": { "Transect": 3267 }, "geometry": { "type": "LineString", "coordinates": [ [ 758292.37481051555369, 1976256.464392073685303 ], [ 756829.974861530005001, 1977620.790742038050666 ] ] } },
{ "type": "Feature", "properties": { "Transect": 3268 }, "geometry": { "type": "LineString", "coordinates": [ [ 758301.769847998046316, 1976266.53478493518196 ], [ 756839.368806692422368, 1977630.859964058035985 ] ] } },
{ "type": "Feature", "properties": { "Transect": 3269 }, "geometry": { "type": "LineString", "coordinates": [ [ 757592.985735670197755, 1975958.851976572535932 ], [ 757566.941882240585983, 1977958.682398808188736 ] ] } },
{ "type": "Feature", "properties": { "Transect": 3270 }, "geometry": { "type": "LineString", "coordinates": [ [ 757602.510216379188932, 1975958.976014179643244 ], [ 757576.465399352484383, 1977958.806423865724355 ] ] } },
{ "type": "Feature", "properties": { "Transect": 3271 }, "geometry": { "type": "LineString", "coordinates": [ [ 758330.21353141439613, 1976276.853955373866484 ], [ 756867.810083171003498, 1977641.176554529229179 ] ] } },
{ "type": "Feature", "properties": { "Transect": 3272 }, "geometry": { "type": "LineString", "coordinates": [ [ 758339.608540907385759, 1976286.924370016204193 ], [ 756877.204000346944667, 1977651.245798327261582 ] ] } },
{ "type": "Feature", "properties": { "Transect": 3273 }, "geometry": { "type": "LineString", "coordinates": [ [ 758349.003540636622347, 1976296.994790357304737 ], [ 756886.597907861578278, 1977661.315047931624576 ] ] } },
{ "type": "Feature", "properties": { "Transect": 3274 }, "geometry": { "type": "LineString", "coordinates": [ [ 758358.3985307890689, 1976307.065216595772654 ], [ 756895.991805530735292, 1977671.384303143713623 ] ] } },
{ "type": "Feature", "properties": { "Transect": 3275 }, "geometry": { "type": "LineString", "coordinates": [ [ 757649.614672962459736, 1975999.379436178831384 ], [ 757623.564531751559116, 1977999.209776518633589 ] ] } },
{ "type": "Feature", "properties": { "Transect": 3276 }, "geometry": { "type": "LineString", "coordinates": [ [ 758377.317822635639459, 1976317.260061877546832 ], [ 756914.909347711596638, 1977681.577272965339944 ] ] } },
{ "type": "Feature", "properties": { "Transect": 3277 }, "geometry": { "type": "LineString", "coordinates": [ [ 758386.712788960780017, 1976327.330504634184763 ], [ 756924.303221792099066, 1977691.646544946590438 ] ] } },
{ "type": "Feature", "properties": { "Transect": 3278 }, "geometry": { "type": "LineString", "coordinates": [ [ 757677.929058418609202, 1976019.643238219665363 ], [ 757651.875773317180574, 1978019.473537604091689 ] ] } },
{ "type": "Feature", "properties": { "Transect": 3279 }, "geometry": { "type": "LineString", "coordinates": [ [ 758415.026991807972081, 1976347.595840976806358 ], [ 756952.614582464448176, 1977711.908834757516161 ] ] } },
{ "type": "Feature", "properties": { "Transect": 3280 }, "geometry": { "type": "LineString", "coordinates": [ [ 758424.421924723079428, 1976357.666306143859401 ], [ 756962.008423115126789, 1977721.97812912077643 ] ] } },
{ "type": "Feature", "properties": { "Transect": 3281 }, "geometry": { "type": "LineString", "coordinates": [ [ 757715.638310726732016, 1976049.97698104288429 ], [ 757689.580791254527867, 1978049.807225258555263 ] ] } },
{ "type": "Feature", "properties": { "Transect": 3282 }, "geometry": { "type": "LineString", "coordinates": [ [ 757725.162754847551696, 1976050.101083270739764 ], [ 757699.104272024589591, 1978049.931314933579415 ] ] } },
{ "type": "Feature", "properties": { "Transect": 3283 }, "geometry": { "type": "LineString", "coordinates": [ [ 757734.687199633102864, 1976050.225190095836297 ], [ 757708.627753166249022, 1978050.055409202119336 ] ] } },
{ "type": "Feature", "properties": { "Transect": 3284 }, "geometry": { "type": "LineString", "coordinates": [ [ 757744.211644837283529, 1976050.349301516776904 ], [ 757718.151234925608151, 1978050.179508068365976 ] ] } },
{ "type": "Feature", "properties": { "Transect": 3285 }, "geometry": { "type": "LineString", "coordinates": [ [ 757753.736090663820505, 1976050.473417535191402 ], [ 757727.674717101501301, 1978050.303611528826877 ] ] } },
{ "type": "Feature", "properties": { "Transect": 3286 }, "geometry": { "type": "LineString", "coordinates": [ [ 744403.429987610201351, 1956067.30063313129358 ], [ 742942.86870854778681, 1957433.595165837788954 ] ] } },
{ "type": "Feature", "properties": { "Transect": 3287 }, "geometry": { "type": "LineString", "coordinates": [ [ 744682.48676852718927, 1956772.694764304673299 ], [ 742682.635268765268847, 1956748.323081957409158 ] ] } },
{ "type": "Feature", "properties": { "Transect": 3288 }, "geometry": { "type": "LineString", "coordinates": [ [ 744412.721215854980983, 1956087.307314047357067 ], [ 742952.158430660027079, 1957453.600236704805866 ] ] } },
{ "type": "Feature", "properties": { "Transect": 3289 }, "geometry": { "type": "LineString", "coordinates": [ [ 744422.133410965208896, 1956097.368920660112053 ], [ 742961.569546780432574, 1957463.660689880140126 ] ] } },
{ "type": "Feature", "properties": { "Transect": 3290 }, "geometry": { "type": "LineString", "coordinates": [ [ 744431.54559644497931, 1956107.430532905040309 ], [ 742970.980653316481039, 1957473.721148734679446 ] ] } },
{ "type": "Feature", "properties": { "Transect": 3291 }, "geometry": { "type": "LineString", "coordinates": [ [ 744440.957772296154872, 1956117.492150783538818 ], [ 742980.391750269569457, 1957483.781613270286471 ] ] } },
{ "type": "Feature", "properties": { "Transect": 3292 }, "geometry": { "type": "LineString", "coordinates": [ [ 744450.369938596733846, 1956127.553774378495291 ], [ 742989.802837561466731, 1957493.842083401745185 ] ] } },
{ "type": "Feature", "properties": { "Transect": 3293 }, "geometry": { "type": "LineString", "coordinates": [ [ 744459.782095234724693, 1956137.615403571398929 ], [ 742999.21391530346591, 1957503.902559249894693 ] ] } },
{ "type": "Feature", "properties": { "Transect": 3294 }, "geometry": { "type": "LineString", "coordinates": [ [ 744738.835322741884738, 1956843.009161944501102 ], [ 742738.983902964740992, 1956818.630917230155319 ] ] } },
{ "type": "Feature", "properties": { "Transect": 3295 }, "geometry": { "type": "LineString", "coordinates": [ [ 744738.714093940681778, 1956852.954077713657171 ], [ 742738.862675624084659, 1956828.575713177677244 ] ] } },
{ "type": "Feature", "properties": { "Transect": 3296 }, "geometry": { "type": "LineString", "coordinates": [ [ 744738.592864542268217, 1956862.898993581766263 ], [ 742738.741447686916217, 1956838.520509178051725 ] ] } },
{ "type": "Feature", "properties": { "Transect": 3297 }, "geometry": { "type": "LineString", "coordinates": [ [ 744738.471634546876885, 1956872.843909513903782 ], [ 742738.620219152537175, 1956848.46530526666902 ] ] } },
{ "type": "Feature", "properties": { "Transect": 3298 }, "geometry": { "type": "LineString", "coordinates": [ [ 744468.710180939058773, 1956187.457375818863511 ], [ 743008.139213036629371, 1957553.741551135201007 ] ] } },
{ "type": "Feature", "properties": { "Transect": 3299 }, "geometry": { "type": "LineString", "coordinates": [ [ 744747.640737458947115, 1956902.795345311751589 ], [ 742747.789338077302091, 1956878.415427529951558 ] ] } },
{ "type": "Feature", "properties": { "Transect": 3300 }, "geometry": { "type": "LineString", "coordinates": [ [ 744747.519500324619003, 1956912.740262063918635 ], [ 742747.668102403986268, 1956888.36022443533875 ] ] } },
{ "type": "Feature", "properties": { "Transect": 3301 }, "geometry": { "type": "LineString", "coordinates": [ [ 744747.39826259331312, 1956922.685178889427334 ], [ 742747.546866133692674, 1956898.305021417792886 ] ] } },
{ "type": "Feature", "properties": { "Transect": 3302 }, "geometry": { "type": "LineString", "coordinates": [ [ 744747.277024264796637, 1956932.630095816683024 ], [ 742747.425629266654141, 1956908.249818451702595 ] ] } },
{ "type": "Feature", "properties": { "Transect": 3303 }, "geometry": { "type": "LineString", "coordinates": [ [ 744747.155785339418799, 1956942.575012781191617 ], [ 742747.304391802055761, 1956918.194615598767996 ] ] } },
{ "type": "Feature", "properties": { "Transect": 3304 }, "geometry": { "type": "LineString", "coordinates": [ [ 744747.034545816830359, 1956952.519929850008339 ], [ 742747.183153740945272, 1956928.139412796590477 ] ] } },
{ "type": "Feature", "properties": { "Transect": 3305 }, "geometry": { "type": "LineString", "coordinates": [ [ 743715.490385914687067, 1957969.857527178246528 ], [ 743739.868817560141906, 1955970.00610967958346 ] ] } },
{ "type": "Feature", "properties": { "Transect": 3306 }, "geometry": { "type": "LineString", "coordinates": [ [ 743705.958099589683115, 1957969.741327450145036 ], [ 743730.335577278165147, 1955969.889898322988302 ] ] } },
{ "type": "Feature", "properties": { "Transect": 3307 }, "geometry": { "type": "LineString", "coordinates": [ [ 743696.425813732203096, 1957969.625132275512442 ], [ 743720.802337512839586, 1955969.773691520793363 ] ] } },
{ "type": "Feature", "properties": { "Transect": 3308 }, "geometry": { "type": "LineString", "coordinates": [ [ 743686.893528391374275, 1957969.508941654581577 ], [ 743711.269098215270787, 1955969.657489272300154 ] ] } },
{ "type": "Feature", "properties": { "Transect": 3309 }, "geometry": { "type": "LineString", "coordinates": [ [ 743677.361243618070148, 1957969.392755588283762 ], [ 743701.735859334585257, 1955969.541291577043012 ] ] } },
{ "type": "Feature", "properties": { "Transect": 3310 }, "geometry": { "type": "LineString", "coordinates": [ [ 743667.828959332080558, 1957969.276574076618999 ], [ 743692.202620947966352, 1955969.425098436418921 ] ] } }
]
}
